home_id,timestamp,main_panel_kw,solar_kw,gross_load_kw,source_samples,expected_samples,completeness_ratio,quality_flag
1,2018-08-23 00:00:00+0000,3.556,1.404,4.959,15,15,1.0,VALID
1,2018-08-23 00:15:00+0000,4.095,0.853,4.948,15,15,1.0,VALID
1,2018-08-23 00:30:00+0000,4.723,0.23,4.953,15,15,1.0,VALID
1,2018-08-23 00:45:00+0000,4.738,0.12,4.857,15,15,1.0,VALID
1,2018-08-23 01:00:00+0000,4.853,-0.016,4.837,15,15,1.0,VALID
1,2018-08-23 01:15:00+0000,4.715,-0.02,4.695,15,15,1.0,VALID
1,2018-08-23 01:30:00+0000,4.609,0.001,4.61,15,15,1.0,VALID
1,2018-08-23 01:45:00+0000,4.583,0.001,4.584,15,15,1.0,VALID
1,2018-08-23 02:00:00+0000,4.485,0.001,4.486,15,15,1.0,VALID
1,2018-08-23 02:15:00+0000,4.562,0.001,4.563,15,15,1.0,VALID
1,2018-08-23 02:30:00+0000,4.537,0.001,4.538,15,15,1.0,VALID
1,2018-08-23 02:45:00+0000,4.56,0.001,4.561,15,15,1.0,VALID
1,2018-08-23 03:00:00+0000,4.455,0.001,4.456,15,15,1.0,VALID
1,2018-08-23 03:15:00+0000,4.333,0.001,4.334,15,15,1.0,VALID
1,2018-08-23 03:30:00+0000,4.306,0.001,4.307,15,15,1.0,VALID
1,2018-08-23 03:45:00+0000,4.387,0.001,4.388,15,15,1.0,VALID
1,2018-08-23 04:00:00+0000,4.481,0.001,4.482,15,15,1.0,VALID
1,2018-08-23 04:15:00+0000,4.46,0.001,4.461,15,15,1.0,VALID
1,2018-08-23 04:30:00+0000,3.309,0.001,3.31,15,15,1.0,VALID
1,2018-08-23 04:45:00+0000,2.449,0.002,2.451,15,15,1.0,VALID
1,2018-08-23 05:00:00+0000,4.74,0.003,4.743,15,15,1.0,VALID
1,2018-08-23 05:15:00+0000,5.148,0.004,5.152,15,15,1.0,VALID
1,2018-08-23 05:30:00+0000,1.899,-0.002,1.897,15,15,1.0,VALID
1,2018-08-23 05:45:00+0000,2.385,-0.0,2.385,15,15,1.0,VALID
1,2018-08-23 06:00:00+0000,4.064,0.001,4.065,15,15,1.0,VALID
1,2018-08-23 06:15:00+0000,2.203,-0.001,2.202,15,15,1.0,VALID
1,2018-08-23 06:30:00+0000,1.172,-0.003,1.169,15,15,1.0,VALID
1,2018-08-23 06:45:00+0000,4.174,0.0,4.175,15,15,1.0,VALID
1,2018-08-23 07:00:00+0000,1.963,-0.002,1.961,15,15,1.0,VALID
1,2018-08-23 07:15:00+0000,1.735,-0.002,1.733,15,15,1.0,VALID
1,2018-08-23 07:30:00+0000,3.53,0.0,3.531,15,15,1.0,VALID
1,2018-08-23 07:45:00+0000,0.911,-0.003,0.908,15,15,1.0,VALID
1,2018-08-23 08:00:00+0000,2.842,-0.001,2.841,15,15,1.0,VALID
1,2018-08-23 08:15:00+0000,2.411,-0.001,2.41,15,15,1.0,VALID
1,2018-08-23 08:30:00+0000,1.247,-0.003,1.244,15,15,1.0,VALID
1,2018-08-23 08:45:00+0000,3.739,-0.0,3.739,15,15,1.0,VALID
1,2018-08-23 09:00:00+0000,0.874,-0.003,0.871,15,15,1.0,VALID
1,2018-08-23 09:15:00+0000,1.786,-0.002,1.783,15,15,1.0,VALID
1,2018-08-23 09:30:00+0000,3.03,-0.001,3.029,15,15,1.0,VALID
1,2018-08-23 09:45:00+0000,0.989,-0.003,0.986,15,15,1.0,VALID
1,2018-08-23 10:00:00+0000,2.076,-0.002,2.074,15,15,1.0,VALID
1,2018-08-23 10:15:00+0000,2.799,-0.001,2.798,15,15,1.0,VALID
1,2018-08-23 10:30:00+0000,0.927,-0.003,0.924,15,15,1.0,VALID
1,2018-08-23 10:45:00+0000,1.745,-0.002,1.742,15,15,1.0,VALID
1,2018-08-23 11:00:00+0000,2.918,-0.001,2.917,15,15,1.0,VALID
1,2018-08-23 11:15:00+0000,0.976,-0.003,0.973,15,15,1.0,VALID
1,2018-08-23 11:30:00+0000,1.353,-0.003,1.35,15,15,1.0,VALID
1,2018-08-23 11:45:00+0000,4.046,0.001,4.047,15,15,1.0,VALID
1,2018-08-23 12:00:00+0000,3.689,-0.003,3.686,15,15,1.0,VALID
1,2018-08-23 12:15:00+0000,0.922,0.027,0.948,15,15,1.0,VALID
1,2018-08-23 12:30:00+0000,0.783,0.074,0.857,15,15,1.0,VALID
1,2018-08-23 12:45:00+0000,2.072,0.117,2.188,15,15,1.0,VALID
1,2018-08-23 13:00:00+0000,2.865,0.153,3.018,15,15,1.0,VALID
1,2018-08-23 13:15:00+0000,0.831,0.185,1.016,15,15,1.0,VALID
1,2018-08-23 13:30:00+0000,2.077,0.216,2.293,15,15,1.0,VALID
1,2018-08-23 13:45:00+0000,2.666,0.242,2.908,15,15,1.0,VALID
1,2018-08-23 14:00:00+0000,2.175,0.263,2.437,15,15,1.0,VALID
1,2018-08-23 14:15:00+0000,1.454,0.277,1.731,15,15,1.0,VALID
1,2018-08-23 14:30:00+0000,1.817,0.294,2.111,15,15,1.0,VALID
1,2018-08-23 14:45:00+0000,2.826,0.341,3.167,15,15,1.0,VALID
1,2018-08-23 15:00:00+0000,2.382,0.435,2.817,15,15,1.0,VALID
1,2018-08-23 15:15:00+0000,2.479,0.545,3.024,15,15,1.0,VALID
1,2018-08-23 15:30:00+0000,1.651,0.652,2.303,15,15,1.0,VALID
1,2018-08-23 15:45:00+0000,3.017,0.795,3.812,15,15,1.0,VALID
1,2018-08-23 16:00:00+0000,0.53,0.914,1.444,15,15,1.0,VALID
1,2018-08-23 16:15:00+0000,2.909,1.005,3.914,15,15,1.0,VALID
1,2018-08-23 16:30:00+0000,-0.221,1.157,0.936,15,15,1.0,VALID
1,2018-08-23 16:45:00+0000,2.857,1.296,4.153,15,15,1.0,VALID
1,2018-08-23 17:00:00+0000,1.629,2.027,3.656,15,15,1.0,VALID
1,2018-08-23 17:15:00+0000,-0.587,2.337,1.75,15,15,1.0,VALID
1,2018-08-23 17:30:00+0000,2.155,2.538,4.692,15,15,1.0,VALID
1,2018-08-23 17:45:00+0000,1.993,2.701,4.694,15,15,1.0,VALID
1,2018-08-23 18:00:00+0000,-1.25,2.856,1.606,15,15,1.0,VALID
1,2018-08-23 18:15:00+0000,1.319,3.02,4.339,15,15,1.0,VALID
1,2018-08-23 18:30:00+0000,1.957,3.125,5.082,15,15,1.0,VALID
1,2018-08-23 18:45:00+0000,1.852,3.218,5.07,15,15,1.0,VALID
1,2018-08-23 19:00:00+0000,1.706,3.309,5.015,15,15,1.0,VALID
1,2018-08-23 19:15:00+0000,-1.284,3.342,2.058,15,15,1.0,VALID
1,2018-08-23 19:30:00+0000,-2.31,3.417,1.107,15,15,1.0,VALID
1,2018-08-23 19:45:00+0000,-0.794,3.402,2.608,15,15,1.0,VALID
1,2018-08-23 20:00:00+0000,2.02,3.416,5.436,15,15,1.0,VALID
1,2018-08-23 20:15:00+0000,1.858,3.459,5.316,15,15,1.0,VALID
1,2018-08-23 20:30:00+0000,-1.021,3.447,2.427,15,15,1.0,VALID
1,2018-08-23 20:45:00+0000,-2.51,3.397,0.887,15,15,1.0,VALID
1,2018-08-23 21:00:00+0000,-0.581,3.436,2.855,15,15,1.0,VALID
1,2018-08-23 21:15:00+0000,1.627,3.403,5.03,15,15,1.0,VALID
1,2018-08-23 21:30:00+0000,1.103,3.311,4.414,15,15,1.0,VALID
1,2018-08-23 21:45:00+0000,-2.134,3.246,1.112,15,15,1.0,VALID
1,2018-08-23 22:00:00+0000,-1.293,2.512,1.219,15,15,1.0,VALID
1,2018-08-23 22:15:00+0000,-1.341,2.923,1.582,15,15,1.0,VALID
1,2018-08-23 22:30:00+0000,3.016,2.226,5.242,15,15,1.0,VALID
1,2018-08-23 22:45:00+0000,3.457,1.784,5.24,15,15,1.0,VALID
1,2018-08-23 23:00:00+0000,4.271,0.774,5.044,15,15,1.0,VALID
1,2018-08-23 23:15:00+0000,3.902,1.034,4.936,15,15,1.0,VALID
1,2018-08-23 23:30:00+0000,3.936,0.987,4.923,15,15,1.0,VALID
1,2018-08-23 23:45:00+0000,4.411,0.723,5.133,15,15,1.0,VALID
1,2018-08-24 00:00:00+0000,4.285,0.883,5.167,15,15,1.0,VALID
1,2018-08-24 00:15:00+0000,4.443,0.63,5.073,15,15,1.0,VALID
1,2018-08-24 00:30:00+0000,4.435,0.317,4.752,15,15,1.0,VALID
1,2018-08-24 00:45:00+0000,4.63,0.056,4.686,15,15,1.0,VALID
1,2018-08-24 01:00:00+0000,4.657,-0.017,4.639,15,15,1.0,VALID
1,2018-08-24 01:15:00+0000,4.828,-0.018,4.81,15,15,1.0,VALID
1,2018-08-24 01:30:00+0000,4.669,0.002,4.671,15,15,1.0,VALID
1,2018-08-24 01:45:00+0000,4.793,0.001,4.794,15,15,1.0,VALID
1,2018-08-24 02:00:00+0000,4.522,0.001,4.523,15,15,1.0,VALID
1,2018-08-24 02:15:00+0000,4.543,0.001,4.545,15,15,1.0,VALID
1,2018-08-24 02:30:00+0000,4.453,0.001,4.454,15,15,1.0,VALID
1,2018-08-24 02:45:00+0000,4.46,0.001,4.461,15,15,1.0,VALID
1,2018-08-24 03:00:00+0000,4.374,0.001,4.375,15,15,1.0,VALID
1,2018-08-24 03:15:00+0000,4.346,0.001,4.347,15,15,1.0,VALID
1,2018-08-24 03:30:00+0000,4.35,0.002,4.352,15,15,1.0,VALID
1,2018-08-24 03:45:00+0000,2.239,-0.001,2.238,15,15,1.0,VALID
1,2018-08-24 04:00:00+0000,2.96,-0.001,2.959,15,15,1.0,VALID
1,2018-08-24 04:15:00+0000,4.5,0.001,4.501,15,15,1.0,VALID
1,2018-08-24 04:30:00+0000,2.528,-0.001,2.527,15,15,1.0,VALID
1,2018-08-24 04:45:00+0000,2.489,-0.0,2.489,15,15,1.0,VALID
1,2018-08-24 05:00:00+0000,4.167,0.001,4.168,15,15,1.0,VALID
1,2018-08-24 05:15:00+0000,2.66,-0.0,2.66,15,15,1.0,VALID
1,2018-08-24 05:30:00+0000,2.088,-0.002,2.086,15,15,1.0,VALID
1,2018-08-24 05:45:00+0000,3.87,0.001,3.872,15,15,1.0,VALID
1,2018-08-24 06:00:00+0000,3.021,0.003,3.024,15,15,1.0,VALID
1,2018-08-24 06:15:00+0000,3.93,0.003,3.933,15,15,1.0,VALID
1,2018-08-24 06:30:00+0000,2.203,-0.0,2.203,15,15,1.0,VALID
1,2018-08-24 06:45:00+0000,3.345,0.003,3.348,15,15,1.0,VALID
1,2018-08-24 07:00:00+0000,2.154,-0.001,2.153,15,15,1.0,VALID
1,2018-08-24 07:15:00+0000,3.514,0.001,3.515,15,15,1.0,VALID
1,2018-08-24 07:30:00+0000,1.763,-0.001,1.761,15,15,1.0,VALID
1,2018-08-24 07:45:00+0000,3.839,0.001,3.84,15,15,1.0,VALID
1,2018-08-24 08:00:00+0000,1.158,-0.003,1.156,15,15,1.0,VALID
1,2018-08-24 08:15:00+0000,1.063,-0.003,1.06,15,15,1.0,VALID
1,2018-08-24 08:30:00+0000,3.992,0.0,3.992,15,15,1.0,VALID
1,2018-08-24 08:45:00+0000,1.127,-0.003,1.124,15,15,1.0,VALID
1,2018-08-24 09:00:00+0000,0.987,-0.003,0.984,15,15,1.0,VALID
1,2018-08-24 09:15:00+0000,2.296,-0.001,2.295,15,15,1.0,VALID
1,2018-08-24 09:30:00+0000,1.979,-0.001,1.977,15,15,1.0,VALID
1,2018-08-24 09:45:00+0000,0.975,-0.003,0.972,15,15,1.0,VALID
1,2018-08-24 10:00:00+0000,3.205,-0.001,3.205,15,15,1.0,VALID
1,2018-08-24 10:15:00+0000,1.69,-0.002,1.688,15,15,1.0,VALID
1,2018-08-24 10:30:00+0000,1.992,-0.002,1.99,15,15,1.0,VALID
1,2018-08-24 10:45:00+0000,2.697,-0.0,2.697,15,15,1.0,VALID
1,2018-08-24 11:00:00+0000,0.927,-0.003,0.924,15,15,1.0,VALID
1,2018-08-24 11:15:00+0000,1.636,-0.002,1.634,15,15,1.0,VALID
1,2018-08-24 11:30:00+0000,3.41,0.0,3.41,15,15,1.0,VALID
1,2018-08-24 11:45:00+0000,1.213,-0.002,1.211,15,15,1.0,VALID
1,2018-08-24 12:00:00+0000,1.159,-0.006,1.153,15,15,1.0,VALID
1,2018-08-24 12:15:00+0000,3.736,0.022,3.758,15,15,1.0,VALID
1,2018-08-24 12:30:00+0000,1.348,0.077,1.425,15,15,1.0,VALID
1,2018-08-24 12:45:00+0000,1.1,0.142,1.242,15,15,1.0,VALID
1,2018-08-24 13:00:00+0000,2.99,0.259,3.249,15,15,1.0,VALID
1,2018-08-24 13:15:00+0000,0.946,0.253,1.198,15,15,1.0,VALID
1,2018-08-24 13:30:00+0000,2.386,0.256,2.642,15,15,1.0,VALID
1,2018-08-24 13:45:00+0000,2.194,0.274,2.468,15,15,1.0,VALID
1,2018-08-24 14:00:00+0000,2.729,0.254,2.983,15,15,1.0,VALID
1,2018-08-24 14:15:00+0000,1.382,0.267,1.649,15,15,1.0,VALID
1,2018-08-24 14:30:00+0000,1.182,0.268,1.449,15,15,1.0,VALID
1,2018-08-24 14:45:00+0000,2.876,0.311,3.187,15,15,1.0,VALID
1,2018-08-24 15:00:00+0000,1.214,0.361,1.575,15,15,1.0,VALID
1,2018-08-24 15:15:00+0000,2.936,0.48,3.416,15,15,1.0,VALID
1,2018-08-24 15:30:00+0000,0.671,0.7,1.37,15,15,1.0,VALID
1,2018-08-24 15:45:00+0000,2.568,1.005,3.573,15,15,1.0,VALID
1,2018-08-24 16:00:00+0000,2.693,1.247,3.94,15,15,1.0,VALID
1,2018-08-24 16:15:00+0000,0.048,1.49,1.538,15,15,1.0,VALID
1,2018-08-24 16:30:00+0000,1.979,1.73,3.709,15,15,1.0,VALID
1,2018-08-24 16:45:00+0000,-0.191,1.957,1.766,15,15,1.0,VALID
1,2018-08-24 17:00:00+0000,2.018,2.163,4.182,15,15,1.0,VALID
1,2018-08-24 17:15:00+0000,-1.05,2.385,1.335,15,15,1.0,VALID
1,2018-08-24 17:30:00+0000,1.684,2.598,4.282,15,15,1.0,VALID
1,2018-08-24 17:45:00+0000,1.694,2.802,4.496,15,15,1.0,VALID
1,2018-08-24 18:00:00+0000,0.604,2.928,3.533,15,15,1.0,VALID
1,2018-08-24 18:15:00+0000,-1.22,3.085,1.865,15,15,1.0,VALID
1,2018-08-24 18:30:00+0000,0.962,3.201,4.163,15,15,1.0,VALID
1,2018-08-24 18:45:00+0000,-0.201,3.294,3.093,15,15,1.0,VALID
1,2018-08-24 19:00:00+0000,0.645,3.374,4.019,15,15,1.0,VALID
1,2018-08-24 19:15:00+0000,1.703,3.458,5.161,15,15,1.0,VALID
1,2018-08-24 19:30:00+0000,1.67,3.519,5.189,15,15,1.0,VALID
1,2018-08-24 19:45:00+0000,1.52,3.569,5.09,15,15,1.0,VALID
1,2018-08-24 20:00:00+0000,1.417,3.608,5.026,15,15,1.0,VALID
1,2018-08-24 20:15:00+0000,1.405,3.586,4.991,15,15,1.0,VALID
1,2018-08-24 20:30:00+0000,-2.19,3.574,1.383,15,15,1.0,VALID
1,2018-08-24 20:45:00+0000,-2.352,3.548,1.197,15,15,1.0,VALID
1,2018-08-24 21:00:00+0000,-2.375,3.493,1.117,15,15,1.0,VALID
1,2018-08-24 21:15:00+0000,2.173,3.454,5.627,15,15,1.0,VALID
1,2018-08-24 21:30:00+0000,0.415,3.403,3.818,15,15,1.0,VALID
1,2018-08-24 21:45:00+0000,-1.394,3.333,1.939,15,15,1.0,VALID
1,2018-08-24 22:00:00+0000,1.964,3.226,5.19,15,15,1.0,VALID
1,2018-08-24 22:15:00+0000,2.137,3.118,5.255,15,15,1.0,VALID
1,2018-08-24 22:30:00+0000,2.203,2.953,5.155,15,15,1.0,VALID
1,2018-08-24 22:45:00+0000,2.264,2.775,5.039,15,15,1.0,VALID
1,2018-08-24 23:00:00+0000,2.328,2.626,4.954,15,15,1.0,VALID
1,2018-08-24 23:15:00+0000,2.644,2.4,5.043,15,15,1.0,VALID
1,2018-08-24 23:30:00+0000,3.101,2.112,5.214,15,15,1.0,VALID
1,2018-08-24 23:45:00+0000,3.349,1.814,5.163,15,15,1.0,VALID
1,2018-08-25 00:00:00+0000,3.691,1.475,5.167,15,15,1.0,VALID
1,2018-08-25 00:15:00+0000,3.974,1.057,5.031,15,15,1.0,VALID
1,2018-08-25 00:30:00+0000,4.268,0.572,4.84,15,15,1.0,VALID
1,2018-08-25 00:45:00+0000,4.679,0.126,4.805,15,15,1.0,VALID
1,2018-08-25 01:00:00+0000,4.861,-0.017,4.845,15,15,1.0,VALID
1,2018-08-25 01:15:00+0000,4.867,-0.016,4.851,15,15,1.0,VALID
1,2018-08-25 01:30:00+0000,4.812,0.002,4.814,15,15,1.0,VALID
1,2018-08-25 01:45:00+0000,4.786,0.002,4.788,15,15,1.0,VALID
1,2018-08-25 02:00:00+0000,4.694,0.002,4.696,15,15,1.0,VALID
1,2018-08-25 02:15:00+0000,4.603,0.001,4.604,15,15,1.0,VALID
1,2018-08-25 02:30:00+0000,4.489,0.001,4.49,15,15,1.0,VALID
1,2018-08-25 02:45:00+0000,4.343,0.002,4.345,15,15,1.0,VALID
1,2018-08-25 03:00:00+0000,4.321,0.001,4.322,15,15,1.0,VALID
1,2018-08-25 03:15:00+0000,4.334,0.001,4.335,15,15,1.0,VALID
1,2018-08-25 03:30:00+0000,3.279,0.0,3.279,15,15,1.0,VALID
1,2018-08-25 03:45:00+0000,3.289,0.002,3.291,15,15,1.0,VALID
1,2018-08-25 04:00:00+0000,5.372,0.005,5.377,15,15,1.0,VALID
1,2018-08-25 04:15:00+0000,3.368,0.002,3.369,15,15,1.0,VALID
1,2018-08-25 04:30:00+0000,2.326,-0.0,2.325,15,15,1.0,VALID
1,2018-08-25 04:45:00+0000,3.854,0.001,3.855,15,15,1.0,VALID
1,2018-08-25 05:00:00+0000,2.371,0.002,2.373,15,15,1.0,VALID
1,2018-08-25 05:15:00+0000,4.524,0.003,4.526,15,15,1.0,VALID
1,2018-08-25 05:30:00+0000,1.972,-0.001,1.971,15,15,1.0,VALID
1,2018-08-25 05:45:00+0000,2.407,0.0,2.407,15,15,1.0,VALID
1,2018-08-25 06:00:00+0000,3.647,0.0,3.648,15,15,1.0,VALID
1,2018-08-25 06:15:00+0000,1.023,-0.003,1.02,15,15,1.0,VALID
1,2018-08-25 06:30:00+0000,2.942,0.0,2.942,15,15,1.0,VALID
1,2018-08-25 06:45:00+0000,2.04,-0.001,2.039,15,15,1.0,VALID
1,2018-08-25 07:00:00+0000,1.985,-0.002,1.983,15,15,1.0,VALID
1,2018-08-25 07:15:00+0000,3.131,-0.001,3.131,15,15,1.0,VALID
1,2018-08-25 07:30:00+0000,1.046,-0.003,1.043,15,15,1.0,VALID
1,2018-08-25 07:45:00+0000,3.404,0.0,3.404,15,15,1.0,VALID
1,2018-08-25 08:00:00+0000,1.255,-0.002,1.253,15,15,1.0,VALID
1,2018-08-25 08:15:00+0000,0.955,-0.003,0.953,15,15,1.0,VALID
1,2018-08-25 08:30:00+0000,4.001,0.0,4.001,15,15,1.0,VALID
1,2018-08-25 08:45:00+0000,1.103,-0.003,1.1,15,15,1.0,VALID
1,2018-08-25 09:00:00+0000,1.906,-0.002,1.904,15,15,1.0,VALID
1,2018-08-25 09:15:00+0000,2.822,-0.0,2.821,15,15,1.0,VALID
1,2018-08-25 09:30:00+0000,0.877,-0.003,0.874,15,15,1.0,VALID
1,2018-08-25 09:45:00+0000,1.435,-0.002,1.433,15,15,1.0,VALID
1,2018-08-25 10:00:00+0000,3.5,-0.0,3.5,15,15,1.0,VALID
1,2018-08-25 10:15:00+0000,0.999,-0.003,0.996,15,15,1.0,VALID
1,2018-08-25 10:30:00+0000,1.924,-0.002,1.922,15,15,1.0,VALID
1,2018-08-25 10:45:00+0000,2.85,-0.0,2.849,15,15,1.0,VALID
1,2018-08-25 11:00:00+0000,1.004,-0.003,1.001,15,15,1.0,VALID
1,2018-08-25 11:15:00+0000,1.057,-0.003,1.054,15,15,1.0,VALID
1,2018-08-25 11:30:00+0000,3.815,0.001,3.816,15,15,1.0,VALID
1,2018-08-25 11:45:00+0000,1.126,-0.002,1.124,15,15,1.0,VALID
1,2018-08-25 12:00:00+0000,1.062,-0.007,1.055,15,15,1.0,VALID
1,2018-08-25 12:15:00+0000,3.852,0.027,3.879,15,15,1.0,VALID
1,2018-08-25 12:30:00+0000,2.702,0.092,2.794,15,15,1.0,VALID
1,2018-08-25 12:45:00+0000,0.684,0.227,0.911,15,15,1.0,VALID
1,2018-08-25 13:00:00+0000,0.641,0.275,0.916,15,15,1.0,VALID
1,2018-08-25 13:15:00+0000,3.36,0.203,3.563,15,15,1.0,VALID
1,2018-08-25 13:30:00+0000,0.993,0.324,1.317,15,15,1.0,VALID
1,2018-08-25 13:45:00+0000,1.444,0.385,1.83,15,15,1.0,VALID
1,2018-08-25 14:00:00+0000,3.519,0.505,4.024,15,15,1.0,VALID
1,2018-08-25 14:15:00+0000,0.859,0.59,1.449,15,15,1.0,VALID
1,2018-08-25 14:30:00+0000,2.274,0.658,2.932,15,15,1.0,VALID
1,2018-08-25 14:45:00+0000,3.814,0.496,4.31,15,15,1.0,VALID
1,2018-08-25 15:00:00+0000,1.457,0.457,1.914,15,15,1.0,VALID
1,2018-08-25 15:15:00+0000,2.139,0.545,2.684,15,15,1.0,VALID
1,2018-08-25 15:30:00+0000,6.924,0.949,7.872,15,15,1.0,VALID
1,2018-08-25 15:45:00+0000,6.055,1.124,7.179,15,15,1.0,VALID
1,2018-08-25 16:00:00+0000,4.544,1.117,5.661,15,15,1.0,VALID
1,2018-08-25 16:15:00+0000,5.995,1.454,7.448,15,15,1.0,VALID
1,2018-08-25 16:30:00+0000,5.824,1.617,7.442,15,15,1.0,VALID
1,2018-08-25 16:45:00+0000,4.312,1.942,6.254,15,15,1.0,VALID
1,2018-08-25 17:00:00+0000,1.095,1.408,2.503,15,15,1.0,VALID
1,2018-08-25 17:15:00+0000,0.654,2.372,3.027,15,15,1.0,VALID
1,2018-08-25 17:30:00+0000,3.989,2.487,6.476,15,15,1.0,VALID
1,2018-08-25 17:45:00+0000,3.754,2.883,6.637,15,15,1.0,VALID
1,2018-08-25 18:00:00+0000,5.367,2.957,8.324,15,15,1.0,VALID
1,2018-08-25 18:15:00+0000,3.856,2.546,6.402,15,15,1.0,VALID
1,2018-08-25 18:30:00+0000,1.29,2.986,4.276,15,15,1.0,VALID
1,2018-08-25 18:45:00+0000,1.901,3.287,5.188,15,15,1.0,VALID
1,2018-08-25 19:00:00+0000,1.909,3.364,5.272,15,15,1.0,VALID
1,2018-08-25 19:15:00+0000,1.946,3.498,5.444,15,15,1.0,VALID
1,2018-08-25 19:30:00+0000,1.592,3.482,5.074,15,15,1.0,VALID
1,2018-08-25 19:45:00+0000,1.524,3.547,5.071,15,15,1.0,VALID
1,2018-08-25 20:00:00+0000,1.651,3.365,5.016,15,15,1.0,VALID
1,2018-08-25 20:15:00+0000,1.566,3.492,5.058,15,15,1.0,VALID
1,2018-08-25 20:30:00+0000,2.514,2.611,5.125,15,15,1.0,VALID
1,2018-08-25 20:45:00+0000,1.942,2.764,4.706,15,15,1.0,VALID
1,2018-08-25 21:00:00+0000,-1.643,2.801,1.158,15,15,1.0,VALID
1,2018-08-25 21:15:00+0000,-2.477,3.592,1.114,15,15,1.0,VALID
1,2018-08-25 21:30:00+0000,-0.599,1.67,1.07,15,15,1.0,VALID
1,2018-08-25 21:45:00+0000,-1.371,2.418,1.046,15,15,1.0,VALID
1,2018-08-25 22:00:00+0000,0.671,2.732,3.403,15,15,1.0,VALID
1,2018-08-25 22:15:00+0000,2.515,2.545,5.059,15,15,1.0,VALID
1,2018-08-25 22:30:00+0000,3.325,2.216,5.541,15,15,1.0,VALID
1,2018-08-25 22:45:00+0000,3.021,2.236,5.257,15,15,1.0,VALID
1,2018-08-25 23:00:00+0000,3.756,1.16,4.916,15,15,1.0,VALID
1,2018-08-25 23:15:00+0000,3.208,1.711,4.919,15,15,1.0,VALID
1,2018-08-25 23:30:00+0000,3.179,1.821,5.0,15,15,1.0,VALID
1,2018-08-25 23:45:00+0000,3.215,1.773,4.989,15,15,1.0,VALID
1,2018-08-26 00:00:00+0000,,,,1,15,0.067,MISSING
2,2018-08-23 00:00:00+0000,5.013,0.84,5.854,15,15,1.0,VALID
2,2018-08-23 00:15:00+0000,3.951,0.493,4.444,15,15,1.0,VALID
2,2018-08-23 00:30:00+0000,6.712,0.107,6.819,15,15,1.0,VALID
2,2018-08-23 00:45:00+0000,3.627,0.004,3.632,15,15,1.0,VALID
2,2018-08-23 01:00:00+0000,4.543,-0.027,4.516,15,15,1.0,VALID
2,2018-08-23 01:15:00+0000,4.882,-0.004,4.878,15,15,1.0,VALID
2,2018-08-23 01:30:00+0000,3.042,-0.005,3.037,15,15,1.0,VALID
2,2018-08-23 01:45:00+0000,4.736,-0.005,4.731,15,15,1.0,VALID
2,2018-08-23 02:00:00+0000,2.022,-0.006,2.016,15,15,1.0,VALID
2,2018-08-23 02:15:00+0000,4.705,-0.005,4.7,15,15,1.0,VALID
2,2018-08-23 02:30:00+0000,3.961,-0.006,3.956,15,15,1.0,VALID
2,2018-08-23 02:45:00+0000,4.842,-0.005,4.837,15,15,1.0,VALID
2,2018-08-23 03:00:00+0000,4.857,-0.005,4.852,15,15,1.0,VALID
2,2018-08-23 03:15:00+0000,3.1,-0.005,3.095,15,15,1.0,VALID
2,2018-08-23 03:30:00+0000,5.055,-0.005,5.05,15,15,1.0,VALID
2,2018-08-23 03:45:00+0000,2.434,-0.005,2.429,15,15,1.0,VALID
2,2018-08-23 04:00:00+0000,5.063,-0.005,5.058,15,15,1.0,VALID
2,2018-08-23 04:15:00+0000,3.98,-0.005,3.975,15,15,1.0,VALID
2,2018-08-23 04:30:00+0000,5.632,-0.004,5.627,15,15,1.0,VALID
2,2018-08-23 04:45:00+0000,3.111,-0.005,3.106,15,15,1.0,VALID
2,2018-08-23 05:00:00+0000,5.359,-0.005,5.354,15,15,1.0,VALID
2,2018-08-23 05:15:00+0000,2.51,-0.006,2.504,15,15,1.0,VALID
2,2018-08-23 05:30:00+0000,5.301,-0.005,5.296,15,15,1.0,VALID
2,2018-08-23 05:45:00+0000,2.229,-0.006,2.223,15,15,1.0,VALID
2,2018-08-23 06:00:00+0000,4.881,-0.005,4.876,15,15,1.0,VALID
2,2018-08-23 06:15:00+0000,3.638,-0.006,3.632,15,15,1.0,VALID
2,2018-08-23 06:30:00+0000,2.306,-0.006,2.299,15,15,1.0,VALID
2,2018-08-23 06:45:00+0000,3.077,-0.005,3.072,15,15,1.0,VALID
2,2018-08-23 07:00:00+0000,3.309,-0.005,3.304,15,15,1.0,VALID
2,2018-08-23 07:15:00+0000,1.944,-0.006,1.938,15,15,1.0,VALID
2,2018-08-23 07:30:00+0000,1.85,-0.006,1.844,15,15,1.0,VALID
2,2018-08-23 07:45:00+0000,3.007,-0.006,3.001,15,15,1.0,VALID
2,2018-08-23 08:00:00+0000,2.463,-0.006,2.457,15,15,1.0,VALID
2,2018-08-23 08:15:00+0000,1.264,-0.006,1.258,15,15,1.0,VALID
2,2018-08-23 08:30:00+0000,2.732,-0.006,2.726,15,15,1.0,VALID
2,2018-08-23 08:45:00+0000,2.618,-0.006,2.613,15,15,1.0,VALID
2,2018-08-23 09:00:00+0000,0.894,-0.006,0.888,15,15,1.0,VALID
2,2018-08-23 09:15:00+0000,2.071,-0.006,2.065,15,15,1.0,VALID
2,2018-08-23 09:30:00+0000,2.596,-0.006,2.591,15,15,1.0,VALID
2,2018-08-23 09:45:00+0000,1.67,-0.006,1.664,15,15,1.0,VALID
2,2018-08-23 10:00:00+0000,1.277,-0.006,1.272,15,15,1.0,VALID
2,2018-08-23 10:15:00+0000,2.462,-0.005,2.457,15,15,1.0,VALID
2,2018-08-23 10:30:00+0000,1.696,-0.005,1.69,15,15,1.0,VALID
2,2018-08-23 10:45:00+0000,0.919,-0.006,0.913,15,15,1.0,VALID
2,2018-08-23 11:00:00+0000,2.499,-0.006,2.493,15,15,1.0,VALID
2,2018-08-23 11:15:00+0000,1.271,-0.006,1.265,15,15,1.0,VALID
2,2018-08-23 11:30:00+0000,1.573,-0.006,1.567,15,15,1.0,VALID
2,2018-08-23 11:45:00+0000,2.311,-0.006,2.305,15,15,1.0,VALID
2,2018-08-23 12:00:00+0000,0.504,-0.032,0.472,15,15,1.0,VALID
2,2018-08-23 12:15:00+0000,2.109,-0.012,2.096,15,15,1.0,VALID
2,2018-08-23 12:30:00+0000,1.541,0.007,1.548,15,15,1.0,VALID
2,2018-08-23 12:45:00+0000,0.645,0.145,0.79,15,15,1.0,VALID
2,2018-08-23 13:00:00+0000,1.336,0.263,1.599,15,15,1.0,VALID
2,2018-08-23 13:15:00+0000,1.324,0.405,1.73,15,15,1.0,VALID
2,2018-08-23 13:30:00+0000,-0.121,0.561,0.44,15,15,1.0,VALID
2,2018-08-23 13:45:00+0000,0.993,0.72,1.713,15,15,1.0,VALID
2,2018-08-23 14:00:00+0000,1.006,0.881,1.887,15,15,1.0,VALID
2,2018-08-23 14:15:00+0000,-0.142,1.058,0.916,15,15,1.0,VALID
2,2018-08-23 14:30:00+0000,0.699,1.252,1.951,15,15,1.0,VALID
2,2018-08-23 14:45:00+0000,0.829,1.469,2.298,15,15,1.0,VALID
2,2018-08-23 15:00:00+0000,0.745,1.702,2.447,15,15,1.0,VALID
2,2018-08-23 15:15:00+0000,-0.159,1.94,1.781,15,15,1.0,VALID
2,2018-08-23 15:30:00+0000,1.943,2.195,4.138,15,15,1.0,VALID
2,2018-08-23 15:45:00+0000,1.006,2.439,3.445,15,15,1.0,VALID
2,2018-08-23 16:00:00+0000,0.528,2.665,3.192,15,15,1.0,VALID
2,2018-08-23 16:15:00+0000,1.638,2.867,4.505,15,15,1.0,VALID
2,2018-08-23 16:30:00+0000,0.218,3.058,3.276,15,15,1.0,VALID
2,2018-08-23 16:45:00+0000,-0.821,3.246,2.425,15,15,1.0,VALID
2,2018-08-23 17:00:00+0000,1.014,3.405,4.42,15,15,1.0,VALID
2,2018-08-23 17:15:00+0000,-2.023,3.517,1.495,15,15,1.0,VALID
2,2018-08-23 17:30:00+0000,3.283,3.627,6.91,15,15,1.0,VALID
2,2018-08-23 17:45:00+0000,-0.993,3.734,2.741,15,15,1.0,VALID
2,2018-08-23 18:00:00+0000,2.162,3.813,5.975,15,15,1.0,VALID
2,2018-08-23 18:15:00+0000,-0.789,3.89,3.102,15,15,1.0,VALID
2,2018-08-23 18:30:00+0000,2.118,3.921,6.039,15,15,1.0,VALID
2,2018-08-23 18:45:00+0000,-1.843,3.957,2.114,15,15,1.0,VALID
2,2018-08-23 19:00:00+0000,3.073,3.968,7.041,15,15,1.0,VALID
2,2018-08-23 19:15:00+0000,-2.256,3.968,1.712,15,15,1.0,VALID
2,2018-08-23 19:30:00+0000,2.243,3.955,6.197,15,15,1.0,VALID
2,2018-08-23 19:45:00+0000,-1.523,3.879,2.355,15,15,1.0,VALID
2,2018-08-23 20:00:00+0000,1.542,3.841,5.383,15,15,1.0,VALID
2,2018-08-23 20:15:00+0000,2.219,3.77,5.989,15,15,1.0,VALID
2,2018-08-23 20:30:00+0000,-1.303,3.657,2.354,15,15,1.0,VALID
2,2018-08-23 20:45:00+0000,4.161,3.516,7.677,15,15,1.0,VALID
2,2018-08-23 21:00:00+0000,1.854,3.479,5.333,15,15,1.0,VALID
2,2018-08-23 21:15:00+0000,-1.566,3.198,1.632,15,15,1.0,VALID
2,2018-08-23 21:30:00+0000,4.078,3.221,7.3,15,15,1.0,VALID
2,2018-08-23 21:45:00+0000,2.305,3.087,5.393,15,15,1.0,VALID
2,2018-08-23 22:00:00+0000,1.322,2.458,3.779,15,15,1.0,VALID
2,2018-08-23 22:15:00+0000,-0.048,2.819,2.77,15,15,1.0,VALID
2,2018-08-23 22:30:00+0000,1.447,1.997,3.443,15,15,1.0,VALID
2,2018-08-23 22:45:00+0000,3.496,1.515,5.012,15,15,1.0,VALID
2,2018-08-23 23:00:00+0000,1.844,0.602,2.446,15,15,1.0,VALID
2,2018-08-23 23:15:00+0000,2.449,0.946,3.396,15,15,1.0,VALID
2,2018-08-23 23:30:00+0000,4.863,0.716,5.578,15,15,1.0,VALID
2,2018-08-23 23:45:00+0000,1.951,0.517,2.468,15,15,1.0,VALID
2,2018-08-24 00:00:00+0000,4.092,0.561,4.653,15,15,1.0,VALID
2,2018-08-24 00:15:00+0000,3.915,0.335,4.25,15,15,1.0,VALID
2,2018-08-24 00:30:00+0000,3.244,0.133,3.376,15,15,1.0,VALID
2,2018-08-24 00:45:00+0000,4.969,-0.01,4.959,15,15,1.0,VALID
2,2018-08-24 01:00:00+0000,2.593,-0.02,2.573,15,15,1.0,VALID
2,2018-08-24 01:15:00+0000,3.559,-0.005,3.554,15,15,1.0,VALID
2,2018-08-24 01:30:00+0000,4.216,-0.005,4.211,15,15,1.0,VALID
2,2018-08-24 01:45:00+0000,0.744,-0.006,0.738,15,15,1.0,VALID
2,2018-08-24 02:00:00+0000,3.715,-0.005,3.71,15,15,1.0,VALID
2,2018-08-24 02:15:00+0000,1.76,-0.006,1.754,15,15,1.0,VALID
2,2018-08-24 02:30:00+0000,4.053,-0.006,4.048,15,15,1.0,VALID
2,2018-08-24 02:45:00+0000,6.589,-0.004,6.585,15,15,1.0,VALID
2,2018-08-24 03:00:00+0000,6.474,-0.005,6.469,15,15,1.0,VALID
2,2018-08-24 03:15:00+0000,4.932,-0.006,4.926,15,15,1.0,VALID
2,2018-08-24 03:30:00+0000,4.319,-0.006,4.313,15,15,1.0,VALID
2,2018-08-24 03:45:00+0000,4.179,-0.006,4.173,15,15,1.0,VALID
2,2018-08-24 04:00:00+0000,5.96,-0.005,5.955,15,15,1.0,VALID
2,2018-08-24 04:15:00+0000,3.935,-0.005,3.93,15,15,1.0,VALID
2,2018-08-24 04:30:00+0000,4.172,-0.005,4.167,15,15,1.0,VALID
2,2018-08-24 04:45:00+0000,4.688,-0.005,4.682,15,15,1.0,VALID
2,2018-08-24 05:00:00+0000,5.02,-0.005,5.015,15,15,1.0,VALID
2,2018-08-24 05:15:00+0000,2.795,-0.006,2.79,15,15,1.0,VALID
2,2018-08-24 05:30:00+0000,3.845,-0.005,3.84,15,15,1.0,VALID
2,2018-08-24 05:45:00+0000,3.049,-0.006,3.043,15,15,1.0,VALID
2,2018-08-24 06:00:00+0000,2.189,-0.006,2.184,15,15,1.0,VALID
2,2018-08-24 06:15:00+0000,3.826,-0.006,3.82,15,15,1.0,VALID
2,2018-08-24 06:30:00+0000,1.921,-0.007,1.915,15,15,1.0,VALID
2,2018-08-24 06:45:00+0000,1.373,-0.006,1.367,15,15,1.0,VALID
2,2018-08-24 07:00:00+0000,2.427,-0.006,2.421,15,15,1.0,VALID
2,2018-08-24 07:15:00+0000,1.836,-0.006,1.83,15,15,1.0,VALID
2,2018-08-24 07:30:00+0000,1.163,-0.006,1.157,15,15,1.0,VALID
2,2018-08-24 07:45:00+0000,1.56,-0.006,1.555,15,15,1.0,VALID
2,2018-08-24 08:00:00+0000,2.922,-0.006,2.917,15,15,1.0,VALID
2,2018-08-24 08:15:00+0000,0.713,-0.006,0.707,15,15,1.0,VALID
2,2018-08-24 08:30:00+0000,3.048,-0.005,3.043,15,15,1.0,VALID
2,2018-08-24 08:45:00+0000,0.208,-0.006,0.202,15,15,1.0,VALID
2,2018-08-24 09:00:00+0000,2.806,-0.006,2.8,15,15,1.0,VALID
2,2018-08-24 09:15:00+0000,0.342,-0.006,0.335,15,15,1.0,VALID
2,2018-08-24 09:30:00+0000,1.939,-0.006,1.933,15,15,1.0,VALID
2,2018-08-24 09:45:00+0000,1.504,-0.006,1.498,15,15,1.0,VALID
2,2018-08-24 10:00:00+0000,0.872,-0.006,0.866,15,15,1.0,VALID
2,2018-08-24 10:15:00+0000,2.274,-0.005,2.268,15,15,1.0,VALID
2,2018-08-24 10:30:00+0000,0.323,-0.006,0.317,15,15,1.0,VALID
2,2018-08-24 10:45:00+0000,2.472,-0.005,2.467,15,15,1.0,VALID
2,2018-08-24 11:00:00+0000,0.194,-0.006,0.188,15,15,1.0,VALID
2,2018-08-24 11:15:00+0000,1.973,-0.006,1.967,15,15,1.0,VALID
2,2018-08-24 11:30:00+0000,0.348,-0.006,0.342,15,15,1.0,VALID
2,2018-08-24 11:45:00+0000,1.384,-0.006,1.379,15,15,1.0,VALID
2,2018-08-24 12:00:00+0000,0.979,-0.038,0.942,15,15,1.0,VALID
2,2018-08-24 12:15:00+0000,1.392,-0.012,1.38,15,15,1.0,VALID
2,2018-08-24 12:30:00+0000,0.532,0.067,0.6,15,15,1.0,VALID
2,2018-08-24 12:45:00+0000,2.176,0.202,2.378,15,15,1.0,VALID
2,2018-08-24 13:00:00+0000,1.029,0.403,1.432,15,15,1.0,VALID
2,2018-08-24 13:15:00+0000,3.027,0.494,3.52,15,15,1.0,VALID
2,2018-08-24 13:30:00+0000,0.952,0.653,1.606,15,15,1.0,VALID
2,2018-08-24 13:45:00+0000,1.453,0.804,2.257,15,15,1.0,VALID
2,2018-08-24 14:00:00+0000,1.142,0.751,1.892,15,15,1.0,VALID
2,2018-08-24 14:15:00+0000,1.284,1.049,2.333,15,15,1.0,VALID
2,2018-08-24 14:30:00+0000,2.079,1.34,3.419,15,15,1.0,VALID
2,2018-08-24 14:45:00+0000,0.47,1.555,2.026,15,15,1.0,VALID
2,2018-08-24 15:00:00+0000,1.42,1.751,3.171,15,15,1.0,VALID
2,2018-08-24 15:15:00+0000,2.392,1.939,4.331,15,15,1.0,VALID
2,2018-08-24 15:30:00+0000,1.117,2.257,3.374,15,15,1.0,VALID
2,2018-08-24 15:45:00+0000,0.945,2.518,3.463,15,15,1.0,VALID
2,2018-08-24 16:00:00+0000,2.878,2.758,5.636,15,15,1.0,VALID
2,2018-08-24 16:15:00+0000,0.4,2.983,3.382,15,15,1.0,VALID
2,2018-08-24 16:30:00+0000,0.386,3.16,3.546,15,15,1.0,VALID
2,2018-08-24 16:45:00+0000,1.691,3.348,5.039,15,15,1.0,VALID
2,2018-08-24 17:00:00+0000,2.202,3.506,5.708,15,15,1.0,VALID
2,2018-08-24 17:15:00+0000,0.685,3.648,4.332,15,15,1.0,VALID
2,2018-08-24 17:30:00+0000,1.08,3.743,4.823,15,15,1.0,VALID
2,2018-08-24 17:45:00+0000,3.13,3.874,7.004,15,15,1.0,VALID
2,2018-08-24 18:00:00+0000,-1.088,3.944,2.856,15,15,1.0,VALID
2,2018-08-24 18:15:00+0000,2.698,4.001,6.699,15,15,1.0,VALID
2,2018-08-24 18:30:00+0000,2.937,4.047,6.984,15,15,1.0,VALID
2,2018-08-24 18:45:00+0000,1.726,4.073,5.799,15,15,1.0,VALID
2,2018-08-24 19:00:00+0000,1.325,4.08,5.405,15,15,1.0,VALID
2,2018-08-24 19:15:00+0000,1.176,4.127,5.303,15,15,1.0,VALID
2,2018-08-24 19:30:00+0000,1.221,4.119,5.34,15,15,1.0,VALID
2,2018-08-24 19:45:00+0000,1.116,4.061,5.177,15,15,1.0,VALID
2,2018-08-24 20:00:00+0000,0.683,4.006,4.689,15,15,1.0,VALID
2,2018-08-24 20:15:00+0000,0.095,3.911,4.006,15,15,1.0,VALID
2,2018-08-24 20:30:00+0000,2.624,3.833,6.457,15,15,1.0,VALID
2,2018-08-24 20:45:00+0000,-0.522,3.71,3.189,15,15,1.0,VALID
2,2018-08-24 21:00:00+0000,2.927,3.58,6.507,15,15,1.0,VALID
2,2018-08-24 21:15:00+0000,0.335,3.467,3.802,15,15,1.0,VALID
2,2018-08-24 21:30:00+0000,2.984,3.29,6.274,15,15,1.0,VALID
2,2018-08-24 21:45:00+0000,0.081,3.084,3.165,15,15,1.0,VALID
2,2018-08-24 22:00:00+0000,2.56,2.884,5.444,15,15,1.0,VALID
2,2018-08-24 22:15:00+0000,3.221,2.695,5.916,15,15,1.0,VALID
2,2018-08-24 22:30:00+0000,4.533,2.472,7.004,15,15,1.0,VALID
2,2018-08-24 22:45:00+0000,0.936,2.208,3.144,15,15,1.0,VALID
2,2018-08-24 23:00:00+0000,6.329,1.972,8.301,15,15,1.0,VALID
2,2018-08-24 23:15:00+0000,5.977,1.687,7.664,15,15,1.0,VALID
2,2018-08-24 23:30:00+0000,6.302,1.376,7.678,15,15,1.0,VALID
2,2018-08-24 23:45:00+0000,5.596,1.091,6.687,15,15,1.0,VALID
2,2018-08-25 00:00:00+0000,5.413,0.819,6.232,15,15,1.0,VALID
2,2018-08-25 00:15:00+0000,4.939,0.532,5.47,15,15,1.0,VALID
2,2018-08-25 00:30:00+0000,6.293,0.223,6.516,15,15,1.0,VALID
2,2018-08-25 00:45:00+0000,5.452,-0.007,5.445,15,15,1.0,VALID
2,2018-08-25 01:00:00+0000,5.824,-0.021,5.803,15,15,1.0,VALID
2,2018-08-25 01:15:00+0000,2.334,-0.005,2.329,15,15,1.0,VALID
2,2018-08-25 01:30:00+0000,6.356,-0.005,6.351,15,15,1.0,VALID
2,2018-08-25 01:45:00+0000,4.366,-0.003,4.363,15,15,1.0,VALID
2,2018-08-25 02:00:00+0000,4.48,-0.003,4.477,15,15,1.0,VALID
2,2018-08-25 02:15:00+0000,5.557,-0.003,5.553,15,15,1.0,VALID
2,2018-08-25 02:30:00+0000,5.026,-0.004,5.022,15,15,1.0,VALID
2,2018-08-25 02:45:00+0000,5.98,-0.004,5.976,15,15,1.0,VALID
2,2018-08-25 03:00:00+0000,2.882,-0.004,2.877,15,15,1.0,VALID
2,2018-08-25 03:15:00+0000,5.404,-0.004,5.399,15,15,1.0,VALID
2,2018-08-25 03:30:00+0000,5.662,-0.005,5.657,15,15,1.0,VALID
2,2018-08-25 03:45:00+0000,4.456,-0.005,4.451,15,15,1.0,VALID
2,2018-08-25 04:00:00+0000,6.343,-0.004,6.339,15,15,1.0,VALID
2,2018-08-25 04:15:00+0000,1.975,-0.005,1.97,15,15,1.0,VALID
2,2018-08-25 04:30:00+0000,4.466,-0.004,4.462,15,15,1.0,VALID
2,2018-08-25 04:45:00+0000,3.761,-0.005,3.756,15,15,1.0,VALID
2,2018-08-25 05:00:00+0000,2.145,-0.006,2.14,15,15,1.0,VALID
2,2018-08-25 05:15:00+0000,3.917,-0.006,3.911,15,15,1.0,VALID
2,2018-08-25 05:30:00+0000,2.698,-0.006,2.692,15,15,1.0,VALID
2,2018-08-25 05:45:00+0000,2.532,-0.005,2.527,15,15,1.0,VALID
2,2018-08-25 06:00:00+0000,4.315,-0.006,4.309,15,15,1.0,VALID
2,2018-08-25 06:15:00+0000,0.994,-0.006,0.988,15,15,1.0,VALID
2,2018-08-25 06:30:00+0000,3.453,-0.005,3.448,15,15,1.0,VALID
2,2018-08-25 06:45:00+0000,2.236,-0.006,2.23,15,15,1.0,VALID
2,2018-08-25 07:00:00+0000,1.499,-0.006,1.494,15,15,1.0,VALID
2,2018-08-25 07:15:00+0000,2.2,-0.005,2.195,15,15,1.0,VALID
2,2018-08-25 07:30:00+0000,1.974,-0.006,1.969,15,15,1.0,VALID
2,2018-08-25 07:45:00+0000,1.732,-0.006,1.727,15,15,1.0,VALID
2,2018-08-25 08:00:00+0000,2.518,-0.005,2.513,15,15,1.0,VALID
2,2018-08-25 08:15:00+0000,2.348,-0.005,2.343,15,15,1.0,VALID
2,2018-08-25 08:30:00+0000,1.837,-0.005,1.832,15,15,1.0,VALID
2,2018-08-25 08:45:00+0000,1.593,-0.006,1.588,15,15,1.0,VALID
2,2018-08-25 09:00:00+0000,1.155,-0.006,1.15,15,15,1.0,VALID
2,2018-08-25 09:15:00+0000,1.587,-0.006,1.581,15,15,1.0,VALID
2,2018-08-25 09:30:00+0000,1.972,-0.005,1.967,15,15,1.0,VALID
2,2018-08-25 09:45:00+0000,0.705,-0.006,0.7,15,15,1.0,VALID
2,2018-08-25 10:00:00+0000,2.875,-0.005,2.869,15,15,1.0,VALID
2,2018-08-25 10:15:00+0000,1.455,-0.006,1.449,15,15,1.0,VALID
2,2018-08-25 10:30:00+0000,1.577,-0.006,1.572,15,15,1.0,VALID
2,2018-08-25 10:45:00+0000,2.947,-0.005,2.942,15,15,1.0,VALID
2,2018-08-25 11:00:00+0000,0.563,-0.006,0.557,15,15,1.0,VALID
2,2018-08-25 11:15:00+0000,2.185,-0.005,2.179,15,15,1.0,VALID
2,2018-08-25 11:30:00+0000,0.456,-0.006,0.45,15,15,1.0,VALID
2,2018-08-25 11:45:00+0000,2.136,-0.005,2.131,15,15,1.0,VALID
2,2018-08-25 12:00:00+0000,0.678,-0.036,0.642,15,15,1.0,VALID
2,2018-08-25 12:15:00+0000,1.492,-0.014,1.478,15,15,1.0,VALID
2,2018-08-25 12:30:00+0000,1.507,0.014,1.52,15,15,1.0,VALID
2,2018-08-25 12:45:00+0000,0.192,0.255,0.446,15,15,1.0,VALID
2,2018-08-25 13:00:00+0000,1.776,0.3,2.076,15,15,1.0,VALID
2,2018-08-25 13:15:00+0000,0.369,0.192,0.561,15,15,1.0,VALID
2,2018-08-25 13:30:00+0000,2.717,0.365,3.081,15,15,1.0,VALID
2,2018-08-25 13:45:00+0000,1.526,0.626,2.152,15,15,1.0,VALID
2,2018-08-25 14:00:00+0000,1.098,0.698,1.795,15,15,1.0,VALID
2,2018-08-25 14:15:00+0000,2.539,0.847,3.386,15,15,1.0,VALID
2,2018-08-25 14:30:00+0000,0.275,1.069,1.343,15,15,1.0,VALID
2,2018-08-25 14:45:00+0000,1.882,1.468,3.349,15,15,1.0,VALID
2,2018-08-25 15:00:00+0000,1.464,1.682,3.146,15,15,1.0,VALID
2,2018-08-25 15:15:00+0000,0.831,2.07,2.901,15,15,1.0,VALID
2,2018-08-25 15:30:00+0000,2.181,2.521,4.701,15,15,1.0,VALID
2,2018-08-25 15:45:00+0000,2.213,2.652,4.865,15,15,1.0,VALID
2,2018-08-25 16:00:00+0000,0.581,2.9,3.481,15,15,1.0,VALID
2,2018-08-25 16:15:00+0000,1.756,3.269,5.025,15,15,1.0,VALID
2,2018-08-25 16:30:00+0000,2.443,3.263,5.706,15,15,1.0,VALID
2,2018-08-25 16:45:00+0000,0.475,3.439,3.914,15,15,1.0,VALID
2,2018-08-25 17:00:00+0000,3.09,2.541,5.63,15,15,1.0,VALID
2,2018-08-25 17:15:00+0000,1.532,3.446,4.978,15,15,1.0,VALID
2,2018-08-25 17:30:00+0000,-0.434,3.686,3.251,15,15,1.0,VALID
2,2018-08-25 17:45:00+0000,1.816,3.998,5.814,15,15,1.0,VALID
2,2018-08-25 18:00:00+0000,-0.374,4.036,3.662,15,15,1.0,VALID
2,2018-08-25 18:15:00+0000,2.493,3.766,6.259,15,15,1.0,VALID
2,2018-08-25 18:30:00+0000,0.247,3.643,3.89,15,15,1.0,VALID
2,2018-08-25 18:45:00+0000,-0.933,4.099,3.167,15,15,1.0,VALID
2,2018-08-25 19:00:00+0000,3.105,4.098,7.204,15,15,1.0,VALID
2,2018-08-25 19:15:00+0000,-0.452,4.133,3.682,15,15,1.0,VALID
2,2018-08-25 19:30:00+0000,1.671,4.078,5.749,15,15,1.0,VALID
2,2018-08-25 19:45:00+0000,-0.184,4.06,3.876,15,15,1.0,VALID
2,2018-08-25 20:00:00+0000,1.054,3.865,4.919,15,15,1.0,VALID
2,2018-08-25 20:15:00+0000,1.33,3.921,5.251,15,15,1.0,VALID
2,2018-08-25 20:30:00+0000,0.951,2.518,3.469,15,15,1.0,VALID
2,2018-08-25 20:45:00+0000,3.071,3.024,6.096,15,15,1.0,VALID
2,2018-08-25 21:00:00+0000,0.518,2.687,3.205,15,15,1.0,VALID
2,2018-08-25 21:15:00+0000,2.741,3.579,6.319,15,15,1.0,VALID
2,2018-08-25 21:30:00+0000,1.734,2.117,3.85,15,15,1.0,VALID
2,2018-08-25 21:45:00+0000,4.313,1.82,6.133,15,15,1.0,VALID
2,2018-08-25 22:00:00+0000,1.412,2.473,3.885,15,15,1.0,VALID
2,2018-08-25 22:15:00+0000,0.64,2.141,2.781,15,15,1.0,VALID
2,2018-08-25 22:30:00+0000,4.174,1.584,5.758,15,15,1.0,VALID
2,2018-08-25 22:45:00+0000,2.108,1.937,4.045,15,15,1.0,VALID
2,2018-08-25 23:00:00+0000,5.258,1.054,6.312,15,15,1.0,VALID
2,2018-08-25 23:15:00+0000,0.105,1.376,1.481,15,15,1.0,VALID
2,2018-08-25 23:30:00+0000,5.494,1.1,6.594,15,15,1.0,VALID
2,2018-08-25 23:45:00+0000,4.731,1.069,5.801,15,15,1.0,VALID
2,2018-08-26 00:00:00+0000,,,,1,15,0.067,MISSING
3,2018-08-23 00:00:00+0000,3.111,0.218,3.329,15,15,1.0,VALID
3,2018-08-23 00:15:00+0000,3.276,0.161,3.437,15,15,1.0,VALID
3,2018-08-23 00:30:00+0000,3.174,0.061,3.235,15,15,1.0,VALID
3,2018-08-23 00:45:00+0000,3.18,-0.016,3.164,15,15,1.0,VALID
3,2018-08-23 01:00:00+0000,3.247,-0.013,3.234,15,15,1.0,VALID
3,2018-08-23 01:15:00+0000,3.35,-0.008,3.342,15,15,1.0,VALID
3,2018-08-23 01:30:00+0000,3.286,0.0,3.286,15,15,1.0,VALID
3,2018-08-23 01:45:00+0000,3.167,0.002,3.169,15,15,1.0,VALID
3,2018-08-23 02:00:00+0000,3.152,0.002,3.154,15,15,1.0,VALID
3,2018-08-23 02:15:00+0000,3.214,0.003,3.216,15,15,1.0,VALID
3,2018-08-23 02:30:00+0000,3.287,0.003,3.29,15,15,1.0,VALID
3,2018-08-23 02:45:00+0000,3.41,0.002,3.412,15,15,1.0,VALID
3,2018-08-23 03:00:00+0000,3.309,0.002,3.311,15,15,1.0,VALID
3,2018-08-23 03:15:00+0000,2.562,-0.0,2.562,15,15,1.0,VALID
3,2018-08-23 03:30:00+0000,3.421,0.003,3.424,15,15,1.0,VALID
3,2018-08-23 03:45:00+0000,3.355,0.002,3.357,15,15,1.0,VALID
3,2018-08-23 04:00:00+0000,3.063,-0.001,3.062,15,15,1.0,VALID
3,2018-08-23 04:15:00+0000,2.932,-0.001,2.931,15,15,1.0,VALID
3,2018-08-23 04:30:00+0000,2.933,-0.001,2.932,15,15,1.0,VALID
3,2018-08-23 04:45:00+0000,2.315,-0.002,2.313,15,15,1.0,VALID
3,2018-08-23 05:00:00+0000,0.612,-0.006,0.606,15,15,1.0,VALID
3,2018-08-23 05:15:00+0000,1.798,-0.004,1.795,15,15,1.0,VALID
3,2018-08-23 05:30:00+0000,2.789,-0.002,2.787,15,15,1.0,VALID
3,2018-08-23 05:45:00+0000,2.818,-0.001,2.817,15,15,1.0,VALID
3,2018-08-23 06:00:00+0000,2.876,0.0,2.876,15,15,1.0,VALID
3,2018-08-23 06:15:00+0000,2.78,-0.001,2.78,15,15,1.0,VALID
3,2018-08-23 06:30:00+0000,2.704,-0.001,2.703,15,15,1.0,VALID
3,2018-08-23 06:45:00+0000,2.697,-0.002,2.694,15,15,1.0,VALID
3,2018-08-23 07:00:00+0000,2.798,-0.0,2.797,15,15,1.0,VALID
3,2018-08-23 07:15:00+0000,2.813,0.0,2.813,15,15,1.0,VALID
3,2018-08-23 07:30:00+0000,2.697,-0.001,2.697,15,15,1.0,VALID
3,2018-08-23 07:45:00+0000,1.032,-0.005,1.027,15,15,1.0,VALID
3,2018-08-23 08:00:00+0000,1.687,-0.004,1.682,15,15,1.0,VALID
3,2018-08-23 08:15:00+0000,3.895,0.004,3.899,15,15,1.0,VALID
3,2018-08-23 08:30:00+0000,3.884,0.004,3.888,15,15,1.0,VALID
3,2018-08-23 08:45:00+0000,3.748,0.003,3.751,15,15,1.0,VALID
3,2018-08-23 09:00:00+0000,3.746,0.003,3.749,15,15,1.0,VALID
3,2018-08-23 09:15:00+0000,3.838,0.002,3.84,15,15,1.0,VALID
3,2018-08-23 09:30:00+0000,3.919,0.004,3.923,15,15,1.0,VALID
3,2018-08-23 09:45:00+0000,3.809,0.004,3.813,15,15,1.0,VALID
3,2018-08-23 10:00:00+0000,3.744,0.003,3.747,15,15,1.0,VALID
3,2018-08-23 10:15:00+0000,3.791,0.003,3.794,15,15,1.0,VALID
3,2018-08-23 10:30:00+0000,3.819,0.003,3.822,15,15,1.0,VALID
3,2018-08-23 10:45:00+0000,2.406,-0.002,2.404,15,15,1.0,VALID
3,2018-08-23 11:00:00+0000,1.494,-0.003,1.491,15,15,1.0,VALID
3,2018-08-23 11:15:00+0000,3.478,0.001,3.479,15,15,1.0,VALID
3,2018-08-23 11:30:00+0000,3.453,-0.005,3.448,15,15,1.0,VALID
3,2018-08-23 11:45:00+0000,3.74,-0.007,3.733,15,15,1.0,VALID
3,2018-08-23 12:00:00+0000,3.757,-0.012,3.744,15,15,1.0,VALID
3,2018-08-23 12:15:00+0000,3.563,0.021,3.585,15,15,1.0,VALID
3,2018-08-23 12:30:00+0000,3.512,0.095,3.608,15,15,1.0,VALID
3,2018-08-23 12:45:00+0000,3.431,0.202,3.633,15,15,1.0,VALID
3,2018-08-23 13:00:00+0000,1.551,0.352,1.903,15,15,1.0,VALID
3,2018-08-23 13:15:00+0000,0.599,0.559,1.158,15,15,1.0,VALID
3,2018-08-23 13:30:00+0000,1.891,0.813,2.704,15,15,1.0,VALID
3,2018-08-23 13:45:00+0000,1.635,1.082,2.717,15,15,1.0,VALID
3,2018-08-23 14:00:00+0000,1.42,1.364,2.784,15,15,1.0,VALID
3,2018-08-23 14:15:00+0000,1.196,1.665,2.861,15,15,1.0,VALID
3,2018-08-23 14:30:00+0000,0.8,1.952,2.752,15,15,1.0,VALID
3,2018-08-23 14:45:00+0000,0.476,2.228,2.705,15,15,1.0,VALID
3,2018-08-23 15:00:00+0000,0.246,2.486,2.731,15,15,1.0,VALID
3,2018-08-23 15:15:00+0000,1.398,2.731,4.129,15,15,1.0,VALID
3,2018-08-23 15:30:00+0000,1.854,2.964,4.819,15,15,1.0,VALID
3,2018-08-23 15:45:00+0000,2.128,3.166,5.294,15,15,1.0,VALID
3,2018-08-23 16:00:00+0000,0.634,3.336,3.97,15,15,1.0,VALID
3,2018-08-23 16:15:00+0000,-0.491,3.501,3.01,15,15,1.0,VALID
3,2018-08-23 16:30:00+0000,0.362,3.672,4.034,15,15,1.0,VALID
3,2018-08-23 16:45:00+0000,0.285,3.798,4.083,15,15,1.0,VALID
3,2018-08-23 17:00:00+0000,-0.374,3.906,3.532,15,15,1.0,VALID
3,2018-08-23 17:15:00+0000,-0.794,3.945,3.151,15,15,1.0,VALID
3,2018-08-23 17:30:00+0000,0.416,4.011,4.427,15,15,1.0,VALID
3,2018-08-23 17:45:00+0000,-0.436,4.048,3.612,15,15,1.0,VALID
3,2018-08-23 18:00:00+0000,-0.821,4.087,3.266,15,15,1.0,VALID
3,2018-08-23 18:15:00+0000,-0.994,4.119,3.125,15,15,1.0,VALID
3,2018-08-23 18:30:00+0000,-0.881,4.087,3.205,15,15,1.0,VALID
3,2018-08-23 18:45:00+0000,-0.847,4.064,3.218,15,15,1.0,VALID
3,2018-08-23 19:00:00+0000,-0.901,4.016,3.115,15,15,1.0,VALID
3,2018-08-23 19:15:00+0000,-0.682,3.919,3.237,15,15,1.0,VALID
3,2018-08-23 19:30:00+0000,-0.542,3.887,3.345,15,15,1.0,VALID
3,2018-08-23 19:45:00+0000,-0.394,3.743,3.349,15,15,1.0,VALID
3,2018-08-23 20:00:00+0000,-0.314,3.634,3.32,15,15,1.0,VALID
3,2018-08-23 20:15:00+0000,-0.298,3.517,3.219,15,15,1.0,VALID
3,2018-08-23 20:30:00+0000,0.94,3.347,4.287,15,15,1.0,VALID
3,2018-08-23 20:45:00+0000,1.301,3.083,4.384,15,15,1.0,VALID
3,2018-08-23 21:00:00+0000,0.244,3.071,3.315,15,15,1.0,VALID
3,2018-08-23 21:15:00+0000,0.626,2.566,3.192,15,15,1.0,VALID
3,2018-08-23 21:30:00+0000,0.449,2.678,3.128,15,15,1.0,VALID
3,2018-08-23 21:45:00+0000,0.611,2.514,3.125,15,15,1.0,VALID
3,2018-08-23 22:00:00+0000,1.291,1.935,3.225,15,15,1.0,VALID
3,2018-08-23 22:15:00+0000,1.102,2.156,3.258,15,15,1.0,VALID
3,2018-08-23 22:30:00+0000,1.629,1.46,3.09,15,15,1.0,VALID
3,2018-08-23 22:45:00+0000,2.042,1.014,3.056,15,15,1.0,VALID
3,2018-08-23 23:00:00+0000,2.583,0.454,3.037,15,15,1.0,VALID
3,2018-08-23 23:15:00+0000,2.556,0.59,3.146,15,15,1.0,VALID
3,2018-08-23 23:30:00+0000,2.722,0.398,3.12,15,15,1.0,VALID
3,2018-08-23 23:45:00+0000,2.702,0.257,2.959,15,15,1.0,VALID
3,2018-08-24 00:00:00+0000,2.73,0.211,2.941,15,15,1.0,VALID
3,2018-08-24 00:15:00+0000,2.901,0.087,2.988,15,15,1.0,VALID
3,2018-08-24 00:30:00+0000,3.004,0.037,3.041,15,15,1.0,VALID
3,2018-08-24 00:45:00+0000,2.994,-0.018,2.976,15,15,1.0,VALID
3,2018-08-24 01:00:00+0000,1.962,-0.018,1.944,15,15,1.0,VALID
3,2018-08-24 01:15:00+0000,0.983,-0.015,0.968,15,15,1.0,VALID
3,2018-08-24 01:30:00+0000,2.945,-0.0,2.945,15,15,1.0,VALID
3,2018-08-24 01:45:00+0000,1.143,-0.003,1.14,15,15,1.0,VALID
3,2018-08-24 02:00:00+0000,1.392,-0.003,1.389,15,15,1.0,VALID
3,2018-08-24 02:15:00+0000,3.761,0.003,3.764,15,15,1.0,VALID
3,2018-08-24 02:30:00+0000,3.604,0.002,3.607,15,15,1.0,VALID
3,2018-08-24 02:45:00+0000,2.948,0.0,2.948,15,15,1.0,VALID
3,2018-08-24 03:00:00+0000,0.834,-0.004,0.83,15,15,1.0,VALID
3,2018-08-24 03:15:00+0000,0.845,-0.005,0.841,15,15,1.0,VALID
3,2018-08-24 03:30:00+0000,1.128,-0.005,1.123,15,15,1.0,VALID
3,2018-08-24 03:45:00+0000,2.397,-0.001,2.395,15,15,1.0,VALID
3,2018-08-24 04:00:00+0000,0.926,-0.007,0.919,15,15,1.0,VALID
3,2018-08-24 04:15:00+0000,0.899,-0.006,0.893,15,15,1.0,VALID
3,2018-08-24 04:30:00+0000,0.779,-0.007,0.772,15,15,1.0,VALID
3,2018-08-24 04:45:00+0000,0.783,-0.007,0.776,15,15,1.0,VALID
3,2018-08-24 05:00:00+0000,0.86,-0.006,0.854,15,15,1.0,VALID
3,2018-08-24 05:15:00+0000,0.915,-0.006,0.909,15,15,1.0,VALID
3,2018-08-24 05:30:00+0000,0.855,-0.008,0.847,15,15,1.0,VALID
3,2018-08-24 05:45:00+0000,0.777,-0.007,0.77,15,15,1.0,VALID
3,2018-08-24 06:00:00+0000,0.777,-0.007,0.77,15,15,1.0,VALID
3,2018-08-24 06:15:00+0000,0.893,-0.006,0.887,15,15,1.0,VALID
3,2018-08-24 06:30:00+0000,0.915,-0.006,0.909,15,15,1.0,VALID
3,2018-08-24 06:45:00+0000,0.827,-0.008,0.82,15,15,1.0,VALID
3,2018-08-24 07:00:00+0000,0.776,-0.007,0.769,15,15,1.0,VALID
3,2018-08-24 07:15:00+0000,0.785,-0.007,0.778,15,15,1.0,VALID
3,2018-08-24 07:30:00+0000,0.92,-0.006,0.914,15,15,1.0,VALID
3,2018-08-24 07:45:00+0000,0.915,-0.006,0.909,15,15,1.0,VALID
3,2018-08-24 08:00:00+0000,0.787,-0.008,0.779,15,15,1.0,VALID
3,2018-08-24 08:15:00+0000,0.779,-0.007,0.772,15,15,1.0,VALID
3,2018-08-24 08:30:00+0000,0.82,-0.007,0.814,15,15,1.0,VALID
3,2018-08-24 08:45:00+0000,0.919,-0.006,0.913,15,15,1.0,VALID
3,2018-08-24 09:00:00+0000,0.897,-0.006,0.89,15,15,1.0,VALID
3,2018-08-24 09:15:00+0000,0.78,-0.008,0.772,15,15,1.0,VALID
3,2018-08-24 09:30:00+0000,0.78,-0.007,0.773,15,15,1.0,VALID
3,2018-08-24 09:45:00+0000,0.852,-0.006,0.846,15,15,1.0,VALID
3,2018-08-24 10:00:00+0000,0.918,-0.006,0.912,15,15,1.0,VALID
3,2018-08-24 10:15:00+0000,0.857,-0.006,0.85,15,15,1.0,VALID
3,2018-08-24 10:30:00+0000,0.78,-0.008,0.772,15,15,1.0,VALID
3,2018-08-24 10:45:00+0000,0.781,-0.007,0.774,15,15,1.0,VALID
3,2018-08-24 11:00:00+0000,2.925,-0.0,2.924,15,15,1.0,VALID
3,2018-08-24 11:15:00+0000,2.965,0.0,2.965,15,15,1.0,VALID
3,2018-08-24 11:30:00+0000,2.867,-0.008,2.859,15,15,1.0,VALID
3,2018-08-24 11:45:00+0000,2.83,-0.011,2.819,15,15,1.0,VALID
3,2018-08-24 12:00:00+0000,2.855,-0.014,2.841,15,15,1.0,VALID
3,2018-08-24 12:15:00+0000,3.073,0.005,3.079,15,15,1.0,VALID
3,2018-08-24 12:30:00+0000,3.01,0.103,3.113,15,15,1.0,VALID
3,2018-08-24 12:45:00+0000,2.753,0.259,3.012,15,15,1.0,VALID
3,2018-08-24 13:00:00+0000,2.554,0.476,3.03,15,15,1.0,VALID
3,2018-08-24 13:15:00+0000,2.354,0.674,3.028,15,15,1.0,VALID
3,2018-08-24 13:30:00+0000,0.514,0.94,1.453,15,15,1.0,VALID
3,2018-08-24 13:45:00+0000,2.437,0.624,3.061,15,15,1.0,VALID
3,2018-08-24 14:00:00+0000,2.948,0.003,2.951,15,15,1.0,VALID
3,2018-08-24 14:15:00+0000,1.414,1.352,2.766,15,15,1.0,VALID
3,2018-08-24 14:30:00+0000,-1.22,2.135,0.915,15,15,1.0,VALID
3,2018-08-24 14:45:00+0000,-0.121,2.405,2.284,15,15,1.0,VALID
3,2018-08-24 15:00:00+0000,-0.447,2.624,2.177,15,15,1.0,VALID
3,2018-08-24 15:15:00+0000,0.351,2.79,3.141,15,15,1.0,VALID
3,2018-08-24 15:30:00+0000,-0.023,3.126,3.103,15,15,1.0,VALID
3,2018-08-24 15:45:00+0000,0.0,3.34,3.34,15,15,1.0,VALID
3,2018-08-24 16:00:00+0000,-0.001,3.517,3.516,15,15,1.0,VALID
3,2018-08-24 16:15:00+0000,-0.272,3.693,3.422,15,15,1.0,VALID
3,2018-08-24 16:30:00+0000,-0.538,3.834,3.296,15,15,1.0,VALID
3,2018-08-24 16:45:00+0000,-0.436,3.983,3.546,15,15,1.0,VALID
3,2018-08-24 17:00:00+0000,-0.591,4.045,3.453,15,15,1.0,VALID
3,2018-08-24 17:15:00+0000,-0.147,4.093,3.946,15,15,1.0,VALID
3,2018-08-24 17:30:00+0000,-0.838,4.131,3.293,15,15,1.0,VALID
3,2018-08-24 17:45:00+0000,-0.656,4.217,3.561,15,15,1.0,VALID
3,2018-08-24 18:00:00+0000,-0.763,4.231,3.468,15,15,1.0,VALID
3,2018-08-24 18:15:00+0000,-0.325,4.264,3.939,15,15,1.0,VALID
3,2018-08-24 18:30:00+0000,-0.357,4.239,3.882,15,15,1.0,VALID
3,2018-08-24 18:45:00+0000,-0.586,4.213,3.627,15,15,1.0,VALID
3,2018-08-24 19:00:00+0000,-0.647,4.16,3.513,15,15,1.0,VALID
3,2018-08-24 19:15:00+0000,-0.373,4.116,3.743,15,15,1.0,VALID
3,2018-08-24 19:30:00+0000,-0.092,4.05,3.958,15,15,1.0,VALID
3,2018-08-24 19:45:00+0000,-0.415,3.919,3.504,15,15,1.0,VALID
3,2018-08-24 20:00:00+0000,-0.29,3.795,3.506,15,15,1.0,VALID
3,2018-08-24 20:15:00+0000,-0.15,3.659,3.509,15,15,1.0,VALID
3,2018-08-24 20:30:00+0000,-2.88,3.506,0.625,15,15,1.0,VALID
3,2018-08-24 20:45:00+0000,-0.435,3.325,2.889,15,15,1.0,VALID
3,2018-08-24 21:00:00+0000,0.535,3.137,3.673,15,15,1.0,VALID
3,2018-08-24 21:15:00+0000,0.562,2.925,3.486,15,15,1.0,VALID
3,2018-08-24 21:30:00+0000,0.716,2.706,3.422,15,15,1.0,VALID
3,2018-08-24 21:45:00+0000,1.13,2.467,3.598,15,15,1.0,VALID
3,2018-08-24 22:00:00+0000,1.339,2.197,3.536,15,15,1.0,VALID
3,2018-08-24 22:15:00+0000,1.558,1.93,3.488,15,15,1.0,VALID
3,2018-08-24 22:30:00+0000,1.905,1.642,3.547,15,15,1.0,VALID
3,2018-08-24 22:45:00+0000,2.342,1.325,3.668,15,15,1.0,VALID
3,2018-08-24 23:00:00+0000,2.736,1.009,3.745,15,15,1.0,VALID
3,2018-08-24 23:15:00+0000,3.07,0.708,3.778,15,15,1.0,VALID
3,2018-08-24 23:30:00+0000,2.926,0.452,3.378,15,15,1.0,VALID
3,2018-08-24 23:45:00+0000,3.053,0.26,3.313,15,15,1.0,VALID
3,2018-08-25 00:00:00+0000,3.189,0.146,3.335,15,15,1.0,VALID
3,2018-08-25 00:15:00+0000,3.371,0.08,3.451,15,15,1.0,VALID
3,2018-08-25 00:30:00+0000,3.364,0.028,3.392,15,15,1.0,VALID
3,2018-08-25 00:45:00+0000,3.29,-0.017,3.274,15,15,1.0,VALID
3,2018-08-25 01:00:00+0000,3.97,-0.011,3.959,15,15,1.0,VALID
3,2018-08-25 01:15:00+0000,4.668,-0.008,4.661,15,15,1.0,VALID
3,2018-08-25 01:30:00+0000,4.561,0.001,4.563,15,15,1.0,VALID
3,2018-08-25 01:45:00+0000,4.379,0.005,4.384,15,15,1.0,VALID
3,2018-08-25 02:00:00+0000,3.781,0.002,3.782,15,15,1.0,VALID
3,2018-08-25 02:15:00+0000,3.362,0.002,3.364,15,15,1.0,VALID
3,2018-08-25 02:30:00+0000,3.365,0.002,3.367,15,15,1.0,VALID
3,2018-08-25 02:45:00+0000,3.206,-0.0,3.206,15,15,1.0,VALID
3,2018-08-25 03:00:00+0000,3.144,0.0,3.144,15,15,1.0,VALID
3,2018-08-25 03:15:00+0000,2.989,-0.001,2.988,15,15,1.0,VALID
3,2018-08-25 03:30:00+0000,2.97,-0.001,2.969,15,15,1.0,VALID
3,2018-08-25 03:45:00+0000,2.966,-0.001,2.966,15,15,1.0,VALID
3,2018-08-25 04:00:00+0000,2.918,-0.002,2.916,15,15,1.0,VALID
3,2018-08-25 04:15:00+0000,2.81,-0.001,2.809,15,15,1.0,VALID
3,2018-08-25 04:30:00+0000,2.678,-0.002,2.676,15,15,1.0,VALID
3,2018-08-25 04:45:00+0000,2.635,-0.002,2.633,15,15,1.0,VALID
3,2018-08-25 05:00:00+0000,2.733,-0.001,2.731,15,15,1.0,VALID
3,2018-08-25 05:15:00+0000,2.755,-0.001,2.754,15,15,1.0,VALID
3,2018-08-25 05:30:00+0000,2.619,-0.003,2.617,15,15,1.0,VALID
3,2018-08-25 05:45:00+0000,2.597,-0.002,2.595,15,15,1.0,VALID
3,2018-08-25 06:00:00+0000,2.595,-0.002,2.593,15,15,1.0,VALID
3,2018-08-25 06:15:00+0000,2.714,-0.001,2.713,15,15,1.0,VALID
3,2018-08-25 06:30:00+0000,5.69,0.008,5.698,15,15,1.0,VALID
3,2018-08-25 06:45:00+0000,5.869,0.007,5.876,15,15,1.0,VALID
3,2018-08-25 07:00:00+0000,4.592,0.005,4.596,15,15,1.0,VALID
3,2018-08-25 07:15:00+0000,5.053,0.006,5.058,15,15,1.0,VALID
3,2018-08-25 07:30:00+0000,4.433,0.005,4.438,15,15,1.0,VALID
3,2018-08-25 07:45:00+0000,5.941,0.008,5.949,15,15,1.0,VALID
3,2018-08-25 08:00:00+0000,5.871,0.007,5.878,15,15,1.0,VALID
3,2018-08-25 08:15:00+0000,5.434,0.007,5.44,15,15,1.0,VALID
3,2018-08-25 08:30:00+0000,4.846,0.006,4.851,15,15,1.0,VALID
3,2018-08-25 08:45:00+0000,4.726,0.006,4.732,15,15,1.0,VALID
3,2018-08-25 09:00:00+0000,3.966,0.003,3.97,15,15,1.0,VALID
3,2018-08-25 09:15:00+0000,5.853,0.006,5.86,15,15,1.0,VALID
3,2018-08-25 09:30:00+0000,5.313,0.006,5.319,15,15,1.0,VALID
3,2018-08-25 09:45:00+0000,4.579,0.005,4.584,15,15,1.0,VALID
3,2018-08-25 10:00:00+0000,4.761,0.005,4.767,15,15,1.0,VALID
3,2018-08-25 10:15:00+0000,4.678,0.005,4.683,15,15,1.0,VALID
3,2018-08-25 10:30:00+0000,4.952,0.004,4.956,15,15,1.0,VALID
3,2018-08-25 10:45:00+0000,2.589,-0.001,2.588,15,15,1.0,VALID
3,2018-08-25 11:00:00+0000,1.176,-0.004,1.172,15,15,1.0,VALID
3,2018-08-25 11:15:00+0000,3.002,-0.0,3.002,15,15,1.0,VALID
3,2018-08-25 11:30:00+0000,2.167,-0.009,2.158,15,15,1.0,VALID
3,2018-08-25 11:45:00+0000,2.345,-0.01,2.335,15,15,1.0,VALID
3,2018-08-25 12:00:00+0000,1.245,-0.02,1.225,15,15,1.0,VALID
3,2018-08-25 12:15:00+0000,3.155,0.009,3.164,15,15,1.0,VALID
3,2018-08-25 12:30:00+0000,1.089,0.104,1.193,15,15,1.0,VALID
3,2018-08-25 12:45:00+0000,-0.065,0.276,0.211,15,15,1.0,VALID
3,2018-08-25 13:00:00+0000,-0.1,0.293,0.193,15,15,1.0,VALID
3,2018-08-25 13:15:00+0000,1.255,0.193,1.448,15,15,1.0,VALID
3,2018-08-25 13:30:00+0000,-0.001,0.38,0.379,15,15,1.0,VALID
3,2018-08-25 13:45:00+0000,0.638,0.811,1.449,15,15,1.0,VALID
3,2018-08-25 14:00:00+0000,-0.46,0.733,0.273,15,15,1.0,VALID
3,2018-08-25 14:15:00+0000,0.38,1.055,1.435,15,15,1.0,VALID
3,2018-08-25 14:30:00+0000,-0.806,1.283,0.477,15,15,1.0,VALID
3,2018-08-25 14:45:00+0000,0.221,1.996,2.217,15,15,1.0,VALID
3,2018-08-25 15:00:00+0000,-1.471,2.534,1.063,15,15,1.0,VALID
3,2018-08-25 15:15:00+0000,-1.651,3.01,1.359,15,15,1.0,VALID
3,2018-08-25 15:30:00+0000,-1.36,3.428,2.067,15,15,1.0,VALID
3,2018-08-25 15:45:00+0000,-0.659,3.342,2.682,15,15,1.0,VALID
3,2018-08-25 16:00:00+0000,-1.036,3.567,2.53,15,15,1.0,VALID
3,2018-08-25 16:15:00+0000,-0.631,3.875,3.244,15,15,1.0,VALID
3,2018-08-25 16:30:00+0000,-0.69,3.741,3.051,15,15,1.0,VALID
3,2018-08-25 16:45:00+0000,-0.949,4.053,3.104,15,15,1.0,VALID
3,2018-08-25 17:00:00+0000,0.382,2.967,3.349,15,15,1.0,VALID
3,2018-08-25 17:15:00+0000,-0.64,3.895,3.254,15,15,1.0,VALID
3,2018-08-25 17:30:00+0000,-0.867,4.118,3.251,15,15,1.0,VALID
3,2018-08-25 17:45:00+0000,-0.922,4.242,3.319,15,15,1.0,VALID
3,2018-08-25 18:00:00+0000,1.701,4.074,5.775,15,15,1.0,VALID
3,2018-08-25 18:15:00+0000,2.271,4.438,6.709,15,15,1.0,VALID
3,2018-08-25 18:30:00+0000,3.442,3.444,6.886,15,15,1.0,VALID
3,2018-08-25 18:45:00+0000,2.453,4.226,6.679,15,15,1.0,VALID
3,2018-08-25 19:00:00+0000,-0.132,4.176,4.045,15,15,1.0,VALID
3,2018-08-25 19:15:00+0000,-0.51,3.944,3.434,15,15,1.0,VALID
3,2018-08-25 19:30:00+0000,-0.67,4.04,3.37,15,15,1.0,VALID
3,2018-08-25 19:45:00+0000,-0.757,3.947,3.19,15,15,1.0,VALID
3,2018-08-25 20:00:00+0000,-0.622,3.748,3.125,15,15,1.0,VALID
3,2018-08-25 20:15:00+0000,-0.47,3.62,3.15,15,15,1.0,VALID
3,2018-08-25 20:30:00+0000,0.843,2.378,3.221,15,15,1.0,VALID
3,2018-08-25 20:45:00+0000,0.478,2.709,3.187,15,15,1.0,VALID
3,2018-08-25 21:00:00+0000,0.124,2.968,3.093,15,15,1.0,VALID
3,2018-08-25 21:15:00+0000,0.287,2.811,3.098,15,15,1.0,VALID
3,2018-08-25 21:30:00+0000,1.212,1.903,3.115,15,15,1.0,VALID
3,2018-08-25 21:45:00+0000,1.684,1.495,3.179,15,15,1.0,VALID
3,2018-08-25 22:00:00+0000,1.075,2.062,3.136,15,15,1.0,VALID
3,2018-08-25 22:15:00+0000,1.364,1.685,3.049,15,15,1.0,VALID
3,2018-08-25 22:30:00+0000,2.006,1.043,3.049,15,15,1.0,VALID
3,2018-08-25 22:45:00+0000,1.89,1.205,3.095,15,15,1.0,VALID
3,2018-08-25 23:00:00+0000,2.543,0.593,3.136,15,15,1.0,VALID
3,2018-08-25 23:15:00+0000,2.374,0.679,3.053,15,15,1.0,VALID
3,2018-08-25 23:30:00+0000,2.623,0.373,2.996,15,15,1.0,VALID
3,2018-08-25 23:45:00+0000,2.72,0.267,2.986,15,15,1.0,VALID
3,2018-08-26 00:00:00+0000,,,,1,15,0.067,MISSING
4,2018-08-23 00:00:00+0000,1.729,1.277,3.007,15,15,1.0,VALID
4,2018-08-23 00:15:00+0000,2.205,0.751,2.957,15,15,1.0,VALID
4,2018-08-23 00:30:00+0000,2.912,0.217,3.129,15,15,1.0,VALID
4,2018-08-23 00:45:00+0000,3.135,0.087,3.221,15,15,1.0,VALID
4,2018-08-23 01:00:00+0000,3.238,-0.007,3.231,15,15,1.0,VALID
4,2018-08-23 01:15:00+0000,3.113,-0.008,3.104,15,15,1.0,VALID
4,2018-08-23 01:30:00+0000,3.166,-0.008,3.158,15,15,1.0,VALID
4,2018-08-23 01:45:00+0000,3.145,-0.008,3.137,15,15,1.0,VALID
4,2018-08-23 02:00:00+0000,3.142,-0.009,3.133,15,15,1.0,VALID
4,2018-08-23 02:15:00+0000,3.038,-0.01,3.029,15,15,1.0,VALID
4,2018-08-23 02:30:00+0000,2.949,-0.01,2.94,15,15,1.0,VALID
4,2018-08-23 02:45:00+0000,3.011,-0.009,3.002,15,15,1.0,VALID
4,2018-08-23 03:00:00+0000,2.987,-0.009,2.978,15,15,1.0,VALID
4,2018-08-23 03:15:00+0000,2.917,-0.01,2.906,15,15,1.0,VALID
4,2018-08-23 03:30:00+0000,2.89,-0.011,2.879,15,15,1.0,VALID
4,2018-08-23 03:45:00+0000,2.981,-0.01,2.971,15,15,1.0,VALID
4,2018-08-23 04:00:00+0000,2.962,-0.01,2.952,15,15,1.0,VALID
4,2018-08-23 04:15:00+0000,2.861,-0.01,2.85,15,15,1.0,VALID
4,2018-08-23 04:30:00+0000,2.796,-0.011,2.785,15,15,1.0,VALID
4,2018-08-23 04:45:00+0000,2.895,-0.01,2.884,15,15,1.0,VALID
4,2018-08-23 05:00:00+0000,2.899,-0.01,2.889,15,15,1.0,VALID
4,2018-08-23 05:15:00+0000,2.838,-0.01,2.828,15,15,1.0,VALID
4,2018-08-23 05:30:00+0000,2.708,-0.011,2.697,15,15,1.0,VALID
4,2018-08-23 05:45:00+0000,2.774,-0.01,2.764,15,15,1.0,VALID
4,2018-08-23 06:00:00+0000,2.812,-0.01,2.802,15,15,1.0,VALID
4,2018-08-23 06:15:00+0000,2.771,-0.01,2.76,15,15,1.0,VALID
4,2018-08-23 06:30:00+0000,2.667,-0.011,2.656,15,15,1.0,VALID
4,2018-08-23 06:45:00+0000,2.753,-0.011,2.742,15,15,1.0,VALID
4,2018-08-23 07:00:00+0000,2.812,-0.01,2.801,15,15,1.0,VALID
4,2018-08-23 07:15:00+0000,2.793,-0.011,2.782,15,15,1.0,VALID
4,2018-08-23 07:30:00+0000,2.673,-0.011,2.662,15,15,1.0,VALID
4,2018-08-23 07:45:00+0000,2.744,-0.011,2.733,15,15,1.0,VALID
4,2018-08-23 08:00:00+0000,2.84,-0.01,2.829,15,15,1.0,VALID
4,2018-08-23 08:15:00+0000,2.778,-0.011,2.767,15,15,1.0,VALID
4,2018-08-23 08:30:00+0000,2.809,-0.011,2.798,15,15,1.0,VALID
4,2018-08-23 08:45:00+0000,2.788,-0.011,2.777,15,15,1.0,VALID
4,2018-08-23 09:00:00+0000,2.729,-0.011,2.718,15,15,1.0,VALID
4,2018-08-23 09:15:00+0000,2.592,-0.012,2.58,15,15,1.0,VALID
4,2018-08-23 09:30:00+0000,2.281,-0.012,2.269,15,15,1.0,VALID
4,2018-08-23 09:45:00+0000,1.691,-0.012,1.679,15,15,1.0,VALID
4,2018-08-23 10:00:00+0000,2.7,-0.011,2.689,15,15,1.0,VALID
4,2018-08-23 10:15:00+0000,2.563,-0.012,2.551,15,15,1.0,VALID
4,2018-08-23 10:30:00+0000,3.162,-0.014,3.148,15,15,1.0,VALID
4,2018-08-23 10:45:00+0000,2.95,-0.013,2.937,15,15,1.0,VALID
4,2018-08-23 11:00:00+0000,0.515,-0.014,0.501,15,15,1.0,VALID
4,2018-08-23 11:15:00+0000,0.484,-0.014,0.47,15,15,1.0,VALID
4,2018-08-23 11:30:00+0000,0.38,-0.014,0.366,15,15,1.0,VALID
4,2018-08-23 11:45:00+0000,0.372,-0.015,0.357,15,15,1.0,VALID
4,2018-08-23 12:00:00+0000,0.501,-0.014,0.487,15,15,1.0,VALID
4,2018-08-23 12:15:00+0000,0.506,0.027,0.532,15,15,1.0,VALID
4,2018-08-23 12:30:00+0000,0.635,0.104,0.739,15,15,1.0,VALID
4,2018-08-23 12:45:00+0000,0.115,0.194,0.309,15,15,1.0,VALID
4,2018-08-23 13:00:00+0000,-0.033,0.305,0.272,15,15,1.0,VALID
4,2018-08-23 13:15:00+0000,-0.133,0.454,0.32,15,15,1.0,VALID
4,2018-08-23 13:30:00+0000,-0.296,0.614,0.318,15,15,1.0,VALID
4,2018-08-23 13:45:00+0000,-0.568,0.773,0.205,15,15,1.0,VALID
4,2018-08-23 14:00:00+0000,-0.698,0.934,0.236,15,15,1.0,VALID
4,2018-08-23 14:15:00+0000,-0.758,1.097,0.339,15,15,1.0,VALID
4,2018-08-23 14:30:00+0000,-0.859,1.256,0.397,15,15,1.0,VALID
4,2018-08-23 14:45:00+0000,-1.179,1.438,0.259,15,15,1.0,VALID
4,2018-08-23 15:00:00+0000,-1.405,1.662,0.256,15,15,1.0,VALID
4,2018-08-23 15:15:00+0000,-1.525,1.915,0.389,15,15,1.0,VALID
4,2018-08-23 15:30:00+0000,-1.814,2.205,0.391,15,15,1.0,VALID
4,2018-08-23 15:45:00+0000,-2.185,2.51,0.325,15,15,1.0,VALID
4,2018-08-23 16:00:00+0000,-2.521,2.801,0.281,15,15,1.0,VALID
4,2018-08-23 16:15:00+0000,-2.716,3.104,0.388,15,15,1.0,VALID
4,2018-08-23 16:30:00+0000,-2.995,3.417,0.422,15,15,1.0,VALID
4,2018-08-23 16:45:00+0000,-3.322,3.674,0.351,15,15,1.0,VALID
4,2018-08-23 17:00:00+0000,-3.652,3.908,0.257,15,15,1.0,VALID
4,2018-08-23 17:15:00+0000,-3.747,4.08,0.333,15,15,1.0,VALID
4,2018-08-23 17:30:00+0000,-3.842,4.272,0.43,15,15,1.0,VALID
4,2018-08-23 17:45:00+0000,-3.98,4.455,0.475,15,15,1.0,VALID
4,2018-08-23 18:00:00+0000,-4.285,4.608,0.324,15,15,1.0,VALID
4,2018-08-23 18:15:00+0000,-3.708,4.764,1.056,15,15,1.0,VALID
4,2018-08-23 18:30:00+0000,-3.921,4.837,0.916,15,15,1.0,VALID
4,2018-08-23 18:45:00+0000,-4.2,4.917,0.717,15,15,1.0,VALID
4,2018-08-23 19:00:00+0000,-3.836,4.992,1.156,15,15,1.0,VALID
4,2018-08-23 19:15:00+0000,-3.75,4.994,1.244,15,15,1.0,VALID
4,2018-08-23 19:30:00+0000,-4.215,5.011,0.796,15,15,1.0,VALID
4,2018-08-23 19:45:00+0000,-3.846,4.952,1.107,15,15,1.0,VALID
4,2018-08-23 20:00:00+0000,-2.859,4.949,2.09,15,15,1.0,VALID
4,2018-08-23 20:15:00+0000,-1.759,4.886,3.127,15,15,1.0,VALID
4,2018-08-23 20:30:00+0000,-1.499,4.775,3.276,15,15,1.0,VALID
4,2018-08-23 20:45:00+0000,-1.271,4.571,3.3,15,15,1.0,VALID
4,2018-08-23 21:00:00+0000,-1.473,4.629,3.156,15,15,1.0,VALID
4,2018-08-23 21:15:00+0000,-0.994,4.117,3.123,15,15,1.0,VALID
4,2018-08-23 21:30:00+0000,-1.171,4.32,3.149,15,15,1.0,VALID
4,2018-08-23 21:45:00+0000,-1.028,4.194,3.166,15,15,1.0,VALID
4,2018-08-23 22:00:00+0000,-0.181,3.331,3.15,15,15,1.0,VALID
4,2018-08-23 22:15:00+0000,-0.787,3.868,3.082,15,15,1.0,VALID
4,2018-08-23 22:30:00+0000,0.268,2.84,3.108,15,15,1.0,VALID
4,2018-08-23 22:45:00+0000,1.049,2.178,3.227,15,15,1.0,VALID
4,2018-08-23 23:00:00+0000,2.252,0.855,3.107,15,15,1.0,VALID
4,2018-08-23 23:15:00+0000,1.816,1.4,3.216,15,15,1.0,VALID
4,2018-08-23 23:30:00+0000,2.177,1.104,3.282,15,15,1.0,VALID
4,2018-08-23 23:45:00+0000,2.42,0.77,3.19,15,15,1.0,VALID
4,2018-08-24 00:00:00+0000,3.118,0.866,3.984,15,15,1.0,VALID
4,2018-08-24 00:15:00+0000,2.993,0.55,3.542,15,15,1.0,VALID
4,2018-08-24 00:30:00+0000,3.168,0.266,3.434,15,15,1.0,VALID
4,2018-08-24 00:45:00+0000,4.076,0.039,4.115,15,15,1.0,VALID
4,2018-08-24 01:00:00+0000,4.526,-0.003,4.523,15,15,1.0,VALID
4,2018-08-24 01:15:00+0000,3.496,-0.009,3.487,15,15,1.0,VALID
4,2018-08-24 01:30:00+0000,3.354,-0.008,3.346,15,15,1.0,VALID
4,2018-08-24 01:45:00+0000,3.193,-0.008,3.186,15,15,1.0,VALID
4,2018-08-24 02:00:00+0000,3.147,-0.008,3.139,15,15,1.0,VALID
4,2018-08-24 02:15:00+0000,3.052,-0.009,3.043,15,15,1.0,VALID
4,2018-08-24 02:30:00+0000,6.272,-0.009,6.263,15,15,1.0,VALID
4,2018-08-24 02:45:00+0000,6.075,-0.008,6.067,15,15,1.0,VALID
4,2018-08-24 03:00:00+0000,4.214,-0.008,4.205,15,15,1.0,VALID
4,2018-08-24 03:15:00+0000,3.024,-0.01,3.015,15,15,1.0,VALID
4,2018-08-24 03:30:00+0000,3.326,-0.008,3.318,15,15,1.0,VALID
4,2018-08-24 03:45:00+0000,3.142,-0.009,3.133,15,15,1.0,VALID
4,2018-08-24 04:00:00+0000,2.994,-0.01,2.984,15,15,1.0,VALID
4,2018-08-24 04:15:00+0000,3.011,-0.01,3.001,15,15,1.0,VALID
4,2018-08-24 04:30:00+0000,2.923,-0.011,2.912,15,15,1.0,VALID
4,2018-08-24 04:45:00+0000,2.854,-0.011,2.843,15,15,1.0,VALID
4,2018-08-24 05:00:00+0000,2.947,-0.01,2.937,15,15,1.0,VALID
4,2018-08-24 05:15:00+0000,2.917,-0.01,2.907,15,15,1.0,VALID
4,2018-08-24 05:30:00+0000,2.857,-0.01,2.847,15,15,1.0,VALID
4,2018-08-24 05:45:00+0000,2.768,-0.011,2.757,15,15,1.0,VALID
4,2018-08-24 06:00:00+0000,2.844,-0.011,2.833,15,15,1.0,VALID
4,2018-08-24 06:15:00+0000,2.883,-0.011,2.873,15,15,1.0,VALID
4,2018-08-24 06:30:00+0000,2.855,-0.011,2.844,15,15,1.0,VALID
4,2018-08-24 06:45:00+0000,2.768,-0.011,2.757,15,15,1.0,VALID
4,2018-08-24 07:00:00+0000,2.72,-0.011,2.709,15,15,1.0,VALID
4,2018-08-24 07:15:00+0000,2.79,-0.012,2.778,15,15,1.0,VALID
4,2018-08-24 07:30:00+0000,2.782,-0.012,2.77,15,15,1.0,VALID
4,2018-08-24 07:45:00+0000,2.708,-0.011,2.697,15,15,1.0,VALID
4,2018-08-24 08:00:00+0000,2.647,-0.012,2.635,15,15,1.0,VALID
4,2018-08-24 08:15:00+0000,2.734,-0.011,2.722,15,15,1.0,VALID
4,2018-08-24 08:30:00+0000,2.759,-0.011,2.748,15,15,1.0,VALID
4,2018-08-24 08:45:00+0000,2.717,-0.012,2.706,15,15,1.0,VALID
4,2018-08-24 09:00:00+0000,2.067,-0.012,2.055,15,15,1.0,VALID
4,2018-08-24 09:15:00+0000,1.719,-0.013,1.705,15,15,1.0,VALID
4,2018-08-24 09:30:00+0000,2.746,-0.012,2.734,15,15,1.0,VALID
4,2018-08-24 09:45:00+0000,2.721,-0.012,2.709,15,15,1.0,VALID
4,2018-08-24 10:00:00+0000,2.895,-0.014,2.881,15,15,1.0,VALID
4,2018-08-24 10:15:00+0000,3.202,-0.014,3.188,15,15,1.0,VALID
4,2018-08-24 10:30:00+0000,2.818,-0.012,2.806,15,15,1.0,VALID
4,2018-08-24 10:45:00+0000,2.67,-0.012,2.658,15,15,1.0,VALID
4,2018-08-24 11:00:00+0000,0.605,-0.014,0.592,15,15,1.0,VALID
4,2018-08-24 11:15:00+0000,0.634,-0.014,0.621,15,15,1.0,VALID
4,2018-08-24 11:30:00+0000,0.634,-0.014,0.621,15,15,1.0,VALID
4,2018-08-24 11:45:00+0000,0.645,-0.014,0.632,15,15,1.0,VALID
4,2018-08-24 12:00:00+0000,0.698,-0.014,0.684,15,15,1.0,VALID
4,2018-08-24 12:15:00+0000,0.66,0.013,0.673,15,15,1.0,VALID
4,2018-08-24 12:30:00+0000,0.465,0.115,0.58,15,15,1.0,VALID
4,2018-08-24 12:45:00+0000,0.117,0.267,0.384,15,15,1.0,VALID
4,2018-08-24 13:00:00+0000,0.355,0.466,0.821,15,15,1.0,VALID
4,2018-08-24 13:15:00+0000,0.036,0.58,0.616,15,15,1.0,VALID
4,2018-08-24 13:30:00+0000,-0.385,0.709,0.324,15,15,1.0,VALID
4,2018-08-24 13:45:00+0000,-0.445,0.816,0.371,15,15,1.0,VALID
4,2018-08-24 14:00:00+0000,-0.426,0.79,0.364,15,15,1.0,VALID
4,2018-08-24 14:15:00+0000,-0.762,1.116,0.354,15,15,1.0,VALID
4,2018-08-24 14:30:00+0000,-0.993,1.328,0.334,15,15,1.0,VALID
4,2018-08-24 14:45:00+0000,-1.27,1.495,0.225,15,15,1.0,VALID
4,2018-08-24 15:00:00+0000,-1.38,1.668,0.288,15,15,1.0,VALID
4,2018-08-24 15:15:00+0000,-1.483,1.897,0.413,15,15,1.0,VALID
4,2018-08-24 15:30:00+0000,-1.819,2.238,0.419,15,15,1.0,VALID
4,2018-08-24 15:45:00+0000,-2.203,2.565,0.363,15,15,1.0,VALID
4,2018-08-24 16:00:00+0000,-2.554,2.861,0.308,15,15,1.0,VALID
4,2018-08-24 16:15:00+0000,-2.726,3.195,0.469,15,15,1.0,VALID
4,2018-08-24 16:30:00+0000,-3.013,3.497,0.484,15,15,1.0,VALID
4,2018-08-24 16:45:00+0000,-3.375,3.773,0.398,15,15,1.0,VALID
4,2018-08-24 17:00:00+0000,-3.684,3.984,0.3,15,15,1.0,VALID
4,2018-08-24 17:15:00+0000,-3.796,4.193,0.397,15,15,1.0,VALID
4,2018-08-24 17:30:00+0000,-3.953,4.382,0.429,15,15,1.0,VALID
4,2018-08-24 17:45:00+0000,-3.602,4.576,0.974,15,15,1.0,VALID
4,2018-08-24 18:00:00+0000,-3.481,4.73,1.249,15,15,1.0,VALID
4,2018-08-24 18:15:00+0000,-1.89,4.861,2.971,15,15,1.0,VALID
4,2018-08-24 18:30:00+0000,-1.901,4.971,3.071,15,15,1.0,VALID
4,2018-08-24 18:45:00+0000,-1.94,5.055,3.114,15,15,1.0,VALID
4,2018-08-24 19:00:00+0000,-2.092,5.118,3.026,15,15,1.0,VALID
4,2018-08-24 19:15:00+0000,-2.0,5.167,3.167,15,15,1.0,VALID
4,2018-08-24 19:30:00+0000,-1.859,5.203,3.344,15,15,1.0,VALID
4,2018-08-24 19:45:00+0000,-1.864,5.171,3.307,15,15,1.0,VALID
4,2018-08-24 20:00:00+0000,-3.782,5.142,1.36,15,15,1.0,VALID
4,2018-08-24 20:15:00+0000,-1.808,5.061,3.253,15,15,1.0,VALID
4,2018-08-24 20:30:00+0000,-1.659,5.013,3.354,15,15,1.0,VALID
4,2018-08-24 20:45:00+0000,-1.501,4.882,3.381,15,15,1.0,VALID
4,2018-08-24 21:00:00+0000,-1.563,4.745,3.182,15,15,1.0,VALID
4,2018-08-24 21:15:00+0000,-0.129,4.581,4.451,15,15,1.0,VALID
4,2018-08-24 21:30:00+0000,-1.202,4.422,3.22,15,15,1.0,VALID
4,2018-08-24 21:45:00+0000,-0.971,4.229,3.258,15,15,1.0,VALID
4,2018-08-24 22:00:00+0000,-0.794,3.973,3.179,15,15,1.0,VALID
4,2018-08-24 22:15:00+0000,-0.563,3.733,3.171,15,15,1.0,VALID
4,2018-08-24 22:30:00+0000,-0.33,3.481,3.151,15,15,1.0,VALID
4,2018-08-24 22:45:00+0000,-0.023,3.159,3.136,15,15,1.0,VALID
4,2018-08-24 23:00:00+0000,0.182,2.851,3.033,15,15,1.0,VALID
4,2018-08-24 23:15:00+0000,0.571,2.504,3.075,15,15,1.0,VALID
4,2018-08-24 23:30:00+0000,1.003,2.1,3.104,15,15,1.0,VALID
4,2018-08-24 23:45:00+0000,1.378,1.692,3.07,15,15,1.0,VALID
4,2018-08-25 00:00:00+0000,1.655,1.278,2.933,15,15,1.0,VALID
4,2018-08-25 00:15:00+0000,2.098,0.844,2.942,15,15,1.0,VALID
4,2018-08-25 00:30:00+0000,2.631,0.431,3.062,15,15,1.0,VALID
4,2018-08-25 00:45:00+0000,2.993,0.098,3.091,15,15,1.0,VALID
4,2018-08-25 01:00:00+0000,3.019,-0.009,3.01,15,15,1.0,VALID
4,2018-08-25 01:15:00+0000,2.956,-0.009,2.947,15,15,1.0,VALID
4,2018-08-25 01:30:00+0000,3.021,-0.008,3.013,15,15,1.0,VALID
4,2018-08-25 01:45:00+0000,3.046,-0.009,3.037,15,15,1.0,VALID
4,2018-08-25 02:00:00+0000,2.91,-0.009,2.9,15,15,1.0,VALID
4,2018-08-25 02:15:00+0000,2.827,-0.01,2.817,15,15,1.0,VALID
4,2018-08-25 02:30:00+0000,3.142,-0.01,3.132,15,15,1.0,VALID
4,2018-08-25 02:45:00+0000,3.228,-0.011,3.217,15,15,1.0,VALID
4,2018-08-25 03:00:00+0000,3.065,-0.011,3.055,15,15,1.0,VALID
4,2018-08-25 03:15:00+0000,2.94,-0.011,2.929,15,15,1.0,VALID
4,2018-08-25 03:30:00+0000,2.866,-0.011,2.855,15,15,1.0,VALID
4,2018-08-25 03:45:00+0000,2.807,-0.01,2.796,15,15,1.0,VALID
4,2018-08-25 04:00:00+0000,2.794,-0.01,2.784,15,15,1.0,VALID
4,2018-08-25 04:15:00+0000,2.873,-0.009,2.863,15,15,1.0,VALID
4,2018-08-25 04:30:00+0000,3.147,-0.008,3.139,15,15,1.0,VALID
4,2018-08-25 04:45:00+0000,2.766,-0.011,2.756,15,15,1.0,VALID
4,2018-08-25 05:00:00+0000,2.756,-0.01,2.746,15,15,1.0,VALID
4,2018-08-25 05:15:00+0000,2.756,-0.01,2.746,15,15,1.0,VALID
4,2018-08-25 05:30:00+0000,2.734,-0.01,2.723,15,15,1.0,VALID
4,2018-08-25 05:45:00+0000,2.716,-0.011,2.705,15,15,1.0,VALID
4,2018-08-25 06:00:00+0000,2.674,-0.011,2.663,15,15,1.0,VALID
4,2018-08-25 06:15:00+0000,2.57,-0.012,2.558,15,15,1.0,VALID
4,2018-08-25 06:30:00+0000,2.63,-0.011,2.618,15,15,1.0,VALID
4,2018-08-25 06:45:00+0000,2.682,-0.011,2.671,15,15,1.0,VALID
4,2018-08-25 07:00:00+0000,2.658,-0.011,2.647,15,15,1.0,VALID
4,2018-08-25 07:15:00+0000,2.527,-0.012,2.515,15,15,1.0,VALID
4,2018-08-25 07:30:00+0000,2.565,-0.012,2.553,15,15,1.0,VALID
4,2018-08-25 07:45:00+0000,2.661,-0.011,2.65,15,15,1.0,VALID
4,2018-08-25 08:00:00+0000,2.654,-0.011,2.643,15,15,1.0,VALID
4,2018-08-25 08:15:00+0000,2.525,-0.012,2.513,15,15,1.0,VALID
4,2018-08-25 08:30:00+0000,2.551,-0.012,2.539,15,15,1.0,VALID
4,2018-08-25 08:45:00+0000,2.652,-0.011,2.641,15,15,1.0,VALID
4,2018-08-25 09:00:00+0000,2.624,-0.011,2.613,15,15,1.0,VALID
4,2018-08-25 09:15:00+0000,2.508,-0.012,2.496,15,15,1.0,VALID
4,2018-08-25 09:30:00+0000,2.551,-0.012,2.539,15,15,1.0,VALID
4,2018-08-25 09:45:00+0000,2.632,-0.011,2.621,15,15,1.0,VALID
4,2018-08-25 10:00:00+0000,2.608,-0.011,2.597,15,15,1.0,VALID
4,2018-08-25 10:15:00+0000,3.35,-0.016,3.335,15,15,1.0,VALID
4,2018-08-25 10:30:00+0000,2.79,-0.012,2.778,15,15,1.0,VALID
4,2018-08-25 10:45:00+0000,2.608,-0.012,2.596,15,15,1.0,VALID
4,2018-08-25 11:00:00+0000,0.483,-0.014,0.469,15,15,1.0,VALID
4,2018-08-25 11:15:00+0000,0.443,-0.014,0.429,15,15,1.0,VALID
4,2018-08-25 11:30:00+0000,0.33,-0.015,0.315,15,15,1.0,VALID
4,2018-08-25 11:45:00+0000,0.405,-0.015,0.391,15,15,1.0,VALID
4,2018-08-25 12:00:00+0000,0.634,-0.015,0.619,15,15,1.0,VALID
4,2018-08-25 12:15:00+0000,0.895,0.016,0.911,15,15,1.0,VALID
4,2018-08-25 12:30:00+0000,0.429,0.13,0.559,15,15,1.0,VALID
4,2018-08-25 12:45:00+0000,0.069,0.32,0.389,15,15,1.0,VALID
4,2018-08-25 13:00:00+0000,0.134,0.36,0.494,15,15,1.0,VALID
4,2018-08-25 13:15:00+0000,0.278,0.263,0.541,15,15,1.0,VALID
4,2018-08-25 13:30:00+0000,2.386,0.459,2.846,15,15,1.0,VALID
4,2018-08-25 13:45:00+0000,1.619,0.774,2.393,15,15,1.0,VALID
4,2018-08-25 14:00:00+0000,2.355,0.766,3.121,15,15,1.0,VALID
4,2018-08-25 14:15:00+0000,4.017,0.99,5.007,15,15,1.0,VALID
4,2018-08-25 14:30:00+0000,0.514,1.125,1.639,15,15,1.0,VALID
4,2018-08-25 14:45:00+0000,1.115,1.355,2.469,15,15,1.0,VALID
4,2018-08-25 15:00:00+0000,-0.15,1.714,1.563,15,15,1.0,VALID
4,2018-08-25 15:15:00+0000,0.472,2.006,2.478,15,15,1.0,VALID
4,2018-08-25 15:30:00+0000,-1.058,2.597,1.539,15,15,1.0,VALID
4,2018-08-25 15:45:00+0000,1.735,2.786,4.521,15,15,1.0,VALID
4,2018-08-25 16:00:00+0000,1.563,3.112,4.675,15,15,1.0,VALID
4,2018-08-25 16:15:00+0000,0.348,3.554,3.902,15,15,1.0,VALID
4,2018-08-25 16:30:00+0000,0.346,3.501,3.847,15,15,1.0,VALID
4,2018-08-25 16:45:00+0000,2.267,3.945,6.211,15,15,1.0,VALID
4,2018-08-25 17:00:00+0000,0.84,3.106,3.946,15,15,1.0,VALID
4,2018-08-25 17:15:00+0000,-1.68,3.981,2.301,15,15,1.0,VALID
4,2018-08-25 17:30:00+0000,-1.664,4.464,2.8,15,15,1.0,VALID
4,2018-08-25 17:45:00+0000,-2.985,4.612,1.627,15,15,1.0,VALID
4,2018-08-25 18:00:00+0000,-0.328,4.782,4.454,15,15,1.0,VALID
4,2018-08-25 18:15:00+0000,0.289,5.014,5.303,15,15,1.0,VALID
4,2018-08-25 18:30:00+0000,-2.593,4.089,1.496,15,15,1.0,VALID
4,2018-08-25 18:45:00+0000,-1.877,5.089,3.212,15,15,1.0,VALID
4,2018-08-25 19:00:00+0000,-1.596,5.11,3.513,15,15,1.0,VALID
4,2018-08-25 19:15:00+0000,0.701,5.115,5.816,15,15,1.0,VALID
4,2018-08-25 19:30:00+0000,-1.685,5.181,3.496,15,15,1.0,VALID
4,2018-08-25 19:45:00+0000,-1.886,5.17,3.285,15,15,1.0,VALID
4,2018-08-25 20:00:00+0000,-0.846,5.081,4.235,15,15,1.0,VALID
4,2018-08-25 20:15:00+0000,1.227,5.128,6.355,15,15,1.0,VALID
4,2018-08-25 20:30:00+0000,2.233,3.258,5.491,15,15,1.0,VALID
4,2018-08-25 20:45:00+0000,1.566,4.163,5.729,15,15,1.0,VALID
4,2018-08-25 21:00:00+0000,-0.594,3.96,3.366,15,15,1.0,VALID
4,2018-08-25 21:15:00+0000,-1.558,4.788,3.231,15,15,1.0,VALID
4,2018-08-25 21:30:00+0000,0.025,3.171,3.196,15,15,1.0,VALID
4,2018-08-25 21:45:00+0000,1.02,2.256,3.276,15,15,1.0,VALID
4,2018-08-25 22:00:00+0000,-0.174,3.357,3.183,15,15,1.0,VALID
4,2018-08-25 22:15:00+0000,-0.029,3.155,3.126,15,15,1.0,VALID
4,2018-08-25 22:30:00+0000,0.66,2.351,3.012,15,15,1.0,VALID
4,2018-08-25 22:45:00+0000,3.242,2.877,6.119,15,15,1.0,VALID
4,2018-08-25 23:00:00+0000,4.55,1.391,5.941,15,15,1.0,VALID
4,2018-08-25 23:15:00+0000,1.371,2.085,3.456,15,15,1.0,VALID
4,2018-08-25 23:30:00+0000,2.263,1.573,3.836,15,15,1.0,VALID
4,2018-08-25 23:45:00+0000,4.16,1.661,5.821,15,15,1.0,VALID
4,2018-08-26 00:00:00+0000,,,,1,15,0.067,MISSING
5,2018-08-23 00:00:00+0000,6.155,0.667,6.823,15,15,1.0,VALID
5,2018-08-23 00:15:00+0000,7.347,0.418,7.765,15,15,1.0,VALID
5,2018-08-23 00:30:00+0000,6.311,0.125,6.435,15,15,1.0,VALID
5,2018-08-23 00:45:00+0000,6.485,0.015,6.5,15,15,1.0,VALID
5,2018-08-23 01:00:00+0000,7.123,-0.015,7.108,15,15,1.0,VALID
5,2018-08-23 01:15:00+0000,7.332,-0.014,7.318,15,15,1.0,VALID
5,2018-08-23 01:30:00+0000,6.256,-0.014,6.242,15,15,1.0,VALID
5,2018-08-23 01:45:00+0000,6.071,-0.014,6.057,15,15,1.0,VALID
5,2018-08-23 02:00:00+0000,6.38,-0.014,6.366,15,15,1.0,VALID
5,2018-08-23 02:15:00+0000,7.134,-0.014,7.12,15,15,1.0,VALID
5,2018-08-23 02:30:00+0000,11.559,-0.016,11.543,15,15,1.0,VALID
5,2018-08-23 02:45:00+0000,11.136,-0.016,11.12,15,15,1.0,VALID
5,2018-08-23 03:00:00+0000,11.181,-0.016,11.165,15,15,1.0,VALID
5,2018-08-23 03:15:00+0000,11.01,-0.016,10.994,15,15,1.0,VALID
5,2018-08-23 03:30:00+0000,5.626,-0.014,5.612,15,15,1.0,VALID
5,2018-08-23 03:45:00+0000,5.606,-0.014,5.592,15,15,1.0,VALID
5,2018-08-23 04:00:00+0000,4.059,-0.013,4.046,15,15,1.0,VALID
5,2018-08-23 04:15:00+0000,1.821,-0.011,1.81,15,15,1.0,VALID
5,2018-08-23 04:30:00+0000,3.73,-0.012,3.717,15,15,1.0,VALID
5,2018-08-23 04:45:00+0000,5.454,-0.014,5.44,15,15,1.0,VALID
5,2018-08-23 05:00:00+0000,5.369,-0.014,5.355,15,15,1.0,VALID
5,2018-08-23 05:15:00+0000,3.223,-0.012,3.211,15,15,1.0,VALID
5,2018-08-23 05:30:00+0000,1.425,-0.011,1.414,15,15,1.0,VALID
5,2018-08-23 05:45:00+0000,4.355,-0.013,4.342,15,15,1.0,VALID
5,2018-08-23 06:00:00+0000,2.815,-0.012,2.803,15,15,1.0,VALID
5,2018-08-23 06:15:00+0000,1.449,-0.011,1.438,15,15,1.0,VALID
5,2018-08-23 06:30:00+0000,4.699,-0.014,4.685,15,15,1.0,VALID
5,2018-08-23 06:45:00+0000,4.679,-0.014,4.665,15,15,1.0,VALID
5,2018-08-23 07:00:00+0000,1.283,-0.011,1.272,15,15,1.0,VALID
5,2018-08-23 07:15:00+0000,0.948,-0.011,0.937,15,15,1.0,VALID
5,2018-08-23 07:30:00+0000,0.896,-0.011,0.885,15,15,1.0,VALID
5,2018-08-23 07:45:00+0000,4.409,-0.014,4.395,15,15,1.0,VALID
5,2018-08-23 08:00:00+0000,4.433,-0.013,4.42,15,15,1.0,VALID
5,2018-08-23 08:15:00+0000,1.008,-0.011,0.997,15,15,1.0,VALID
5,2018-08-23 08:30:00+0000,0.919,-0.011,0.908,15,15,1.0,VALID
5,2018-08-23 08:45:00+0000,0.917,-0.011,0.906,15,15,1.0,VALID
5,2018-08-23 09:00:00+0000,0.793,-0.011,0.782,15,15,1.0,VALID
5,2018-08-23 09:15:00+0000,2.742,-0.013,2.73,15,15,1.0,VALID
5,2018-08-23 09:30:00+0000,4.278,-0.014,4.264,15,15,1.0,VALID
5,2018-08-23 09:45:00+0000,1.877,-0.012,1.865,15,15,1.0,VALID
5,2018-08-23 10:00:00+0000,0.929,-0.011,0.918,15,15,1.0,VALID
5,2018-08-23 10:15:00+0000,1.015,-0.011,1.004,15,15,1.0,VALID
5,2018-08-23 10:30:00+0000,0.999,-0.011,0.988,15,15,1.0,VALID
5,2018-08-23 10:45:00+0000,0.95,-0.011,0.939,15,15,1.0,VALID
5,2018-08-23 11:00:00+0000,0.952,-0.011,0.941,15,15,1.0,VALID
5,2018-08-23 11:15:00+0000,2.752,-0.012,2.74,15,15,1.0,VALID
5,2018-08-23 11:30:00+0000,4.391,-0.014,4.377,15,15,1.0,VALID
5,2018-08-23 11:45:00+0000,2.998,-0.013,2.985,15,15,1.0,VALID
5,2018-08-23 12:00:00+0000,0.957,-0.01,0.947,15,15,1.0,VALID
5,2018-08-23 12:15:00+0000,2.308,0.036,2.345,15,15,1.0,VALID
5,2018-08-23 12:30:00+0000,3.404,0.104,3.509,15,15,1.0,VALID
5,2018-08-23 12:45:00+0000,0.725,0.186,0.91,15,15,1.0,VALID
5,2018-08-23 13:00:00+0000,0.502,0.282,0.784,15,15,1.0,VALID
5,2018-08-23 13:15:00+0000,0.369,0.462,0.831,15,15,1.0,VALID
5,2018-08-23 13:30:00+0000,0.122,0.688,0.81,15,15,1.0,VALID
5,2018-08-23 13:45:00+0000,-0.094,0.905,0.811,15,15,1.0,VALID
5,2018-08-23 14:00:00+0000,-0.247,1.132,0.885,15,15,1.0,VALID
5,2018-08-23 14:15:00+0000,-0.602,1.402,0.801,15,15,1.0,VALID
5,2018-08-23 14:30:00+0000,-0.985,1.69,0.705,15,15,1.0,VALID
5,2018-08-23 14:45:00+0000,-1.111,1.967,0.856,15,15,1.0,VALID
5,2018-08-23 15:00:00+0000,-1.159,2.238,1.079,15,15,1.0,VALID
5,2018-08-23 15:15:00+0000,-1.676,2.493,0.817,15,15,1.0,VALID
5,2018-08-23 15:30:00+0000,-1.777,2.751,0.973,15,15,1.0,VALID
5,2018-08-23 15:45:00+0000,-2.064,2.997,0.933,15,15,1.0,VALID
5,2018-08-23 16:00:00+0000,-2.343,3.209,0.866,15,15,1.0,VALID
5,2018-08-23 16:15:00+0000,-2.481,3.406,0.925,15,15,1.0,VALID
5,2018-08-23 16:30:00+0000,-2.617,3.613,0.996,15,15,1.0,VALID
5,2018-08-23 16:45:00+0000,-2.943,3.788,0.845,15,15,1.0,VALID
5,2018-08-23 17:00:00+0000,-0.827,3.939,3.111,15,15,1.0,VALID
5,2018-08-23 17:15:00+0000,1.093,4.028,5.121,15,15,1.0,VALID
5,2018-08-23 17:30:00+0000,0.798,4.12,4.919,15,15,1.0,VALID
5,2018-08-23 17:45:00+0000,0.594,4.202,4.797,15,15,1.0,VALID
5,2018-08-23 18:00:00+0000,-1.133,4.279,3.146,15,15,1.0,VALID
5,2018-08-23 18:15:00+0000,-0.259,4.335,4.075,15,15,1.0,VALID
5,2018-08-23 18:30:00+0000,2.03,4.351,6.38,15,15,1.0,VALID
5,2018-08-23 18:45:00+0000,1.597,4.359,5.956,15,15,1.0,VALID
5,2018-08-23 19:00:00+0000,3.735,4.362,8.097,15,15,1.0,VALID
5,2018-08-23 19:15:00+0000,-1.897,4.324,2.427,15,15,1.0,VALID
5,2018-08-23 19:30:00+0000,0.249,4.306,4.555,15,15,1.0,VALID
5,2018-08-23 19:45:00+0000,-2.466,4.17,1.704,15,15,1.0,VALID
5,2018-08-23 20:00:00+0000,0.273,4.117,4.39,15,15,1.0,VALID
5,2018-08-23 20:15:00+0000,-1.818,4.015,2.197,15,15,1.0,VALID
5,2018-08-23 20:30:00+0000,0.104,3.897,4.001,15,15,1.0,VALID
5,2018-08-23 20:45:00+0000,-2.595,3.717,1.122,15,15,1.0,VALID
5,2018-08-23 21:00:00+0000,0.057,3.667,3.724,15,15,1.0,VALID
5,2018-08-23 21:15:00+0000,-1.08,3.375,2.295,15,15,1.0,VALID
5,2018-08-23 21:30:00+0000,1.369,3.292,4.661,15,15,1.0,VALID
5,2018-08-23 21:45:00+0000,2.729,3.135,5.864,15,15,1.0,VALID
5,2018-08-23 22:00:00+0000,3.4,2.445,5.845,15,15,1.0,VALID
5,2018-08-23 22:15:00+0000,5.515,2.811,8.325,15,15,1.0,VALID
5,2018-08-23 22:30:00+0000,8.08,1.967,10.047,15,15,1.0,VALID
5,2018-08-23 22:45:00+0000,7.667,1.508,9.175,15,15,1.0,VALID
5,2018-08-23 23:00:00+0000,8.152,0.623,8.775,15,15,1.0,VALID
5,2018-08-23 23:15:00+0000,8.036,0.861,8.898,15,15,1.0,VALID
5,2018-08-23 23:30:00+0000,6.248,0.673,6.921,15,15,1.0,VALID
5,2018-08-23 23:45:00+0000,2.921,0.479,3.4,15,15,1.0,VALID
5,2018-08-24 00:00:00+0000,5.323,0.486,5.808,15,15,1.0,VALID
5,2018-08-24 00:15:00+0000,5.449,0.281,5.73,15,15,1.0,VALID
5,2018-08-24 00:30:00+0000,5.617,0.115,5.731,15,15,1.0,VALID
5,2018-08-24 00:45:00+0000,5.98,0.006,5.985,15,15,1.0,VALID
5,2018-08-24 01:00:00+0000,6.274,-0.015,6.259,15,15,1.0,VALID
5,2018-08-24 01:15:00+0000,5.994,-0.014,5.98,15,15,1.0,VALID
5,2018-08-24 01:30:00+0000,6.288,-0.014,6.274,15,15,1.0,VALID
5,2018-08-24 01:45:00+0000,6.48,-0.013,6.466,15,15,1.0,VALID
5,2018-08-24 02:00:00+0000,3.473,-0.012,3.461,15,15,1.0,VALID
5,2018-08-24 02:15:00+0000,5.262,-0.013,5.249,15,15,1.0,VALID
5,2018-08-24 02:30:00+0000,3.318,-0.011,3.307,15,15,1.0,VALID
5,2018-08-24 02:45:00+0000,2.152,-0.011,2.141,15,15,1.0,VALID
5,2018-08-24 03:00:00+0000,3.531,-0.013,3.518,15,15,1.0,VALID
5,2018-08-24 03:15:00+0000,5.287,-0.014,5.273,15,15,1.0,VALID
5,2018-08-24 03:30:00+0000,2.789,-0.012,2.777,15,15,1.0,VALID
5,2018-08-24 03:45:00+0000,1.501,-0.011,1.49,15,15,1.0,VALID
5,2018-08-24 04:00:00+0000,1.484,-0.011,1.473,15,15,1.0,VALID
5,2018-08-24 04:15:00+0000,4.606,-0.014,4.593,15,15,1.0,VALID
5,2018-08-24 04:30:00+0000,1.395,-0.011,1.384,15,15,1.0,VALID
5,2018-08-24 04:45:00+0000,2.867,-0.012,2.855,15,15,1.0,VALID
5,2018-08-24 05:00:00+0000,4.849,-0.014,4.835,15,15,1.0,VALID
5,2018-08-24 05:15:00+0000,4.885,-0.014,4.871,15,15,1.0,VALID
5,2018-08-24 05:30:00+0000,4.756,-0.014,4.742,15,15,1.0,VALID
5,2018-08-24 05:45:00+0000,3.917,-0.013,3.904,15,15,1.0,VALID
5,2018-08-24 06:00:00+0000,1.005,-0.011,0.994,15,15,1.0,VALID
5,2018-08-24 06:15:00+0000,0.908,-0.011,0.897,15,15,1.0,VALID
5,2018-08-24 06:30:00+0000,0.835,-0.011,0.824,15,15,1.0,VALID
5,2018-08-24 06:45:00+0000,3.244,-0.013,3.232,15,15,1.0,VALID
5,2018-08-24 07:00:00+0000,4.334,-0.014,4.32,15,15,1.0,VALID
5,2018-08-24 07:15:00+0000,0.906,-0.011,0.895,15,15,1.0,VALID
5,2018-08-24 07:30:00+0000,0.893,-0.011,0.882,15,15,1.0,VALID
5,2018-08-24 07:45:00+0000,3.084,-0.013,3.071,15,15,1.0,VALID
5,2018-08-24 08:00:00+0000,1.902,-0.012,1.89,15,15,1.0,VALID
5,2018-08-24 08:15:00+0000,0.777,-0.011,0.766,15,15,1.0,VALID
5,2018-08-24 08:30:00+0000,0.939,-0.011,0.928,15,15,1.0,VALID
5,2018-08-24 08:45:00+0000,2.329,-0.013,2.316,15,15,1.0,VALID
5,2018-08-24 09:00:00+0000,2.731,-0.013,2.718,15,15,1.0,VALID
5,2018-08-24 09:15:00+0000,0.889,-0.011,0.877,15,15,1.0,VALID
5,2018-08-24 09:30:00+0000,0.823,-0.012,0.811,15,15,1.0,VALID
5,2018-08-24 09:45:00+0000,0.845,-0.012,0.833,15,15,1.0,VALID
5,2018-08-24 10:00:00+0000,0.746,-0.012,0.734,15,15,1.0,VALID
5,2018-08-24 10:15:00+0000,3.739,-0.014,3.725,15,15,1.0,VALID
5,2018-08-24 10:30:00+0000,2.891,-0.013,2.878,15,15,1.0,VALID
5,2018-08-24 10:45:00+0000,0.897,-0.011,0.885,15,15,1.0,VALID
5,2018-08-24 11:00:00+0000,1.451,-0.012,1.44,15,15,1.0,VALID
5,2018-08-24 11:15:00+0000,2.349,-0.013,2.336,15,15,1.0,VALID
5,2018-08-24 11:30:00+0000,5.978,-0.016,5.962,15,15,1.0,VALID
5,2018-08-24 11:45:00+0000,1.66,-0.012,1.648,15,15,1.0,VALID
5,2018-08-24 12:00:00+0000,3.285,-0.015,3.27,15,15,1.0,VALID
5,2018-08-24 12:15:00+0000,3.712,0.023,3.736,15,15,1.0,VALID
5,2018-08-24 12:30:00+0000,0.61,0.114,0.725,15,15,1.0,VALID
5,2018-08-24 12:45:00+0000,0.518,0.233,0.751,15,15,1.0,VALID
5,2018-08-24 13:00:00+0000,0.344,0.438,0.782,15,15,1.0,VALID
5,2018-08-24 13:15:00+0000,0.296,0.544,0.84,15,15,1.0,VALID
5,2018-08-24 13:30:00+0000,0.821,0.784,1.606,15,15,1.0,VALID
5,2018-08-24 13:45:00+0000,3.409,0.998,4.408,15,15,1.0,VALID
5,2018-08-24 14:00:00+0000,0.526,0.943,1.47,15,15,1.0,VALID
5,2018-08-24 14:15:00+0000,-0.705,1.418,0.713,15,15,1.0,VALID
5,2018-08-24 14:30:00+0000,-1.074,1.819,0.745,15,15,1.0,VALID
5,2018-08-24 14:45:00+0000,-1.276,2.094,0.818,15,15,1.0,VALID
5,2018-08-24 15:00:00+0000,-0.69,2.326,1.636,15,15,1.0,VALID
5,2018-08-24 15:15:00+0000,1.489,2.504,3.993,15,15,1.0,VALID
5,2018-08-24 15:30:00+0000,-1.459,2.847,1.388,15,15,1.0,VALID
5,2018-08-24 15:45:00+0000,-2.186,3.115,0.928,15,15,1.0,VALID
5,2018-08-24 16:00:00+0000,-1.719,3.346,1.627,15,15,1.0,VALID
5,2018-08-24 16:15:00+0000,0.918,3.558,4.476,15,15,1.0,VALID
5,2018-08-24 16:30:00+0000,-1.823,3.731,1.908,15,15,1.0,VALID
5,2018-08-24 16:45:00+0000,-3.074,3.919,0.845,15,15,1.0,VALID
5,2018-08-24 17:00:00+0000,-3.082,4.063,0.98,15,15,1.0,VALID
5,2018-08-24 17:15:00+0000,-1.052,4.162,3.11,15,15,1.0,VALID
5,2018-08-24 17:30:00+0000,-1.764,4.236,2.472,15,15,1.0,VALID
5,2018-08-24 17:45:00+0000,-1.074,4.326,3.251,15,15,1.0,VALID
5,2018-08-24 18:00:00+0000,0.294,4.391,4.685,15,15,1.0,VALID
5,2018-08-24 18:15:00+0000,-2.404,4.452,2.048,15,15,1.0,VALID
5,2018-08-24 18:30:00+0000,-3.62,4.486,0.866,15,15,1.0,VALID
5,2018-08-24 18:45:00+0000,-2.321,4.498,2.177,15,15,1.0,VALID
5,2018-08-24 19:00:00+0000,-0.464,4.481,4.017,15,15,1.0,VALID
5,2018-08-24 19:15:00+0000,-2.231,4.512,2.282,15,15,1.0,VALID
5,2018-08-24 19:30:00+0000,-0.418,4.461,4.042,15,15,1.0,VALID
5,2018-08-24 19:45:00+0000,-1.283,4.362,3.079,15,15,1.0,VALID
5,2018-08-24 20:00:00+0000,0.496,4.285,4.782,15,15,1.0,VALID
5,2018-08-24 20:15:00+0000,-2.749,4.168,1.419,15,15,1.0,VALID
5,2018-08-24 20:30:00+0000,0.412,4.052,4.464,15,15,1.0,VALID
5,2018-08-24 20:45:00+0000,-2.847,3.901,1.054,15,15,1.0,VALID
5,2018-08-24 21:00:00+0000,-1.561,3.744,2.183,15,15,1.0,VALID
5,2018-08-24 21:15:00+0000,1.458,3.576,5.034,15,15,1.0,VALID
5,2018-08-24 21:30:00+0000,1.711,3.361,5.072,15,15,1.0,VALID
5,2018-08-24 21:45:00+0000,2.058,3.114,5.172,15,15,1.0,VALID
5,2018-08-24 22:00:00+0000,2.316,2.866,5.182,15,15,1.0,VALID
5,2018-08-24 22:15:00+0000,2.776,2.623,5.399,15,15,1.0,VALID
5,2018-08-24 22:30:00+0000,4.495,2.361,6.856,15,15,1.0,VALID
5,2018-08-24 22:45:00+0000,6.344,2.063,8.407,15,15,1.0,VALID
5,2018-08-24 23:00:00+0000,3.588,1.773,5.361,15,15,1.0,VALID
5,2018-08-24 23:15:00+0000,4.332,1.461,5.794,15,15,1.0,VALID
5,2018-08-24 23:30:00+0000,1.856,1.16,3.015,15,15,1.0,VALID
5,2018-08-24 23:45:00+0000,5.085,0.865,5.95,15,15,1.0,VALID
5,2018-08-25 00:00:00+0000,6.402,0.622,7.024,15,15,1.0,VALID
5,2018-08-25 00:15:00+0000,3.919,0.398,4.318,15,15,1.0,VALID
5,2018-08-25 00:30:00+0000,3.758,0.134,3.892,15,15,1.0,VALID
5,2018-08-25 00:45:00+0000,7.356,0.007,7.363,15,15,1.0,VALID
5,2018-08-25 01:00:00+0000,7.15,-0.016,7.134,15,15,1.0,VALID
5,2018-08-25 01:15:00+0000,5.83,-0.014,5.816,15,15,1.0,VALID
5,2018-08-25 01:30:00+0000,3.982,-0.012,3.97,15,15,1.0,VALID
5,2018-08-25 01:45:00+0000,5.29,-0.013,5.278,15,15,1.0,VALID
5,2018-08-25 02:00:00+0000,3.797,-0.012,3.785,15,15,1.0,VALID
5,2018-08-25 02:15:00+0000,3.555,-0.012,3.542,15,15,1.0,VALID
5,2018-08-25 02:30:00+0000,3.264,-0.012,3.251,15,15,1.0,VALID
5,2018-08-25 02:45:00+0000,1.708,-0.011,1.697,15,15,1.0,VALID
5,2018-08-25 03:00:00+0000,2.889,-0.012,2.877,15,15,1.0,VALID
5,2018-08-25 03:15:00+0000,4.025,-0.013,4.012,15,15,1.0,VALID
5,2018-08-25 03:30:00+0000,1.413,-0.011,1.402,15,15,1.0,VALID
5,2018-08-25 03:45:00+0000,4.379,-0.013,4.366,15,15,1.0,VALID
5,2018-08-25 04:00:00+0000,1.298,-0.011,1.287,15,15,1.0,VALID
5,2018-08-25 04:15:00+0000,1.227,-0.011,1.216,15,15,1.0,VALID
5,2018-08-25 04:30:00+0000,1.891,-0.011,1.88,15,15,1.0,VALID
5,2018-08-25 04:45:00+0000,4.972,-0.014,4.958,15,15,1.0,VALID
5,2018-08-25 05:00:00+0000,4.974,-0.014,4.96,15,15,1.0,VALID
5,2018-08-25 05:15:00+0000,4.769,-0.014,4.755,15,15,1.0,VALID
5,2018-08-25 05:30:00+0000,1.411,-0.011,1.399,15,15,1.0,VALID
5,2018-08-25 05:45:00+0000,4.002,-0.014,3.988,15,15,1.0,VALID
5,2018-08-25 06:00:00+0000,0.929,-0.011,0.918,15,15,1.0,VALID
5,2018-08-25 06:15:00+0000,2.553,-0.012,2.54,15,15,1.0,VALID
5,2018-08-25 06:30:00+0000,2.723,-0.012,2.711,15,15,1.0,VALID
5,2018-08-25 06:45:00+0000,0.953,-0.011,0.942,15,15,1.0,VALID
5,2018-08-25 07:00:00+0000,2.632,-0.013,2.619,15,15,1.0,VALID
5,2018-08-25 07:15:00+0000,1.98,-0.012,1.968,15,15,1.0,VALID
5,2018-08-25 07:30:00+0000,0.835,-0.011,0.824,15,15,1.0,VALID
5,2018-08-25 07:45:00+0000,2.427,-0.013,2.414,15,15,1.0,VALID
5,2018-08-25 08:00:00+0000,3.761,-0.013,3.748,15,15,1.0,VALID
5,2018-08-25 08:15:00+0000,0.89,-0.011,0.879,15,15,1.0,VALID
5,2018-08-25 08:30:00+0000,0.891,-0.011,0.88,15,15,1.0,VALID
5,2018-08-25 08:45:00+0000,2.029,-0.012,2.016,15,15,1.0,VALID
5,2018-08-25 09:00:00+0000,3.023,-0.013,3.01,15,15,1.0,VALID
5,2018-08-25 09:15:00+0000,0.856,-0.011,0.845,15,15,1.0,VALID
5,2018-08-25 09:30:00+0000,0.766,-0.012,0.754,15,15,1.0,VALID
5,2018-08-25 09:45:00+0000,2.489,-0.013,2.476,15,15,1.0,VALID
5,2018-08-25 10:00:00+0000,2.713,-0.013,2.701,15,15,1.0,VALID
5,2018-08-25 10:15:00+0000,0.856,-0.012,0.844,15,15,1.0,VALID
5,2018-08-25 10:30:00+0000,0.868,-0.012,0.856,15,15,1.0,VALID
5,2018-08-25 10:45:00+0000,0.92,-0.012,0.908,15,15,1.0,VALID
5,2018-08-25 11:00:00+0000,1.015,-0.012,1.003,15,15,1.0,VALID
5,2018-08-25 11:15:00+0000,3.004,-0.013,2.99,15,15,1.0,VALID
5,2018-08-25 11:30:00+0000,2.489,-0.013,2.477,15,15,1.0,VALID
5,2018-08-25 11:45:00+0000,1.03,-0.012,1.018,15,15,1.0,VALID
5,2018-08-25 12:00:00+0000,4.282,-0.016,4.266,15,15,1.0,VALID
5,2018-08-25 12:15:00+0000,1.781,0.027,1.808,15,15,1.0,VALID
5,2018-08-25 12:30:00+0000,2.423,0.127,2.55,15,15,1.0,VALID
5,2018-08-25 12:45:00+0000,1.504,0.32,1.824,15,15,1.0,VALID
5,2018-08-25 13:00:00+0000,3.57,0.361,3.93,15,15,1.0,VALID
5,2018-08-25 13:15:00+0000,2.197,0.244,2.441,15,15,1.0,VALID
5,2018-08-25 13:30:00+0000,3.944,0.427,4.371,15,15,1.0,VALID
5,2018-08-25 13:45:00+0000,4.255,0.72,4.975,15,15,1.0,VALID
5,2018-08-25 14:00:00+0000,7.643,0.783,8.427,15,15,1.0,VALID
5,2018-08-25 14:15:00+0000,5.129,0.987,6.116,15,15,1.0,VALID
5,2018-08-25 14:30:00+0000,0.251,1.284,1.535,15,15,1.0,VALID
5,2018-08-25 14:45:00+0000,-0.64,1.896,1.256,15,15,1.0,VALID
5,2018-08-25 15:00:00+0000,3.768,2.22,5.988,15,15,1.0,VALID
5,2018-08-25 15:15:00+0000,4.999,2.693,7.692,15,15,1.0,VALID
5,2018-08-25 15:30:00+0000,1.371,3.152,4.523,15,15,1.0,VALID
5,2018-08-25 15:45:00+0000,1.5,3.224,4.724,15,15,1.0,VALID
5,2018-08-25 16:00:00+0000,-1.828,3.481,1.653,15,15,1.0,VALID
5,2018-08-25 16:15:00+0000,-2.955,3.879,0.925,15,15,1.0,VALID
5,2018-08-25 16:30:00+0000,-2.907,3.862,0.954,15,15,1.0,VALID
5,2018-08-25 16:45:00+0000,-3.063,4.017,0.954,15,15,1.0,VALID
5,2018-08-25 17:00:00+0000,-2.166,3.012,0.846,15,15,1.0,VALID
5,2018-08-25 17:15:00+0000,-2.442,3.891,1.448,15,15,1.0,VALID
5,2018-08-25 17:30:00+0000,0.43,4.301,4.731,15,15,1.0,VALID
5,2018-08-25 17:45:00+0000,0.234,4.505,4.739,15,15,1.0,VALID
5,2018-08-25 18:00:00+0000,0.275,4.476,4.751,15,15,1.0,VALID
5,2018-08-25 18:15:00+0000,-2.32,4.204,1.884,15,15,1.0,VALID
5,2018-08-25 18:30:00+0000,-3.085,4.022,0.938,15,15,1.0,VALID
5,2018-08-25 18:45:00+0000,-1.774,4.534,2.761,15,15,1.0,VALID
5,2018-08-25 19:00:00+0000,-1.371,4.501,3.13,15,15,1.0,VALID
5,2018-08-25 19:15:00+0000,-3.425,4.449,1.024,15,15,1.0,VALID
5,2018-08-25 19:30:00+0000,-2.286,4.457,2.171,15,15,1.0,VALID
5,2018-08-25 19:45:00+0000,0.497,4.373,4.871,15,15,1.0,VALID
5,2018-08-25 20:00:00+0000,-1.597,4.201,2.604,15,15,1.0,VALID
5,2018-08-25 20:15:00+0000,-2.989,4.24,1.251,15,15,1.0,VALID
5,2018-08-25 20:30:00+0000,1.371,2.825,4.196,15,15,1.0,VALID
5,2018-08-25 20:45:00+0000,1.515,3.44,4.955,15,15,1.0,VALID
5,2018-08-25 21:00:00+0000,2.477,2.686,5.163,15,15,1.0,VALID
5,2018-08-25 21:15:00+0000,1.549,3.752,5.301,15,15,1.0,VALID
5,2018-08-25 21:30:00+0000,3.259,2.1,5.359,15,15,1.0,VALID
5,2018-08-25 21:45:00+0000,3.304,1.846,5.15,15,15,1.0,VALID
5,2018-08-25 22:00:00+0000,2.637,2.606,5.244,15,15,1.0,VALID
5,2018-08-25 22:15:00+0000,3.007,2.175,5.182,15,15,1.0,VALID
5,2018-08-25 22:30:00+0000,0.035,1.645,1.679,15,15,1.0,VALID
5,2018-08-25 22:45:00+0000,3.516,1.865,5.382,15,15,1.0,VALID
5,2018-08-25 23:00:00+0000,4.85,0.826,5.676,15,15,1.0,VALID
5,2018-08-25 23:15:00+0000,4.485,1.263,5.748,15,15,1.0,VALID
5,2018-08-25 23:30:00+0000,3.758,0.928,4.686,15,15,1.0,VALID
5,2018-08-25 23:45:00+0000,2.569,0.859,3.428,15,15,1.0,VALID
5,2018-08-26 00:00:00+0000,,,,1,15,0.067,MISSING
6,2018-08-23 00:00:00+0000,4.525,0.198,4.723,15,15,1.0,VALID
6,2018-08-23 00:15:00+0000,3.895,0.146,4.041,15,15,1.0,VALID
6,2018-08-23 00:30:00+0000,3.776,0.051,3.827,15,15,1.0,VALID
6,2018-08-23 00:45:00+0000,3.936,-0.024,3.912,15,15,1.0,VALID
6,2018-08-23 01:00:00+0000,3.957,-0.025,3.932,15,15,1.0,VALID
6,2018-08-23 01:15:00+0000,4.139,-0.019,4.12,15,15,1.0,VALID
6,2018-08-23 01:30:00+0000,4.245,-0.011,4.234,15,15,1.0,VALID
6,2018-08-23 01:45:00+0000,4.434,-0.006,4.428,15,15,1.0,VALID
6,2018-08-23 02:00:00+0000,4.28,-0.007,4.274,15,15,1.0,VALID
6,2018-08-23 02:15:00+0000,4.352,-0.007,4.345,15,15,1.0,VALID
6,2018-08-23 02:30:00+0000,3.843,-0.009,3.834,15,15,1.0,VALID
6,2018-08-23 02:45:00+0000,3.655,-0.01,3.646,15,15,1.0,VALID
6,2018-08-23 03:00:00+0000,3.557,-0.009,3.548,15,15,1.0,VALID
6,2018-08-23 03:15:00+0000,3.513,-0.009,3.504,15,15,1.0,VALID
6,2018-08-23 03:30:00+0000,3.497,-0.009,3.488,15,15,1.0,VALID
6,2018-08-23 03:45:00+0000,1.011,-0.009,1.002,15,15,1.0,VALID
6,2018-08-23 04:00:00+0000,0.558,-0.01,0.549,15,15,1.0,VALID
6,2018-08-23 04:15:00+0000,0.841,-0.01,0.831,15,15,1.0,VALID
6,2018-08-23 04:30:00+0000,0.688,-0.009,0.679,15,15,1.0,VALID
6,2018-08-23 04:45:00+0000,0.857,-0.01,0.848,15,15,1.0,VALID
6,2018-08-23 05:00:00+0000,1.021,-0.009,1.012,15,15,1.0,VALID
6,2018-08-23 05:15:00+0000,3.54,-0.009,3.532,15,15,1.0,VALID
6,2018-08-23 05:30:00+0000,3.378,-0.01,3.368,15,15,1.0,VALID
6,2018-08-23 05:45:00+0000,3.365,-0.009,3.356,15,15,1.0,VALID
6,2018-08-23 06:00:00+0000,1.951,-0.009,1.942,15,15,1.0,VALID
6,2018-08-23 06:15:00+0000,3.259,-0.009,3.25,15,15,1.0,VALID
6,2018-08-23 06:30:00+0000,2.175,-0.009,2.166,15,15,1.0,VALID
6,2018-08-23 06:45:00+0000,3.3,-0.01,3.29,15,15,1.0,VALID
6,2018-08-23 07:00:00+0000,1.739,-0.009,1.73,15,15,1.0,VALID
6,2018-08-23 07:15:00+0000,3.29,-0.009,3.281,15,15,1.0,VALID
6,2018-08-23 07:30:00+0000,1.547,-0.009,1.538,15,15,1.0,VALID
6,2018-08-23 07:45:00+0000,2.449,-0.009,2.44,15,15,1.0,VALID
6,2018-08-23 08:00:00+0000,2.696,-0.01,2.686,15,15,1.0,VALID
6,2018-08-23 08:15:00+0000,1.879,-0.009,1.87,15,15,1.0,VALID
6,2018-08-23 08:30:00+0000,1.952,-0.009,1.943,15,15,1.0,VALID
6,2018-08-23 08:45:00+0000,2.645,-0.009,2.636,15,15,1.0,VALID
6,2018-08-23 09:00:00+0000,1.306,-0.009,1.297,15,15,1.0,VALID
6,2018-08-23 09:15:00+0000,1.798,-0.009,1.789,15,15,1.0,VALID
6,2018-08-23 09:30:00+0000,2.499,-0.01,2.489,15,15,1.0,VALID
6,2018-08-23 09:45:00+0000,1.237,-0.009,1.228,15,15,1.0,VALID
6,2018-08-23 10:00:00+0000,1.944,-0.009,1.935,15,15,1.0,VALID
6,2018-08-23 10:15:00+0000,0.656,-0.009,0.647,15,15,1.0,VALID
6,2018-08-23 10:30:00+0000,0.772,-0.009,0.762,15,15,1.0,VALID
6,2018-08-23 10:45:00+0000,0.796,-0.011,0.785,15,15,1.0,VALID
6,2018-08-23 11:00:00+0000,1.727,-0.008,1.719,15,15,1.0,VALID
6,2018-08-23 11:15:00+0000,1.922,-0.009,1.913,15,15,1.0,VALID
6,2018-08-23 11:30:00+0000,2.328,-0.016,2.313,15,15,1.0,VALID
6,2018-08-23 11:45:00+0000,1.657,-0.022,1.635,15,15,1.0,VALID
6,2018-08-23 12:00:00+0000,2.695,-0.022,2.674,15,15,1.0,VALID
6,2018-08-23 12:15:00+0000,2.596,0.006,2.602,15,15,1.0,VALID
6,2018-08-23 12:30:00+0000,2.535,0.067,2.602,15,15,1.0,VALID
6,2018-08-23 12:45:00+0000,1.691,0.145,1.836,15,15,1.0,VALID
6,2018-08-23 13:00:00+0000,0.811,0.24,1.051,15,15,1.0,VALID
6,2018-08-23 13:15:00+0000,1.167,0.383,1.55,15,15,1.0,VALID
6,2018-08-23 13:30:00+0000,0.933,0.542,1.475,15,15,1.0,VALID
6,2018-08-23 13:45:00+0000,0.884,0.692,1.576,15,15,1.0,VALID
6,2018-08-23 14:00:00+0000,0.738,0.845,1.584,15,15,1.0,VALID
6,2018-08-23 14:15:00+0000,1.359,1.018,2.377,15,15,1.0,VALID
6,2018-08-23 14:30:00+0000,0.65,1.215,1.865,15,15,1.0,VALID
6,2018-08-23 14:45:00+0000,-0.42,1.435,1.015,15,15,1.0,VALID
6,2018-08-23 15:00:00+0000,0.567,1.676,2.243,15,15,1.0,VALID
6,2018-08-23 15:15:00+0000,-0.883,1.917,1.034,15,15,1.0,VALID
6,2018-08-23 15:30:00+0000,-1.521,2.15,0.629,15,15,1.0,VALID
6,2018-08-23 15:45:00+0000,-1.808,2.364,0.555,15,15,1.0,VALID
6,2018-08-23 16:00:00+0000,-1.925,2.564,0.638,15,15,1.0,VALID
6,2018-08-23 16:15:00+0000,-2.123,2.752,0.629,15,15,1.0,VALID
6,2018-08-23 16:30:00+0000,-1.137,2.961,1.824,15,15,1.0,VALID
6,2018-08-23 16:45:00+0000,-2.639,3.12,0.482,15,15,1.0,VALID
6,2018-08-23 17:00:00+0000,-2.612,3.275,0.663,15,15,1.0,VALID
6,2018-08-23 17:15:00+0000,-2.149,3.363,1.214,15,15,1.0,VALID
6,2018-08-23 17:30:00+0000,-2.218,3.482,1.265,15,15,1.0,VALID
6,2018-08-23 17:45:00+0000,-2.648,3.567,0.919,15,15,1.0,VALID
6,2018-08-23 18:00:00+0000,-1.978,3.634,1.655,15,15,1.0,VALID
6,2018-08-23 18:15:00+0000,-2.725,3.729,1.003,15,15,1.0,VALID
6,2018-08-23 18:30:00+0000,-2.211,3.741,1.53,15,15,1.0,VALID
6,2018-08-23 18:45:00+0000,-2.191,3.771,1.58,15,15,1.0,VALID
6,2018-08-23 19:00:00+0000,-2.796,3.767,0.971,15,15,1.0,VALID
6,2018-08-23 19:15:00+0000,-1.732,3.732,2.0,15,15,1.0,VALID
6,2018-08-23 19:30:00+0000,-3.016,3.758,0.742,15,15,1.0,VALID
6,2018-08-23 19:45:00+0000,-0.964,3.572,2.608,15,15,1.0,VALID
6,2018-08-23 20:00:00+0000,-0.798,3.357,2.558,15,15,1.0,VALID
6,2018-08-23 20:15:00+0000,-1.446,3.249,1.803,15,15,1.0,VALID
6,2018-08-23 20:30:00+0000,0.768,3.118,3.886,15,15,1.0,VALID
6,2018-08-23 20:45:00+0000,-1.142,2.872,1.73,15,15,1.0,VALID
6,2018-08-23 21:00:00+0000,1.236,2.821,4.057,15,15,1.0,VALID
6,2018-08-23 21:15:00+0000,1.61,2.359,3.97,15,15,1.0,VALID
6,2018-08-23 21:30:00+0000,1.289,2.573,3.862,15,15,1.0,VALID
6,2018-08-23 21:45:00+0000,1.951,2.431,4.382,15,15,1.0,VALID
6,2018-08-23 22:00:00+0000,2.835,1.827,4.662,15,15,1.0,VALID
6,2018-08-23 22:15:00+0000,2.919,1.941,4.86,15,15,1.0,VALID
6,2018-08-23 22:30:00+0000,2.558,1.262,3.82,15,15,1.0,VALID
6,2018-08-23 22:45:00+0000,3.984,0.859,4.843,15,15,1.0,VALID
6,2018-08-23 23:00:00+0000,3.777,0.396,4.173,15,15,1.0,VALID
6,2018-08-23 23:15:00+0000,3.453,0.514,3.967,15,15,1.0,VALID
6,2018-08-23 23:30:00+0000,3.473,0.353,3.826,15,15,1.0,VALID
6,2018-08-23 23:45:00+0000,3.596,0.228,3.824,15,15,1.0,VALID
6,2018-08-24 00:00:00+0000,3.785,0.194,3.979,15,15,1.0,VALID
6,2018-08-24 00:15:00+0000,3.549,0.072,3.621,15,15,1.0,VALID
6,2018-08-24 00:30:00+0000,3.574,0.022,3.596,15,15,1.0,VALID
6,2018-08-24 00:45:00+0000,2.55,-0.028,2.522,15,15,1.0,VALID
6,2018-08-24 01:00:00+0000,3.711,-0.025,3.686,15,15,1.0,VALID
6,2018-08-24 01:15:00+0000,2.678,-0.019,2.659,15,15,1.0,VALID
6,2018-08-24 01:30:00+0000,4.099,-0.01,4.089,15,15,1.0,VALID
6,2018-08-24 01:45:00+0000,3.966,-0.007,3.959,15,15,1.0,VALID
6,2018-08-24 02:00:00+0000,2.764,-0.007,2.756,15,15,1.0,VALID
6,2018-08-24 02:15:00+0000,3.932,-0.007,3.924,15,15,1.0,VALID
6,2018-08-24 02:30:00+0000,2.817,-0.008,2.809,15,15,1.0,VALID
6,2018-08-24 02:45:00+0000,4.079,-0.008,4.07,15,15,1.0,VALID
6,2018-08-24 03:00:00+0000,2.648,-0.008,2.64,15,15,1.0,VALID
6,2018-08-24 03:15:00+0000,2.979,-0.008,2.971,15,15,1.0,VALID
6,2018-08-24 03:30:00+0000,3.44,-0.008,3.432,15,15,1.0,VALID
6,2018-08-24 03:45:00+0000,2.169,-0.01,2.16,15,15,1.0,VALID
6,2018-08-24 04:00:00+0000,2.638,-0.011,2.628,15,15,1.0,VALID
6,2018-08-24 04:15:00+0000,3.179,-0.009,3.17,15,15,1.0,VALID
6,2018-08-24 04:30:00+0000,1.902,-0.009,1.892,15,15,1.0,VALID
6,2018-08-24 04:45:00+0000,1.883,-0.009,1.873,15,15,1.0,VALID
6,2018-08-24 05:00:00+0000,2.823,-0.009,2.814,15,15,1.0,VALID
6,2018-08-24 05:15:00+0000,2.308,-0.008,2.3,15,15,1.0,VALID
6,2018-08-24 05:30:00+0000,3.391,-0.01,3.381,15,15,1.0,VALID
6,2018-08-24 05:45:00+0000,2.071,-0.009,2.062,15,15,1.0,VALID
6,2018-08-24 06:00:00+0000,3.239,-0.009,3.23,15,15,1.0,VALID
6,2018-08-24 06:15:00+0000,1.685,-0.009,1.676,15,15,1.0,VALID
6,2018-08-24 06:30:00+0000,2.218,-0.009,2.209,15,15,1.0,VALID
6,2018-08-24 06:45:00+0000,2.688,-0.01,2.678,15,15,1.0,VALID
6,2018-08-24 07:00:00+0000,1.646,-0.009,1.637,15,15,1.0,VALID
6,2018-08-24 07:15:00+0000,1.476,-0.009,1.467,15,15,1.0,VALID
6,2018-08-24 07:30:00+0000,2.292,-0.009,2.283,15,15,1.0,VALID
6,2018-08-24 07:45:00+0000,2.069,-0.009,2.06,15,15,1.0,VALID
6,2018-08-24 08:00:00+0000,1.101,-0.01,1.09,15,15,1.0,VALID
6,2018-08-24 08:15:00+0000,1.288,-0.01,1.278,15,15,1.0,VALID
6,2018-08-24 08:30:00+0000,1.975,-0.009,1.966,15,15,1.0,VALID
6,2018-08-24 08:45:00+0000,1.473,-0.009,1.464,15,15,1.0,VALID
6,2018-08-24 09:00:00+0000,1.214,-0.009,1.205,15,15,1.0,VALID
6,2018-08-24 09:15:00+0000,2.197,-0.01,2.187,15,15,1.0,VALID
6,2018-08-24 09:30:00+0000,1.182,-0.01,1.172,15,15,1.0,VALID
6,2018-08-24 09:45:00+0000,1.115,-0.009,1.106,15,15,1.0,VALID
6,2018-08-24 10:00:00+0000,2.083,-0.009,2.074,15,15,1.0,VALID
6,2018-08-24 10:15:00+0000,1.208,-0.009,1.199,15,15,1.0,VALID
6,2018-08-24 10:30:00+0000,1.522,-0.009,1.513,15,15,1.0,VALID
6,2018-08-24 10:45:00+0000,2.074,-0.011,2.063,15,15,1.0,VALID
6,2018-08-24 11:00:00+0000,1.145,-0.01,1.135,15,15,1.0,VALID
6,2018-08-24 11:15:00+0000,1.328,-0.009,1.319,15,15,1.0,VALID
6,2018-08-24 11:30:00+0000,1.952,-0.016,1.936,15,15,1.0,VALID
6,2018-08-24 11:45:00+0000,1.627,-0.02,1.606,15,15,1.0,VALID
6,2018-08-24 12:00:00+0000,0.857,-0.022,0.834,15,15,1.0,VALID
6,2018-08-24 12:15:00+0000,1.941,-0.006,1.935,15,15,1.0,VALID
6,2018-08-24 12:30:00+0000,1.692,0.074,1.766,15,15,1.0,VALID
6,2018-08-24 12:45:00+0000,0.605,0.204,0.809,15,15,1.0,VALID
6,2018-08-24 13:00:00+0000,1.108,0.374,1.482,15,15,1.0,VALID
6,2018-08-24 13:15:00+0000,1.383,0.478,1.861,15,15,1.0,VALID
6,2018-08-24 13:30:00+0000,-0.236,0.626,0.39,15,15,1.0,VALID
6,2018-08-24 13:45:00+0000,-0.067,0.726,0.659,15,15,1.0,VALID
6,2018-08-24 14:00:00+0000,0.003,0.704,0.706,15,15,1.0,VALID
6,2018-08-24 14:15:00+0000,-0.289,1.023,0.734,15,15,1.0,VALID
6,2018-08-24 14:30:00+0000,-0.033,1.297,1.263,15,15,1.0,VALID
6,2018-08-24 14:45:00+0000,-0.03,1.509,1.479,15,15,1.0,VALID
6,2018-08-24 15:00:00+0000,0.086,1.715,1.8,15,15,1.0,VALID
6,2018-08-24 15:15:00+0000,-0.044,1.896,1.852,15,15,1.0,VALID
6,2018-08-24 15:30:00+0000,0.171,2.219,2.391,15,15,1.0,VALID
6,2018-08-24 15:45:00+0000,-0.437,2.458,2.021,15,15,1.0,VALID
6,2018-08-24 16:00:00+0000,-1.364,2.663,1.3,15,15,1.0,VALID
6,2018-08-24 16:15:00+0000,-0.346,2.88,2.534,15,15,1.0,VALID
6,2018-08-24 16:30:00+0000,-2.26,3.06,0.801,15,15,1.0,VALID
6,2018-08-24 16:45:00+0000,-1.169,3.248,2.078,15,15,1.0,VALID
6,2018-08-24 17:00:00+0000,-2.561,3.374,0.813,15,15,1.0,VALID
6,2018-08-24 17:15:00+0000,-1.666,3.481,1.816,15,15,1.0,VALID
6,2018-08-24 17:30:00+0000,-2.981,3.565,0.584,15,15,1.0,VALID
6,2018-08-24 17:45:00+0000,-1.702,3.686,1.984,15,15,1.0,VALID
6,2018-08-24 18:00:00+0000,-1.684,3.771,2.087,15,15,1.0,VALID
6,2018-08-24 18:15:00+0000,-1.35,3.838,2.488,15,15,1.0,VALID
6,2018-08-24 18:30:00+0000,0.072,3.872,3.944,15,15,1.0,VALID
6,2018-08-24 18:45:00+0000,0.914,3.9,4.814,15,15,1.0,VALID
6,2018-08-24 19:00:00+0000,0.989,3.909,4.898,15,15,1.0,VALID
6,2018-08-24 19:15:00+0000,0.132,3.919,4.051,15,15,1.0,VALID
6,2018-08-24 19:30:00+0000,0.446,3.909,4.355,15,15,1.0,VALID
6,2018-08-24 19:45:00+0000,0.137,3.697,3.833,15,15,1.0,VALID
6,2018-08-24 20:00:00+0000,0.835,3.485,4.32,15,15,1.0,VALID
6,2018-08-24 20:15:00+0000,0.499,3.352,3.851,15,15,1.0,VALID
6,2018-08-24 20:30:00+0000,0.901,3.234,4.136,15,15,1.0,VALID
6,2018-08-24 20:45:00+0000,0.332,3.036,3.368,15,15,1.0,VALID
6,2018-08-24 21:00:00+0000,1.448,2.9,4.348,15,15,1.0,VALID
6,2018-08-24 21:15:00+0000,1.592,2.776,4.368,15,15,1.0,VALID
6,2018-08-24 21:30:00+0000,1.727,2.634,4.361,15,15,1.0,VALID
6,2018-08-24 21:45:00+0000,0.472,2.453,2.925,15,15,1.0,VALID
6,2018-08-24 22:00:00+0000,2.445,2.143,4.588,15,15,1.0,VALID
6,2018-08-24 22:15:00+0000,3.301,1.755,5.056,15,15,1.0,VALID
6,2018-08-24 22:30:00+0000,3.889,1.401,5.291,15,15,1.0,VALID
6,2018-08-24 22:45:00+0000,3.922,1.137,5.058,15,15,1.0,VALID
6,2018-08-24 23:00:00+0000,3.463,0.988,4.451,15,15,1.0,VALID
6,2018-08-24 23:15:00+0000,3.081,0.856,3.937,15,15,1.0,VALID
6,2018-08-24 23:30:00+0000,3.269,0.614,3.883,15,15,1.0,VALID
6,2018-08-24 23:45:00+0000,3.819,0.295,4.113,15,15,1.0,VALID
6,2018-08-25 00:00:00+0000,3.938,0.12,4.058,15,15,1.0,VALID
6,2018-08-25 00:15:00+0000,3.584,0.062,3.646,15,15,1.0,VALID
6,2018-08-25 00:30:00+0000,3.574,0.013,3.587,15,15,1.0,VALID
6,2018-08-25 00:45:00+0000,2.341,-0.03,2.311,15,15,1.0,VALID
6,2018-08-25 01:00:00+0000,3.18,-0.025,3.155,15,15,1.0,VALID
6,2018-08-25 01:15:00+0000,1.968,-0.021,1.947,15,15,1.0,VALID
6,2018-08-25 01:30:00+0000,2.543,-0.012,2.532,15,15,1.0,VALID
6,2018-08-25 01:45:00+0000,2.732,-0.009,2.723,15,15,1.0,VALID
6,2018-08-25 02:00:00+0000,0.585,-0.009,0.576,15,15,1.0,VALID
6,2018-08-25 02:15:00+0000,0.734,-0.01,0.725,15,15,1.0,VALID
6,2018-08-25 02:30:00+0000,1.559,-0.009,1.55,15,15,1.0,VALID
6,2018-08-25 02:45:00+0000,2.336,-0.009,2.327,15,15,1.0,VALID
6,2018-08-25 03:00:00+0000,2.951,-0.008,2.943,15,15,1.0,VALID
6,2018-08-25 03:15:00+0000,2.359,-0.008,2.351,15,15,1.0,VALID
6,2018-08-25 03:30:00+0000,2.143,-0.008,2.135,15,15,1.0,VALID
6,2018-08-25 03:45:00+0000,2.925,-0.008,2.917,15,15,1.0,VALID
6,2018-08-25 04:00:00+0000,0.681,-0.01,0.671,15,15,1.0,VALID
6,2018-08-25 04:15:00+0000,0.863,-0.01,0.853,15,15,1.0,VALID
6,2018-08-25 04:30:00+0000,2.063,-0.009,2.054,15,15,1.0,VALID
6,2018-08-25 04:45:00+0000,0.811,-0.009,0.802,15,15,1.0,VALID
6,2018-08-25 05:00:00+0000,1.909,-0.009,1.9,15,15,1.0,VALID
6,2018-08-25 05:15:00+0000,1.354,-0.009,1.345,15,15,1.0,VALID
6,2018-08-25 05:30:00+0000,1.042,-0.01,1.032,15,15,1.0,VALID
6,2018-08-25 05:45:00+0000,1.893,-0.009,1.884,15,15,1.0,VALID
6,2018-08-25 06:00:00+0000,0.892,-0.009,0.883,15,15,1.0,VALID
6,2018-08-25 06:15:00+0000,1.563,-0.009,1.553,15,15,1.0,VALID
6,2018-08-25 06:30:00+0000,1.357,-0.009,1.348,15,15,1.0,VALID
6,2018-08-25 06:45:00+0000,1.16,-0.011,1.15,15,15,1.0,VALID
6,2018-08-25 07:00:00+0000,1.794,-0.009,1.785,15,15,1.0,VALID
6,2018-08-25 07:15:00+0000,0.876,-0.009,0.867,15,15,1.0,VALID
6,2018-08-25 07:30:00+0000,1.828,-0.009,1.819,15,15,1.0,VALID
6,2018-08-25 07:45:00+0000,0.926,-0.009,0.917,15,15,1.0,VALID
6,2018-08-25 08:00:00+0000,1.383,-0.01,1.372,15,15,1.0,VALID
6,2018-08-25 08:15:00+0000,1.825,-0.009,1.816,15,15,1.0,VALID
6,2018-08-25 08:30:00+0000,0.534,-0.009,0.525,15,15,1.0,VALID
6,2018-08-25 08:45:00+0000,1.818,-0.009,1.809,15,15,1.0,VALID
6,2018-08-25 09:00:00+0000,1.302,-0.009,1.293,15,15,1.0,VALID
6,2018-08-25 09:15:00+0000,1.057,-0.01,1.047,15,15,1.0,VALID
6,2018-08-25 09:30:00+0000,1.819,-0.009,1.81,15,15,1.0,VALID
6,2018-08-25 09:45:00+0000,0.729,-0.009,0.72,15,15,1.0,VALID
6,2018-08-25 10:00:00+0000,1.451,-0.01,1.442,15,15,1.0,VALID
6,2018-08-25 10:15:00+0000,1.629,-0.01,1.62,15,15,1.0,VALID
6,2018-08-25 10:30:00+0000,0.525,-0.009,0.516,15,15,1.0,VALID
6,2018-08-25 10:45:00+0000,1.777,-0.01,1.767,15,15,1.0,VALID
6,2018-08-25 11:00:00+0000,0.566,-0.009,0.557,15,15,1.0,VALID
6,2018-08-25 11:15:00+0000,1.671,-0.009,1.662,15,15,1.0,VALID
6,2018-08-25 11:30:00+0000,0.478,-0.017,0.462,15,15,1.0,VALID
6,2018-08-25 11:45:00+0000,0.945,-0.021,0.924,15,15,1.0,VALID
6,2018-08-25 12:00:00+0000,0.698,-0.023,0.675,15,15,1.0,VALID
6,2018-08-25 12:15:00+0000,1.315,-0.005,1.31,15,15,1.0,VALID
6,2018-08-25 12:30:00+0000,1.044,0.085,1.129,15,15,1.0,VALID
6,2018-08-25 12:45:00+0000,0.628,0.246,0.874,15,15,1.0,VALID
6,2018-08-25 13:00:00+0000,0.496,0.263,0.759,15,15,1.0,VALID
6,2018-08-25 13:15:00+0000,1.68,0.173,1.853,15,15,1.0,VALID
6,2018-08-25 13:30:00+0000,0.182,0.338,0.52,15,15,1.0,VALID
6,2018-08-25 13:45:00+0000,-0.173,0.637,0.464,15,15,1.0,VALID
6,2018-08-25 14:00:00+0000,-0.089,0.557,0.467,15,15,1.0,VALID
6,2018-08-25 14:15:00+0000,-0.374,0.846,0.472,15,15,1.0,VALID
6,2018-08-25 14:30:00+0000,-0.401,0.902,0.501,15,15,1.0,VALID
6,2018-08-25 14:45:00+0000,-0.829,1.297,0.469,15,15,1.0,VALID
6,2018-08-25 15:00:00+0000,-1.162,1.63,0.467,15,15,1.0,VALID
6,2018-08-25 15:15:00+0000,-1.571,2.046,0.475,15,15,1.0,VALID
6,2018-08-25 15:30:00+0000,-2.0,2.51,0.51,15,15,1.0,VALID
6,2018-08-25 15:45:00+0000,-2.051,2.558,0.507,15,15,1.0,VALID
6,2018-08-25 16:00:00+0000,-2.078,2.736,0.658,15,15,1.0,VALID
6,2018-08-25 16:15:00+0000,-2.622,3.071,0.449,15,15,1.0,VALID
6,2018-08-25 16:30:00+0000,-2.524,3.008,0.484,15,15,1.0,VALID
6,2018-08-25 16:45:00+0000,-2.846,3.331,0.485,15,15,1.0,VALID
6,2018-08-25 17:00:00+0000,-1.998,2.491,0.493,15,15,1.0,VALID
6,2018-08-25 17:15:00+0000,-2.951,3.428,0.477,15,15,1.0,VALID
6,2018-08-25 17:30:00+0000,-3.02,3.484,0.464,15,15,1.0,VALID
6,2018-08-25 17:45:00+0000,-3.301,3.772,0.472,15,15,1.0,VALID
6,2018-08-25 18:00:00+0000,-3.139,3.639,0.501,15,15,1.0,VALID
6,2018-08-25 18:15:00+0000,-3.478,3.951,0.473,15,15,1.0,VALID
6,2018-08-25 18:30:00+0000,-2.871,3.338,0.467,15,15,1.0,VALID
6,2018-08-25 18:45:00+0000,-3.388,3.856,0.468,15,15,1.0,VALID
6,2018-08-25 19:00:00+0000,-3.439,3.925,0.486,15,15,1.0,VALID
6,2018-08-25 19:15:00+0000,-3.243,3.71,0.467,15,15,1.0,VALID
6,2018-08-25 19:30:00+0000,-2.221,3.922,1.701,15,15,1.0,VALID
6,2018-08-25 19:45:00+0000,-3.299,3.769,0.47,15,15,1.0,VALID
6,2018-08-25 20:00:00+0000,-2.9,3.387,0.487,15,15,1.0,VALID
6,2018-08-25 20:15:00+0000,-2.76,3.208,0.448,15,15,1.0,VALID
6,2018-08-25 20:30:00+0000,-1.426,2.36,0.934,15,15,1.0,VALID
6,2018-08-25 20:45:00+0000,-1.113,2.517,1.403,15,15,1.0,VALID
6,2018-08-25 21:00:00+0000,-2.283,2.773,0.489,15,15,1.0,VALID
6,2018-08-25 21:15:00+0000,-0.606,2.5,1.894,15,15,1.0,VALID
6,2018-08-25 21:30:00+0000,-1.508,1.942,0.434,15,15,1.0,VALID
6,2018-08-25 21:45:00+0000,0.295,1.573,1.868,15,15,1.0,VALID
6,2018-08-25 22:00:00+0000,-1.577,2.057,0.481,15,15,1.0,VALID
6,2018-08-25 22:15:00+0000,0.395,1.555,1.95,15,15,1.0,VALID
6,2018-08-25 22:30:00+0000,-0.459,0.882,0.423,15,15,1.0,VALID
6,2018-08-25 22:45:00+0000,0.874,0.99,1.864,15,15,1.0,VALID
6,2018-08-25 23:00:00+0000,0.008,0.452,0.46,15,15,1.0,VALID
6,2018-08-25 23:15:00+0000,1.127,0.733,1.861,15,15,1.0,VALID
6,2018-08-25 23:30:00+0000,0.09,0.336,0.425,15,15,1.0,VALID
6,2018-08-25 23:45:00+0000,1.674,0.259,1.933,15,15,1.0,VALID
6,2018-08-26 00:00:00+0000,,,,1,15,0.067,MISSING
7,2018-08-23 00:00:00+0000,4.52,0.881,5.401,15,15,1.0,VALID
7,2018-08-23 00:15:00+0000,4.912,0.443,5.355,15,15,1.0,VALID
7,2018-08-23 00:30:00+0000,2.483,0.102,2.585,15,15,1.0,VALID
7,2018-08-23 00:45:00+0000,0.782,0.003,0.785,15,15,1.0,VALID
7,2018-08-23 01:00:00+0000,3.849,-0.021,3.828,15,15,1.0,VALID
7,2018-08-23 01:15:00+0000,2.0,-0.005,1.995,15,15,1.0,VALID
7,2018-08-23 01:30:00+0000,4.192,-0.001,4.191,15,15,1.0,VALID
7,2018-08-23 01:45:00+0000,2.148,-0.005,2.144,15,15,1.0,VALID
7,2018-08-23 02:00:00+0000,3.873,-0.002,3.871,15,15,1.0,VALID
7,2018-08-23 02:15:00+0000,4.603,0.0,4.603,15,15,1.0,VALID
7,2018-08-23 02:30:00+0000,2.292,-0.005,2.287,15,15,1.0,VALID
7,2018-08-23 02:45:00+0000,5.493,0.001,5.494,15,15,1.0,VALID
7,2018-08-23 03:00:00+0000,5.448,0.001,5.449,15,15,1.0,VALID
7,2018-08-23 03:15:00+0000,5.09,0.001,5.091,15,15,1.0,VALID
7,2018-08-23 03:30:00+0000,1.253,-0.007,1.246,15,15,1.0,VALID
7,2018-08-23 03:45:00+0000,4.896,0.001,4.897,15,15,1.0,VALID
7,2018-08-23 04:00:00+0000,1.732,-0.006,1.726,15,15,1.0,VALID
7,2018-08-23 04:15:00+0000,1.04,-0.007,1.033,15,15,1.0,VALID
7,2018-08-23 04:30:00+0000,0.77,-0.007,0.763,15,15,1.0,VALID
7,2018-08-23 04:45:00+0000,0.866,-0.007,0.859,15,15,1.0,VALID
7,2018-08-23 05:00:00+0000,5.087,0.001,5.088,15,15,1.0,VALID
7,2018-08-23 05:15:00+0000,4.975,0.001,4.976,15,15,1.0,VALID
7,2018-08-23 05:30:00+0000,4.972,0.001,4.973,15,15,1.0,VALID
7,2018-08-23 05:45:00+0000,4.936,0.001,4.937,15,15,1.0,VALID
7,2018-08-23 06:00:00+0000,4.913,0.001,4.914,15,15,1.0,VALID
7,2018-08-23 06:15:00+0000,4.902,0.001,4.903,15,15,1.0,VALID
7,2018-08-23 06:30:00+0000,4.892,0.001,4.893,15,15,1.0,VALID
7,2018-08-23 06:45:00+0000,4.812,0.001,4.813,15,15,1.0,VALID
7,2018-08-23 07:00:00+0000,1.301,-0.006,1.295,15,15,1.0,VALID
7,2018-08-23 07:15:00+0000,4.494,0.001,4.494,15,15,1.0,VALID
7,2018-08-23 07:30:00+0000,1.027,-0.006,1.021,15,15,1.0,VALID
7,2018-08-23 07:45:00+0000,4.212,-0.0,4.212,15,15,1.0,VALID
7,2018-08-23 08:00:00+0000,1.051,-0.005,1.046,15,15,1.0,VALID
7,2018-08-23 08:15:00+0000,4.263,0.0,4.263,15,15,1.0,VALID
7,2018-08-23 08:30:00+0000,1.342,-0.005,1.336,15,15,1.0,VALID
7,2018-08-23 08:45:00+0000,0.682,-0.007,0.675,15,15,1.0,VALID
7,2018-08-23 09:00:00+0000,3.199,-0.002,3.197,15,15,1.0,VALID
7,2018-08-23 09:15:00+0000,2.179,-0.004,2.176,15,15,1.0,VALID
7,2018-08-23 09:30:00+0000,0.707,-0.007,0.7,15,15,1.0,VALID
7,2018-08-23 09:45:00+0000,0.637,-0.007,0.63,15,15,1.0,VALID
7,2018-08-23 10:00:00+0000,3.623,-0.001,3.622,15,15,1.0,VALID
7,2018-08-23 10:15:00+0000,1.728,-0.005,1.724,15,15,1.0,VALID
7,2018-08-23 10:30:00+0000,0.665,-0.007,0.658,15,15,1.0,VALID
7,2018-08-23 10:45:00+0000,0.65,-0.007,0.643,15,15,1.0,VALID
7,2018-08-23 11:00:00+0000,2.992,-0.003,2.989,15,15,1.0,VALID
7,2018-08-23 11:15:00+0000,2.278,-0.004,2.274,15,15,1.0,VALID
7,2018-08-23 11:30:00+0000,0.654,-0.007,0.647,15,15,1.0,VALID
7,2018-08-23 11:45:00+0000,0.752,-0.007,0.745,15,15,1.0,VALID
7,2018-08-23 12:00:00+0000,3.136,-0.028,3.108,15,15,1.0,VALID
7,2018-08-23 12:15:00+0000,5.384,-0.011,5.373,15,15,1.0,VALID
7,2018-08-23 12:30:00+0000,3.49,-0.005,3.485,15,15,1.0,VALID
7,2018-08-23 12:45:00+0000,0.825,0.002,0.827,15,15,1.0,VALID
7,2018-08-23 13:00:00+0000,2.188,0.083,2.271,15,15,1.0,VALID
7,2018-08-23 13:15:00+0000,4.607,0.135,4.742,15,15,1.0,VALID
7,2018-08-23 13:30:00+0000,4.211,0.167,4.378,15,15,1.0,VALID
7,2018-08-23 13:45:00+0000,0.747,0.187,0.935,15,15,1.0,VALID
7,2018-08-23 14:00:00+0000,3.388,0.214,3.602,15,15,1.0,VALID
7,2018-08-23 14:15:00+0000,2.229,0.262,2.49,15,15,1.0,VALID
7,2018-08-23 14:30:00+0000,3.038,0.358,3.396,15,15,1.0,VALID
7,2018-08-23 14:45:00+0000,2.095,0.538,2.633,15,15,1.0,VALID
7,2018-08-23 15:00:00+0000,1.787,0.744,2.531,15,15,1.0,VALID
7,2018-08-23 15:15:00+0000,2.388,0.968,3.356,15,15,1.0,VALID
7,2018-08-23 15:30:00+0000,1.027,1.195,2.222,15,15,1.0,VALID
7,2018-08-23 15:45:00+0000,2.526,1.435,3.961,15,15,1.0,VALID
7,2018-08-23 16:00:00+0000,1.202,1.643,2.844,15,15,1.0,VALID
7,2018-08-23 16:15:00+0000,3.259,1.876,5.135,15,15,1.0,VALID
7,2018-08-23 16:30:00+0000,-0.793,2.089,1.297,15,15,1.0,VALID
7,2018-08-23 16:45:00+0000,2.615,2.295,4.91,15,15,1.0,VALID
7,2018-08-23 17:00:00+0000,-1.505,2.469,0.964,15,15,1.0,VALID
7,2018-08-23 17:15:00+0000,2.105,2.639,4.744,15,15,1.0,VALID
7,2018-08-23 17:30:00+0000,-0.903,2.791,1.888,15,15,1.0,VALID
7,2018-08-23 17:45:00+0000,2.599,2.942,5.541,15,15,1.0,VALID
7,2018-08-23 18:00:00+0000,2.338,3.046,5.384,15,15,1.0,VALID
7,2018-08-23 18:15:00+0000,2.295,3.175,5.47,15,15,1.0,VALID
7,2018-08-23 18:30:00+0000,2.626,3.249,5.875,15,15,1.0,VALID
7,2018-08-23 18:45:00+0000,2.319,3.333,5.651,15,15,1.0,VALID
7,2018-08-23 19:00:00+0000,2.112,3.419,5.531,15,15,1.0,VALID
7,2018-08-23 19:15:00+0000,2.068,3.443,5.511,15,15,1.0,VALID
7,2018-08-23 19:30:00+0000,2.063,3.487,5.55,15,15,1.0,VALID
7,2018-08-23 19:45:00+0000,2.046,3.456,5.503,15,15,1.0,VALID
7,2018-08-23 20:00:00+0000,2.045,3.477,5.521,15,15,1.0,VALID
7,2018-08-23 20:15:00+0000,1.965,3.481,5.445,15,15,1.0,VALID
7,2018-08-23 20:30:00+0000,0.151,3.421,3.573,15,15,1.0,VALID
7,2018-08-23 20:45:00+0000,-2.564,3.352,0.789,15,15,1.0,VALID
7,2018-08-23 21:00:00+0000,-2.612,3.373,0.761,15,15,1.0,VALID
7,2018-08-23 21:15:00+0000,-2.431,3.214,0.783,15,15,1.0,VALID
7,2018-08-23 21:30:00+0000,-2.436,3.2,0.764,15,15,1.0,VALID
7,2018-08-23 21:45:00+0000,-2.324,3.125,0.801,15,15,1.0,VALID
7,2018-08-23 22:00:00+0000,-1.773,2.536,0.763,15,15,1.0,VALID
7,2018-08-23 22:15:00+0000,-2.276,2.928,0.652,15,15,1.0,VALID
7,2018-08-23 22:30:00+0000,3.173,2.154,5.327,15,15,1.0,VALID
7,2018-08-23 22:45:00+0000,3.794,1.597,5.391,15,15,1.0,VALID
7,2018-08-23 23:00:00+0000,4.628,0.633,5.261,15,15,1.0,VALID
7,2018-08-23 23:15:00+0000,4.503,1.0,5.504,15,15,1.0,VALID
7,2018-08-23 23:30:00+0000,7.014,0.752,7.765,15,15,1.0,VALID
7,2018-08-23 23:45:00+0000,6.253,0.546,6.798,15,15,1.0,VALID
7,2018-08-24 00:00:00+0000,5.111,0.564,5.676,15,15,1.0,VALID
7,2018-08-24 00:15:00+0000,5.359,0.277,5.636,15,15,1.0,VALID
7,2018-08-24 00:30:00+0000,5.47,0.089,5.559,15,15,1.0,VALID
7,2018-08-24 00:45:00+0000,5.633,-0.005,5.628,15,15,1.0,VALID
7,2018-08-24 01:00:00+0000,6.424,-0.007,6.417,15,15,1.0,VALID
7,2018-08-24 01:15:00+0000,6.114,0.002,6.117,15,15,1.0,VALID
7,2018-08-24 01:30:00+0000,6.805,0.005,6.81,15,15,1.0,VALID
7,2018-08-24 01:45:00+0000,6.052,0.003,6.055,15,15,1.0,VALID
7,2018-08-24 02:00:00+0000,5.734,0.002,5.735,15,15,1.0,VALID
7,2018-08-24 02:15:00+0000,4.141,-0.002,4.139,15,15,1.0,VALID
7,2018-08-24 02:30:00+0000,2.91,-0.004,2.906,15,15,1.0,VALID
7,2018-08-24 02:45:00+0000,4.322,-0.001,4.321,15,15,1.0,VALID
7,2018-08-24 03:00:00+0000,2.505,-0.004,2.5,15,15,1.0,VALID
7,2018-08-24 03:15:00+0000,1.178,-0.007,1.171,15,15,1.0,VALID
7,2018-08-24 03:30:00+0000,1.093,-0.007,1.086,15,15,1.0,VALID
7,2018-08-24 03:45:00+0000,0.865,-0.007,0.858,15,15,1.0,VALID
7,2018-08-24 04:00:00+0000,0.846,-0.007,0.839,15,15,1.0,VALID
7,2018-08-24 04:15:00+0000,0.877,-0.007,0.87,15,15,1.0,VALID
7,2018-08-24 04:30:00+0000,0.791,-0.007,0.784,15,15,1.0,VALID
7,2018-08-24 04:45:00+0000,0.834,-0.007,0.827,15,15,1.0,VALID
7,2018-08-24 05:00:00+0000,2.63,-0.004,2.626,15,15,1.0,VALID
7,2018-08-24 05:15:00+0000,4.83,0.001,4.831,15,15,1.0,VALID
7,2018-08-24 05:30:00+0000,4.894,0.001,4.895,15,15,1.0,VALID
7,2018-08-24 05:45:00+0000,4.889,0.001,4.89,15,15,1.0,VALID
7,2018-08-24 06:00:00+0000,4.8,0.001,4.801,15,15,1.0,VALID
7,2018-08-24 06:15:00+0000,4.084,-0.0,4.084,15,15,1.0,VALID
7,2018-08-24 06:30:00+0000,3.569,-0.001,3.568,15,15,1.0,VALID
7,2018-08-24 06:45:00+0000,2.07,-0.004,2.066,15,15,1.0,VALID
7,2018-08-24 07:00:00+0000,0.828,-0.007,0.821,15,15,1.0,VALID
7,2018-08-24 07:15:00+0000,0.684,-0.007,0.677,15,15,1.0,VALID
7,2018-08-24 07:30:00+0000,4.403,0.001,4.403,15,15,1.0,VALID
7,2018-08-24 07:45:00+0000,0.973,-0.006,0.967,15,15,1.0,VALID
7,2018-08-24 08:00:00+0000,0.995,-0.006,0.99,15,15,1.0,VALID
7,2018-08-24 08:15:00+0000,1.175,-0.005,1.169,15,15,1.0,VALID
7,2018-08-24 08:30:00+0000,4.44,0.0,4.44,15,15,1.0,VALID
7,2018-08-24 08:45:00+0000,0.843,-0.006,0.837,15,15,1.0,VALID
7,2018-08-24 09:00:00+0000,0.723,-0.007,0.716,15,15,1.0,VALID
7,2018-08-24 09:15:00+0000,0.69,-0.007,0.683,15,15,1.0,VALID
7,2018-08-24 09:30:00+0000,4.434,-0.0,4.433,15,15,1.0,VALID
7,2018-08-24 09:45:00+0000,0.934,-0.006,0.928,15,15,1.0,VALID
7,2018-08-24 10:00:00+0000,0.593,-0.007,0.586,15,15,1.0,VALID
7,2018-08-24 10:15:00+0000,0.705,-0.007,0.698,15,15,1.0,VALID
7,2018-08-24 10:30:00+0000,1.844,-0.005,1.839,15,15,1.0,VALID
7,2018-08-24 10:45:00+0000,2.957,-0.003,2.955,15,15,1.0,VALID
7,2018-08-24 11:00:00+0000,0.68,-0.007,0.673,15,15,1.0,VALID
7,2018-08-24 11:15:00+0000,0.947,-0.007,0.941,15,15,1.0,VALID
7,2018-08-24 11:30:00+0000,4.288,-0.001,4.287,15,15,1.0,VALID
7,2018-08-24 11:45:00+0000,4.972,0.0,4.973,15,15,1.0,VALID
7,2018-08-24 12:00:00+0000,2.867,-0.033,2.834,15,15,1.0,VALID
7,2018-08-24 12:15:00+0000,1.523,-0.017,1.506,15,15,1.0,VALID
7,2018-08-24 12:30:00+0000,2.445,-0.001,2.444,15,15,1.0,VALID
7,2018-08-24 12:45:00+0000,3.769,0.089,3.858,15,15,1.0,VALID
7,2018-08-24 13:00:00+0000,0.811,0.219,1.03,15,15,1.0,VALID
7,2018-08-24 13:15:00+0000,0.777,0.203,0.98,15,15,1.0,VALID
7,2018-08-24 13:30:00+0000,0.842,0.203,1.045,15,15,1.0,VALID
7,2018-08-24 13:45:00+0000,0.764,0.213,0.978,15,15,1.0,VALID
7,2018-08-24 14:00:00+0000,0.76,0.188,0.948,15,15,1.0,VALID
7,2018-08-24 14:15:00+0000,0.707,0.241,0.948,15,15,1.0,VALID
7,2018-08-24 14:30:00+0000,2.093,0.354,2.446,15,15,1.0,VALID
7,2018-08-24 14:45:00+0000,4.413,0.537,4.949,15,15,1.0,VALID
7,2018-08-24 15:00:00+0000,3.375,0.703,4.078,15,15,1.0,VALID
7,2018-08-24 15:15:00+0000,0.106,0.93,1.036,15,15,1.0,VALID
7,2018-08-24 15:30:00+0000,-0.336,1.193,0.857,15,15,1.0,VALID
7,2018-08-24 15:45:00+0000,0.235,1.442,1.677,15,15,1.0,VALID
7,2018-08-24 16:00:00+0000,3.589,1.679,5.267,15,15,1.0,VALID
7,2018-08-24 16:15:00+0000,3.263,1.918,5.182,15,15,1.0,VALID
7,2018-08-24 16:30:00+0000,-0.327,2.125,1.798,15,15,1.0,VALID
7,2018-08-24 16:45:00+0000,0.277,2.348,2.624,15,15,1.0,VALID
7,2018-08-24 17:00:00+0000,1.196,2.54,3.736,15,15,1.0,VALID
7,2018-08-24 17:15:00+0000,-1.707,2.695,0.988,15,15,1.0,VALID
7,2018-08-24 17:30:00+0000,1.77,2.864,4.635,15,15,1.0,VALID
7,2018-08-24 17:45:00+0000,2.506,3.038,5.544,15,15,1.0,VALID
7,2018-08-24 18:00:00+0000,1.072,3.148,4.22,15,15,1.0,VALID
7,2018-08-24 18:15:00+0000,-2.345,3.252,0.906,15,15,1.0,VALID
7,2018-08-24 18:30:00+0000,-2.37,3.345,0.975,15,15,1.0,VALID
7,2018-08-24 18:45:00+0000,2.029,3.442,5.471,15,15,1.0,VALID
7,2018-08-24 19:00:00+0000,-1.359,3.471,2.112,15,15,1.0,VALID
7,2018-08-24 19:15:00+0000,2.024,3.582,5.607,15,15,1.0,VALID
7,2018-08-24 19:30:00+0000,1.827,3.623,5.449,15,15,1.0,VALID
7,2018-08-24 19:45:00+0000,1.953,3.637,5.589,15,15,1.0,VALID
7,2018-08-24 20:00:00+0000,1.819,3.637,5.456,15,15,1.0,VALID
7,2018-08-24 20:15:00+0000,1.862,3.614,5.476,15,15,1.0,VALID
7,2018-08-24 20:30:00+0000,0.021,3.588,3.609,15,15,1.0,VALID
7,2018-08-24 20:45:00+0000,-2.795,3.504,0.709,15,15,1.0,VALID
7,2018-08-24 21:00:00+0000,-2.634,3.454,0.82,15,15,1.0,VALID
7,2018-08-24 21:15:00+0000,-2.636,3.401,0.765,15,15,1.0,VALID
7,2018-08-24 21:30:00+0000,-2.462,3.313,0.852,15,15,1.0,VALID
7,2018-08-24 21:45:00+0000,-1.937,3.194,1.257,15,15,1.0,VALID
7,2018-08-24 22:00:00+0000,-1.78,3.054,1.273,15,15,1.0,VALID
7,2018-08-24 22:15:00+0000,-1.974,2.925,0.951,15,15,1.0,VALID
7,2018-08-24 22:30:00+0000,2.881,2.768,5.648,15,15,1.0,VALID
7,2018-08-24 22:45:00+0000,3.128,2.54,5.668,15,15,1.0,VALID
7,2018-08-24 23:00:00+0000,3.214,2.303,5.517,15,15,1.0,VALID
7,2018-08-24 23:15:00+0000,3.636,1.974,5.609,15,15,1.0,VALID
7,2018-08-24 23:30:00+0000,4.117,1.547,5.664,15,15,1.0,VALID
7,2018-08-24 23:45:00+0000,4.174,1.228,5.402,15,15,1.0,VALID
7,2018-08-25 00:00:00+0000,4.515,0.826,5.341,15,15,1.0,VALID
7,2018-08-25 00:15:00+0000,4.99,0.344,5.334,15,15,1.0,VALID
7,2018-08-25 00:30:00+0000,5.095,0.079,5.175,15,15,1.0,VALID
7,2018-08-25 00:45:00+0000,5.253,-0.006,5.247,15,15,1.0,VALID
7,2018-08-25 01:00:00+0000,5.237,-0.008,5.229,15,15,1.0,VALID
7,2018-08-25 01:15:00+0000,5.181,0.001,5.182,15,15,1.0,VALID
7,2018-08-25 01:30:00+0000,5.191,0.001,5.192,15,15,1.0,VALID
7,2018-08-25 01:45:00+0000,5.165,0.001,5.166,15,15,1.0,VALID
7,2018-08-25 02:00:00+0000,5.122,0.001,5.123,15,15,1.0,VALID
7,2018-08-25 02:15:00+0000,2.508,-0.004,2.505,15,15,1.0,VALID
7,2018-08-25 02:30:00+0000,2.344,-0.004,2.34,15,15,1.0,VALID
7,2018-08-25 02:45:00+0000,5.006,0.001,5.007,15,15,1.0,VALID
7,2018-08-25 03:00:00+0000,0.876,-0.007,0.87,15,15,1.0,VALID
7,2018-08-25 03:15:00+0000,0.87,-0.007,0.863,15,15,1.0,VALID
7,2018-08-25 03:30:00+0000,5.212,0.001,5.213,15,15,1.0,VALID
7,2018-08-25 03:45:00+0000,1.13,-0.007,1.123,15,15,1.0,VALID
7,2018-08-25 04:00:00+0000,0.956,-0.007,0.949,15,15,1.0,VALID
7,2018-08-25 04:15:00+0000,4.752,0.0,4.752,15,15,1.0,VALID
7,2018-08-25 04:30:00+0000,1.275,-0.006,1.269,15,15,1.0,VALID
7,2018-08-25 04:45:00+0000,0.916,-0.007,0.909,15,15,1.0,VALID
7,2018-08-25 05:00:00+0000,0.797,-0.007,0.79,15,15,1.0,VALID
7,2018-08-25 05:15:00+0000,3.924,-0.001,3.923,15,15,1.0,VALID
7,2018-08-25 05:30:00+0000,4.796,0.001,4.796,15,15,1.0,VALID
7,2018-08-25 05:45:00+0000,0.885,-0.007,0.878,15,15,1.0,VALID
7,2018-08-25 06:00:00+0000,0.927,-0.007,0.92,15,15,1.0,VALID
7,2018-08-25 06:15:00+0000,0.762,-0.007,0.755,15,15,1.0,VALID
7,2018-08-25 06:30:00+0000,0.824,-0.007,0.817,15,15,1.0,VALID
7,2018-08-25 06:45:00+0000,0.806,-0.007,0.799,15,15,1.0,VALID
7,2018-08-25 07:00:00+0000,0.785,-0.007,0.778,15,15,1.0,VALID
7,2018-08-25 07:15:00+0000,2.553,-0.004,2.549,15,15,1.0,VALID
7,2018-08-25 07:30:00+0000,4.61,0.0,4.61,15,15,1.0,VALID
7,2018-08-25 07:45:00+0000,1.868,-0.005,1.863,15,15,1.0,VALID
7,2018-08-25 08:00:00+0000,1.546,-0.004,1.542,15,15,1.0,VALID
7,2018-08-25 08:15:00+0000,0.664,-0.007,0.657,15,15,1.0,VALID
7,2018-08-25 08:30:00+0000,1.107,-0.005,1.102,15,15,1.0,VALID
7,2018-08-25 08:45:00+0000,1.098,-0.006,1.093,15,15,1.0,VALID
7,2018-08-25 09:00:00+0000,0.68,-0.007,0.673,15,15,1.0,VALID
7,2018-08-25 09:15:00+0000,0.979,-0.007,0.972,15,15,1.0,VALID
7,2018-08-25 09:30:00+0000,4.545,0.0,4.545,15,15,1.0,VALID
7,2018-08-25 09:45:00+0000,4.536,0.0,4.536,15,15,1.0,VALID
7,2018-08-25 10:00:00+0000,3.115,-0.003,3.112,15,15,1.0,VALID
7,2018-08-25 10:15:00+0000,0.682,-0.007,0.675,15,15,1.0,VALID
7,2018-08-25 10:30:00+0000,0.672,-0.007,0.665,15,15,1.0,VALID
7,2018-08-25 10:45:00+0000,0.675,-0.007,0.668,15,15,1.0,VALID
7,2018-08-25 11:00:00+0000,0.671,-0.007,0.664,15,15,1.0,VALID
7,2018-08-25 11:15:00+0000,0.758,-0.007,0.751,15,15,1.0,VALID
7,2018-08-25 11:30:00+0000,0.681,-0.007,0.674,15,15,1.0,VALID
7,2018-08-25 11:45:00+0000,0.656,-0.007,0.649,15,15,1.0,VALID
7,2018-08-25 12:00:00+0000,0.706,-0.037,0.668,15,15,1.0,VALID
7,2018-08-25 12:15:00+0000,0.678,-0.017,0.661,15,15,1.0,VALID
7,2018-08-25 12:30:00+0000,0.799,0.001,0.8,15,15,1.0,VALID
7,2018-08-25 12:45:00+0000,4.32,0.186,4.506,15,15,1.0,VALID
7,2018-08-25 13:00:00+0000,2.02,0.224,2.244,15,15,1.0,VALID
7,2018-08-25 13:15:00+0000,0.48,0.146,0.626,15,15,1.0,VALID
7,2018-08-25 13:30:00+0000,0.482,0.277,0.758,15,15,1.0,VALID
7,2018-08-25 13:45:00+0000,0.471,0.363,0.834,15,15,1.0,VALID
7,2018-08-25 14:00:00+0000,0.447,0.427,0.874,15,15,1.0,VALID
7,2018-08-25 14:15:00+0000,0.436,0.585,1.021,15,15,1.0,VALID
7,2018-08-25 14:30:00+0000,4.257,0.645,4.902,15,15,1.0,VALID
7,2018-08-25 14:45:00+0000,2.465,0.652,3.116,15,15,1.0,VALID
7,2018-08-25 15:00:00+0000,0.198,0.72,0.918,15,15,1.0,VALID
7,2018-08-25 15:15:00+0000,-0.093,0.971,0.877,15,15,1.0,VALID
7,2018-08-25 15:30:00+0000,-0.49,1.405,0.915,15,15,1.0,VALID
7,2018-08-25 15:45:00+0000,2.83,1.673,4.503,15,15,1.0,VALID
7,2018-08-25 16:00:00+0000,3.48,1.851,5.331,15,15,1.0,VALID
7,2018-08-25 16:15:00+0000,3.463,2.157,5.619,15,15,1.0,VALID
7,2018-08-25 16:30:00+0000,3.421,2.221,5.641,15,15,1.0,VALID
7,2018-08-25 16:45:00+0000,3.199,2.438,5.637,15,15,1.0,VALID
7,2018-08-25 17:00:00+0000,4.25,1.718,5.968,15,15,1.0,VALID
7,2018-08-25 17:15:00+0000,3.296,2.647,5.943,15,15,1.0,VALID
7,2018-08-25 17:30:00+0000,2.78,2.791,5.571,15,15,1.0,VALID
7,2018-08-25 17:45:00+0000,2.433,3.112,5.544,15,15,1.0,VALID
7,2018-08-25 18:00:00+0000,2.237,3.2,5.437,15,15,1.0,VALID
7,2018-08-25 18:15:00+0000,0.801,2.981,3.782,15,15,1.0,VALID
7,2018-08-25 18:30:00+0000,-0.869,3.138,2.27,15,15,1.0,VALID
7,2018-08-25 18:45:00+0000,1.348,3.44,4.788,15,15,1.0,VALID
7,2018-08-25 19:00:00+0000,-1.543,3.497,1.954,15,15,1.0,VALID
7,2018-08-25 19:15:00+0000,1.67,3.613,5.283,15,15,1.0,VALID
7,2018-08-25 19:30:00+0000,-1.703,3.564,1.862,15,15,1.0,VALID
7,2018-08-25 19:45:00+0000,1.715,3.611,5.326,15,15,1.0,VALID
7,2018-08-25 20:00:00+0000,-1.529,3.439,1.91,15,15,1.0,VALID
7,2018-08-25 20:15:00+0000,2.426,3.435,5.861,15,15,1.0,VALID
7,2018-08-25 20:30:00+0000,4.37,2.41,6.78,15,15,1.0,VALID
7,2018-08-25 20:45:00+0000,3.617,2.565,6.182,15,15,1.0,VALID
7,2018-08-25 21:00:00+0000,4.041,2.726,6.767,15,15,1.0,VALID
7,2018-08-25 21:15:00+0000,2.221,3.467,5.688,15,15,1.0,VALID
7,2018-08-25 21:30:00+0000,3.987,1.808,5.795,15,15,1.0,VALID
7,2018-08-25 21:45:00+0000,3.37,2.165,5.534,15,15,1.0,VALID
7,2018-08-25 22:00:00+0000,2.961,2.457,5.419,15,15,1.0,VALID
7,2018-08-25 22:15:00+0000,3.033,2.41,5.444,15,15,1.0,VALID
7,2018-08-25 22:30:00+0000,3.776,1.642,5.418,15,15,1.0,VALID
7,2018-08-25 22:45:00+0000,3.266,2.08,5.346,15,15,1.0,VALID
7,2018-08-25 23:00:00+0000,4.132,1.319,5.451,15,15,1.0,VALID
7,2018-08-25 23:15:00+0000,4.353,1.44,5.793,15,15,1.0,VALID
7,2018-08-25 23:30:00+0000,3.319,1.274,4.592,15,15,1.0,VALID
7,2018-08-25 23:45:00+0000,4.103,1.202,5.305,15,15,1.0,VALID
7,2018-08-26 00:00:00+0000,,,,1,15,0.067,MISSING
8,2018-08-23 00:00:00+0000,2.011,0.433,2.444,15,15,1.0,VALID
8,2018-08-23 00:15:00+0000,3.66,0.261,3.921,15,15,1.0,VALID
8,2018-08-23 00:30:00+0000,2.426,0.116,2.543,15,15,1.0,VALID
8,2018-08-23 00:45:00+0000,2.185,0.015,2.2,15,15,1.0,VALID
8,2018-08-23 01:00:00+0000,4.287,-0.033,4.254,15,15,1.0,VALID
8,2018-08-23 01:15:00+0000,4.186,-0.025,4.161,15,15,1.0,VALID
8,2018-08-23 01:30:00+0000,4.19,-0.009,4.181,15,15,1.0,VALID
8,2018-08-23 01:45:00+0000,4.114,-0.009,4.105,15,15,1.0,VALID
8,2018-08-23 02:00:00+0000,4.143,-0.009,4.134,15,15,1.0,VALID
8,2018-08-23 02:15:00+0000,3.998,-0.009,3.989,15,15,1.0,VALID
8,2018-08-23 02:30:00+0000,3.957,-0.008,3.949,15,15,1.0,VALID
8,2018-08-23 02:45:00+0000,3.91,-0.008,3.902,15,15,1.0,VALID
8,2018-08-23 03:00:00+0000,3.915,-0.008,3.907,15,15,1.0,VALID
8,2018-08-23 03:15:00+0000,4.007,-0.009,3.998,15,15,1.0,VALID
8,2018-08-23 03:30:00+0000,3.867,-0.008,3.859,15,15,1.0,VALID
8,2018-08-23 03:45:00+0000,3.87,-0.008,3.862,15,15,1.0,VALID
8,2018-08-23 04:00:00+0000,3.857,-0.008,3.849,15,15,1.0,VALID
8,2018-08-23 04:15:00+0000,3.869,-0.008,3.86,15,15,1.0,VALID
8,2018-08-23 04:30:00+0000,3.865,-0.008,3.857,15,15,1.0,VALID
8,2018-08-23 04:45:00+0000,3.778,-0.008,3.77,15,15,1.0,VALID
8,2018-08-23 05:00:00+0000,2.07,-0.006,2.064,15,15,1.0,VALID
8,2018-08-23 05:15:00+0000,3.746,-0.008,3.738,15,15,1.0,VALID
8,2018-08-23 05:30:00+0000,2.302,-0.006,2.295,15,15,1.0,VALID
8,2018-08-23 05:45:00+0000,3.094,-0.007,3.086,15,15,1.0,VALID
8,2018-08-23 06:00:00+0000,2.835,-0.007,2.828,15,15,1.0,VALID
8,2018-08-23 06:15:00+0000,2.027,-0.006,2.021,15,15,1.0,VALID
8,2018-08-23 06:30:00+0000,3.464,-0.008,3.456,15,15,1.0,VALID
8,2018-08-23 06:45:00+0000,2.194,-0.006,2.188,15,15,1.0,VALID
8,2018-08-23 07:00:00+0000,1.929,-0.006,1.923,15,15,1.0,VALID
8,2018-08-23 07:15:00+0000,2.601,-0.007,2.594,15,15,1.0,VALID
8,2018-08-23 07:30:00+0000,2.711,-0.007,2.704,15,15,1.0,VALID
8,2018-08-23 07:45:00+0000,1.702,-0.006,1.696,15,15,1.0,VALID
8,2018-08-23 08:00:00+0000,1.7,-0.006,1.695,15,15,1.0,VALID
8,2018-08-23 08:15:00+0000,2.465,-0.007,2.458,15,15,1.0,VALID
8,2018-08-23 08:30:00+0000,4.877,-0.01,4.867,15,15,1.0,VALID
8,2018-08-23 08:45:00+0000,5.346,-0.011,5.335,15,15,1.0,VALID
8,2018-08-23 09:00:00+0000,5.11,-0.011,5.099,15,15,1.0,VALID
8,2018-08-23 09:15:00+0000,5.925,-0.011,5.913,15,15,1.0,VALID
8,2018-08-23 09:30:00+0000,3.35,-0.008,3.342,15,15,1.0,VALID
8,2018-08-23 09:45:00+0000,1.091,-0.005,1.085,15,15,1.0,VALID
8,2018-08-23 10:00:00+0000,1.363,-0.006,1.358,15,15,1.0,VALID
8,2018-08-23 10:15:00+0000,2.229,-0.007,2.222,15,15,1.0,VALID
8,2018-08-23 10:30:00+0000,0.186,-0.005,0.181,15,15,1.0,VALID
8,2018-08-23 10:45:00+0000,0.255,-0.005,0.25,15,15,1.0,VALID
8,2018-08-23 11:00:00+0000,0.26,-0.005,0.255,15,15,1.0,VALID
8,2018-08-23 11:15:00+0000,0.606,-0.005,0.601,15,15,1.0,VALID
8,2018-08-23 11:30:00+0000,0.37,-0.005,0.365,15,15,1.0,VALID
8,2018-08-23 11:45:00+0000,0.22,-0.004,0.216,15,15,1.0,VALID
8,2018-08-23 12:00:00+0000,0.202,-0.008,0.193,15,15,1.0,VALID
8,2018-08-23 12:15:00+0000,0.146,0.036,0.182,15,15,1.0,VALID
8,2018-08-23 12:30:00+0000,0.08,0.101,0.181,15,15,1.0,VALID
8,2018-08-23 12:45:00+0000,0.018,0.164,0.181,15,15,1.0,VALID
8,2018-08-23 13:00:00+0000,-0.082,0.246,0.164,15,15,1.0,VALID
8,2018-08-23 13:15:00+0000,0.068,0.375,0.443,15,15,1.0,VALID
8,2018-08-23 13:30:00+0000,-0.31,0.538,0.228,15,15,1.0,VALID
8,2018-08-23 13:45:00+0000,-0.279,0.709,0.43,15,15,1.0,VALID
8,2018-08-23 14:00:00+0000,-0.604,0.899,0.295,15,15,1.0,VALID
8,2018-08-23 14:15:00+0000,-0.764,1.103,0.339,15,15,1.0,VALID
8,2018-08-23 14:30:00+0000,2.499,1.328,3.827,15,15,1.0,VALID
8,2018-08-23 14:45:00+0000,1.328,1.527,2.855,15,15,1.0,VALID
8,2018-08-23 15:00:00+0000,-0.327,1.729,1.402,15,15,1.0,VALID
8,2018-08-23 15:15:00+0000,-1.731,1.972,0.24,15,15,1.0,VALID
8,2018-08-23 15:30:00+0000,-2.179,2.278,0.098,15,15,1.0,VALID
8,2018-08-23 15:45:00+0000,-2.289,2.449,0.16,15,15,1.0,VALID
8,2018-08-23 16:00:00+0000,-2.389,2.567,0.179,15,15,1.0,VALID
8,2018-08-23 16:15:00+0000,-2.292,2.72,0.427,15,15,1.0,VALID
8,2018-08-23 16:30:00+0000,0.691,3.007,3.698,15,15,1.0,VALID
8,2018-08-23 16:45:00+0000,-2.336,3.171,0.835,15,15,1.0,VALID
8,2018-08-23 17:00:00+0000,-3.027,3.373,0.346,15,15,1.0,VALID
8,2018-08-23 17:15:00+0000,-1.643,3.491,1.849,15,15,1.0,VALID
8,2018-08-23 17:30:00+0000,0.451,3.574,4.025,15,15,1.0,VALID
8,2018-08-23 17:45:00+0000,-2.236,3.679,1.443,15,15,1.0,VALID
8,2018-08-23 18:00:00+0000,-3.269,3.74,0.471,15,15,1.0,VALID
8,2018-08-23 18:15:00+0000,-1.863,3.797,1.934,15,15,1.0,VALID
8,2018-08-23 18:30:00+0000,-0.45,3.802,3.352,15,15,1.0,VALID
8,2018-08-23 18:45:00+0000,-0.912,3.824,2.911,15,15,1.0,VALID
8,2018-08-23 19:00:00+0000,0.514,3.842,4.356,15,15,1.0,VALID
8,2018-08-23 19:15:00+0000,-0.809,3.818,3.009,15,15,1.0,VALID
8,2018-08-23 19:30:00+0000,0.432,3.813,4.245,15,15,1.0,VALID
8,2018-08-23 19:45:00+0000,-0.643,3.692,3.049,15,15,1.0,VALID
8,2018-08-23 20:00:00+0000,0.003,3.681,3.684,15,15,1.0,VALID
8,2018-08-23 20:15:00+0000,1.857,3.633,5.49,15,15,1.0,VALID
8,2018-08-23 20:30:00+0000,1.484,3.517,5.001,15,15,1.0,VALID
8,2018-08-23 20:45:00+0000,0.752,3.377,4.129,15,15,1.0,VALID
8,2018-08-23 21:00:00+0000,3.82,3.33,7.15,15,15,1.0,VALID
8,2018-08-23 21:15:00+0000,4.331,2.971,7.302,15,15,1.0,VALID
8,2018-08-23 21:30:00+0000,1.623,3.072,4.695,15,15,1.0,VALID
8,2018-08-23 21:45:00+0000,1.745,2.932,4.677,15,15,1.0,VALID
8,2018-08-23 22:00:00+0000,2.964,2.41,5.375,15,15,1.0,VALID
8,2018-08-23 22:15:00+0000,0.356,2.679,3.034,15,15,1.0,VALID
8,2018-08-23 22:30:00+0000,2.361,1.9,4.261,15,15,1.0,VALID
8,2018-08-23 22:45:00+0000,0.489,1.319,1.808,15,15,1.0,VALID
8,2018-08-23 23:00:00+0000,2.276,0.705,2.981,15,15,1.0,VALID
8,2018-08-23 23:15:00+0000,2.836,1.042,3.878,15,15,1.0,VALID
8,2018-08-23 23:30:00+0000,2.863,0.664,3.527,15,15,1.0,VALID
8,2018-08-23 23:45:00+0000,2.49,0.434,2.924,15,15,1.0,VALID
8,2018-08-24 00:00:00+0000,2.306,0.358,2.664,15,15,1.0,VALID
8,2018-08-24 00:15:00+0000,3.91,0.172,4.083,15,15,1.0,VALID
8,2018-08-24 00:30:00+0000,2.195,0.093,2.288,15,15,1.0,VALID
8,2018-08-24 00:45:00+0000,2.54,0.009,2.549,15,15,1.0,VALID
8,2018-08-24 01:00:00+0000,4.061,-0.033,4.028,15,15,1.0,VALID
8,2018-08-24 01:15:00+0000,2.537,-0.02,2.517,15,15,1.0,VALID
8,2018-08-24 01:30:00+0000,2.888,-0.008,2.881,15,15,1.0,VALID
8,2018-08-24 01:45:00+0000,4.126,-0.009,4.117,15,15,1.0,VALID
8,2018-08-24 02:00:00+0000,4.049,-0.009,4.04,15,15,1.0,VALID
8,2018-08-24 02:15:00+0000,2.464,-0.007,2.457,15,15,1.0,VALID
8,2018-08-24 02:30:00+0000,2.802,-0.008,2.794,15,15,1.0,VALID
8,2018-08-24 02:45:00+0000,1.192,-0.006,1.186,15,15,1.0,VALID
8,2018-08-24 03:00:00+0000,1.735,-0.006,1.729,15,15,1.0,VALID
8,2018-08-24 03:15:00+0000,2.38,-0.006,2.374,15,15,1.0,VALID
8,2018-08-24 03:30:00+0000,1.189,-0.005,1.184,15,15,1.0,VALID
8,2018-08-24 03:45:00+0000,1.274,-0.005,1.269,15,15,1.0,VALID
8,2018-08-24 04:00:00+0000,2.082,-0.006,2.076,15,15,1.0,VALID
8,2018-08-24 04:15:00+0000,1.798,-0.006,1.792,15,15,1.0,VALID
8,2018-08-24 04:30:00+0000,0.537,-0.004,0.532,15,15,1.0,VALID
8,2018-08-24 04:45:00+0000,2.092,-0.006,2.086,15,15,1.0,VALID
8,2018-08-24 05:00:00+0000,1.614,-0.006,1.609,15,15,1.0,VALID
8,2018-08-24 05:15:00+0000,0.511,-0.004,0.507,15,15,1.0,VALID
8,2018-08-24 05:30:00+0000,1.884,-0.006,1.878,15,15,1.0,VALID
8,2018-08-24 05:45:00+0000,1.377,-0.005,1.372,15,15,1.0,VALID
8,2018-08-24 06:00:00+0000,0.724,-0.005,0.72,15,15,1.0,VALID
8,2018-08-24 06:15:00+0000,1.768,-0.006,1.762,15,15,1.0,VALID
8,2018-08-24 06:30:00+0000,0.887,-0.005,0.882,15,15,1.0,VALID
8,2018-08-24 06:45:00+0000,1.059,-0.005,1.053,15,15,1.0,VALID
8,2018-08-24 07:00:00+0000,1.631,-0.006,1.625,15,15,1.0,VALID
8,2018-08-24 07:15:00+0000,0.141,-0.004,0.137,15,15,1.0,VALID
8,2018-08-24 07:30:00+0000,1.533,-0.006,1.527,15,15,1.0,VALID
8,2018-08-24 07:45:00+0000,1.184,-0.006,1.178,15,15,1.0,VALID
8,2018-08-24 08:00:00+0000,0.594,-0.005,0.589,15,15,1.0,VALID
8,2018-08-24 08:15:00+0000,1.615,-0.006,1.608,15,15,1.0,VALID
8,2018-08-24 08:30:00+0000,0.189,-0.004,0.185,15,15,1.0,VALID
8,2018-08-24 08:45:00+0000,1.575,-0.006,1.569,15,15,1.0,VALID
8,2018-08-24 09:00:00+0000,0.189,-0.005,0.184,15,15,1.0,VALID
8,2018-08-24 09:15:00+0000,2.801,-0.008,2.794,15,15,1.0,VALID
8,2018-08-24 09:30:00+0000,2.287,-0.007,2.28,15,15,1.0,VALID
8,2018-08-24 09:45:00+0000,2.64,-0.007,2.633,15,15,1.0,VALID
8,2018-08-24 10:00:00+0000,0.191,-0.004,0.187,15,15,1.0,VALID
8,2018-08-24 10:15:00+0000,0.347,-0.005,0.342,15,15,1.0,VALID
8,2018-08-24 10:30:00+0000,1.392,-0.006,1.386,15,15,1.0,VALID
8,2018-08-24 10:45:00+0000,0.268,-0.005,0.263,15,15,1.0,VALID
8,2018-08-24 11:00:00+0000,1.656,-0.006,1.649,15,15,1.0,VALID
8,2018-08-24 11:15:00+0000,0.383,-0.005,0.378,15,15,1.0,VALID
8,2018-08-24 11:30:00+0000,0.784,-0.005,0.779,15,15,1.0,VALID
8,2018-08-24 11:45:00+0000,0.983,-0.006,0.978,15,15,1.0,VALID
8,2018-08-24 12:00:00+0000,0.251,-0.011,0.241,15,15,1.0,VALID
8,2018-08-24 12:15:00+0000,1.37,0.025,1.395,15,15,1.0,VALID
8,2018-08-24 12:30:00+0000,0.02,0.107,0.127,15,15,1.0,VALID
8,2018-08-24 12:45:00+0000,-0.0,0.194,0.194,15,15,1.0,VALID
8,2018-08-24 13:00:00+0000,-0.191,0.376,0.185,15,15,1.0,VALID
8,2018-08-24 13:15:00+0000,-0.265,0.444,0.179,15,15,1.0,VALID
8,2018-08-24 13:30:00+0000,-0.327,0.608,0.281,15,15,1.0,VALID
8,2018-08-24 13:45:00+0000,-0.321,0.817,0.496,15,15,1.0,VALID
8,2018-08-24 14:00:00+0000,-0.308,0.804,0.496,15,15,1.0,VALID
8,2018-08-24 14:15:00+0000,0.076,1.082,1.158,15,15,1.0,VALID
8,2018-08-24 14:30:00+0000,-0.532,1.421,0.889,15,15,1.0,VALID
8,2018-08-24 14:45:00+0000,-0.997,1.616,0.619,15,15,1.0,VALID
8,2018-08-24 15:00:00+0000,-0.8,1.763,0.963,15,15,1.0,VALID
8,2018-08-24 15:15:00+0000,-1.481,2.007,0.526,15,15,1.0,VALID
8,2018-08-24 15:30:00+0000,-1.83,2.36,0.529,15,15,1.0,VALID
8,2018-08-24 15:45:00+0000,-2.109,2.52,0.411,15,15,1.0,VALID
8,2018-08-24 16:00:00+0000,-2.577,2.738,0.161,15,15,1.0,VALID
8,2018-08-24 16:15:00+0000,-2.819,2.975,0.156,15,15,1.0,VALID
8,2018-08-24 16:30:00+0000,-3.018,3.137,0.119,15,15,1.0,VALID
8,2018-08-24 16:45:00+0000,-3.18,3.296,0.116,15,15,1.0,VALID
8,2018-08-24 17:00:00+0000,-2.867,3.461,0.594,15,15,1.0,VALID
8,2018-08-24 17:15:00+0000,-1.427,3.585,2.158,15,15,1.0,VALID
8,2018-08-24 17:30:00+0000,-2.878,3.697,0.819,15,15,1.0,VALID
8,2018-08-24 17:45:00+0000,-2.116,3.793,1.677,15,15,1.0,VALID
8,2018-08-24 18:00:00+0000,-2.188,3.868,1.68,15,15,1.0,VALID
8,2018-08-24 18:15:00+0000,-3.644,3.906,0.262,15,15,1.0,VALID
8,2018-08-24 18:30:00+0000,-2.146,3.93,1.783,15,15,1.0,VALID
8,2018-08-24 18:45:00+0000,-2.802,3.957,1.155,15,15,1.0,VALID
8,2018-08-24 19:00:00+0000,-3.053,3.966,0.913,15,15,1.0,VALID
8,2018-08-24 19:15:00+0000,-1.975,3.989,2.014,15,15,1.0,VALID
8,2018-08-24 19:30:00+0000,-2.148,3.974,1.826,15,15,1.0,VALID
8,2018-08-24 19:45:00+0000,-1.92,3.902,1.983,15,15,1.0,VALID
8,2018-08-24 20:00:00+0000,-1.235,3.856,2.621,15,15,1.0,VALID
8,2018-08-24 20:15:00+0000,-1.737,3.762,2.025,15,15,1.0,VALID
8,2018-08-24 20:30:00+0000,-1.384,3.667,2.283,15,15,1.0,VALID
8,2018-08-24 20:45:00+0000,-1.175,3.536,2.361,15,15,1.0,VALID
8,2018-08-24 21:00:00+0000,1.307,3.429,4.737,15,15,1.0,VALID
8,2018-08-24 21:15:00+0000,1.313,3.319,4.632,15,15,1.0,VALID
8,2018-08-24 21:30:00+0000,1.572,3.144,4.716,15,15,1.0,VALID
8,2018-08-24 21:45:00+0000,1.959,2.968,4.927,15,15,1.0,VALID
8,2018-08-24 22:00:00+0000,0.712,2.765,3.477,15,15,1.0,VALID
8,2018-08-24 22:15:00+0000,1.436,2.569,4.004,15,15,1.0,VALID
8,2018-08-24 22:30:00+0000,0.546,2.344,2.89,15,15,1.0,VALID
8,2018-08-24 22:45:00+0000,1.544,2.086,3.629,15,15,1.0,VALID
8,2018-08-24 23:00:00+0000,1.156,1.848,3.004,15,15,1.0,VALID
8,2018-08-24 23:15:00+0000,1.421,1.575,2.996,15,15,1.0,VALID
8,2018-08-24 23:30:00+0000,2.661,1.217,3.878,15,15,1.0,VALID
8,2018-08-24 23:45:00+0000,2.824,0.63,3.455,15,15,1.0,VALID
8,2018-08-25 00:00:00+0000,2.331,0.365,2.696,15,15,1.0,VALID
8,2018-08-25 00:15:00+0000,3.758,0.16,3.918,15,15,1.0,VALID
8,2018-08-25 00:30:00+0000,2.451,0.08,2.531,15,15,1.0,VALID
8,2018-08-25 00:45:00+0000,2.186,0.011,2.197,15,15,1.0,VALID
8,2018-08-25 01:00:00+0000,2.623,-0.033,2.59,15,15,1.0,VALID
8,2018-08-25 01:15:00+0000,2.776,-0.016,2.76,15,15,1.0,VALID
8,2018-08-25 01:30:00+0000,2.781,-0.008,2.773,15,15,1.0,VALID
8,2018-08-25 01:45:00+0000,2.774,-0.007,2.766,15,15,1.0,VALID
8,2018-08-25 02:00:00+0000,2.336,-0.007,2.329,15,15,1.0,VALID
8,2018-08-25 02:15:00+0000,2.094,-0.007,2.088,15,15,1.0,VALID
8,2018-08-25 02:30:00+0000,1.761,-0.006,1.755,15,15,1.0,VALID
8,2018-08-25 02:45:00+0000,3.042,-0.008,3.034,15,15,1.0,VALID
8,2018-08-25 03:00:00+0000,2.502,-0.007,2.495,15,15,1.0,VALID
8,2018-08-25 03:15:00+0000,1.255,-0.005,1.25,15,15,1.0,VALID
8,2018-08-25 03:30:00+0000,1.777,-0.006,1.771,15,15,1.0,VALID
8,2018-08-25 03:45:00+0000,2.373,-0.006,2.366,15,15,1.0,VALID
8,2018-08-25 04:00:00+0000,1.666,-0.006,1.661,15,15,1.0,VALID
8,2018-08-25 04:15:00+0000,0.787,-0.005,0.782,15,15,1.0,VALID
8,2018-08-25 04:30:00+0000,2.49,-0.006,2.484,15,15,1.0,VALID
8,2018-08-25 04:45:00+0000,2.231,-0.006,2.225,15,15,1.0,VALID
8,2018-08-25 05:00:00+0000,0.484,-0.005,0.479,15,15,1.0,VALID
8,2018-08-25 05:15:00+0000,2.261,-0.007,2.254,15,15,1.0,VALID
8,2018-08-25 05:30:00+0000,1.633,-0.006,1.627,15,15,1.0,VALID
8,2018-08-25 05:45:00+0000,0.545,-0.005,0.539,15,15,1.0,VALID
8,2018-08-25 06:00:00+0000,1.852,-0.006,1.846,15,15,1.0,VALID
8,2018-08-25 06:15:00+0000,1.44,-0.006,1.434,15,15,1.0,VALID
8,2018-08-25 06:30:00+0000,0.619,-0.005,0.614,15,15,1.0,VALID
8,2018-08-25 06:45:00+0000,1.688,-0.006,1.682,15,15,1.0,VALID
8,2018-08-25 07:00:00+0000,0.889,-0.006,0.884,15,15,1.0,VALID
8,2018-08-25 07:15:00+0000,0.99,-0.006,0.984,15,15,1.0,VALID
8,2018-08-25 07:30:00+0000,1.666,-0.006,1.66,15,15,1.0,VALID
8,2018-08-25 07:45:00+0000,0.198,-0.005,0.193,15,15,1.0,VALID
8,2018-08-25 08:00:00+0000,1.628,-0.006,1.622,15,15,1.0,VALID
8,2018-08-25 08:15:00+0000,0.21,-0.005,0.205,15,15,1.0,VALID
8,2018-08-25 08:30:00+0000,1.577,-0.006,1.57,15,15,1.0,VALID
8,2018-08-25 08:45:00+0000,0.293,-0.005,0.288,15,15,1.0,VALID
8,2018-08-25 09:00:00+0000,1.287,-0.006,1.281,15,15,1.0,VALID
8,2018-08-25 09:15:00+0000,0.193,-0.005,0.188,15,15,1.0,VALID
8,2018-08-25 09:30:00+0000,1.502,-0.006,1.496,15,15,1.0,VALID
8,2018-08-25 09:45:00+0000,0.199,-0.005,0.194,15,15,1.0,VALID
8,2018-08-25 10:00:00+0000,1.577,-0.006,1.571,15,15,1.0,VALID
8,2018-08-25 10:15:00+0000,0.208,-0.005,0.203,15,15,1.0,VALID
8,2018-08-25 10:30:00+0000,1.463,-0.006,1.457,15,15,1.0,VALID
8,2018-08-25 10:45:00+0000,0.344,-0.005,0.339,15,15,1.0,VALID
8,2018-08-25 11:00:00+0000,0.282,-0.005,0.276,15,15,1.0,VALID
8,2018-08-25 11:15:00+0000,1.467,-0.006,1.46,15,15,1.0,VALID
8,2018-08-25 11:30:00+0000,1.519,-0.006,1.512,15,15,1.0,VALID
8,2018-08-25 11:45:00+0000,5.399,-0.011,5.388,15,15,1.0,VALID
8,2018-08-25 12:00:00+0000,1.892,-0.014,1.878,15,15,1.0,VALID
8,2018-08-25 12:15:00+0000,0.967,0.024,0.991,15,15,1.0,VALID
8,2018-08-25 12:30:00+0000,0.936,0.119,1.055,15,15,1.0,VALID
8,2018-08-25 12:45:00+0000,0.063,0.293,0.357,15,15,1.0,VALID
8,2018-08-25 13:00:00+0000,0.291,0.333,0.624,15,15,1.0,VALID
8,2018-08-25 13:15:00+0000,0.253,0.233,0.487,15,15,1.0,VALID
8,2018-08-25 13:30:00+0000,0.152,0.391,0.543,15,15,1.0,VALID
8,2018-08-25 13:45:00+0000,-0.149,0.624,0.475,15,15,1.0,VALID
8,2018-08-25 14:00:00+0000,-0.524,0.77,0.246,15,15,1.0,VALID
8,2018-08-25 14:15:00+0000,-0.742,0.932,0.19,15,15,1.0,VALID
8,2018-08-25 14:30:00+0000,-0.89,1.132,0.241,15,15,1.0,VALID
8,2018-08-25 14:45:00+0000,-0.795,1.651,0.856,15,15,1.0,VALID
8,2018-08-25 15:00:00+0000,-0.682,1.722,1.039,15,15,1.0,VALID
8,2018-08-25 15:15:00+0000,-1.876,2.073,0.197,15,15,1.0,VALID
8,2018-08-25 15:30:00+0000,-0.865,2.405,1.54,15,15,1.0,VALID
8,2018-08-25 15:45:00+0000,-2.276,2.479,0.203,15,15,1.0,VALID
8,2018-08-25 16:00:00+0000,-1.845,2.817,0.972,15,15,1.0,VALID
8,2018-08-25 16:15:00+0000,-2.361,3.223,0.862,15,15,1.0,VALID
8,2018-08-25 16:30:00+0000,-2.072,3.201,1.129,15,15,1.0,VALID
8,2018-08-25 16:45:00+0000,-2.49,3.374,0.884,15,15,1.0,VALID
8,2018-08-25 17:00:00+0000,-0.159,2.288,2.13,15,15,1.0,VALID
8,2018-08-25 17:15:00+0000,-3.165,3.504,0.339,15,15,1.0,VALID
8,2018-08-25 17:30:00+0000,-1.056,3.572,2.516,15,15,1.0,VALID
8,2018-08-25 17:45:00+0000,-1.409,3.885,2.476,15,15,1.0,VALID
8,2018-08-25 18:00:00+0000,-3.011,3.918,0.907,15,15,1.0,VALID
8,2018-08-25 18:15:00+0000,-1.472,3.523,2.051,15,15,1.0,VALID
8,2018-08-25 18:30:00+0000,-1.179,3.579,2.4,15,15,1.0,VALID
8,2018-08-25 18:45:00+0000,-1.858,3.985,2.127,15,15,1.0,VALID
8,2018-08-25 19:00:00+0000,-2.939,3.977,1.038,15,15,1.0,VALID
8,2018-08-25 19:15:00+0000,-1.968,4.03,2.062,15,15,1.0,VALID
8,2018-08-25 19:30:00+0000,-1.414,3.921,2.508,15,15,1.0,VALID
8,2018-08-25 19:45:00+0000,-1.738,3.882,2.144,15,15,1.0,VALID
8,2018-08-25 20:00:00+0000,-1.913,3.518,1.605,15,15,1.0,VALID
8,2018-08-25 20:15:00+0000,-2.091,3.607,1.517,15,15,1.0,VALID
8,2018-08-25 20:30:00+0000,0.048,2.48,2.528,15,15,1.0,VALID
8,2018-08-25 20:45:00+0000,-0.027,2.594,2.567,15,15,1.0,VALID
8,2018-08-25 21:00:00+0000,-0.799,2.991,2.191,15,15,1.0,VALID
8,2018-08-25 21:15:00+0000,-1.61,3.253,1.644,15,15,1.0,VALID
8,2018-08-25 21:30:00+0000,-0.158,1.851,1.693,15,15,1.0,VALID
8,2018-08-25 21:45:00+0000,1.099,2.167,3.266,15,15,1.0,VALID
8,2018-08-25 22:00:00+0000,0.913,2.462,3.374,15,15,1.0,VALID
8,2018-08-25 22:15:00+0000,0.111,2.348,2.459,15,15,1.0,VALID
8,2018-08-25 22:30:00+0000,0.702,1.41,2.112,15,15,1.0,VALID
8,2018-08-25 22:45:00+0000,0.614,1.657,2.271,15,15,1.0,VALID
8,2018-08-25 23:00:00+0000,2.154,1.012,3.165,15,15,1.0,VALID
8,2018-08-25 23:15:00+0000,2.239,1.139,3.379,15,15,1.0,VALID
8,2018-08-25 23:30:00+0000,1.362,1.044,2.406,15,15,1.0,VALID
8,2018-08-25 23:45:00+0000,1.387,0.62,2.007,15,15,1.0,VALID
8,2018-08-26 00:00:00+0000,,,,1,15,0.067,MISSING
9,2018-08-23 00:00:00+0000,2.737,0.821,3.558,15,15,1.0,VALID
9,2018-08-23 00:15:00+0000,1.864,0.497,2.361,15,15,1.0,VALID
9,2018-08-23 00:30:00+0000,4.655,0.15,4.805,15,15,1.0,VALID
9,2018-08-23 00:45:00+0000,4.227,0.032,4.259,15,15,1.0,VALID
9,2018-08-23 01:00:00+0000,1.997,-0.004,1.993,15,15,1.0,VALID
9,2018-08-23 01:15:00+0000,3.671,-0.007,3.665,15,15,1.0,VALID
9,2018-08-23 01:30:00+0000,4.02,-0.007,4.013,15,15,1.0,VALID
9,2018-08-23 01:45:00+0000,2.241,-0.004,2.237,15,15,1.0,VALID
9,2018-08-23 02:00:00+0000,3.461,-0.006,3.455,15,15,1.0,VALID
9,2018-08-23 02:15:00+0000,2.807,-0.005,2.802,15,15,1.0,VALID
9,2018-08-23 02:30:00+0000,2.051,-0.004,2.047,15,15,1.0,VALID
9,2018-08-23 02:45:00+0000,4.235,-0.007,4.227,15,15,1.0,VALID
9,2018-08-23 03:00:00+0000,1.783,-0.004,1.78,15,15,1.0,VALID
9,2018-08-23 03:15:00+0000,2.822,-0.005,2.817,15,15,1.0,VALID
9,2018-08-23 03:30:00+0000,3.66,-0.006,3.654,15,15,1.0,VALID
9,2018-08-23 03:45:00+0000,1.163,-0.003,1.161,15,15,1.0,VALID
9,2018-08-23 04:00:00+0000,4.418,-0.008,4.41,15,15,1.0,VALID
9,2018-08-23 04:15:00+0000,1.251,-0.003,1.248,15,15,1.0,VALID
9,2018-08-23 04:30:00+0000,2.772,-0.005,2.767,15,15,1.0,VALID
9,2018-08-23 04:45:00+0000,2.589,-0.005,2.584,15,15,1.0,VALID
9,2018-08-23 05:00:00+0000,1.894,-0.004,1.89,15,15,1.0,VALID
9,2018-08-23 05:15:00+0000,3.75,-0.007,3.743,15,15,1.0,VALID
9,2018-08-23 05:30:00+0000,1.217,-0.003,1.214,15,15,1.0,VALID
9,2018-08-23 05:45:00+0000,2.028,-0.004,2.024,15,15,1.0,VALID
9,2018-08-23 06:00:00+0000,2.845,-0.005,2.84,15,15,1.0,VALID
9,2018-08-23 06:15:00+0000,1.687,-0.003,1.683,15,15,1.0,VALID
9,2018-08-23 06:30:00+0000,4.031,-0.007,4.024,15,15,1.0,VALID
9,2018-08-23 06:45:00+0000,0.672,-0.002,0.67,15,15,1.0,VALID
9,2018-08-23 07:00:00+0000,2.717,-0.005,2.712,15,15,1.0,VALID
9,2018-08-23 07:15:00+0000,1.262,-0.003,1.259,15,15,1.0,VALID
9,2018-08-23 07:30:00+0000,1.624,-0.004,1.62,15,15,1.0,VALID
9,2018-08-23 07:45:00+0000,2.603,-0.005,2.598,15,15,1.0,VALID
9,2018-08-23 08:00:00+0000,0.886,-0.002,0.883,15,15,1.0,VALID
9,2018-08-23 08:15:00+0000,3.408,-0.006,3.402,15,15,1.0,VALID
9,2018-08-23 08:30:00+0000,0.66,-0.002,0.658,15,15,1.0,VALID
9,2018-08-23 08:45:00+0000,3.333,-0.006,3.327,15,15,1.0,VALID
9,2018-08-23 09:00:00+0000,0.834,-0.002,0.831,15,15,1.0,VALID
9,2018-08-23 09:15:00+0000,2.203,-0.004,2.198,15,15,1.0,VALID
9,2018-08-23 09:30:00+0000,1.628,-0.004,1.624,15,15,1.0,VALID
9,2018-08-23 09:45:00+0000,0.659,-0.003,0.657,15,15,1.0,VALID
9,2018-08-23 10:00:00+0000,3.514,-0.006,3.507,15,15,1.0,VALID
9,2018-08-23 10:15:00+0000,0.756,-0.003,0.753,15,15,1.0,VALID
9,2018-08-23 10:30:00+0000,2.394,-0.005,2.389,15,15,1.0,VALID
9,2018-08-23 10:45:00+0000,1.617,-0.004,1.613,15,15,1.0,VALID
9,2018-08-23 11:00:00+0000,0.701,-0.002,0.699,15,15,1.0,VALID
9,2018-08-23 11:15:00+0000,2.689,-0.005,2.683,15,15,1.0,VALID
9,2018-08-23 11:30:00+0000,0.565,-0.002,0.562,15,15,1.0,VALID
9,2018-08-23 11:45:00+0000,2.492,-0.005,2.487,15,15,1.0,VALID
9,2018-08-23 12:00:00+0000,1.362,-0.002,1.359,15,15,1.0,VALID
9,2018-08-23 12:15:00+0000,0.625,0.048,0.674,15,15,1.0,VALID
9,2018-08-23 12:30:00+0000,3.053,0.168,3.221,15,15,1.0,VALID
9,2018-08-23 12:45:00+0000,0.356,0.292,0.649,15,15,1.0,VALID
9,2018-08-23 13:00:00+0000,1.446,0.407,1.853,15,15,1.0,VALID
9,2018-08-23 13:15:00+0000,1.055,0.527,1.582,15,15,1.0,VALID
9,2018-08-23 13:30:00+0000,-0.14,0.643,0.503,15,15,1.0,VALID
9,2018-08-23 13:45:00+0000,2.355,0.74,3.095,15,15,1.0,VALID
9,2018-08-23 14:00:00+0000,-0.091,0.836,0.744,15,15,1.0,VALID
9,2018-08-23 14:15:00+0000,1.692,0.96,2.652,15,15,1.0,VALID
9,2018-08-23 14:30:00+0000,0.626,1.13,1.756,15,15,1.0,VALID
9,2018-08-23 14:45:00+0000,-0.686,1.332,0.646,15,15,1.0,VALID
9,2018-08-23 15:00:00+0000,1.767,1.557,3.324,15,15,1.0,VALID
9,2018-08-23 15:15:00+0000,-0.673,1.745,1.072,15,15,1.0,VALID
9,2018-08-23 15:30:00+0000,0.571,2.025,2.596,15,15,1.0,VALID
9,2018-08-23 15:45:00+0000,1.103,2.309,3.412,15,15,1.0,VALID
9,2018-08-23 16:00:00+0000,-0.411,2.543,2.132,15,15,1.0,VALID
9,2018-08-23 16:15:00+0000,0.051,2.775,2.826,15,15,1.0,VALID
9,2018-08-23 16:30:00+0000,-0.985,2.998,2.013,15,15,1.0,VALID
9,2018-08-23 16:45:00+0000,-0.462,3.203,2.741,15,15,1.0,VALID
9,2018-08-23 17:00:00+0000,0.613,3.383,3.995,15,15,1.0,VALID
9,2018-08-23 17:15:00+0000,-1.619,3.546,1.927,15,15,1.0,VALID
9,2018-08-23 17:30:00+0000,0.405,3.675,4.08,15,15,1.0,VALID
9,2018-08-23 17:45:00+0000,-1.385,3.805,2.42,15,15,1.0,VALID
9,2018-08-23 18:00:00+0000,-1.208,3.914,2.706,15,15,1.0,VALID
9,2018-08-23 18:15:00+0000,0.713,4.02,4.733,15,15,1.0,VALID
9,2018-08-23 18:30:00+0000,-1.449,4.084,2.635,15,15,1.0,VALID
9,2018-08-23 18:45:00+0000,-1.056,4.12,3.064,15,15,1.0,VALID
9,2018-08-23 19:00:00+0000,0.717,4.167,4.884,15,15,1.0,VALID
9,2018-08-23 19:15:00+0000,-1.531,4.168,2.638,15,15,1.0,VALID
9,2018-08-23 19:30:00+0000,-1.266,4.169,2.903,15,15,1.0,VALID
9,2018-08-23 19:45:00+0000,0.708,4.089,4.796,15,15,1.0,VALID
9,2018-08-23 20:00:00+0000,0.659,4.062,4.721,15,15,1.0,VALID
9,2018-08-23 20:15:00+0000,-2.04,4.003,1.964,15,15,1.0,VALID
9,2018-08-23 20:30:00+0000,1.06,3.903,4.963,15,15,1.0,VALID
9,2018-08-23 20:45:00+0000,1.179,3.776,4.955,15,15,1.0,VALID
9,2018-08-23 21:00:00+0000,0.527,3.75,4.277,15,15,1.0,VALID
9,2018-08-23 21:15:00+0000,-0.859,3.559,2.7,15,15,1.0,VALID
9,2018-08-23 21:30:00+0000,1.208,3.498,4.707,15,15,1.0,VALID
9,2018-08-23 21:45:00+0000,1.325,3.387,4.712,15,15,1.0,VALID
9,2018-08-23 22:00:00+0000,-0.654,2.706,2.053,15,15,1.0,VALID
9,2018-08-23 22:15:00+0000,1.948,2.998,4.946,15,15,1.0,VALID
9,2018-08-23 22:30:00+0000,2.839,1.997,4.836,15,15,1.0,VALID
9,2018-08-23 22:45:00+0000,3.431,1.429,4.86,15,15,1.0,VALID
9,2018-08-23 23:00:00+0000,1.888,0.669,2.557,15,15,1.0,VALID
9,2018-08-23 23:15:00+0000,2.519,0.87,3.389,15,15,1.0,VALID
9,2018-08-23 23:30:00+0000,3.906,0.709,4.615,15,15,1.0,VALID
9,2018-08-23 23:45:00+0000,2.379,0.529,2.908,15,15,1.0,VALID
9,2018-08-24 00:00:00+0000,3.102,0.557,3.659,15,15,1.0,VALID
9,2018-08-24 00:15:00+0000,4.247,0.33,4.577,15,15,1.0,VALID
9,2018-08-24 00:30:00+0000,2.361,0.154,2.515,15,15,1.0,VALID
9,2018-08-24 00:45:00+0000,2.963,0.018,2.981,15,15,1.0,VALID
9,2018-08-24 01:00:00+0000,4.446,-0.008,4.439,15,15,1.0,VALID
9,2018-08-24 01:15:00+0000,1.848,-0.004,1.844,15,15,1.0,VALID
9,2018-08-24 01:30:00+0000,3.669,-0.006,3.663,15,15,1.0,VALID
9,2018-08-24 01:45:00+0000,2.428,-0.005,2.424,15,15,1.0,VALID
9,2018-08-24 02:00:00+0000,2.426,-0.005,2.421,15,15,1.0,VALID
9,2018-08-24 02:15:00+0000,4.486,-0.008,4.478,15,15,1.0,VALID
9,2018-08-24 02:30:00+0000,1.126,-0.003,1.123,15,15,1.0,VALID
9,2018-08-24 02:45:00+0000,2.967,-0.006,2.962,15,15,1.0,VALID
9,2018-08-24 03:00:00+0000,3.764,-0.006,3.758,15,15,1.0,VALID
9,2018-08-24 03:15:00+0000,0.582,-0.002,0.58,15,15,1.0,VALID
9,2018-08-24 03:30:00+0000,3.753,-0.007,3.746,15,15,1.0,VALID
9,2018-08-24 03:45:00+0000,1.859,-0.004,1.855,15,15,1.0,VALID
9,2018-08-24 04:00:00+0000,1.844,-0.004,1.84,15,15,1.0,VALID
9,2018-08-24 04:15:00+0000,4.183,-0.007,4.176,15,15,1.0,VALID
9,2018-08-24 04:30:00+0000,0.794,-0.002,0.792,15,15,1.0,VALID
9,2018-08-24 04:45:00+0000,3.031,-0.005,3.026,15,15,1.0,VALID
9,2018-08-24 05:00:00+0000,1.844,-0.004,1.84,15,15,1.0,VALID
9,2018-08-24 05:15:00+0000,1.691,-0.004,1.687,15,15,1.0,VALID
9,2018-08-24 05:30:00+0000,3.58,-0.007,3.574,15,15,1.0,VALID
9,2018-08-24 05:45:00+0000,0.713,-0.002,0.711,15,15,1.0,VALID
9,2018-08-24 06:00:00+0000,3.396,-0.006,3.39,15,15,1.0,VALID
9,2018-08-24 06:15:00+0000,1.149,-0.003,1.147,15,15,1.0,VALID
9,2018-08-24 06:30:00+0000,2.485,-0.005,2.481,15,15,1.0,VALID
9,2018-08-24 06:45:00+0000,1.821,-0.004,1.817,15,15,1.0,VALID
9,2018-08-24 07:00:00+0000,1.317,-0.004,1.313,15,15,1.0,VALID
9,2018-08-24 07:15:00+0000,2.751,-0.005,2.746,15,15,1.0,VALID
9,2018-08-24 07:30:00+0000,0.45,-0.002,0.448,15,15,1.0,VALID
9,2018-08-24 07:45:00+0000,3.105,-0.006,3.1,15,15,1.0,VALID
9,2018-08-24 08:00:00+0000,1.385,-0.003,1.381,15,15,1.0,VALID
9,2018-08-24 08:15:00+0000,1.6,-0.004,1.596,15,15,1.0,VALID
9,2018-08-24 08:30:00+0000,2.493,-0.005,2.488,15,15,1.0,VALID
9,2018-08-24 08:45:00+0000,0.657,-0.003,0.654,15,15,1.0,VALID
9,2018-08-24 09:00:00+0000,3.206,-0.006,3.2,15,15,1.0,VALID
9,2018-08-24 09:15:00+0000,0.589,-0.003,0.586,15,15,1.0,VALID
9,2018-08-24 09:30:00+0000,2.02,-0.004,2.015,15,15,1.0,VALID
9,2018-08-24 09:45:00+0000,1.924,-0.004,1.92,15,15,1.0,VALID
9,2018-08-24 10:00:00+0000,0.647,-0.003,0.645,15,15,1.0,VALID
9,2018-08-24 10:15:00+0000,3.274,-0.006,3.268,15,15,1.0,VALID
9,2018-08-24 10:30:00+0000,0.652,-0.003,0.649,15,15,1.0,VALID
9,2018-08-24 10:45:00+0000,1.684,-0.004,1.68,15,15,1.0,VALID
9,2018-08-24 11:00:00+0000,1.993,-0.004,1.989,15,15,1.0,VALID
9,2018-08-24 11:15:00+0000,0.87,-0.003,0.867,15,15,1.0,VALID
9,2018-08-24 11:30:00+0000,3.209,-0.006,3.203,15,15,1.0,VALID
9,2018-08-24 11:45:00+0000,0.441,-0.002,0.439,15,15,1.0,VALID
9,2018-08-24 12:00:00+0000,1.384,-0.004,1.381,15,15,1.0,VALID
9,2018-08-24 12:15:00+0000,2.586,0.024,2.61,15,15,1.0,VALID
9,2018-08-24 12:30:00+0000,0.644,0.178,0.822,15,15,1.0,VALID
9,2018-08-24 12:45:00+0000,2.549,0.342,2.89,15,15,1.0,VALID
9,2018-08-24 13:00:00+0000,0.408,0.537,0.945,15,15,1.0,VALID
9,2018-08-24 13:15:00+0000,0.495,0.593,1.087,15,15,1.0,VALID
9,2018-08-24 13:30:00+0000,1.628,0.722,2.35,15,15,1.0,VALID
9,2018-08-24 13:45:00+0000,-0.178,0.844,0.666,15,15,1.0,VALID
9,2018-08-24 14:00:00+0000,2.472,0.741,3.213,15,15,1.0,VALID
9,2018-08-24 14:15:00+0000,-0.064,0.895,0.831,15,15,1.0,VALID
9,2018-08-24 14:30:00+0000,0.899,1.168,2.066,15,15,1.0,VALID
9,2018-08-24 14:45:00+0000,0.618,1.385,2.002,15,15,1.0,VALID
9,2018-08-24 15:00:00+0000,-1.054,1.561,0.506,15,15,1.0,VALID
9,2018-08-24 15:15:00+0000,1.482,1.793,3.275,15,15,1.0,VALID
9,2018-08-24 15:30:00+0000,-1.224,2.092,0.868,15,15,1.0,VALID
9,2018-08-24 15:45:00+0000,0.501,2.382,2.882,15,15,1.0,VALID
9,2018-08-24 16:00:00+0000,0.08,2.613,2.693,15,15,1.0,VALID
9,2018-08-24 16:15:00+0000,-1.367,2.826,1.459,15,15,1.0,VALID
9,2018-08-24 16:30:00+0000,0.752,3.088,3.84,15,15,1.0,VALID
9,2018-08-24 16:45:00+0000,-1.702,3.293,1.591,15,15,1.0,VALID
9,2018-08-24 17:00:00+0000,-1.018,3.482,2.465,15,15,1.0,VALID
9,2018-08-24 17:15:00+0000,-0.402,3.632,3.23,15,15,1.0,VALID
9,2018-08-24 17:30:00+0000,-1.96,3.796,1.835,15,15,1.0,VALID
9,2018-08-24 17:45:00+0000,0.006,3.926,3.932,15,15,1.0,VALID
9,2018-08-24 18:00:00+0000,-2.182,4.033,1.851,15,15,1.0,VALID
9,2018-08-24 18:15:00+0000,-0.627,4.141,3.514,15,15,1.0,VALID
9,2018-08-24 18:30:00+0000,0.184,4.2,4.384,15,15,1.0,VALID
9,2018-08-24 18:45:00+0000,-2.048,4.251,2.203,15,15,1.0,VALID
9,2018-08-24 19:00:00+0000,-0.326,4.277,3.951,15,15,1.0,VALID
9,2018-08-24 19:15:00+0000,-0.694,4.338,3.644,15,15,1.0,VALID
9,2018-08-24 19:30:00+0000,-2.059,4.349,2.29,15,15,1.0,VALID
9,2018-08-24 19:45:00+0000,0.295,4.3,4.595,15,15,1.0,VALID
9,2018-08-24 20:00:00+0000,-1.29,4.249,2.959,15,15,1.0,VALID
9,2018-08-24 20:15:00+0000,-0.847,4.155,3.308,15,15,1.0,VALID
9,2018-08-24 20:30:00+0000,0.829,4.087,4.916,15,15,1.0,VALID
9,2018-08-24 20:45:00+0000,1.017,3.954,4.97,15,15,1.0,VALID
9,2018-08-24 21:00:00+0000,-1.218,3.854,2.636,15,15,1.0,VALID
9,2018-08-24 21:15:00+0000,-0.162,3.75,3.588,15,15,1.0,VALID
9,2018-08-24 21:30:00+0000,1.099,3.594,4.693,15,15,1.0,VALID
9,2018-08-24 21:45:00+0000,-0.765,3.416,2.651,15,15,1.0,VALID
9,2018-08-24 22:00:00+0000,1.364,3.196,4.56,15,15,1.0,VALID
9,2018-08-24 22:15:00+0000,2.048,2.948,4.996,15,15,1.0,VALID
9,2018-08-24 22:30:00+0000,2.019,2.449,4.468,15,15,1.0,VALID
9,2018-08-24 22:45:00+0000,0.097,1.952,2.048,15,15,1.0,VALID
9,2018-08-24 23:00:00+0000,3.007,1.71,4.718,15,15,1.0,VALID
9,2018-08-24 23:15:00+0000,3.189,1.475,4.665,15,15,1.0,VALID
9,2018-08-24 23:30:00+0000,1.361,1.256,2.617,15,15,1.0,VALID
9,2018-08-24 23:45:00+0000,2.293,1.034,3.327,15,15,1.0,VALID
9,2018-08-25 00:00:00+0000,3.892,0.795,4.687,15,15,1.0,VALID
9,2018-08-25 00:15:00+0000,2.664,0.504,3.168,15,15,1.0,VALID
9,2018-08-25 00:30:00+0000,2.609,0.229,2.838,15,15,1.0,VALID
9,2018-08-25 00:45:00+0000,4.587,0.028,4.615,15,15,1.0,VALID
9,2018-08-25 01:00:00+0000,1.96,-0.004,1.955,15,15,1.0,VALID
9,2018-08-25 01:15:00+0000,3.047,-0.006,3.041,15,15,1.0,VALID
9,2018-08-25 01:30:00+0000,3.679,-0.007,3.672,15,15,1.0,VALID
9,2018-08-25 01:45:00+0000,2.156,-0.004,2.152,15,15,1.0,VALID
9,2018-08-25 02:00:00+0000,3.826,-0.007,3.819,15,15,1.0,VALID
9,2018-08-25 02:15:00+0000,2.143,-0.004,2.139,15,15,1.0,VALID
9,2018-08-25 02:30:00+0000,2.706,-0.005,2.7,15,15,1.0,VALID
9,2018-08-25 02:45:00+0000,3.501,-0.006,3.494,15,15,1.0,VALID
9,2018-08-25 03:00:00+0000,0.633,-0.002,0.631,15,15,1.0,VALID
9,2018-08-25 03:15:00+0000,4.023,-0.007,4.016,15,15,1.0,VALID
9,2018-08-25 03:30:00+0000,2.081,-0.004,2.076,15,15,1.0,VALID
9,2018-08-25 03:45:00+0000,1.677,-0.004,1.673,15,15,1.0,VALID
9,2018-08-25 04:00:00+0000,4.146,-0.007,4.139,15,15,1.0,VALID
9,2018-08-25 04:15:00+0000,0.714,-0.002,0.712,15,15,1.0,VALID
9,2018-08-25 04:30:00+0000,2.954,-0.005,2.949,15,15,1.0,VALID
9,2018-08-25 04:45:00+0000,1.732,-0.003,1.729,15,15,1.0,VALID
9,2018-08-25 05:00:00+0000,2.199,-0.005,2.194,15,15,1.0,VALID
9,2018-08-25 05:15:00+0000,2.735,-0.005,2.729,15,15,1.0,VALID
9,2018-08-25 05:30:00+0000,0.612,-0.002,0.61,15,15,1.0,VALID
9,2018-08-25 05:45:00+0000,3.581,-0.006,3.574,15,15,1.0,VALID
9,2018-08-25 06:00:00+0000,0.793,-0.003,0.79,15,15,1.0,VALID
9,2018-08-25 06:15:00+0000,2.849,-0.005,2.843,15,15,1.0,VALID
9,2018-08-25 06:30:00+0000,1.471,-0.004,1.467,15,15,1.0,VALID
9,2018-08-25 06:45:00+0000,1.637,-0.004,1.634,15,15,1.0,VALID
9,2018-08-25 07:00:00+0000,2.554,-0.005,2.549,15,15,1.0,VALID
9,2018-08-25 07:15:00+0000,0.646,-0.002,0.644,15,15,1.0,VALID
9,2018-08-25 07:30:00+0000,3.436,-0.006,3.43,15,15,1.0,VALID
9,2018-08-25 07:45:00+0000,0.807,-0.003,0.804,15,15,1.0,VALID
9,2018-08-25 08:00:00+0000,2.883,-0.006,2.877,15,15,1.0,VALID
9,2018-08-25 08:15:00+0000,1.177,-0.003,1.174,15,15,1.0,VALID
9,2018-08-25 08:30:00+0000,1.695,-0.004,1.691,15,15,1.0,VALID
9,2018-08-25 08:45:00+0000,2.424,-0.005,2.419,15,15,1.0,VALID
9,2018-08-25 09:00:00+0000,0.512,-0.002,0.51,15,15,1.0,VALID
9,2018-08-25 09:15:00+0000,3.259,-0.006,3.253,15,15,1.0,VALID
9,2018-08-25 09:30:00+0000,0.65,-0.003,0.647,15,15,1.0,VALID
9,2018-08-25 09:45:00+0000,2.192,-0.005,2.187,15,15,1.0,VALID
9,2018-08-25 10:00:00+0000,1.803,-0.004,1.799,15,15,1.0,VALID
9,2018-08-25 10:15:00+0000,0.68,-0.002,0.677,15,15,1.0,VALID
9,2018-08-25 10:30:00+0000,3.225,-0.006,3.219,15,15,1.0,VALID
9,2018-08-25 10:45:00+0000,0.663,-0.003,0.66,15,15,1.0,VALID
9,2018-08-25 11:00:00+0000,2.757,-0.005,2.752,15,15,1.0,VALID
9,2018-08-25 11:15:00+0000,1.031,-0.003,1.027,15,15,1.0,VALID
9,2018-08-25 11:30:00+0000,0.574,-0.003,0.572,15,15,1.0,VALID
9,2018-08-25 11:45:00+0000,3.192,-0.006,3.186,15,15,1.0,VALID
9,2018-08-25 12:00:00+0000,0.746,-0.003,0.743,15,15,1.0,VALID
9,2018-08-25 12:15:00+0000,1.85,0.022,1.872,15,15,1.0,VALID
9,2018-08-25 12:30:00+0000,1.921,0.127,2.047,15,15,1.0,VALID
9,2018-08-25 12:45:00+0000,0.235,0.316,0.551,15,15,1.0,VALID
9,2018-08-25 13:00:00+0000,2.653,0.376,3.029,15,15,1.0,VALID
9,2018-08-25 13:15:00+0000,0.307,0.246,0.553,15,15,1.0,VALID
9,2018-08-25 13:30:00+0000,1.463,0.409,1.872,15,15,1.0,VALID
9,2018-08-25 13:45:00+0000,1.267,0.635,1.902,15,15,1.0,VALID
9,2018-08-25 14:00:00+0000,-0.111,0.849,0.738,15,15,1.0,VALID
9,2018-08-25 14:15:00+0000,2.365,0.893,3.258,15,15,1.0,VALID
9,2018-08-25 14:30:00+0000,-0.545,1.139,0.594,15,15,1.0,VALID
9,2018-08-25 14:45:00+0000,0.366,1.376,1.742,15,15,1.0,VALID
9,2018-08-25 15:00:00+0000,0.856,1.464,2.32,15,15,1.0,VALID
9,2018-08-25 15:15:00+0000,-1.25,1.829,0.579,15,15,1.0,VALID
9,2018-08-25 15:30:00+0000,1.423,2.293,3.716,15,15,1.0,VALID
9,2018-08-25 15:45:00+0000,-1.628,2.524,0.896,15,15,1.0,VALID
9,2018-08-25 16:00:00+0000,-0.056,2.794,2.739,15,15,1.0,VALID
9,2018-08-25 16:15:00+0000,-0.042,3.152,3.11,15,15,1.0,VALID
9,2018-08-25 16:30:00+0000,-2.183,3.197,1.014,15,15,1.0,VALID
9,2018-08-25 16:45:00+0000,1.125,3.399,4.523,15,15,1.0,VALID
9,2018-08-25 17:00:00+0000,-1.469,2.294,0.825,15,15,1.0,VALID
9,2018-08-25 17:15:00+0000,-0.168,3.57,3.401,15,15,1.0,VALID
9,2018-08-25 17:30:00+0000,-0.654,3.594,2.94,15,15,1.0,VALID
9,2018-08-25 17:45:00+0000,-1.9,4.069,2.169,15,15,1.0,VALID
9,2018-08-25 18:00:00+0000,0.455,4.088,4.543,15,15,1.0,VALID
9,2018-08-25 18:15:00+0000,-2.139,3.672,1.532,15,15,1.0,VALID
9,2018-08-25 18:30:00+0000,-0.159,4.045,3.886,15,15,1.0,VALID
9,2018-08-25 18:45:00+0000,-0.075,4.263,4.187,15,15,1.0,VALID
9,2018-08-25 19:00:00+0000,-1.798,4.294,2.495,15,15,1.0,VALID
9,2018-08-25 19:15:00+0000,0.036,4.385,4.421,15,15,1.0,VALID
9,2018-08-25 19:30:00+0000,-0.563,4.287,3.724,15,15,1.0,VALID
9,2018-08-25 19:45:00+0000,-2.445,4.271,1.826,15,15,1.0,VALID
9,2018-08-25 20:00:00+0000,0.729,4.026,4.754,15,15,1.0,VALID
9,2018-08-25 20:15:00+0000,0.666,3.912,4.578,15,15,1.0,VALID
9,2018-08-25 20:30:00+0000,-1.216,2.756,1.54,15,15,1.0,VALID
9,2018-08-25 20:45:00+0000,1.797,2.926,4.723,15,15,1.0,VALID
9,2018-08-25 21:00:00+0000,1.694,2.939,4.633,15,15,1.0,VALID
9,2018-08-25 21:15:00+0000,-0.793,3.876,3.083,15,15,1.0,VALID
9,2018-08-25 21:30:00+0000,1.116,1.864,2.981,15,15,1.0,VALID
9,2018-08-25 21:45:00+0000,2.488,2.327,4.816,15,15,1.0,VALID
9,2018-08-25 22:00:00+0000,1.486,2.585,4.071,15,15,1.0,VALID
9,2018-08-25 22:15:00+0000,-0.149,2.429,2.281,15,15,1.0,VALID
9,2018-08-25 22:30:00+0000,3.116,1.574,4.69,15,15,1.0,VALID
9,2018-08-25 22:45:00+0000,2.653,1.665,4.318,15,15,1.0,VALID
9,2018-08-25 23:00:00+0000,0.492,1.006,1.498,15,15,1.0,VALID
9,2018-08-25 23:15:00+0000,3.452,1.171,4.624,15,15,1.0,VALID
9,2018-08-25 23:30:00+0000,2.115,1.086,3.201,15,15,1.0,VALID
9,2018-08-25 23:45:00+0000,1.734,1.018,2.752,15,15,1.0,VALID
9,2018-08-26 00:00:00+0000,,,,1,15,0.067,MISSING
10,2018-08-23 00:00:00+0000,1.477,0.085,1.563,15,15,1.0,VALID
10,2018-08-23 00:15:00+0000,2.536,0.071,2.608,15,15,1.0,VALID
10,2018-08-23 00:30:00+0000,2.573,0.02,2.593,15,15,1.0,VALID
10,2018-08-23 00:45:00+0000,1.481,-0.015,1.466,15,15,1.0,VALID
10,2018-08-23 01:00:00+0000,2.609,-0.026,2.583,15,15,1.0,VALID
10,2018-08-23 01:15:00+0000,1.74,-0.02,1.72,15,15,1.0,VALID
10,2018-08-23 01:30:00+0000,3.192,-0.002,3.19,15,15,1.0,VALID
10,2018-08-23 01:45:00+0000,1.743,-0.002,1.741,15,15,1.0,VALID
10,2018-08-23 02:00:00+0000,2.122,-0.002,2.12,15,15,1.0,VALID
10,2018-08-23 02:15:00+0000,1.718,-0.002,1.716,15,15,1.0,VALID
10,2018-08-23 02:30:00+0000,1.667,-0.002,1.665,15,15,1.0,VALID
10,2018-08-23 02:45:00+0000,2.238,-0.002,2.236,15,15,1.0,VALID
10,2018-08-23 03:00:00+0000,1.628,-0.002,1.626,15,15,1.0,VALID
10,2018-08-23 03:15:00+0000,1.377,-0.002,1.375,15,15,1.0,VALID
10,2018-08-23 03:30:00+0000,1.901,-0.002,1.899,15,15,1.0,VALID
10,2018-08-23 03:45:00+0000,1.819,-0.002,1.817,15,15,1.0,VALID
10,2018-08-23 04:00:00+0000,2.59,-0.002,2.588,15,15,1.0,VALID
10,2018-08-23 04:15:00+0000,1.459,-0.002,1.457,15,15,1.0,VALID
10,2018-08-23 04:30:00+0000,1.918,-0.002,1.916,15,15,1.0,VALID
10,2018-08-23 04:45:00+0000,2.191,-0.002,2.189,15,15,1.0,VALID
10,2018-08-23 05:00:00+0000,1.007,-0.002,1.005,15,15,1.0,VALID
10,2018-08-23 05:15:00+0000,2.235,-0.002,2.233,15,15,1.0,VALID
10,2018-08-23 05:30:00+0000,1.439,-0.002,1.437,15,15,1.0,VALID
10,2018-08-23 05:45:00+0000,1.244,-0.002,1.242,15,15,1.0,VALID
10,2018-08-23 06:00:00+0000,1.917,-0.002,1.915,15,15,1.0,VALID
10,2018-08-23 06:15:00+0000,1.343,-0.002,1.341,15,15,1.0,VALID
10,2018-08-23 06:30:00+0000,0.913,-0.002,0.911,15,15,1.0,VALID
10,2018-08-23 06:45:00+0000,1.18,-0.002,1.178,15,15,1.0,VALID
10,2018-08-23 07:00:00+0000,1.348,-0.002,1.346,15,15,1.0,VALID
10,2018-08-23 07:15:00+0000,0.584,-0.002,0.582,15,15,1.0,VALID
10,2018-08-23 07:30:00+0000,0.916,-0.002,0.914,15,15,1.0,VALID
10,2018-08-23 07:45:00+0000,1.294,-0.002,1.292,15,15,1.0,VALID
10,2018-08-23 08:00:00+0000,0.245,-0.002,0.243,15,15,1.0,VALID
10,2018-08-23 08:15:00+0000,1.373,-0.002,1.371,15,15,1.0,VALID
10,2018-08-23 08:30:00+0000,0.244,-0.003,0.241,15,15,1.0,VALID
10,2018-08-23 08:45:00+0000,1.283,-0.002,1.28,15,15,1.0,VALID
10,2018-08-23 09:00:00+0000,0.333,-0.003,0.33,15,15,1.0,VALID
10,2018-08-23 09:15:00+0000,1.14,-0.002,1.138,15,15,1.0,VALID
10,2018-08-23 09:30:00+0000,0.296,-0.003,0.293,15,15,1.0,VALID
10,2018-08-23 09:45:00+0000,1.093,-0.002,1.091,15,15,1.0,VALID
10,2018-08-23 10:00:00+0000,0.251,-0.003,0.248,15,15,1.0,VALID
10,2018-08-23 10:15:00+0000,1.053,-0.003,1.05,15,15,1.0,VALID
10,2018-08-23 10:30:00+0000,0.245,-0.003,0.242,15,15,1.0,VALID
10,2018-08-23 10:45:00+0000,0.973,-0.003,0.97,15,15,1.0,VALID
10,2018-08-23 11:00:00+0000,0.274,-0.003,0.271,15,15,1.0,VALID
10,2018-08-23 11:15:00+0000,0.169,-0.003,0.166,15,15,1.0,VALID
10,2018-08-23 11:30:00+0000,0.96,-0.002,0.958,15,15,1.0,VALID
10,2018-08-23 11:45:00+0000,0.166,-0.003,0.163,15,15,1.0,VALID
10,2018-08-23 12:00:00+0000,0.196,-0.003,0.193,15,15,1.0,VALID
10,2018-08-23 12:15:00+0000,0.622,-0.005,0.617,15,15,1.0,VALID
10,2018-08-23 12:30:00+0000,1.477,0.017,1.494,15,15,1.0,VALID
10,2018-08-23 12:45:00+0000,0.269,0.054,0.323,15,15,1.0,VALID
10,2018-08-23 13:00:00+0000,0.261,0.107,0.368,15,15,1.0,VALID
10,2018-08-23 13:15:00+0000,-0.054,0.262,0.208,15,15,1.0,VALID
10,2018-08-23 13:30:00+0000,-0.227,0.434,0.207,15,15,1.0,VALID
10,2018-08-23 13:45:00+0000,-0.376,0.573,0.197,15,15,1.0,VALID
10,2018-08-23 14:00:00+0000,-0.517,0.718,0.202,15,15,1.0,VALID
10,2018-08-23 14:15:00+0000,-0.669,0.87,0.201,15,15,1.0,VALID
10,2018-08-23 14:30:00+0000,-0.815,1.012,0.196,15,15,1.0,VALID
10,2018-08-23 14:45:00+0000,-0.943,1.149,0.206,15,15,1.0,VALID
10,2018-08-23 15:00:00+0000,-1.08,1.276,0.196,15,15,1.0,VALID
10,2018-08-23 15:15:00+0000,-1.188,1.391,0.203,15,15,1.0,VALID
10,2018-08-23 15:30:00+0000,-1.301,1.502,0.201,15,15,1.0,VALID
10,2018-08-23 15:45:00+0000,-1.417,1.615,0.199,15,15,1.0,VALID
10,2018-08-23 16:00:00+0000,-1.489,1.694,0.205,15,15,1.0,VALID
10,2018-08-23 16:15:00+0000,-1.565,1.76,0.195,15,15,1.0,VALID
10,2018-08-23 16:30:00+0000,-1.637,1.838,0.202,15,15,1.0,VALID
10,2018-08-23 16:45:00+0000,-1.7,1.901,0.2,15,15,1.0,VALID
10,2018-08-23 17:00:00+0000,-1.762,1.958,0.197,15,15,1.0,VALID
10,2018-08-23 17:15:00+0000,-1.783,1.987,0.203,15,15,1.0,VALID
10,2018-08-23 17:30:00+0000,-1.822,2.016,0.194,15,15,1.0,VALID
10,2018-08-23 17:45:00+0000,-1.809,2.014,0.205,15,15,1.0,VALID
10,2018-08-23 18:00:00+0000,-1.84,2.035,0.195,15,15,1.0,VALID
10,2018-08-23 18:15:00+0000,-1.843,2.043,0.2,15,15,1.0,VALID
10,2018-08-23 18:30:00+0000,-1.834,2.031,0.197,15,15,1.0,VALID
10,2018-08-23 18:45:00+0000,-1.818,2.013,0.195,15,15,1.0,VALID
10,2018-08-23 19:00:00+0000,-1.793,1.995,0.202,15,15,1.0,VALID
10,2018-08-23 19:15:00+0000,-1.783,1.974,0.191,15,15,1.0,VALID
10,2018-08-23 19:30:00+0000,-1.738,1.938,0.2,15,15,1.0,VALID
10,2018-08-23 19:45:00+0000,-1.673,1.868,0.195,15,15,1.0,VALID
10,2018-08-23 20:00:00+0000,-1.63,1.826,0.196,15,15,1.0,VALID
10,2018-08-23 20:15:00+0000,-1.558,1.757,0.199,15,15,1.0,VALID
10,2018-08-23 20:30:00+0000,-1.486,1.679,0.193,15,15,1.0,VALID
10,2018-08-23 20:45:00+0000,-1.356,1.56,0.204,15,15,1.0,VALID
10,2018-08-23 21:00:00+0000,-1.339,1.533,0.194,15,15,1.0,VALID
10,2018-08-23 21:15:00+0000,0.834,1.35,2.184,15,15,1.0,VALID
10,2018-08-23 21:30:00+0000,1.075,1.343,2.418,15,15,1.0,VALID
10,2018-08-23 21:45:00+0000,1.145,1.265,2.41,15,15,1.0,VALID
10,2018-08-23 22:00:00+0000,1.434,0.967,2.401,15,15,1.0,VALID
10,2018-08-23 22:15:00+0000,1.31,1.086,2.396,15,15,1.0,VALID
10,2018-08-23 22:30:00+0000,1.668,0.704,2.372,15,15,1.0,VALID
10,2018-08-23 22:45:00+0000,0.879,0.477,1.356,15,15,1.0,VALID
10,2018-08-23 23:00:00+0000,2.133,0.195,2.327,15,15,1.0,VALID
10,2018-08-23 23:15:00+0000,2.144,0.184,2.329,15,15,1.0,VALID
10,2018-08-23 23:30:00+0000,1.312,0.155,1.467,15,15,1.0,VALID
10,2018-08-23 23:45:00+0000,2.201,0.105,2.306,15,15,1.0,VALID
10,2018-08-24 00:00:00+0000,1.881,0.079,1.96,15,15,1.0,VALID
10,2018-08-24 00:15:00+0000,1.518,0.021,1.539,15,15,1.0,VALID
10,2018-08-24 00:30:00+0000,2.076,0.001,2.077,15,15,1.0,VALID
10,2018-08-24 00:45:00+0000,1.821,-0.016,1.804,15,15,1.0,VALID
10,2018-08-24 01:00:00+0000,2.098,-0.027,2.071,15,15,1.0,VALID
10,2018-08-24 01:15:00+0000,2.575,-0.018,2.557,15,15,1.0,VALID
10,2018-08-24 01:30:00+0000,1.786,-0.002,1.784,15,15,1.0,VALID
10,2018-08-24 01:45:00+0000,2.627,-0.002,2.626,15,15,1.0,VALID
10,2018-08-24 02:00:00+0000,1.735,-0.002,1.733,15,15,1.0,VALID
10,2018-08-24 02:15:00+0000,1.375,-0.002,1.373,15,15,1.0,VALID
10,2018-08-24 02:30:00+0000,2.18,-0.002,2.178,15,15,1.0,VALID
10,2018-08-24 02:45:00+0000,1.547,-0.002,1.545,15,15,1.0,VALID
10,2018-08-24 03:00:00+0000,1.353,-0.002,1.351,15,15,1.0,VALID
10,2018-08-24 03:15:00+0000,2.319,-0.002,2.317,15,15,1.0,VALID
10,2018-08-24 03:30:00+0000,2.903,-0.003,2.9,15,15,1.0,VALID
10,2018-08-24 03:45:00+0000,1.401,-0.002,1.399,15,15,1.0,VALID
10,2018-08-24 04:00:00+0000,2.885,-0.002,2.883,15,15,1.0,VALID
10,2018-08-24 04:15:00+0000,3.553,-0.003,3.55,15,15,1.0,VALID
10,2018-08-24 04:30:00+0000,3.398,-0.003,3.395,15,15,1.0,VALID
10,2018-08-24 04:45:00+0000,2.996,-0.002,2.994,15,15,1.0,VALID
10,2018-08-24 05:00:00+0000,1.895,-0.002,1.893,15,15,1.0,VALID
10,2018-08-24 05:15:00+0000,1.944,-0.002,1.942,15,15,1.0,VALID
10,2018-08-24 05:30:00+0000,2.023,-0.002,2.021,15,15,1.0,VALID
10,2018-08-24 05:45:00+0000,1.828,-0.002,1.826,15,15,1.0,VALID
10,2018-08-24 06:00:00+0000,1.98,-0.002,1.978,15,15,1.0,VALID
10,2018-08-24 06:15:00+0000,2.321,-0.002,2.319,15,15,1.0,VALID
10,2018-08-24 06:30:00+0000,1.687,-0.002,1.685,15,15,1.0,VALID
10,2018-08-24 06:45:00+0000,1.435,-0.002,1.433,15,15,1.0,VALID
10,2018-08-24 07:00:00+0000,1.942,-0.002,1.94,15,15,1.0,VALID
10,2018-08-24 07:15:00+0000,1.442,-0.002,1.44,15,15,1.0,VALID
10,2018-08-24 07:30:00+0000,0.663,-0.002,0.661,15,15,1.0,VALID
10,2018-08-24 07:45:00+0000,1.071,-0.002,1.069,15,15,1.0,VALID
10,2018-08-24 08:00:00+0000,1.385,-0.002,1.383,15,15,1.0,VALID
10,2018-08-24 08:15:00+0000,0.35,-0.003,0.347,15,15,1.0,VALID
10,2018-08-24 08:30:00+0000,1.385,-0.002,1.382,15,15,1.0,VALID
10,2018-08-24 08:45:00+0000,0.502,-0.003,0.499,15,15,1.0,VALID
10,2018-08-24 09:00:00+0000,1.261,-0.002,1.258,15,15,1.0,VALID
10,2018-08-24 09:15:00+0000,0.414,-0.003,0.411,15,15,1.0,VALID
10,2018-08-24 09:30:00+0000,1.302,-0.002,1.3,15,15,1.0,VALID
10,2018-08-24 09:45:00+0000,0.499,-0.003,0.496,15,15,1.0,VALID
10,2018-08-24 10:00:00+0000,1.297,-0.002,1.294,15,15,1.0,VALID
10,2018-08-24 10:15:00+0000,0.333,-0.003,0.33,15,15,1.0,VALID
10,2018-08-24 10:30:00+0000,1.165,-0.002,1.162,15,15,1.0,VALID
10,2018-08-24 10:45:00+0000,0.337,-0.003,0.334,15,15,1.0,VALID
10,2018-08-24 11:00:00+0000,1.171,-0.003,1.168,15,15,1.0,VALID
10,2018-08-24 11:15:00+0000,0.452,-0.003,0.449,15,15,1.0,VALID
10,2018-08-24 11:30:00+0000,0.335,-0.003,0.332,15,15,1.0,VALID
10,2018-08-24 11:45:00+0000,1.197,-0.003,1.195,15,15,1.0,VALID
10,2018-08-24 12:00:00+0000,0.339,-0.003,0.336,15,15,1.0,VALID
10,2018-08-24 12:15:00+0000,0.733,-0.003,0.73,15,15,1.0,VALID
10,2018-08-24 12:30:00+0000,0.662,0.019,0.681,15,15,1.0,VALID
10,2018-08-24 12:45:00+0000,0.228,0.069,0.297,15,15,1.0,VALID
10,2018-08-24 13:00:00+0000,0.072,0.213,0.285,15,15,1.0,VALID
10,2018-08-24 13:15:00+0000,-0.042,0.336,0.293,15,15,1.0,VALID
10,2018-08-24 13:30:00+0000,0.445,0.487,0.932,15,15,1.0,VALID
10,2018-08-24 13:45:00+0000,-0.089,0.622,0.533,15,15,1.0,VALID
10,2018-08-24 14:00:00+0000,0.168,0.577,0.745,15,15,1.0,VALID
10,2018-08-24 14:15:00+0000,0.657,0.879,1.536,15,15,1.0,VALID
10,2018-08-24 14:30:00+0000,-0.458,1.095,0.637,15,15,1.0,VALID
10,2018-08-24 14:45:00+0000,0.265,1.226,1.491,15,15,1.0,VALID
10,2018-08-24 15:00:00+0000,1.241,1.337,2.578,15,15,1.0,VALID
10,2018-08-24 15:15:00+0000,0.121,1.402,1.523,15,15,1.0,VALID
10,2018-08-24 15:30:00+0000,0.062,1.562,1.624,15,15,1.0,VALID
10,2018-08-24 15:45:00+0000,0.227,1.687,1.914,15,15,1.0,VALID
10,2018-08-24 16:00:00+0000,0.182,1.777,1.96,15,15,1.0,VALID
10,2018-08-24 16:15:00+0000,-0.595,1.863,1.267,15,15,1.0,VALID
10,2018-08-24 16:30:00+0000,-0.024,1.923,1.898,15,15,1.0,VALID
10,2018-08-24 16:45:00+0000,0.105,1.982,2.087,15,15,1.0,VALID
10,2018-08-24 17:00:00+0000,-0.779,2.034,1.254,15,15,1.0,VALID
10,2018-08-24 17:15:00+0000,-0.025,2.049,2.023,15,15,1.0,VALID
10,2018-08-24 17:30:00+0000,-0.512,2.052,1.54,15,15,1.0,VALID
10,2018-08-24 17:45:00+0000,-0.858,2.083,1.225,15,15,1.0,VALID
10,2018-08-24 18:00:00+0000,-0.392,2.098,1.706,15,15,1.0,VALID
10,2018-08-24 18:15:00+0000,-0.152,2.104,1.951,15,15,1.0,VALID
10,2018-08-24 18:30:00+0000,-0.823,2.106,1.283,15,15,1.0,VALID
10,2018-08-24 18:45:00+0000,-0.793,2.088,1.295,15,15,1.0,VALID
10,2018-08-24 19:00:00+0000,0.274,2.065,2.339,15,15,1.0,VALID
10,2018-08-24 19:15:00+0000,0.05,2.066,2.116,15,15,1.0,VALID
10,2018-08-24 19:30:00+0000,-0.582,2.025,1.443,15,15,1.0,VALID
10,2018-08-24 19:45:00+0000,0.595,1.94,2.534,15,15,1.0,VALID
10,2018-08-24 20:00:00+0000,-0.534,1.895,1.361,15,15,1.0,VALID
10,2018-08-24 20:15:00+0000,0.37,1.827,2.196,15,15,1.0,VALID
10,2018-08-24 20:30:00+0000,0.159,1.76,1.919,15,15,1.0,VALID
10,2018-08-24 20:45:00+0000,0.182,1.668,1.85,15,15,1.0,VALID
10,2018-08-24 21:00:00+0000,1.398,1.585,2.983,15,15,1.0,VALID
10,2018-08-24 21:15:00+0000,0.288,1.488,1.775,15,15,1.0,VALID
10,2018-08-24 21:30:00+0000,1.123,1.378,2.502,15,15,1.0,VALID
10,2018-08-24 21:45:00+0000,0.433,1.255,1.688,15,15,1.0,VALID
10,2018-08-24 22:00:00+0000,1.483,1.121,2.604,15,15,1.0,VALID
10,2018-08-24 22:15:00+0000,0.716,0.988,1.704,15,15,1.0,VALID
10,2018-08-24 22:30:00+0000,1.199,0.851,2.05,15,15,1.0,VALID
10,2018-08-24 22:45:00+0000,-0.223,0.6,0.377,15,15,1.0,VALID
10,2018-08-24 23:00:00+0000,1.377,0.334,1.711,15,15,1.0,VALID
10,2018-08-24 23:15:00+0000,2.364,0.124,2.488,15,15,1.0,VALID
10,2018-08-24 23:30:00+0000,3.193,0.09,3.283,15,15,1.0,VALID
10,2018-08-24 23:45:00+0000,3.431,0.065,3.496,15,15,1.0,VALID
10,2018-08-25 00:00:00+0000,1.531,0.035,1.566,15,15,1.0,VALID
10,2018-08-25 00:15:00+0000,1.75,0.017,1.767,15,15,1.0,VALID
10,2018-08-25 00:30:00+0000,2.659,-0.002,2.657,15,15,1.0,VALID
10,2018-08-25 00:45:00+0000,1.097,-0.017,1.08,15,15,1.0,VALID
10,2018-08-25 01:00:00+0000,1.815,-0.028,1.786,15,15,1.0,VALID
10,2018-08-25 01:15:00+0000,2.038,-0.014,2.024,15,15,1.0,VALID
10,2018-08-25 01:30:00+0000,1.386,-0.002,1.384,15,15,1.0,VALID
10,2018-08-25 01:45:00+0000,1.381,-0.002,1.379,15,15,1.0,VALID
10,2018-08-25 02:00:00+0000,2.06,-0.002,2.058,15,15,1.0,VALID
10,2018-08-25 02:15:00+0000,1.173,-0.002,1.171,15,15,1.0,VALID
10,2018-08-25 02:30:00+0000,1.309,-0.002,1.307,15,15,1.0,VALID
10,2018-08-25 02:45:00+0000,1.731,-0.002,1.729,15,15,1.0,VALID
10,2018-08-25 03:00:00+0000,0.611,-0.002,0.609,15,15,1.0,VALID
10,2018-08-25 03:15:00+0000,1.877,-0.002,1.875,15,15,1.0,VALID
10,2018-08-25 03:30:00+0000,0.99,-0.002,0.988,15,15,1.0,VALID
10,2018-08-25 03:45:00+0000,1.302,-0.002,1.3,15,15,1.0,VALID
10,2018-08-25 04:00:00+0000,2.281,-0.002,2.279,15,15,1.0,VALID
10,2018-08-25 04:15:00+0000,1.287,-0.002,1.285,15,15,1.0,VALID
10,2018-08-25 04:30:00+0000,2.006,-0.002,2.004,15,15,1.0,VALID
10,2018-08-25 04:45:00+0000,1.561,-0.002,1.559,15,15,1.0,VALID
10,2018-08-25 05:00:00+0000,1.352,-0.002,1.35,15,15,1.0,VALID
10,2018-08-25 05:15:00+0000,1.548,-0.002,1.546,15,15,1.0,VALID
10,2018-08-25 05:30:00+0000,1.125,-0.002,1.123,15,15,1.0,VALID
10,2018-08-25 05:45:00+0000,0.832,-0.002,0.83,15,15,1.0,VALID
10,2018-08-25 06:00:00+0000,1.53,-0.002,1.528,15,15,1.0,VALID
10,2018-08-25 06:15:00+0000,0.455,-0.003,0.452,15,15,1.0,VALID
10,2018-08-25 06:30:00+0000,1.268,-0.002,1.265,15,15,1.0,VALID
10,2018-08-25 06:45:00+0000,0.902,-0.003,0.9,15,15,1.0,VALID
10,2018-08-25 07:00:00+0000,0.913,-0.002,0.911,15,15,1.0,VALID
10,2018-08-25 07:15:00+0000,0.942,-0.002,0.94,15,15,1.0,VALID
10,2018-08-25 07:30:00+0000,0.834,-0.002,0.832,15,15,1.0,VALID
10,2018-08-25 07:45:00+0000,0.885,-0.003,0.883,15,15,1.0,VALID
10,2018-08-25 08:00:00+0000,0.822,-0.003,0.819,15,15,1.0,VALID
10,2018-08-25 08:15:00+0000,0.793,-0.003,0.79,15,15,1.0,VALID
10,2018-08-25 08:30:00+0000,0.816,-0.003,0.813,15,15,1.0,VALID
10,2018-08-25 08:45:00+0000,0.449,-0.003,0.447,15,15,1.0,VALID
10,2018-08-25 09:00:00+0000,1.008,-0.003,1.006,15,15,1.0,VALID
10,2018-08-25 09:15:00+0000,0.33,-0.003,0.327,15,15,1.0,VALID
10,2018-08-25 09:30:00+0000,1.124,-0.002,1.122,15,15,1.0,VALID
10,2018-08-25 09:45:00+0000,0.323,-0.003,0.32,15,15,1.0,VALID
10,2018-08-25 10:00:00+0000,0.92,-0.003,0.917,15,15,1.0,VALID
10,2018-08-25 10:15:00+0000,0.488,-0.003,0.485,15,15,1.0,VALID
10,2018-08-25 10:30:00+0000,0.328,-0.003,0.325,15,15,1.0,VALID
10,2018-08-25 10:45:00+0000,1.084,-0.003,1.081,15,15,1.0,VALID
10,2018-08-25 11:00:00+0000,0.324,-0.003,0.321,15,15,1.0,VALID
10,2018-08-25 11:15:00+0000,1.084,-0.003,1.082,15,15,1.0,VALID
10,2018-08-25 11:30:00+0000,0.328,-0.003,0.325,15,15,1.0,VALID
10,2018-08-25 11:45:00+0000,0.816,-0.003,0.813,15,15,1.0,VALID
10,2018-08-25 12:00:00+0000,0.618,-0.003,0.616,15,15,1.0,VALID
10,2018-08-25 12:15:00+0000,0.326,-0.007,0.32,15,15,1.0,VALID
10,2018-08-25 12:30:00+0000,1.044,0.024,1.067,15,15,1.0,VALID
10,2018-08-25 12:45:00+0000,0.18,0.117,0.297,15,15,1.0,VALID
10,2018-08-25 13:00:00+0000,1.028,0.154,1.182,15,15,1.0,VALID
10,2018-08-25 13:15:00+0000,0.421,0.083,0.504,15,15,1.0,VALID
10,2018-08-25 13:30:00+0000,1.051,0.183,1.234,15,15,1.0,VALID
10,2018-08-25 13:45:00+0000,0.319,0.376,0.695,15,15,1.0,VALID
10,2018-08-25 14:00:00+0000,-0.099,0.382,0.282,15,15,1.0,VALID
10,2018-08-25 14:15:00+0000,0.624,0.479,1.103,15,15,1.0,VALID
10,2018-08-25 14:30:00+0000,-0.377,0.657,0.28,15,15,1.0,VALID
10,2018-08-25 14:45:00+0000,0.207,1.08,1.286,15,15,1.0,VALID
10,2018-08-25 15:00:00+0000,-0.976,1.255,0.279,15,15,1.0,VALID
10,2018-08-25 15:15:00+0000,-0.072,1.514,1.442,15,15,1.0,VALID
10,2018-08-25 15:30:00+0000,-1.339,1.709,0.37,15,15,1.0,VALID
10,2018-08-25 15:45:00+0000,-0.395,1.688,1.293,15,15,1.0,VALID
10,2018-08-25 16:00:00+0000,-0.497,1.829,1.332,15,15,1.0,VALID
10,2018-08-25 16:15:00+0000,-1.653,2.002,0.349,15,15,1.0,VALID
10,2018-08-25 16:30:00+0000,-1.66,1.961,0.301,15,15,1.0,VALID
10,2018-08-25 16:45:00+0000,-1.712,2.026,0.314,15,15,1.0,VALID
10,2018-08-25 17:00:00+0000,-1.173,1.485,0.312,15,15,1.0,VALID
10,2018-08-25 17:15:00+0000,-1.586,1.924,0.337,15,15,1.0,VALID
10,2018-08-25 17:30:00+0000,-1.739,2.067,0.327,15,15,1.0,VALID
10,2018-08-25 17:45:00+0000,-1.851,2.188,0.337,15,15,1.0,VALID
10,2018-08-25 18:00:00+0000,-1.814,2.144,0.329,15,15,1.0,VALID
10,2018-08-25 18:15:00+0000,-1.7,2.052,0.352,15,15,1.0,VALID
10,2018-08-25 18:30:00+0000,-1.453,1.84,0.387,15,15,1.0,VALID
10,2018-08-25 18:45:00+0000,-1.026,2.129,1.103,15,15,1.0,VALID
10,2018-08-25 19:00:00+0000,-0.819,2.094,1.275,15,15,1.0,VALID
10,2018-08-25 19:15:00+0000,-1.59,2.03,0.44,15,15,1.0,VALID
10,2018-08-25 19:30:00+0000,-0.717,2.032,1.315,15,15,1.0,VALID
10,2018-08-25 19:45:00+0000,-1.51,1.994,0.483,15,15,1.0,VALID
10,2018-08-25 20:00:00+0000,-0.556,1.883,1.327,15,15,1.0,VALID
10,2018-08-25 20:15:00+0000,-1.565,1.868,0.303,15,15,1.0,VALID
10,2018-08-25 20:30:00+0000,0.304,1.137,1.442,15,15,1.0,VALID
10,2018-08-25 20:45:00+0000,-0.261,1.409,1.148,15,15,1.0,VALID
10,2018-08-25 21:00:00+0000,-0.328,1.148,0.82,15,15,1.0,VALID
10,2018-08-25 21:15:00+0000,0.181,1.555,1.736,15,15,1.0,VALID
10,2018-08-25 21:30:00+0000,1.07,0.887,1.958,15,15,1.0,VALID
10,2018-08-25 21:45:00+0000,1.95,0.722,2.672,15,15,1.0,VALID
10,2018-08-25 22:00:00+0000,1.715,0.972,2.687,15,15,1.0,VALID
10,2018-08-25 22:15:00+0000,1.747,0.816,2.563,15,15,1.0,VALID
10,2018-08-25 22:30:00+0000,1.289,0.563,1.852,15,15,1.0,VALID
10,2018-08-25 22:45:00+0000,2.184,0.544,2.728,15,15,1.0,VALID
10,2018-08-25 23:00:00+0000,0.48,0.161,0.641,15,15,1.0,VALID
10,2018-08-25 23:15:00+0000,2.179,0.165,2.345,15,15,1.0,VALID
10,2018-08-25 23:30:00+0000,0.782,0.094,0.876,15,15,1.0,VALID
10,2018-08-25 23:45:00+0000,1.589,0.07,1.659,15,15,1.0,VALID
10,2018-08-26 00:00:00+0000,,,,1,15,0.067,MISSING
