timestamp,home_id,quality_flag,split_set,target_gross_load_kw,minute_of_day,slot_15m,hour,day_of_week,is_weekend,slot_15m_sin,slot_15m_cos,load_lag_15m,load_lag_30m,load_lag_24h,load_roll_mean_1h,load_roll_std_1h
2018-08-23 00:00:00+0000,1,VALID,train,4.959,1140,76,19,2,False,-0.9659,0.2588,,,,,
2018-08-23 00:15:00+0000,1,VALID,train,4.948,1155,77,19,2,False,-0.9469,0.3214,4.959,,,,
2018-08-23 00:30:00+0000,1,VALID,train,4.953,1170,78,19,2,False,-0.9239,0.3827,4.948,4.959,,,
2018-08-23 00:45:00+0000,1,VALID,train,4.857,1185,79,19,2,False,-0.8969,0.4423,4.953,4.948,,,
2018-08-23 01:00:00+0000,1,VALID,train,4.837,1200,80,20,2,False,-0.866,0.5,4.857,4.953,,4.929,0.048
2018-08-23 01:15:00+0000,1,VALID,train,4.695,1215,81,20,2,False,-0.8315,0.5556,4.837,4.857,,4.899,0.06
2018-08-23 01:30:00+0000,1,VALID,train,4.61,1230,82,20,2,False,-0.7934,0.6088,4.695,4.837,,4.836,0.106
2018-08-23 01:45:00+0000,1,VALID,train,4.584,1245,83,20,2,False,-0.7518,0.6593,4.61,4.695,,4.75,0.118
2018-08-23 02:00:00+0000,1,VALID,train,4.486,1260,84,21,2,False,-0.7071,0.7071,4.584,4.61,,4.682,0.114
2018-08-23 02:15:00+0000,1,VALID,train,4.563,1275,85,21,2,False,-0.6593,0.7518,4.486,4.584,,4.594,0.086
2018-08-23 02:30:00+0000,1,VALID,train,4.538,1290,86,21,2,False,-0.6088,0.7934,4.563,4.486,,4.561,0.053
2018-08-23 02:45:00+0000,1,VALID,train,4.561,1305,87,21,2,False,-0.5556,0.8315,4.538,4.563,,4.543,0.042
2018-08-23 03:00:00+0000,1,VALID,train,4.456,1320,88,22,2,False,-0.5,0.866,4.561,4.538,,4.537,0.036
2018-08-23 03:15:00+0000,1,VALID,train,4.334,1335,89,22,2,False,-0.4423,0.8969,4.456,4.561,,4.53,0.05
2018-08-23 03:30:00+0000,1,VALID,train,4.307,1350,90,22,2,False,-0.3827,0.9239,4.334,4.456,,4.472,0.103
2018-08-23 03:45:00+0000,1,VALID,train,4.388,1365,91,22,2,False,-0.3214,0.9469,4.307,4.334,,4.414,0.117
2018-08-23 04:00:00+0000,1,VALID,train,4.482,1380,92,23,2,False,-0.2588,0.9659,4.388,4.307,,4.371,0.066
2018-08-23 04:15:00+0000,1,VALID,train,4.461,1395,93,23,2,False,-0.1951,0.9808,4.482,4.388,,4.378,0.077
2018-08-23 04:30:00+0000,1,VALID,train,3.31,1410,94,23,2,False,-0.1305,0.9914,4.461,4.482,,4.41,0.079
2018-08-23 04:45:00+0000,1,VALID,train,2.451,1425,95,23,2,False,-0.0654,0.9979,3.31,4.461,,4.16,0.568
2018-08-23 05:00:00+0000,1,VALID,train,4.743,0,0,0,3,False,0.0,1.0,2.451,3.31,,3.676,0.983
2018-08-23 05:15:00+0000,1,VALID,train,5.152,15,1,0,3,False,0.0654,0.9979,4.743,2.451,,3.741,1.06
2018-08-23 05:30:00+0000,1,VALID,train,1.897,30,2,0,3,False,0.1305,0.9914,5.152,4.743,,3.914,1.255
2018-08-23 05:45:00+0000,1,VALID,train,2.385,45,3,0,3,False,0.1951,0.9808,1.897,5.152,,3.561,1.626
2018-08-23 06:00:00+0000,1,VALID,train,4.065,60,4,1,3,False,0.2588,0.9659,2.385,1.897,,3.544,1.641
2018-08-23 06:15:00+0000,1,VALID,train,2.202,75,5,1,3,False,0.3214,0.9469,4.065,2.385,,3.375,1.505
2018-08-23 06:30:00+0000,1,VALID,train,1.169,90,6,1,3,False,0.3827,0.9239,2.202,4.065,,2.637,0.973
2018-08-23 06:45:00+0000,1,VALID,train,4.175,105,7,1,3,False,0.4423,0.8969,1.169,2.202,,2.455,1.199
2018-08-23 07:00:00+0000,1,VALID,train,1.961,120,8,2,3,False,0.5,0.866,4.175,1.169,,2.903,1.468
2018-08-23 07:15:00+0000,1,VALID,train,1.733,135,9,2,3,False,0.5556,0.8315,1.961,4.175,,2.377,1.277
2018-08-23 07:30:00+0000,1,VALID,train,3.531,150,10,2,3,False,0.6088,0.7934,1.733,1.961,,2.26,1.32
2018-08-23 07:45:00+0000,1,VALID,train,0.908,165,11,2,3,False,0.6593,0.7518,3.531,1.733,,2.85,1.191
2018-08-23 08:00:00+0000,1,VALID,train,2.841,180,12,3,3,False,0.7071,0.7071,0.908,3.531,,2.033,1.096
2018-08-23 08:15:00+0000,1,VALID,train,2.41,195,13,3,3,False,0.7518,0.6593,2.841,0.908,,2.253,1.163
2018-08-23 08:30:00+0000,1,VALID,train,1.244,210,14,3,3,False,0.7934,0.6088,2.41,2.841,,2.423,1.11
2018-08-23 08:45:00+0000,1,VALID,train,3.739,225,15,3,3,False,0.8315,0.5556,1.244,2.41,,1.851,0.922
2018-08-23 09:00:00+0000,1,VALID,train,0.871,240,16,4,3,False,0.866,0.5,3.739,1.244,,2.558,1.037
2018-08-23 09:15:00+0000,1,VALID,train,1.783,255,17,4,3,False,0.8969,0.4423,0.871,3.739,,2.066,1.294
2018-08-23 09:30:00+0000,1,VALID,train,3.029,270,18,4,3,False,0.9239,0.3827,1.783,0.871,,1.909,1.276
2018-08-23 09:45:00+0000,1,VALID,train,0.986,285,19,4,3,False,0.9469,0.3214,3.029,1.783,,2.356,1.278
2018-08-23 10:00:00+0000,1,VALID,train,2.074,300,20,5,3,False,0.9659,0.2588,0.986,3.029,,1.667,0.994
2018-08-23 10:15:00+0000,1,VALID,train,2.798,315,21,5,3,False,0.9808,0.1951,2.074,0.986,,1.968,0.844
2018-08-23 10:30:00+0000,1,VALID,train,0.924,330,22,5,3,False,0.9914,0.1305,2.798,2.074,,2.222,0.919
2018-08-23 10:45:00+0000,1,VALID,train,1.742,345,23,5,3,False,0.9979,0.0654,0.924,2.798,,1.696,0.905
2018-08-23 11:00:00+0000,1,VALID,train,2.917,360,24,6,3,False,1.0,0.0,1.742,0.924,,1.884,0.777
2018-08-23 11:15:00+0000,1,VALID,train,0.973,375,25,6,3,False,0.9979,-0.0654,2.917,1.742,,2.095,0.943
2018-08-23 11:30:00+0000,1,VALID,train,1.35,390,26,6,3,False,0.9914,-0.1305,0.973,2.917,,1.639,0.931
2018-08-23 11:45:00+0000,1,VALID,train,4.047,405,27,6,3,False,0.9808,-0.1951,1.35,0.973,,1.745,0.842
2018-08-23 12:00:00+0000,1,VALID,train,3.686,420,28,7,3,False,0.9659,-0.2588,4.047,1.35,,2.322,1.425
2018-08-23 12:15:00+0000,1,VALID,train,0.948,435,29,7,3,False,0.9469,-0.3214,3.686,4.047,,2.514,1.576
2018-08-23 12:30:00+0000,1,VALID,train,0.857,450,30,7,3,False,0.9239,-0.3827,0.948,3.686,,2.508,1.584
2018-08-23 12:45:00+0000,1,VALID,train,2.188,465,31,7,3,False,0.8969,-0.4423,0.857,0.948,,2.384,1.718
2018-08-23 13:00:00+0000,1,VALID,train,3.018,480,32,8,3,False,0.866,-0.5,2.188,0.857,,1.92,1.325
2018-08-23 13:15:00+0000,1,VALID,train,1.016,495,33,8,3,False,0.8315,-0.5556,3.018,2.188,,1.753,1.039
2018-08-23 13:30:00+0000,1,VALID,train,2.293,510,34,8,3,False,0.7934,-0.6088,1.016,3.018,,1.77,1.022
2018-08-23 13:45:00+0000,1,VALID,train,2.908,525,35,8,3,False,0.7518,-0.6593,2.293,1.016,,2.129,0.829
2018-08-23 14:00:00+0000,1,VALID,train,2.437,540,36,9,3,False,0.7071,-0.7071,2.908,2.293,,2.309,0.919
2018-08-23 14:15:00+0000,1,VALID,train,1.731,555,37,9,3,False,0.6593,-0.7518,2.437,2.908,,2.164,0.809
2018-08-23 14:30:00+0000,1,VALID,train,2.111,570,38,9,3,False,0.6088,-0.7934,1.731,2.437,,2.342,0.485
2018-08-23 14:45:00+0000,1,VALID,train,3.167,585,39,9,3,False,0.5556,-0.8315,2.111,1.731,,2.297,0.499
2018-08-23 15:00:00+0000,1,VALID,train,2.817,600,40,10,3,False,0.5,-0.866,3.167,2.111,,2.362,0.61
2018-08-23 15:15:00+0000,1,VALID,train,3.024,615,41,10,3,False,0.4423,-0.8969,2.817,3.167,,2.456,0.653
2018-08-23 15:30:00+0000,1,VALID,train,2.303,630,42,10,3,False,0.3827,-0.9239,3.024,2.817,,2.78,0.468
2018-08-23 15:45:00+0000,1,VALID,train,3.812,645,43,10,3,False,0.3214,-0.9469,2.303,3.024,,2.828,0.378
2018-08-23 16:00:00+0000,1,VALID,train,1.444,660,44,11,3,False,0.2588,-0.9659,3.812,2.303,,2.989,0.627
2018-08-23 16:15:00+0000,1,VALID,train,3.914,675,45,11,3,False,0.1951,-0.9808,1.444,3.812,,2.646,1.011
2018-08-23 16:30:00+0000,1,VALID,train,0.936,690,46,11,3,False,0.1305,-0.9914,3.914,1.444,,2.868,1.202
2018-08-23 16:45:00+0000,1,VALID,train,4.153,705,47,11,3,False,0.0654,-0.9979,0.936,3.914,,2.526,1.558
2018-08-23 17:00:00+0000,1,VALID,train,3.656,720,48,12,3,False,0.0,-1.0,4.153,0.936,,2.612,1.658
2018-08-23 17:15:00+0000,1,VALID,train,1.75,735,49,12,3,False,-0.0654,-0.9979,3.656,4.153,,3.165,1.5
2018-08-23 17:30:00+0000,1,VALID,train,4.692,750,50,12,3,False,-0.1305,-0.9914,1.75,3.656,,2.624,1.529
2018-08-23 17:45:00+0000,1,VALID,train,4.694,765,51,12,3,False,-0.1951,-0.9808,4.692,1.75,,3.563,1.28
2018-08-23 18:00:00+0000,1,VALID,train,1.606,780,52,13,3,False,-0.2588,-0.9659,4.694,4.692,,3.698,1.388
2018-08-23 18:15:00+0000,1,VALID,train,4.339,795,53,13,3,False,-0.3214,-0.9469,1.606,4.694,,3.186,1.742
2018-08-23 18:30:00+0000,1,VALID,train,5.082,810,54,13,3,False,-0.3827,-0.9239,4.339,1.606,,3.833,1.494
2018-08-23 18:45:00+0000,1,VALID,train,5.07,825,55,13,3,False,-0.4423,-0.8969,5.082,4.339,,3.93,1.579
2018-08-23 19:00:00+0000,1,VALID,train,5.015,840,56,14,3,False,-0.5,-0.866,5.07,5.082,,4.024,1.649
2018-08-23 19:15:00+0000,1,VALID,train,2.058,855,57,14,3,False,-0.5556,-0.8315,5.015,5.07,,4.876,0.36
2018-08-23 19:30:00+0000,1,VALID,train,1.107,870,58,14,3,False,-0.6088,-0.7934,2.058,5.015,,4.306,1.499
2018-08-23 19:45:00+0000,1,VALID,train,2.608,885,59,14,3,False,-0.6593,-0.7518,1.107,2.058,,3.312,2.035
2018-08-23 20:00:00+0000,1,VALID,train,5.436,900,60,15,3,False,-0.7071,-0.7071,2.608,1.107,,2.697,1.665
2018-08-23 20:15:00+0000,1,VALID,train,5.316,915,61,15,3,False,-0.7518,-0.6593,5.436,2.608,,2.802,1.862
2018-08-23 20:30:00+0000,1,VALID,train,2.427,930,62,15,3,False,-0.7934,-0.6088,5.316,5.436,,3.617,2.122
2018-08-23 20:45:00+0000,1,VALID,train,0.887,945,63,15,3,False,-0.8315,-0.5556,2.427,5.316,,3.947,1.653
2018-08-23 21:00:00+0000,1,VALID,train,2.855,960,64,16,3,False,-0.866,-0.5,0.887,2.427,,3.516,2.238
2018-08-23 21:15:00+0000,1,VALID,train,5.03,975,65,16,3,False,-0.8969,-0.4423,2.855,0.887,,2.871,1.836
2018-08-23 21:30:00+0000,1,VALID,train,4.414,990,66,16,3,False,-0.9239,-0.3827,5.03,2.855,,2.8,1.71
2018-08-23 21:45:00+0000,1,VALID,train,1.112,1005,67,16,3,False,-0.9469,-0.3214,4.414,5.03,,3.296,1.849
2018-08-23 22:00:00+0000,1,VALID,train,1.219,1020,68,17,3,False,-0.9659,-0.2588,1.112,4.414,,3.353,1.752
2018-08-23 22:15:00+0000,1,VALID,train,1.582,1035,69,17,3,False,-0.9808,-0.1951,1.219,1.112,,2.944,2.069
2018-08-23 22:30:00+0000,1,VALID,train,5.242,1050,70,17,3,False,-0.9914,-0.1305,1.582,1.219,,2.082,1.568
2018-08-23 22:45:00+0000,1,VALID,train,5.24,1065,71,17,3,False,-0.9979,-0.0654,5.242,1.582,,2.289,1.979
2018-08-23 23:00:00+0000,1,VALID,train,5.044,1080,72,18,3,False,-1.0,-0.0,5.24,5.242,,3.321,2.222
2018-08-23 23:15:00+0000,1,VALID,train,4.936,1095,73,18,3,False,-0.9979,0.0654,5.044,5.24,,4.277,1.799
2018-08-23 23:30:00+0000,1,VALID,train,4.923,1110,74,18,3,False,-0.9914,0.1305,4.936,5.044,,5.116,0.151
2018-08-23 23:45:00+0000,1,VALID,train,5.133,1125,75,18,3,False,-0.9808,0.1951,4.923,4.936,,5.036,0.147
2018-08-24 00:00:00+0000,1,VALID,validation,5.167,1140,76,19,3,False,-0.9659,0.2588,5.133,4.923,4.959,5.009,0.099
2018-08-24 00:15:00+0000,1,VALID,validation,5.073,1155,77,19,3,False,-0.9469,0.3214,5.167,5.133,4.948,5.04,0.128
2018-08-24 00:30:00+0000,1,VALID,validation,4.752,1170,78,19,3,False,-0.9239,0.3827,5.073,5.167,4.953,5.074,0.108
2018-08-24 00:45:00+0000,1,VALID,validation,4.686,1185,79,19,3,False,-0.8969,0.4423,4.752,5.073,4.857,5.031,0.19
2018-08-24 01:00:00+0000,1,VALID,validation,4.639,1200,80,20,3,False,-0.866,0.5,4.686,4.752,4.837,4.92,0.236
2018-08-24 01:15:00+0000,1,VALID,validation,4.81,1215,81,20,3,False,-0.8315,0.5556,4.639,4.686,4.695,4.788,0.196
2018-08-24 01:30:00+0000,1,VALID,validation,4.671,1230,82,20,3,False,-0.7934,0.6088,4.81,4.639,4.61,4.722,0.075
2018-08-24 01:45:00+0000,1,VALID,validation,4.794,1245,83,20,3,False,-0.7518,0.6593,4.671,4.81,4.584,4.702,0.075
2018-08-24 02:00:00+0000,1,VALID,validation,4.523,1260,84,21,3,False,-0.7071,0.7071,4.794,4.671,4.486,4.728,0.086
2018-08-24 02:15:00+0000,1,VALID,validation,4.545,1275,85,21,3,False,-0.6593,0.7518,4.523,4.794,4.563,4.7,0.133
2018-08-24 02:30:00+0000,1,VALID,validation,4.454,1290,86,21,3,False,-0.6088,0.7934,4.545,4.523,4.538,4.633,0.125
2018-08-24 02:45:00+0000,1,VALID,validation,4.461,1305,87,21,3,False,-0.5556,0.8315,4.454,4.545,4.561,4.579,0.148
2018-08-24 03:00:00+0000,1,VALID,validation,4.375,1320,88,22,3,False,-0.5,0.866,4.461,4.454,4.456,4.496,0.045
2018-08-24 03:15:00+0000,1,VALID,validation,4.347,1335,89,22,3,False,-0.4423,0.8969,4.375,4.461,4.334,4.459,0.069
2018-08-24 03:30:00+0000,1,VALID,validation,4.352,1350,90,22,3,False,-0.3827,0.9239,4.347,4.375,4.307,4.409,0.057
2018-08-24 03:45:00+0000,1,VALID,validation,2.238,1365,91,22,3,False,-0.3214,0.9469,4.352,4.347,4.388,4.384,0.053
2018-08-24 04:00:00+0000,1,VALID,validation,2.959,1380,92,23,3,False,-0.2588,0.9659,2.238,4.352,4.482,3.828,1.06
2018-08-24 04:15:00+0000,1,VALID,validation,4.501,1395,93,23,3,False,-0.1951,0.9808,2.959,2.238,4.461,3.474,1.053
2018-08-24 04:30:00+0000,1,VALID,validation,2.527,1410,94,23,3,False,-0.1305,0.9914,4.501,2.959,3.31,3.512,1.097
2018-08-24 04:45:00+0000,1,VALID,validation,2.489,1425,95,23,3,False,-0.0654,0.9979,2.527,4.501,2.451,3.056,1.008
2018-08-24 05:00:00+0000,1,VALID,validation,4.168,0,0,0,4,False,0.0,1.0,2.489,2.527,4.743,3.119,0.946
2018-08-24 05:15:00+0000,1,VALID,validation,2.66,15,1,0,4,False,0.0654,0.9979,4.168,2.489,5.152,3.421,1.063
2018-08-24 05:30:00+0000,1,VALID,validation,2.086,30,2,0,4,False,0.1305,0.9914,2.66,4.168,1.897,2.961,0.808
2018-08-24 05:45:00+0000,1,VALID,validation,3.872,45,3,0,4,False,0.1951,0.9808,2.086,2.66,2.385,2.851,0.911
2018-08-24 06:00:00+0000,1,VALID,validation,3.024,60,4,1,4,False,0.2588,0.9659,3.872,2.086,4.065,3.197,0.987
2018-08-24 06:15:00+0000,1,VALID,validation,3.933,75,5,1,4,False,0.3214,0.9469,3.024,3.872,2.202,2.911,0.748
2018-08-24 06:30:00+0000,1,VALID,validation,2.203,90,6,1,4,False,0.3827,0.9239,3.933,3.024,1.169,3.229,0.867
2018-08-24 06:45:00+0000,1,VALID,validation,3.348,105,7,1,4,False,0.4423,0.8969,2.203,3.933,4.175,3.258,0.817
2018-08-24 07:00:00+0000,1,VALID,validation,2.153,120,8,2,4,False,0.5,0.866,3.348,2.203,1.961,3.127,0.722
2018-08-24 07:15:00+0000,1,VALID,validation,3.515,135,9,2,4,False,0.5556,0.8315,2.153,3.348,1.733,2.909,0.878
2018-08-24 07:30:00+0000,1,VALID,validation,1.761,150,10,2,4,False,0.6088,0.7934,3.515,2.153,3.531,2.805,0.727
2018-08-24 07:45:00+0000,1,VALID,validation,3.84,165,11,2,4,False,0.6593,0.7518,1.761,3.515,0.908,2.694,0.869
2018-08-24 08:00:00+0000,1,VALID,validation,1.156,180,12,3,4,False,0.7071,0.7071,3.84,1.761,2.841,2.817,1.015
2018-08-24 08:15:00+0000,1,VALID,validation,1.06,195,13,3,4,False,0.7518,0.6593,1.156,3.84,2.41,2.568,1.311
2018-08-24 08:30:00+0000,1,VALID,validation,3.992,210,14,3,4,False,0.7934,0.6088,1.06,1.156,1.244,1.954,1.295
2018-08-24 08:45:00+0000,1,VALID,validation,1.124,225,15,3,4,False,0.8315,0.5556,3.992,1.06,3.739,2.512,1.623
2018-08-24 09:00:00+0000,1,VALID,validation,0.984,240,16,4,4,False,0.866,0.5,1.124,3.992,0.871,1.833,1.44
2018-08-24 09:15:00+0000,1,VALID,validation,2.295,255,17,4,4,False,0.8969,0.4423,0.984,1.124,1.783,1.79,1.469
2018-08-24 09:30:00+0000,1,VALID,validation,1.977,270,18,4,4,False,0.9239,0.3827,2.295,0.984,3.029,2.099,1.392
2018-08-24 09:45:00+0000,1,VALID,validation,0.972,285,19,4,4,False,0.9469,0.3214,1.977,2.295,0.986,1.595,0.641
2018-08-24 10:00:00+0000,1,VALID,validation,3.205,300,20,5,4,False,0.9659,0.2588,0.972,1.977,2.074,1.557,0.681
2018-08-24 10:15:00+0000,1,VALID,validation,1.688,315,21,5,4,False,0.9808,0.1951,3.205,0.972,2.798,2.112,0.921
2018-08-24 10:30:00+0000,1,VALID,validation,1.99,330,22,5,4,False,0.9914,0.1305,1.688,3.205,0.924,1.961,0.931
2018-08-24 10:45:00+0000,1,VALID,validation,2.697,345,23,5,4,False,0.9979,0.0654,1.99,1.688,1.742,1.964,0.931
2018-08-24 11:00:00+0000,1,VALID,validation,0.924,360,24,6,4,False,1.0,0.0,2.697,1.99,2.917,2.395,0.686
2018-08-24 11:15:00+0000,1,VALID,validation,1.634,375,25,6,4,False,0.9979,-0.0654,0.924,2.697,0.973,1.825,0.734
2018-08-24 11:30:00+0000,1,VALID,validation,3.41,390,26,6,4,False,0.9914,-0.1305,1.634,0.924,1.35,1.811,0.738
2018-08-24 11:45:00+0000,1,VALID,validation,1.211,405,27,6,4,False,0.9808,-0.1951,3.41,1.634,4.047,2.166,1.104
2018-08-24 12:00:00+0000,1,VALID,validation,1.153,420,28,7,4,False,0.9659,-0.2588,1.211,3.41,3.686,1.795,1.116
2018-08-24 12:15:00+0000,1,VALID,validation,3.758,435,29,7,4,False,0.9469,-0.3214,1.153,1.211,0.948,1.852,1.061
2018-08-24 12:30:00+0000,1,VALID,validation,1.425,450,30,7,4,False,0.9239,-0.3827,3.758,1.153,0.857,2.383,1.394
2018-08-24 12:45:00+0000,1,VALID,validation,1.242,465,31,7,4,False,0.8969,-0.4423,1.425,3.758,2.188,1.887,1.253
2018-08-24 13:00:00+0000,1,VALID,validation,3.249,480,32,8,4,False,0.866,-0.5,1.242,1.425,3.018,1.894,1.247
2018-08-24 13:15:00+0000,1,VALID,validation,1.198,495,33,8,4,False,0.8315,-0.5556,3.249,1.242,1.016,2.419,1.272
2018-08-24 13:30:00+0000,1,VALID,validation,2.642,510,34,8,4,False,0.7934,-0.6088,1.198,3.249,2.293,1.779,0.985
2018-08-24 13:45:00+0000,1,VALID,validation,2.468,525,35,8,4,False,0.7518,-0.6593,2.642,1.198,2.908,2.083,1.027
2018-08-24 14:00:00+0000,1,VALID,validation,2.983,540,36,9,4,False,0.7071,-0.7071,2.468,2.642,2.437,2.389,0.862
2018-08-24 14:15:00+0000,1,VALID,validation,1.649,555,37,9,4,False,0.6593,-0.7518,2.983,2.468,1.731,2.323,0.78
2018-08-24 14:30:00+0000,1,VALID,validation,1.449,570,38,9,4,False,0.6088,-0.7934,1.649,2.983,2.111,2.436,0.566
2018-08-24 14:45:00+0000,1,VALID,validation,3.187,585,39,9,4,False,0.5556,-0.8315,1.449,1.649,3.167,2.137,0.716
2018-08-24 15:00:00+0000,1,VALID,validation,1.575,600,40,10,4,False,0.5,-0.866,3.187,1.449,2.817,2.317,0.894
2018-08-24 15:15:00+0000,1,VALID,validation,3.416,615,41,10,4,False,0.4423,-0.8969,1.575,3.187,3.024,1.965,0.819
2018-08-24 15:30:00+0000,1,VALID,validation,1.37,630,42,10,4,False,0.3827,-0.9239,3.416,1.575,2.303,2.407,1.039
2018-08-24 15:45:00+0000,1,VALID,validation,3.573,645,43,10,4,False,0.3214,-0.9469,1.37,3.416,3.812,2.387,1.063
2018-08-24 16:00:00+0000,1,VALID,validation,3.94,660,44,11,4,False,0.2588,-0.9659,3.573,1.37,1.444,2.484,1.172
2018-08-24 16:15:00+0000,1,VALID,validation,1.538,675,45,11,4,False,0.1951,-0.9808,3.94,3.573,3.914,3.075,1.158
2018-08-24 16:30:00+0000,1,VALID,validation,3.709,690,46,11,4,False,0.1305,-0.9914,1.538,3.94,0.936,2.605,1.34
2018-08-24 16:45:00+0000,1,VALID,validation,1.766,705,47,11,4,False,0.0654,-0.9979,3.709,1.538,4.153,3.19,1.112
2018-08-24 17:00:00+0000,1,VALID,validation,4.182,720,48,12,4,False,0.0,-1.0,1.766,3.709,3.656,2.738,1.261
2018-08-24 17:15:00+0000,1,VALID,validation,1.335,735,49,12,4,False,-0.0654,-0.9979,4.182,1.766,1.75,2.799,1.341
2018-08-24 17:30:00+0000,1,VALID,validation,4.282,750,50,12,4,False,-0.1305,-0.9914,1.335,4.182,4.692,2.748,1.407
2018-08-24 17:45:00+0000,1,VALID,validation,4.496,765,51,12,4,False,-0.1951,-0.9808,4.282,1.335,4.694,2.891,1.559
2018-08-24 18:00:00+0000,1,VALID,validation,3.533,780,52,13,4,False,-0.2588,-0.9659,4.496,4.282,1.606,3.574,1.498
2018-08-24 18:15:00+0000,1,VALID,validation,1.865,795,53,13,4,False,-0.3214,-0.9469,3.533,4.496,4.339,3.412,1.445
2018-08-24 18:30:00+0000,1,VALID,validation,4.163,810,54,13,4,False,-0.3827,-0.9239,1.865,3.533,5.082,3.544,1.193
2018-08-24 18:45:00+0000,1,VALID,validation,3.093,825,55,13,4,False,-0.4423,-0.8969,4.163,1.865,5.07,3.514,1.17
2018-08-24 19:00:00+0000,1,VALID,validation,4.019,840,56,14,4,False,-0.5,-0.866,3.093,4.163,5.015,3.164,0.971
2018-08-24 19:15:00+0000,1,VALID,validation,5.161,855,57,14,4,False,-0.5556,-0.8315,4.019,3.093,2.058,3.285,1.059
2018-08-24 19:30:00+0000,1,VALID,validation,5.189,870,58,14,4,False,-0.6088,-0.7934,5.161,4.019,1.107,4.109,0.847
2018-08-24 19:45:00+0000,1,VALID,validation,5.09,885,59,14,4,False,-0.6593,-0.7518,5.189,5.161,2.608,4.366,1.008
2018-08-24 20:00:00+0000,1,VALID,validation,5.026,900,60,15,4,False,-0.7071,-0.7071,5.09,5.189,5.436,4.865,0.565
2018-08-24 20:15:00+0000,1,VALID,validation,4.991,915,61,15,4,False,-0.7518,-0.6593,5.026,5.09,5.316,5.116,0.073
2018-08-24 20:30:00+0000,1,VALID,validation,1.383,930,62,15,4,False,-0.7934,-0.6088,4.991,5.026,2.427,5.074,0.087
2018-08-24 20:45:00+0000,1,VALID,validation,1.197,945,63,15,4,False,-0.8315,-0.5556,1.383,4.991,0.887,4.122,1.827
2018-08-24 21:00:00+0000,1,VALID,validation,1.117,960,64,16,4,False,-0.866,-0.5,1.197,1.383,2.855,3.149,2.148
2018-08-24 21:15:00+0000,1,VALID,validation,5.627,975,65,16,4,False,-0.8969,-0.4423,1.117,1.197,5.03,2.172,1.883
2018-08-24 21:30:00+0000,1,VALID,validation,3.818,990,66,16,4,False,-0.9239,-0.3827,5.627,1.117,4.414,2.331,2.2
2018-08-24 21:45:00+0000,1,VALID,validation,1.939,1005,67,16,4,False,-0.9469,-0.3214,3.818,5.627,1.112,2.94,2.187
2018-08-24 22:00:00+0000,1,VALID,validation,5.19,1020,68,17,4,False,-0.9659,-0.2588,1.939,3.818,1.219,3.125,2.015
2018-08-24 22:15:00+0000,1,VALID,validation,5.255,1035,69,17,4,False,-0.9808,-0.1951,5.19,1.939,1.582,4.144,1.659
2018-08-24 22:30:00+0000,1,VALID,validation,5.155,1050,70,17,4,False,-0.9914,-0.1305,5.255,5.19,5.242,4.051,1.556
2018-08-24 22:45:00+0000,1,VALID,validation,5.039,1065,71,17,4,False,-0.9979,-0.0654,5.155,5.255,5.24,4.385,1.631
2018-08-24 23:00:00+0000,1,VALID,validation,4.954,1080,72,18,4,False,-1.0,-0.0,5.039,5.155,5.044,5.16,0.091
2018-08-24 23:15:00+0000,1,VALID,validation,5.043,1095,73,18,4,False,-0.9979,0.0654,4.954,5.039,4.936,5.101,0.132
2018-08-24 23:30:00+0000,1,VALID,validation,5.214,1110,74,18,4,False,-0.9914,0.1305,5.043,4.954,4.923,5.048,0.082
2018-08-24 23:45:00+0000,1,VALID,validation,5.163,1125,75,18,4,False,-0.9808,0.1951,5.214,5.043,5.133,5.062,0.109
2018-08-25 00:00:00+0000,1,VALID,holdout,5.167,1140,76,19,4,False,-0.9659,0.2588,5.163,5.214,5.167,5.094,0.117
2018-08-25 00:15:00+0000,1,VALID,holdout,5.031,1155,77,19,4,False,-0.9469,0.3214,5.167,5.163,5.073,5.147,0.073
2018-08-25 00:30:00+0000,1,VALID,holdout,4.84,1170,78,19,4,False,-0.9239,0.3827,5.031,5.167,4.752,5.144,0.079
2018-08-25 00:45:00+0000,1,VALID,holdout,4.805,1185,79,19,4,False,-0.8969,0.4423,4.84,5.031,4.686,5.05,0.154
2018-08-25 01:00:00+0000,1,VALID,holdout,4.845,1200,80,20,4,False,-0.866,0.5,4.805,4.84,4.639,4.961,0.17
2018-08-25 01:15:00+0000,1,VALID,holdout,4.851,1215,81,20,4,False,-0.8315,0.5556,4.845,4.805,4.81,4.88,0.102
2018-08-25 01:30:00+0000,1,VALID,holdout,4.814,1230,82,20,4,False,-0.7934,0.6088,4.851,4.845,4.671,4.835,0.021
2018-08-25 01:45:00+0000,1,VALID,holdout,4.788,1245,83,20,4,False,-0.7518,0.6593,4.814,4.851,4.794,4.829,0.023
2018-08-25 02:00:00+0000,1,VALID,holdout,4.696,1260,84,21,4,False,-0.7071,0.7071,4.788,4.814,4.523,4.824,0.029
2018-08-25 02:15:00+0000,1,VALID,holdout,4.604,1275,85,21,4,False,-0.6593,0.7518,4.696,4.788,4.545,4.787,0.066
2018-08-25 02:30:00+0000,1,VALID,holdout,4.49,1290,86,21,4,False,-0.6088,0.7934,4.604,4.696,4.454,4.726,0.096
2018-08-25 02:45:00+0000,1,VALID,holdout,4.345,1305,87,21,4,False,-0.5556,0.8315,4.49,4.604,4.461,4.645,0.127
2018-08-25 03:00:00+0000,1,VALID,holdout,4.322,1320,88,22,4,False,-0.5,0.866,4.345,4.49,4.375,4.534,0.151
2018-08-25 03:15:00+0000,1,VALID,holdout,4.335,1335,89,22,4,False,-0.4423,0.8969,4.322,4.345,4.347,4.44,0.132
2018-08-25 03:30:00+0000,1,VALID,holdout,3.279,1350,90,22,4,False,-0.3827,0.9239,4.335,4.322,4.352,4.373,0.079
2018-08-25 03:45:00+0000,1,VALID,holdout,3.291,1365,91,22,4,False,-0.3214,0.9469,3.279,4.335,2.238,4.07,0.528
2018-08-25 04:00:00+0000,1,VALID,holdout,5.377,1380,92,23,4,False,-0.2588,0.9659,3.291,3.279,2.959,3.807,0.603
2018-08-25 04:15:00+0000,1,VALID,holdout,3.369,1395,93,23,4,False,-0.1951,0.9808,5.377,3.291,4.501,4.071,1.002
2018-08-25 04:30:00+0000,1,VALID,holdout,2.325,1410,94,23,4,False,-0.1305,0.9914,3.369,5.377,2.527,3.829,1.033
2018-08-25 04:45:00+0000,1,VALID,holdout,3.855,1425,95,23,4,False,-0.0654,0.9979,2.325,3.369,2.489,3.591,1.282
2018-08-25 05:00:00+0000,1,VALID,holdout,2.373,0,0,0,5,True,0.0,1.0,3.855,2.325,4.168,3.732,1.269
2018-08-25 05:15:00+0000,1,VALID,holdout,4.526,15,1,0,5,True,0.0654,0.9979,2.373,3.855,2.66,2.981,0.756
2018-08-25 05:30:00+0000,1,VALID,holdout,1.971,30,2,0,5,True,0.1305,0.9914,4.526,2.373,2.086,3.27,1.098
2018-08-25 05:45:00+0000,1,VALID,holdout,2.407,45,3,0,5,True,0.1951,0.9808,1.971,4.526,3.872,3.181,1.208
2018-08-25 06:00:00+0000,1,VALID,holdout,3.648,60,4,1,5,True,0.2588,0.9659,2.407,1.971,3.024,2.819,1.155
2018-08-25 06:15:00+0000,1,VALID,holdout,1.02,75,5,1,5,True,0.3214,0.9469,3.648,2.407,3.933,3.138,1.167
2018-08-25 06:30:00+0000,1,VALID,holdout,2.942,90,6,1,5,True,0.3827,0.9239,1.02,3.648,2.203,2.262,1.091
2018-08-25 06:45:00+0000,1,VALID,holdout,2.039,105,7,1,5,True,0.4423,0.8969,2.942,1.02,3.348,2.504,1.112
2018-08-25 07:00:00+0000,1,VALID,holdout,1.983,120,8,2,5,True,0.5,0.866,2.039,2.942,2.153,2.412,1.138
2018-08-25 07:15:00+0000,1,VALID,holdout,3.131,135,9,2,5,True,0.5556,0.8315,1.983,2.039,3.515,1.996,0.785
2018-08-25 07:30:00+0000,1,VALID,holdout,1.043,150,10,2,5,True,0.6088,0.7934,3.131,1.983,1.761,2.524,0.598
2018-08-25 07:45:00+0000,1,VALID,holdout,3.404,165,11,2,5,True,0.6593,0.7518,1.043,3.131,3.84,2.049,0.854
2018-08-25 08:00:00+0000,1,VALID,holdout,1.253,180,12,3,5,True,0.7071,0.7071,3.404,1.043,1.156,2.39,1.089
2018-08-25 08:15:00+0000,1,VALID,holdout,0.953,195,13,3,5,True,0.7518,0.6593,1.253,3.404,1.06,2.208,1.232
2018-08-25 08:30:00+0000,1,VALID,holdout,4.001,210,14,3,5,True,0.7934,0.6088,0.953,1.253,3.992,1.663,1.167
2018-08-25 08:45:00+0000,1,VALID,holdout,1.1,225,15,3,5,True,0.8315,0.5556,4.001,0.953,1.124,2.403,1.525
2018-08-25 09:00:00+0000,1,VALID,holdout,1.904,240,16,4,5,True,0.866,0.5,1.1,4.001,0.984,1.827,1.455
2018-08-25 09:15:00+0000,1,VALID,holdout,2.821,255,17,4,5,True,0.8969,0.4423,1.904,1.1,2.295,1.99,1.405
2018-08-25 09:30:00+0000,1,VALID,holdout,0.874,270,18,4,5,True,0.9239,0.3827,2.821,1.904,1.977,2.457,1.247
2018-08-25 09:45:00+0000,1,VALID,holdout,1.433,285,19,4,5,True,0.9469,0.3214,0.874,2.821,0.972,1.675,0.883
2018-08-25 10:00:00+0000,1,VALID,holdout,3.5,300,20,5,5,True,0.9659,0.2588,1.433,0.874,3.205,1.758,0.824
2018-08-25 10:15:00+0000,1,VALID,holdout,0.996,315,21,5,5,True,0.9808,0.1951,3.5,1.433,1.688,2.157,1.213
2018-08-25 10:30:00+0000,1,VALID,holdout,1.922,330,22,5,5,True,0.9914,0.1305,0.996,3.5,1.99,1.701,1.223
2018-08-25 10:45:00+0000,1,VALID,holdout,2.849,345,23,5,5,True,0.9979,0.0654,1.922,0.996,2.697,1.963,1.092
2018-08-25 11:00:00+0000,1,VALID,holdout,1.001,360,24,6,5,True,1.0,0.0,2.849,1.922,0.924,2.317,1.093
2018-08-25 11:15:00+0000,1,VALID,holdout,1.054,375,25,6,5,True,0.9979,-0.0654,1.001,2.849,1.634,1.692,0.886
2018-08-25 11:30:00+0000,1,VALID,holdout,3.816,390,26,6,5,True,0.9914,-0.1305,1.054,1.001,3.41,1.707,0.871
2018-08-25 11:45:00+0000,1,VALID,holdout,1.124,405,27,6,5,True,0.9808,-0.1951,3.816,1.054,1.211,2.18,1.388
2018-08-25 12:00:00+0000,1,VALID,holdout,1.055,420,28,7,5,True,0.9659,-0.2588,1.124,3.816,1.153,1.749,1.379
2018-08-25 12:15:00+0000,1,VALID,holdout,3.879,435,29,7,5,True,0.9469,-0.3214,1.055,1.124,3.758,1.762,1.37
2018-08-25 12:30:00+0000,1,VALID,holdout,2.794,450,30,7,5,True,0.9239,-0.3827,3.879,1.055,1.425,2.469,1.593
2018-08-25 12:45:00+0000,1,VALID,holdout,0.911,465,31,7,5,True,0.8969,-0.4423,2.794,3.879,1.242,2.213,1.371
2018-08-25 13:00:00+0000,1,VALID,holdout,0.916,480,32,8,5,True,0.866,-0.5,0.911,2.794,3.249,2.16,1.43
2018-08-25 13:15:00+0000,1,VALID,holdout,3.563,495,33,8,5,True,0.8315,-0.5556,0.916,0.911,1.198,2.125,1.467
2018-08-25 13:30:00+0000,1,VALID,holdout,1.317,510,34,8,5,True,0.7934,-0.6088,3.563,0.916,2.642,2.046,1.345
2018-08-25 13:45:00+0000,1,VALID,holdout,1.83,525,35,8,5,True,0.7518,-0.6593,1.317,3.563,2.468,1.677,1.272
2018-08-25 14:00:00+0000,1,VALID,holdout,4.024,540,36,9,5,True,0.7071,-0.7071,1.83,1.317,2.983,1.907,1.166
2018-08-25 14:15:00+0000,1,VALID,holdout,1.449,555,37,9,5,True,0.6593,-0.7518,4.024,1.83,1.649,2.684,1.312
2018-08-25 14:30:00+0000,1,VALID,holdout,2.932,570,38,9,5,True,0.6088,-0.7934,1.449,4.024,1.449,2.155,1.265
2018-08-25 14:45:00+0000,1,VALID,holdout,4.31,585,39,9,5,True,0.5556,-0.8315,2.932,1.449,3.187,2.559,1.162
2018-08-25 15:00:00+0000,1,VALID,holdout,1.914,600,40,10,5,True,0.5,-0.866,4.31,2.932,1.575,3.179,1.297
2018-08-25 15:15:00+0000,1,VALID,holdout,2.684,615,41,10,5,True,0.4423,-0.8969,1.914,4.31,3.416,2.651,1.267
2018-08-25 15:30:00+0000,1,VALID,holdout,7.872,630,42,10,5,True,0.3827,-0.9239,2.684,1.914,1.37,2.96,0.999
2018-08-25 15:45:00+0000,1,VALID,holdout,7.179,645,43,10,5,True,0.3214,-0.9469,7.872,2.684,3.573,4.195,2.647
2018-08-25 16:00:00+0000,1,VALID,holdout,5.661,660,44,11,5,True,0.2588,-0.9659,7.179,7.872,3.94,4.912,3.047
2018-08-25 16:15:00+0000,1,VALID,holdout,7.448,675,45,11,5,True,0.1951,-0.9808,5.661,7.179,1.538,5.849,2.303
2018-08-25 16:30:00+0000,1,VALID,holdout,7.442,690,46,11,5,True,0.1305,-0.9914,7.448,5.661,3.709,7.04,0.963
2018-08-25 16:45:00+0000,1,VALID,holdout,6.254,705,47,11,5,True,0.0654,-0.9979,7.442,7.448,1.766,6.933,0.857
2018-08-25 17:00:00+0000,1,VALID,holdout,2.503,720,48,12,5,True,0.0,-1.0,6.254,7.442,4.182,6.701,0.892
2018-08-25 17:15:00+0000,1,VALID,holdout,3.027,735,49,12,5,True,-0.0654,-0.9979,2.503,6.254,1.335,5.912,2.341
2018-08-25 17:30:00+0000,1,VALID,holdout,6.476,750,50,12,5,True,-0.1305,-0.9914,3.027,2.503,4.282,4.807,2.416
2018-08-25 17:45:00+0000,1,VALID,holdout,6.637,765,51,12,5,True,-0.1951,-0.9808,6.476,3.027,4.496,4.565,2.091
2018-08-25 18:00:00+0000,1,VALID,holdout,8.324,780,52,13,5,True,-0.2588,-0.9659,6.637,6.476,3.533,4.661,2.2
2018-08-25 18:15:00+0000,1,VALID,holdout,6.402,795,53,13,5,True,-0.3214,-0.9469,8.324,6.637,1.865,6.116,2.222
2018-08-25 18:30:00+0000,1,VALID,holdout,4.276,810,54,13,5,True,-0.3827,-0.9239,6.402,8.324,4.163,6.96,0.915
2018-08-25 18:45:00+0000,1,VALID,holdout,5.188,825,55,13,5,True,-0.4423,-0.8969,4.276,6.402,3.093,6.41,1.66
2018-08-25 19:00:00+0000,1,VALID,holdout,5.272,840,56,14,5,True,-0.5,-0.866,5.188,4.276,4.019,6.048,1.75
2018-08-25 19:15:00+0000,1,VALID,holdout,5.444,855,57,14,5,True,-0.5556,-0.8315,5.272,5.188,5.161,5.284,0.871
2018-08-25 19:30:00+0000,1,VALID,holdout,5.074,870,58,14,5,True,-0.6088,-0.7934,5.444,5.272,5.189,5.045,0.524
2018-08-25 19:45:00+0000,1,VALID,holdout,5.071,885,59,14,5,True,-0.6593,-0.7518,5.074,5.444,5.09,5.244,0.156
2018-08-25 20:00:00+0000,1,VALID,holdout,5.016,900,60,15,5,True,-0.7071,-0.7071,5.071,5.074,5.026,5.215,0.179
2018-08-25 20:15:00+0000,1,VALID,holdout,5.058,915,61,15,5,True,-0.7518,-0.6593,5.016,5.071,4.991,5.151,0.197
2018-08-25 20:30:00+0000,1,VALID,holdout,5.125,930,62,15,5,True,-0.7934,-0.6088,5.058,5.016,1.383,5.055,0.027
2018-08-25 20:45:00+0000,1,VALID,holdout,4.706,945,63,15,5,True,-0.8315,-0.5556,5.125,5.058,1.197,5.068,0.045
2018-08-25 21:00:00+0000,1,VALID,holdout,1.158,960,64,16,5,True,-0.866,-0.5,4.706,5.125,1.117,4.976,0.186
2018-08-25 21:15:00+0000,1,VALID,holdout,1.114,975,65,16,5,True,-0.8969,-0.4423,1.158,4.706,5.627,4.012,1.911
2018-08-25 21:30:00+0000,1,VALID,holdout,1.07,990,66,16,5,True,-0.9239,-0.3827,1.114,1.158,3.818,3.026,2.189
2018-08-25 21:45:00+0000,1,VALID,holdout,1.046,1005,67,16,5,True,-0.9469,-0.3214,1.07,1.114,1.939,2.012,1.796
2018-08-25 22:00:00+0000,1,VALID,holdout,3.403,1020,68,17,5,True,-0.9659,-0.2588,1.046,1.07,5.19,1.097,0.049
2018-08-25 22:15:00+0000,1,VALID,holdout,5.059,1035,69,17,5,True,-0.9808,-0.1951,3.403,1.046,5.255,1.658,1.164
2018-08-25 22:30:00+0000,1,VALID,holdout,5.541,1050,70,17,5,True,-0.9914,-0.1305,5.059,3.403,5.155,2.645,1.953
2018-08-25 22:45:00+0000,1,VALID,holdout,5.257,1065,71,17,5,True,-0.9979,-0.0654,5.541,5.059,5.039,3.762,2.029
2018-08-25 23:00:00+0000,1,VALID,holdout,4.916,1080,72,18,5,True,-1.0,-0.0,5.257,5.541,4.954,4.815,0.962
2018-08-25 23:15:00+0000,1,VALID,holdout,4.919,1095,73,18,5,True,-0.9979,0.0654,4.916,5.257,5.043,5.193,0.271
2018-08-25 23:30:00+0000,1,VALID,holdout,5.0,1110,74,18,5,True,-0.9914,0.1305,4.919,4.916,5.214,5.158,0.301
2018-08-25 23:45:00+0000,1,VALID,holdout,4.989,1125,75,18,5,True,-0.9808,0.1951,5.0,4.919,5.163,5.023,0.161
2018-08-26 00:00:00+0000,1,MISSING,holdout,,1140,76,19,5,True,-0.9659,0.2588,4.989,5.0,5.167,4.956,0.045
2018-08-23 00:00:00+0000,2,VALID,train,5.854,1140,76,19,2,False,-0.9659,0.2588,,,,,
2018-08-23 00:15:00+0000,2,VALID,train,4.444,1155,77,19,2,False,-0.9469,0.3214,5.854,,,,
2018-08-23 00:30:00+0000,2,VALID,train,6.819,1170,78,19,2,False,-0.9239,0.3827,4.444,5.854,,,
2018-08-23 00:45:00+0000,2,VALID,train,3.632,1185,79,19,2,False,-0.8969,0.4423,6.819,4.444,,,
2018-08-23 01:00:00+0000,2,VALID,train,4.516,1200,80,20,2,False,-0.866,0.5,3.632,6.819,,5.187,1.423
2018-08-23 01:15:00+0000,2,VALID,train,4.878,1215,81,20,2,False,-0.8315,0.5556,4.516,3.632,,4.853,1.371
2018-08-23 01:30:00+0000,2,VALID,train,3.037,1230,82,20,2,False,-0.7934,0.6088,4.878,4.516,,4.961,1.345
2018-08-23 01:45:00+0000,2,VALID,train,4.731,1245,83,20,2,False,-0.7518,0.6593,3.037,4.878,,4.016,0.836
2018-08-23 02:00:00+0000,2,VALID,train,2.016,1260,84,21,2,False,-0.7071,0.7071,4.731,3.037,,4.29,0.849
2018-08-23 02:15:00+0000,2,VALID,train,4.7,1275,85,21,2,False,-0.6593,0.7518,2.016,4.731,,3.665,1.381
2018-08-23 02:30:00+0000,2,VALID,train,3.956,1290,86,21,2,False,-0.6088,0.7934,4.7,2.016,,3.621,1.331
2018-08-23 02:45:00+0000,2,VALID,train,4.837,1305,87,21,2,False,-0.5556,0.8315,3.956,4.7,,3.851,1.275
2018-08-23 03:00:00+0000,2,VALID,train,4.852,1320,88,22,2,False,-0.5,0.866,4.837,3.956,,3.877,1.3
2018-08-23 03:15:00+0000,2,VALID,train,3.095,1335,89,22,2,False,-0.4423,0.8969,4.852,4.837,,4.586,0.426
2018-08-23 03:30:00+0000,2,VALID,train,5.05,1350,90,22,2,False,-0.3827,0.9239,3.095,4.852,,4.185,0.839
2018-08-23 03:45:00+0000,2,VALID,train,2.429,1365,91,22,2,False,-0.3214,0.9469,5.05,3.095,,4.458,0.914
2018-08-23 04:00:00+0000,2,VALID,train,5.058,1380,92,23,2,False,-0.2588,0.9659,2.429,5.05,,3.856,1.295
2018-08-23 04:15:00+0000,2,VALID,train,3.975,1395,93,23,2,False,-0.1951,0.9808,5.058,2.429,,3.908,1.351
2018-08-23 04:30:00+0000,2,VALID,train,5.627,1410,94,23,2,False,-0.1305,0.9914,3.975,5.058,,4.128,1.242
2018-08-23 04:45:00+0000,2,VALID,train,3.106,1425,95,23,2,False,-0.0654,0.9979,5.627,3.975,,4.272,1.407
2018-08-23 05:00:00+0000,2,VALID,train,5.354,0,0,0,3,False,0.0,1.0,3.106,5.627,,4.442,1.123
2018-08-23 05:15:00+0000,2,VALID,train,2.504,15,1,0,3,False,0.0654,0.9979,5.354,3.106,,4.516,1.186
2018-08-23 05:30:00+0000,2,VALID,train,5.296,30,2,0,3,False,0.1305,0.9914,2.504,5.354,,4.148,1.574
2018-08-23 05:45:00+0000,2,VALID,train,2.223,45,3,0,3,False,0.1951,0.9808,5.296,2.504,,4.065,1.476
2018-08-23 06:00:00+0000,2,VALID,train,4.876,60,4,1,3,False,0.2588,0.9659,2.223,5.296,,3.844,1.714
2018-08-23 06:15:00+0000,2,VALID,train,3.632,75,5,1,3,False,0.3214,0.9469,4.876,2.223,,3.725,1.585
2018-08-23 06:30:00+0000,2,VALID,train,2.299,90,6,1,3,False,0.3827,0.9239,3.632,4.876,,4.007,1.383
2018-08-23 06:45:00+0000,2,VALID,train,3.072,105,7,1,3,False,0.4423,0.8969,2.299,3.632,,3.258,1.258
2018-08-23 07:00:00+0000,2,VALID,train,3.304,120,8,2,3,False,0.5,0.866,3.072,2.299,,3.47,1.085
2018-08-23 07:15:00+0000,2,VALID,train,1.938,135,9,2,3,False,0.5556,0.8315,3.304,3.072,,3.077,0.567
2018-08-23 07:30:00+0000,2,VALID,train,1.844,150,10,2,3,False,0.6088,0.7934,1.938,3.304,,2.653,0.642
2018-08-23 07:45:00+0000,2,VALID,train,3.001,165,11,2,3,False,0.6593,0.7518,1.844,1.938,,2.54,0.756
2018-08-23 08:00:00+0000,2,VALID,train,2.457,180,12,3,3,False,0.7071,0.7071,3.001,1.844,,2.522,0.74
2018-08-23 08:15:00+0000,2,VALID,train,1.258,195,13,3,3,False,0.7518,0.6593,2.457,3.001,,2.31,0.534
2018-08-23 08:30:00+0000,2,VALID,train,2.726,210,14,3,3,False,0.7934,0.6088,1.258,2.457,,2.14,0.754
2018-08-23 08:45:00+0000,2,VALID,train,2.613,225,15,3,3,False,0.8315,0.5556,2.726,1.258,,2.36,0.768
2018-08-23 09:00:00+0000,2,VALID,train,0.888,240,16,4,3,False,0.866,0.5,2.613,2.726,,2.264,0.679
2018-08-23 09:15:00+0000,2,VALID,train,2.065,255,17,4,3,False,0.8969,0.4423,0.888,2.613,,1.871,0.935
2018-08-23 09:30:00+0000,2,VALID,train,2.591,270,18,4,3,False,0.9239,0.3827,2.065,0.888,,2.073,0.841
2018-08-23 09:45:00+0000,2,VALID,train,1.664,285,19,4,3,False,0.9469,0.3214,2.591,2.065,,2.039,0.808
2018-08-23 10:00:00+0000,2,VALID,train,1.272,300,20,5,3,False,0.9659,0.2588,1.664,2.591,,1.802,0.718
2018-08-23 10:15:00+0000,2,VALID,train,2.457,315,21,5,3,False,0.9808,0.1951,1.272,1.664,,1.898,0.564
2018-08-23 10:30:00+0000,2,VALID,train,1.69,330,22,5,3,False,0.9914,0.1305,2.457,1.272,,1.996,0.633
2018-08-23 10:45:00+0000,2,VALID,train,0.913,345,23,5,3,False,0.9979,0.0654,1.69,2.457,,1.771,0.496
2018-08-23 11:00:00+0000,2,VALID,train,2.493,360,24,6,3,False,1.0,0.0,0.913,1.69,,1.583,0.664
2018-08-23 11:15:00+0000,2,VALID,train,1.265,375,25,6,3,False,0.9979,-0.0654,2.493,0.913,,1.888,0.748
2018-08-23 11:30:00+0000,2,VALID,train,1.567,390,26,6,3,False,0.9914,-0.1305,1.265,2.493,,1.59,0.681
2018-08-23 11:45:00+0000,2,VALID,train,2.305,405,27,6,3,False,0.9808,-0.1951,1.567,1.265,,1.56,0.677
2018-08-23 12:00:00+0000,2,VALID,train,0.472,420,28,7,3,False,0.9659,-0.2588,2.305,1.567,,1.908,0.586
2018-08-23 12:15:00+0000,2,VALID,train,2.096,435,29,7,3,False,0.9469,-0.3214,0.472,2.305,,1.402,0.759
2018-08-23 12:30:00+0000,2,VALID,train,1.548,450,30,7,3,False,0.9239,-0.3827,2.096,0.472,,1.61,0.82
2018-08-23 12:45:00+0000,2,VALID,train,0.79,465,31,7,3,False,0.8969,-0.4423,1.548,2.096,,1.605,0.82
2018-08-23 13:00:00+0000,2,VALID,train,1.599,480,32,8,3,False,0.866,-0.5,0.79,1.548,,1.226,0.735
2018-08-23 13:15:00+0000,2,VALID,train,1.73,495,33,8,3,False,0.8315,-0.5556,1.599,0.79,,1.508,0.539
2018-08-23 13:30:00+0000,2,VALID,train,0.44,510,34,8,3,False,0.7934,-0.6088,1.73,1.599,,1.417,0.425
2018-08-23 13:45:00+0000,2,VALID,train,1.713,525,35,8,3,False,0.7518,-0.6593,0.44,1.73,,1.14,0.625
2018-08-23 14:00:00+0000,2,VALID,train,1.887,540,36,9,3,False,0.7071,-0.7071,1.713,0.44,,1.37,0.623
2018-08-23 14:15:00+0000,2,VALID,train,0.916,555,37,9,3,False,0.6593,-0.7518,1.887,1.713,,1.442,0.673
2018-08-23 14:30:00+0000,2,VALID,train,1.951,570,38,9,3,False,0.6088,-0.7934,0.916,1.887,,1.239,0.68
2018-08-23 14:45:00+0000,2,VALID,train,2.298,585,39,9,3,False,0.5556,-0.8315,1.951,0.916,,1.617,0.478
2018-08-23 15:00:00+0000,2,VALID,train,2.447,600,40,10,3,False,0.5,-0.866,2.298,1.951,,1.763,0.593
2018-08-23 15:15:00+0000,2,VALID,train,1.781,615,41,10,3,False,0.4423,-0.8969,2.447,2.298,,1.903,0.69
2018-08-23 15:30:00+0000,2,VALID,train,4.138,630,42,10,3,False,0.3827,-0.9239,1.781,2.447,,2.119,0.307
2018-08-23 15:45:00+0000,2,VALID,train,3.445,645,43,10,3,False,0.3214,-0.9469,4.138,1.781,,2.666,1.022
2018-08-23 16:00:00+0000,2,VALID,train,3.192,660,44,11,3,False,0.2588,-0.9659,3.445,4.138,,2.953,1.045
2018-08-23 16:15:00+0000,2,VALID,train,4.505,675,45,11,3,False,0.1951,-0.9808,3.192,3.445,,3.139,0.99
2018-08-23 16:30:00+0000,2,VALID,train,3.276,690,46,11,3,False,0.1305,-0.9914,4.505,3.192,,3.82,0.607
2018-08-23 16:45:00+0000,2,VALID,train,2.425,705,47,11,3,False,0.0654,-0.9979,3.276,4.505,,3.604,0.609
2018-08-23 17:00:00+0000,2,VALID,train,4.42,720,48,12,3,False,0.0,-1.0,2.425,3.276,,3.35,0.86
2018-08-23 17:15:00+0000,2,VALID,train,1.495,735,49,12,3,False,-0.0654,-0.9979,4.42,2.425,,3.656,0.994
2018-08-23 17:30:00+0000,2,VALID,train,6.91,750,50,12,3,False,-0.1305,-0.9914,1.495,4.42,,2.904,1.245
2018-08-23 17:45:00+0000,2,VALID,train,2.741,765,51,12,3,False,-0.1951,-0.9808,6.91,1.495,,3.812,2.399
2018-08-23 18:00:00+0000,2,VALID,train,5.975,780,52,13,3,False,-0.2588,-0.9659,2.741,6.91,,3.891,2.342
2018-08-23 18:15:00+0000,2,VALID,train,3.102,795,53,13,3,False,-0.3214,-0.9469,5.975,2.741,,4.28,2.576
2018-08-23 18:30:00+0000,2,VALID,train,6.039,810,54,13,3,False,-0.3827,-0.9239,3.102,5.975,,4.682,2.074
2018-08-23 18:45:00+0000,2,VALID,train,2.114,825,55,13,3,False,-0.4423,-0.8969,6.039,3.102,,4.464,1.788
2018-08-23 19:00:00+0000,2,VALID,train,7.041,840,56,14,3,False,-0.5,-0.866,2.114,6.039,,4.308,2.004
2018-08-23 19:15:00+0000,2,VALID,train,1.712,855,57,14,3,False,-0.5556,-0.8315,7.041,2.114,,4.574,2.342
2018-08-23 19:30:00+0000,2,VALID,train,6.197,870,58,14,3,False,-0.6088,-0.7934,1.712,7.041,,4.226,2.708
2018-08-23 19:45:00+0000,2,VALID,train,2.355,885,59,14,3,False,-0.6593,-0.7518,6.197,1.712,,4.266,2.744
2018-08-23 20:00:00+0000,2,VALID,train,5.383,900,60,15,3,False,-0.7071,-0.7071,2.355,6.197,,4.326,2.683
2018-08-23 20:15:00+0000,2,VALID,train,5.989,915,61,15,3,False,-0.7518,-0.6593,5.383,2.355,,3.912,2.21
2018-08-23 20:30:00+0000,2,VALID,train,2.354,930,62,15,3,False,-0.7934,-0.6088,5.989,5.383,,4.981,1.784
2018-08-23 20:45:00+0000,2,VALID,train,7.677,945,63,15,3,False,-0.8315,-0.5556,2.354,5.989,,4.02,1.939
2018-08-23 21:00:00+0000,2,VALID,train,5.333,960,64,16,3,False,-0.866,-0.5,7.677,2.354,,5.351,2.221
2018-08-23 21:15:00+0000,2,VALID,train,1.632,975,65,16,3,False,-0.8969,-0.4423,5.333,7.677,,5.338,2.221
2018-08-23 21:30:00+0000,2,VALID,train,7.3,990,66,16,3,False,-0.9239,-0.3827,1.632,5.333,,4.249,2.791
2018-08-23 21:45:00+0000,2,VALID,train,5.393,1005,67,16,3,False,-0.9469,-0.3214,7.3,1.632,,5.486,2.767
2018-08-23 22:00:00+0000,2,VALID,train,3.779,1020,68,17,3,False,-0.9659,-0.2588,5.393,7.3,,4.914,2.371
2018-08-23 22:15:00+0000,2,VALID,train,2.77,1035,69,17,3,False,-0.9808,-0.1951,3.779,5.393,,4.526,2.407
2018-08-23 22:30:00+0000,2,VALID,train,3.443,1050,70,17,3,False,-0.9914,-0.1305,2.77,3.779,,4.81,1.98
2018-08-23 22:45:00+0000,2,VALID,train,5.012,1065,71,17,3,False,-0.9979,-0.0654,3.443,2.77,,3.846,1.113
2018-08-23 23:00:00+0000,2,VALID,train,2.446,1080,72,18,3,False,-1.0,-0.0,5.012,3.443,,3.751,0.94
2018-08-23 23:15:00+0000,2,VALID,train,3.396,1095,73,18,3,False,-0.9979,0.0654,2.446,5.012,,3.418,1.141
2018-08-23 23:30:00+0000,2,VALID,train,5.578,1110,74,18,3,False,-0.9914,0.1305,3.396,2.446,,3.574,1.063
2018-08-23 23:45:00+0000,2,VALID,train,2.468,1125,75,18,3,False,-0.9808,0.1951,5.578,3.396,,4.108,1.443
2018-08-24 00:00:00+0000,2,VALID,validation,4.653,1140,76,19,3,False,-0.9659,0.2588,2.468,5.578,5.854,3.472,1.472
2018-08-24 00:15:00+0000,2,VALID,validation,4.25,1155,77,19,3,False,-0.9469,0.3214,4.653,2.468,4.444,4.024,1.369
2018-08-24 00:30:00+0000,2,VALID,validation,3.376,1170,78,19,3,False,-0.9239,0.3827,4.25,4.653,6.819,4.237,1.304
2018-08-24 00:45:00+0000,2,VALID,validation,4.959,1185,79,19,3,False,-0.8969,0.4423,3.376,4.25,3.632,3.687,0.972
2018-08-24 01:00:00+0000,2,VALID,validation,2.573,1200,80,20,3,False,-0.866,0.5,4.959,3.376,4.516,4.31,0.687
2018-08-24 01:15:00+0000,2,VALID,validation,3.554,1215,81,20,3,False,-0.8315,0.5556,2.573,4.959,4.878,3.79,1.038
2018-08-24 01:30:00+0000,2,VALID,validation,4.211,1230,82,20,3,False,-0.7934,0.6088,3.554,2.573,3.037,3.616,0.992
2018-08-24 01:45:00+0000,2,VALID,validation,0.738,1245,83,20,3,False,-0.7518,0.6593,4.211,3.554,4.731,3.824,1.013
2018-08-24 02:00:00+0000,2,VALID,validation,3.71,1260,84,21,3,False,-0.7071,0.7071,0.738,4.211,2.016,2.769,1.512
2018-08-24 02:15:00+0000,2,VALID,validation,1.754,1275,85,21,3,False,-0.6593,0.7518,3.71,0.738,4.7,3.053,1.569
2018-08-24 02:30:00+0000,2,VALID,validation,4.048,1290,86,21,3,False,-0.6088,0.7934,1.754,3.71,3.956,2.603,1.634
2018-08-24 02:45:00+0000,2,VALID,validation,6.585,1305,87,21,3,False,-0.5556,0.8315,4.048,1.754,4.837,2.562,1.582
2018-08-24 03:00:00+0000,2,VALID,validation,6.469,1320,88,22,3,False,-0.5,0.866,6.585,4.048,4.852,4.024,1.984
2018-08-24 03:15:00+0000,2,VALID,validation,4.926,1335,89,22,3,False,-0.4423,0.8969,6.469,6.585,3.095,4.714,2.294
2018-08-24 03:30:00+0000,2,VALID,validation,4.313,1350,90,22,3,False,-0.3827,0.9239,4.926,6.469,5.05,5.507,1.232
2018-08-24 03:45:00+0000,2,VALID,validation,4.173,1365,91,22,3,False,-0.3214,0.9469,4.313,4.926,2.429,5.573,1.13
2018-08-24 04:00:00+0000,2,VALID,validation,5.955,1380,92,23,3,False,-0.2588,0.9659,4.173,4.313,5.058,4.97,1.051
2018-08-24 04:15:00+0000,2,VALID,validation,3.93,1395,93,23,3,False,-0.1951,0.9808,5.955,4.173,3.975,4.842,0.811
2018-08-24 04:30:00+0000,2,VALID,validation,4.167,1410,94,23,3,False,-0.1305,0.9914,3.93,5.955,5.627,4.593,0.922
2018-08-24 04:45:00+0000,2,VALID,validation,4.682,1425,95,23,3,False,-0.0654,0.9979,4.167,3.93,3.106,4.556,0.939
2018-08-24 05:00:00+0000,2,VALID,validation,5.015,0,0,0,4,False,0.0,1.0,4.682,4.167,5.354,4.684,0.904
2018-08-24 05:15:00+0000,2,VALID,validation,2.79,15,1,0,4,False,0.0654,0.9979,5.015,4.682,2.504,4.448,0.491
2018-08-24 05:30:00+0000,2,VALID,validation,3.84,30,2,0,4,False,0.1305,0.9914,2.79,5.015,5.296,4.164,0.98
2018-08-24 05:45:00+0000,2,VALID,validation,3.043,45,3,0,4,False,0.1951,0.9808,3.84,2.79,2.223,4.082,0.993
2018-08-24 06:00:00+0000,2,VALID,validation,2.184,60,4,1,4,False,0.2588,0.9659,3.043,3.84,4.876,3.672,1.001
2018-08-24 06:15:00+0000,2,VALID,validation,3.82,75,5,1,4,False,0.3214,0.9469,2.184,3.043,3.632,2.964,0.686
2018-08-24 06:30:00+0000,2,VALID,validation,1.915,90,6,1,4,False,0.3827,0.9239,3.82,2.184,2.299,3.222,0.785
2018-08-24 06:45:00+0000,2,VALID,validation,1.367,105,7,1,4,False,0.4423,0.8969,1.915,3.82,3.072,2.74,0.866
2018-08-24 07:00:00+0000,2,VALID,validation,2.421,120,8,2,4,False,0.5,0.866,1.367,1.915,3.304,2.322,1.055
2018-08-24 07:15:00+0000,2,VALID,validation,1.83,135,9,2,4,False,0.5556,0.8315,2.421,1.367,1.938,2.381,1.052
2018-08-24 07:30:00+0000,2,VALID,validation,1.157,150,10,2,4,False,0.6088,0.7934,1.83,2.421,1.844,1.883,0.432
2018-08-24 07:45:00+0000,2,VALID,validation,1.555,165,11,2,4,False,0.6593,0.7518,1.157,1.83,3.001,1.694,0.56
2018-08-24 08:00:00+0000,2,VALID,validation,2.917,180,12,3,4,False,0.7071,0.7071,1.555,1.157,2.457,1.741,0.531
2018-08-24 08:15:00+0000,2,VALID,validation,0.707,195,13,3,4,False,0.7518,0.6593,2.917,1.555,1.258,1.865,0.754
2018-08-24 08:30:00+0000,2,VALID,validation,3.043,210,14,3,4,False,0.7934,0.6088,0.707,2.917,2.726,1.584,0.954
2018-08-24 08:45:00+0000,2,VALID,validation,0.202,225,15,3,4,False,0.8315,0.5556,3.043,0.707,2.613,2.056,1.123
2018-08-24 09:00:00+0000,2,VALID,validation,2.8,240,16,4,4,False,0.866,0.5,0.202,3.043,0.888,1.717,1.473
2018-08-24 09:15:00+0000,2,VALID,validation,0.335,255,17,4,4,False,0.8969,0.4423,2.8,0.202,2.065,1.688,1.443
2018-08-24 09:30:00+0000,2,VALID,validation,1.933,270,18,4,4,False,0.9239,0.3827,0.335,2.8,2.591,1.595,1.536
2018-08-24 09:45:00+0000,2,VALID,validation,1.498,285,19,4,4,False,0.9469,0.3214,1.933,0.335,1.664,1.318,1.263
2018-08-24 10:00:00+0000,2,VALID,validation,0.866,300,20,5,4,False,0.9659,0.2588,1.498,1.933,1.272,1.642,1.025
2018-08-24 10:15:00+0000,2,VALID,validation,2.268,315,21,5,4,False,0.9808,0.1951,0.866,1.498,2.457,1.158,0.702
2018-08-24 10:30:00+0000,2,VALID,validation,0.317,330,22,5,4,False,0.9914,0.1305,2.268,0.866,1.69,1.641,0.605
2018-08-24 10:45:00+0000,2,VALID,validation,2.467,345,23,5,4,False,0.9979,0.0654,0.317,2.268,0.913,1.237,0.84
2018-08-24 11:00:00+0000,2,VALID,validation,0.188,360,24,6,4,False,1.0,0.0,2.467,0.317,2.493,1.48,1.053
2018-08-24 11:15:00+0000,2,VALID,validation,1.967,375,25,6,4,False,0.9979,-0.0654,0.188,2.467,1.265,1.31,1.225
2018-08-24 11:30:00+0000,2,VALID,validation,0.342,390,26,6,4,False,0.9914,-0.1305,1.967,0.188,1.567,1.235,1.154
2018-08-24 11:45:00+0000,2,VALID,validation,1.379,405,27,6,4,False,0.9808,-0.1951,0.342,1.967,2.305,1.241,1.147
2018-08-24 12:00:00+0000,2,VALID,validation,0.942,420,28,7,4,False,0.9659,-0.2588,1.379,0.342,0.472,0.969,0.85
2018-08-24 12:15:00+0000,2,VALID,validation,1.38,435,29,7,4,False,0.9469,-0.3214,0.942,1.379,2.096,1.158,0.687
2018-08-24 12:30:00+0000,2,VALID,validation,0.6,450,30,7,4,False,0.9239,-0.3827,1.38,0.942,1.548,1.011,0.491
2018-08-24 12:45:00+0000,2,VALID,validation,2.378,465,31,7,4,False,0.8969,-0.4423,0.6,1.38,0.79,1.075,0.378
2018-08-24 13:00:00+0000,2,VALID,validation,1.432,480,32,8,4,False,0.866,-0.5,2.378,0.6,1.599,1.325,0.771
2018-08-24 13:15:00+0000,2,VALID,validation,3.52,495,33,8,4,False,0.8315,-0.5556,1.432,2.378,1.73,1.448,0.728
2018-08-24 13:30:00+0000,2,VALID,validation,1.606,510,34,8,4,False,0.7934,-0.6088,3.52,1.432,0.44,1.982,1.256
2018-08-24 13:45:00+0000,2,VALID,validation,2.257,525,35,8,4,False,0.7518,-0.6593,1.606,3.52,1.713,2.234,0.951
2018-08-24 14:00:00+0000,2,VALID,validation,1.892,540,36,9,4,False,0.7071,-0.7071,2.257,1.606,1.887,2.204,0.947
2018-08-24 14:15:00+0000,2,VALID,validation,2.333,555,37,9,4,False,0.6593,-0.7518,1.892,2.257,0.916,2.319,0.844
2018-08-24 14:30:00+0000,2,VALID,validation,3.419,570,38,9,4,False,0.6088,-0.7934,2.333,1.892,1.951,2.022,0.338
2018-08-24 14:45:00+0000,2,VALID,validation,2.026,585,39,9,4,False,0.5556,-0.8315,3.419,2.333,2.298,2.475,0.658
2018-08-24 15:00:00+0000,2,VALID,validation,3.171,600,40,10,4,False,0.5,-0.866,2.026,3.419,2.447,2.418,0.693
2018-08-24 15:15:00+0000,2,VALID,validation,4.331,615,41,10,4,False,0.4423,-0.8969,3.171,2.026,1.781,2.737,0.664
2018-08-24 15:30:00+0000,2,VALID,validation,3.374,630,42,10,4,False,0.3827,-0.9239,4.331,3.171,4.138,3.237,0.949
2018-08-24 15:45:00+0000,2,VALID,validation,3.463,645,43,10,4,False,0.3214,-0.9469,3.374,4.331,3.445,3.226,0.946
2018-08-24 16:00:00+0000,2,VALID,validation,5.636,660,44,11,4,False,0.2588,-0.9659,3.463,3.374,3.192,3.585,0.512
2018-08-24 16:15:00+0000,2,VALID,validation,3.382,675,45,11,4,False,0.1951,-0.9808,5.636,3.463,4.505,4.201,1.05
2018-08-24 16:30:00+0000,2,VALID,validation,3.546,690,46,11,4,False,0.1305,-0.9914,3.382,5.636,3.276,3.964,1.116
2018-08-24 16:45:00+0000,2,VALID,validation,5.039,705,47,11,4,False,0.0654,-0.9979,3.546,3.382,2.425,4.007,1.088
2018-08-24 17:00:00+0000,2,VALID,validation,5.708,720,48,12,4,False,0.0,-1.0,5.039,3.546,4.42,4.401,1.111
2018-08-24 17:15:00+0000,2,VALID,validation,4.332,735,49,12,4,False,-0.0654,-0.9979,5.708,5.039,1.495,4.419,1.138
2018-08-24 17:30:00+0000,2,VALID,validation,4.823,750,50,12,4,False,-0.1305,-0.9914,4.332,5.708,6.91,4.656,0.929
2018-08-24 17:45:00+0000,2,VALID,validation,7.004,765,51,12,4,False,-0.1951,-0.9808,4.823,4.332,2.741,4.976,0.571
2018-08-24 18:00:00+0000,2,VALID,validation,2.856,780,52,13,4,False,-0.2588,-0.9659,7.004,4.823,5.975,5.467,1.172
2018-08-24 18:15:00+0000,2,VALID,validation,6.699,795,53,13,4,False,-0.3214,-0.9469,2.856,7.004,3.102,4.754,1.717
2018-08-24 18:30:00+0000,2,VALID,validation,6.984,810,54,13,4,False,-0.3827,-0.9239,6.699,2.856,6.039,5.345,1.919
2018-08-24 18:45:00+0000,2,VALID,validation,5.799,825,55,13,4,False,-0.4423,-0.8969,6.984,6.699,2.114,5.886,2.025
2018-08-24 19:00:00+0000,2,VALID,validation,5.405,840,56,14,4,False,-0.5,-0.866,5.799,6.984,7.041,5.584,1.888
2018-08-24 19:15:00+0000,2,VALID,validation,5.303,855,57,14,4,False,-0.5556,-0.8315,5.405,5.799,1.712,6.222,0.743
2018-08-24 19:30:00+0000,2,VALID,validation,5.34,870,58,14,4,False,-0.6088,-0.7934,5.303,5.405,6.197,5.873,0.771
2018-08-24 19:45:00+0000,2,VALID,validation,5.177,885,59,14,4,False,-0.6593,-0.7518,5.34,5.303,2.355,5.462,0.229
2018-08-24 20:00:00+0000,2,VALID,validation,4.689,900,60,15,4,False,-0.7071,-0.7071,5.177,5.34,5.383,5.306,0.096
2018-08-24 20:15:00+0000,2,VALID,validation,4.006,915,61,15,4,False,-0.7518,-0.6593,4.689,5.177,5.989,5.127,0.3
2018-08-24 20:30:00+0000,2,VALID,validation,6.457,930,62,15,4,False,-0.7934,-0.6088,4.006,4.689,2.354,4.803,0.599
2018-08-24 20:45:00+0000,2,VALID,validation,3.189,945,63,15,4,False,-0.8315,-0.5556,6.457,4.006,7.677,5.082,1.035
2018-08-24 21:00:00+0000,2,VALID,validation,6.507,960,64,16,4,False,-0.866,-0.5,3.189,6.457,5.333,4.585,1.39
2018-08-24 21:15:00+0000,2,VALID,validation,3.802,975,65,16,4,False,-0.8969,-0.4423,6.507,3.189,1.632,5.04,1.699
2018-08-24 21:30:00+0000,2,VALID,validation,6.274,990,66,16,4,False,-0.9239,-0.3827,3.802,6.507,7.3,4.989,1.742
2018-08-24 21:45:00+0000,2,VALID,validation,3.165,1005,67,16,4,False,-0.9469,-0.3214,6.274,3.802,5.393,4.943,1.693
2018-08-24 22:00:00+0000,2,VALID,validation,5.444,1020,68,17,4,False,-0.9659,-0.2588,3.165,6.274,3.779,4.937,1.701
2018-08-24 22:15:00+0000,2,VALID,validation,5.916,1035,69,17,4,False,-0.9808,-0.1951,5.444,3.165,2.77,4.671,1.436
2018-08-24 22:30:00+0000,2,VALID,validation,7.004,1050,70,17,4,False,-0.9914,-0.1305,5.916,5.444,3.443,5.2,1.398
2018-08-24 22:45:00+0000,2,VALID,validation,3.144,1065,71,17,4,False,-0.9979,-0.0654,7.004,5.916,5.012,5.382,1.616
2018-08-24 23:00:00+0000,2,VALID,validation,8.301,1080,72,18,4,False,-1.0,-0.0,3.144,7.004,2.446,5.377,1.626
2018-08-24 23:15:00+0000,2,VALID,validation,7.664,1095,73,18,4,False,-0.9979,0.0654,8.301,3.144,3.396,6.091,2.193
2018-08-24 23:30:00+0000,2,VALID,validation,7.678,1110,74,18,4,False,-0.9914,0.1305,7.664,8.301,5.578,6.528,2.317
2018-08-24 23:45:00+0000,2,VALID,validation,6.687,1125,75,18,4,False,-0.9808,0.1951,7.678,7.664,2.468,6.697,2.387
2018-08-25 00:00:00+0000,2,VALID,holdout,6.232,1140,76,19,4,False,-0.9659,0.2588,6.687,7.678,4.653,7.583,0.667
2018-08-25 00:15:00+0000,2,VALID,holdout,5.47,1155,77,19,4,False,-0.9469,0.3214,6.232,6.687,4.25,7.065,0.724
2018-08-25 00:30:00+0000,2,VALID,holdout,6.516,1170,78,19,4,False,-0.9239,0.3827,5.47,6.232,3.376,6.517,0.923
2018-08-25 00:45:00+0000,2,VALID,holdout,5.445,1185,79,19,4,False,-0.8969,0.4423,6.516,5.47,4.959,6.226,0.538
2018-08-25 01:00:00+0000,2,VALID,holdout,5.803,1200,80,20,4,False,-0.866,0.5,5.445,6.516,2.573,5.916,0.542
2018-08-25 01:15:00+0000,2,VALID,holdout,2.329,1215,81,20,4,False,-0.8315,0.5556,5.803,5.445,3.554,5.808,0.499
2018-08-25 01:30:00+0000,2,VALID,holdout,6.351,1230,82,20,4,False,-0.7934,0.6088,2.329,5.803,4.211,5.023,1.851
2018-08-25 01:45:00+0000,2,VALID,holdout,4.363,1245,83,20,4,False,-0.7518,0.6593,6.351,2.329,0.738,4.982,1.807
2018-08-25 02:00:00+0000,2,VALID,holdout,4.477,1260,84,21,4,False,-0.7071,0.7071,4.363,6.351,3.71,4.712,1.796
2018-08-25 02:15:00+0000,2,VALID,holdout,5.553,1275,85,21,4,False,-0.6593,0.7518,4.477,4.363,1.754,4.38,1.643
2018-08-25 02:30:00+0000,2,VALID,holdout,5.022,1290,86,21,4,False,-0.6088,0.7934,5.553,4.477,4.048,5.186,0.944
2018-08-25 02:45:00+0000,2,VALID,holdout,5.976,1305,87,21,4,False,-0.5556,0.8315,5.022,5.553,6.585,4.854,0.548
2018-08-25 03:00:00+0000,2,VALID,holdout,2.877,1320,88,22,4,False,-0.5,0.866,5.976,5.022,6.469,5.257,0.65
2018-08-25 03:15:00+0000,2,VALID,holdout,5.399,1335,89,22,4,False,-0.4423,0.8969,2.877,5.976,4.926,4.857,1.376
2018-08-25 03:30:00+0000,2,VALID,holdout,5.657,1350,90,22,4,False,-0.3827,0.9239,5.399,2.877,4.313,4.818,1.352
2018-08-25 03:45:00+0000,2,VALID,holdout,4.451,1365,91,22,4,False,-0.3214,0.9469,5.657,5.399,4.173,4.977,1.42
2018-08-25 04:00:00+0000,2,VALID,holdout,6.339,1380,92,23,4,False,-0.2588,0.9659,4.451,5.657,5.955,4.596,1.258
2018-08-25 04:15:00+0000,2,VALID,holdout,1.97,1395,93,23,4,False,-0.1951,0.9808,6.339,4.451,3.93,5.462,0.782
2018-08-25 04:30:00+0000,2,VALID,holdout,4.462,1410,94,23,4,False,-0.1305,0.9914,1.97,6.339,4.167,4.604,1.922
2018-08-25 04:45:00+0000,2,VALID,holdout,3.756,1425,95,23,4,False,-0.0654,0.9979,4.462,1.97,4.682,4.305,1.792
2018-08-25 05:00:00+0000,2,VALID,holdout,2.14,0,0,0,5,True,0.0,1.0,3.756,4.462,5.015,4.132,1.807
2018-08-25 05:15:00+0000,2,VALID,holdout,3.911,15,1,0,5,True,0.0654,0.9979,2.14,3.756,2.79,3.082,1.222
2018-08-25 05:30:00+0000,2,VALID,holdout,2.692,30,2,0,5,True,0.1305,0.9914,3.911,2.14,3.84,3.567,0.999
2018-08-25 05:45:00+0000,2,VALID,holdout,2.527,45,3,0,5,True,0.1951,0.9808,2.692,3.911,3.043,3.125,0.851
2018-08-25 06:00:00+0000,2,VALID,holdout,4.309,60,4,1,5,True,0.2588,0.9659,2.527,2.692,2.184,2.818,0.765
2018-08-25 06:15:00+0000,2,VALID,holdout,0.988,75,5,1,5,True,0.3214,0.9469,4.309,2.527,3.82,3.36,0.884
2018-08-25 06:30:00+0000,2,VALID,holdout,3.448,90,6,1,5,True,0.3827,0.9239,0.988,4.309,1.915,2.629,1.358
2018-08-25 06:45:00+0000,2,VALID,holdout,2.23,105,7,1,5,True,0.4423,0.8969,3.448,0.988,1.367,2.818,1.421
2018-08-25 07:00:00+0000,2,VALID,holdout,1.494,120,8,2,5,True,0.5,0.866,2.23,3.448,2.421,2.744,1.448
2018-08-25 07:15:00+0000,2,VALID,holdout,2.195,135,9,2,5,True,0.5556,0.8315,1.494,2.23,1.83,2.04,1.068
2018-08-25 07:30:00+0000,2,VALID,holdout,1.969,150,10,2,5,True,0.6088,0.7934,2.195,1.494,1.157,2.342,0.812
2018-08-25 07:45:00+0000,2,VALID,holdout,1.727,165,11,2,5,True,0.6593,0.7518,1.969,2.195,1.555,1.972,0.339
2018-08-25 08:00:00+0000,2,VALID,holdout,2.513,180,12,3,5,True,0.7071,0.7071,1.727,1.969,2.917,1.846,0.303
2018-08-25 08:15:00+0000,2,VALID,holdout,2.343,195,13,3,5,True,0.7518,0.6593,2.513,1.727,0.707,2.101,0.335
2018-08-25 08:30:00+0000,2,VALID,holdout,1.832,210,14,3,5,True,0.7934,0.6088,2.343,2.513,3.043,2.138,0.356
2018-08-25 08:45:00+0000,2,VALID,holdout,1.588,225,15,3,5,True,0.8315,0.5556,1.832,2.343,0.202,2.104,0.383
2018-08-25 09:00:00+0000,2,VALID,holdout,1.15,240,16,4,5,True,0.866,0.5,1.588,1.832,2.8,2.069,0.432
2018-08-25 09:15:00+0000,2,VALID,holdout,1.581,255,17,4,5,True,0.8969,0.4423,1.15,1.588,0.335,1.728,0.498
2018-08-25 09:30:00+0000,2,VALID,holdout,1.967,270,18,4,5,True,0.9239,0.3827,1.581,1.15,1.933,1.538,0.284
2018-08-25 09:45:00+0000,2,VALID,holdout,0.7,285,19,4,5,True,0.9469,0.3214,1.967,1.581,1.498,1.572,0.334
2018-08-25 10:00:00+0000,2,VALID,holdout,2.869,300,20,5,5,True,0.9659,0.2588,0.7,1.967,0.866,1.35,0.547
2018-08-25 10:15:00+0000,2,VALID,holdout,1.449,315,21,5,5,True,0.9808,0.1951,2.869,0.7,2.268,1.779,0.899
2018-08-25 10:30:00+0000,2,VALID,holdout,1.572,330,22,5,5,True,0.9914,0.1305,1.449,2.869,0.317,1.746,0.911
2018-08-25 10:45:00+0000,2,VALID,holdout,2.942,345,23,5,5,True,0.9979,0.0654,1.572,1.449,2.467,1.648,0.901
2018-08-25 11:00:00+0000,2,VALID,holdout,0.557,360,24,6,5,True,1.0,0.0,2.942,1.572,0.188,2.208,0.808
2018-08-25 11:15:00+0000,2,VALID,holdout,2.179,375,25,6,5,True,0.9979,-0.0654,0.557,2.942,1.967,1.63,0.985
2018-08-25 11:30:00+0000,2,VALID,holdout,0.45,390,26,6,5,True,0.9914,-0.1305,2.179,0.557,0.342,1.812,1.007
2018-08-25 11:45:00+0000,2,VALID,holdout,2.131,405,27,6,5,True,0.9808,-0.1951,0.45,2.179,1.379,1.532,1.229
2018-08-25 12:00:00+0000,2,VALID,holdout,0.642,420,28,7,5,True,0.9659,-0.2588,2.131,0.45,0.942,1.329,0.955
2018-08-25 12:15:00+0000,2,VALID,holdout,1.478,435,29,7,5,True,0.9469,-0.3214,0.642,2.131,1.38,1.35,0.932
2018-08-25 12:30:00+0000,2,VALID,holdout,1.52,450,30,7,5,True,0.9239,-0.3827,1.478,0.642,0.6,1.175,0.778
2018-08-25 12:45:00+0000,2,VALID,holdout,0.446,465,31,7,5,True,0.8969,-0.4423,1.52,1.478,2.378,1.443,0.612
2018-08-25 13:00:00+0000,2,VALID,holdout,2.076,480,32,8,5,True,0.866,-0.5,0.446,1.52,1.432,1.022,0.557
2018-08-25 13:15:00+0000,2,VALID,holdout,0.561,495,33,8,5,True,0.8315,-0.5556,2.076,0.446,3.52,1.38,0.68
2018-08-25 13:30:00+0000,2,VALID,holdout,3.081,510,34,8,5,True,0.7934,-0.6088,0.561,2.076,1.606,1.151,0.782
2018-08-25 13:45:00+0000,2,VALID,holdout,2.152,525,35,8,5,True,0.7518,-0.6593,3.081,0.561,2.257,1.541,1.267
2018-08-25 14:00:00+0000,2,VALID,holdout,1.795,540,36,9,5,True,0.7071,-0.7071,2.152,3.081,1.892,1.968,1.043
2018-08-25 14:15:00+0000,2,VALID,holdout,3.386,555,37,9,5,True,0.6593,-0.7518,1.795,2.152,2.333,1.897,1.043
2018-08-25 14:30:00+0000,2,VALID,holdout,1.343,570,38,9,5,True,0.6088,-0.7934,3.386,1.795,3.419,2.604,0.752
2018-08-25 14:45:00+0000,2,VALID,holdout,3.349,585,39,9,5,True,0.5556,-0.8315,1.343,3.386,2.026,2.169,0.876
2018-08-25 15:00:00+0000,2,VALID,holdout,3.146,600,40,10,5,True,0.5,-0.866,3.349,1.343,3.171,2.468,1.055
2018-08-25 15:15:00+0000,2,VALID,holdout,2.901,615,41,10,5,True,0.4423,-0.8969,3.146,3.349,4.331,2.806,0.981
2018-08-25 15:30:00+0000,2,VALID,holdout,4.701,630,42,10,5,True,0.3827,-0.9239,2.901,3.146,3.374,2.685,0.913
2018-08-25 15:45:00+0000,2,VALID,holdout,4.865,645,43,10,5,True,0.3214,-0.9469,4.701,2.901,3.463,3.524,0.806
2018-08-25 16:00:00+0000,2,VALID,holdout,3.481,660,44,11,5,True,0.2588,-0.9659,4.865,4.701,5.636,3.903,1.023
2018-08-25 16:15:00+0000,2,VALID,holdout,5.025,675,45,11,5,True,0.1951,-0.9808,3.481,4.865,3.382,3.987,0.952
2018-08-25 16:30:00+0000,2,VALID,holdout,5.706,690,46,11,5,True,0.1305,-0.9914,5.025,3.481,3.546,4.518,0.704
2018-08-25 16:45:00+0000,2,VALID,holdout,3.914,705,47,11,5,True,0.0654,-0.9979,5.706,5.025,5.039,4.769,0.933
2018-08-25 17:00:00+0000,2,VALID,holdout,5.63,720,48,12,5,True,0.0,-1.0,3.914,5.706,5.708,4.532,1.018
2018-08-25 17:15:00+0000,2,VALID,holdout,4.978,735,49,12,5,True,-0.0654,-0.9979,5.63,3.914,4.332,5.069,0.828
2018-08-25 17:30:00+0000,2,VALID,holdout,3.251,750,50,12,5,True,-0.1305,-0.9914,4.978,5.63,4.823,5.057,0.829
2018-08-25 17:45:00+0000,2,VALID,holdout,5.814,765,51,12,5,True,-0.1951,-0.9808,3.251,4.978,7.004,4.443,1.064
2018-08-25 18:00:00+0000,2,VALID,holdout,3.662,780,52,13,5,True,-0.2588,-0.9659,5.814,3.251,2.856,4.918,1.168
2018-08-25 18:15:00+0000,2,VALID,holdout,6.259,795,53,13,5,True,-0.3214,-0.9469,3.662,5.814,6.699,4.426,1.183
2018-08-25 18:30:00+0000,2,VALID,holdout,3.89,810,54,13,5,True,-0.3827,-0.9239,6.259,3.662,6.984,4.746,1.51
2018-08-25 18:45:00+0000,2,VALID,holdout,3.167,825,55,13,5,True,-0.4423,-0.8969,3.89,6.259,5.799,4.906,1.321
2018-08-25 19:00:00+0000,2,VALID,holdout,7.204,840,56,14,5,True,-0.5,-0.866,3.167,3.89,5.405,4.244,1.376
2018-08-25 19:15:00+0000,2,VALID,holdout,3.682,855,57,14,5,True,-0.5556,-0.8315,7.204,3.167,5.303,5.13,1.912
2018-08-25 19:30:00+0000,2,VALID,holdout,5.749,870,58,14,5,True,-0.6088,-0.7934,3.682,7.204,5.34,4.486,1.837
2018-08-25 19:45:00+0000,2,VALID,holdout,3.876,885,59,14,5,True,-0.6593,-0.7518,5.749,3.682,5.177,4.95,1.871
2018-08-25 20:00:00+0000,2,VALID,holdout,4.919,900,60,15,5,True,-0.7071,-0.7071,3.876,5.749,4.689,5.128,1.669
2018-08-25 20:15:00+0000,2,VALID,holdout,5.251,915,61,15,5,True,-0.7518,-0.6593,4.919,3.876,4.006,4.556,0.963
2018-08-25 20:30:00+0000,2,VALID,holdout,3.469,930,62,15,5,True,-0.7934,-0.6088,5.251,4.919,6.457,4.949,0.792
2018-08-25 20:45:00+0000,2,VALID,holdout,6.096,945,63,15,5,True,-0.8315,-0.5556,3.469,5.251,3.189,4.379,0.843
2018-08-25 21:00:00+0000,2,VALID,holdout,3.205,960,64,16,5,True,-0.866,-0.5,6.096,3.469,6.507,4.934,1.095
2018-08-25 21:15:00+0000,2,VALID,holdout,6.319,975,65,16,5,True,-0.8969,-0.4423,3.205,6.096,3.802,4.505,1.397
2018-08-25 21:30:00+0000,2,VALID,holdout,3.85,990,66,16,5,True,-0.9239,-0.3827,6.319,3.205,6.274,4.772,1.663
2018-08-25 21:45:00+0000,2,VALID,holdout,6.133,1005,67,16,5,True,-0.9469,-0.3214,3.85,6.319,3.165,4.868,1.572
2018-08-25 22:00:00+0000,2,VALID,holdout,3.885,1020,68,17,5,True,-0.9659,-0.2588,6.133,3.85,5.444,4.877,1.582
2018-08-25 22:15:00+0000,2,VALID,holdout,2.781,1035,69,17,5,True,-0.9808,-0.1951,3.885,6.133,5.916,5.047,1.364
2018-08-25 22:30:00+0000,2,VALID,holdout,5.758,1050,70,17,5,True,-0.9914,-0.1305,2.781,3.885,7.004,4.162,1.41
2018-08-25 22:45:00+0000,2,VALID,holdout,4.045,1065,71,17,5,True,-0.9979,-0.0654,5.758,2.781,3.144,4.639,1.582
2018-08-25 23:00:00+0000,2,VALID,holdout,6.312,1080,72,18,5,True,-1.0,-0.0,4.045,5.758,8.301,4.117,1.23
2018-08-25 23:15:00+0000,2,VALID,holdout,1.481,1095,73,18,5,True,-0.9979,0.0654,6.312,4.045,7.664,4.724,1.615
2018-08-25 23:30:00+0000,2,VALID,holdout,6.594,1110,74,18,5,True,-0.9914,0.1305,1.481,6.312,7.678,4.399,2.172
2018-08-25 23:45:00+0000,2,VALID,holdout,5.801,1125,75,18,5,True,-0.9808,0.1951,6.594,1.481,6.687,4.608,2.376
2018-08-26 00:00:00+0000,2,MISSING,holdout,,1140,76,19,5,True,-0.9659,0.2588,5.801,6.594,6.232,5.047,2.4
2018-08-23 00:00:00+0000,3,VALID,train,3.329,1140,76,19,2,False,-0.9659,0.2588,,,,,
2018-08-23 00:15:00+0000,3,VALID,train,3.437,1155,77,19,2,False,-0.9469,0.3214,3.329,,,,
2018-08-23 00:30:00+0000,3,VALID,train,3.235,1170,78,19,2,False,-0.9239,0.3827,3.437,3.329,,,
2018-08-23 00:45:00+0000,3,VALID,train,3.164,1185,79,19,2,False,-0.8969,0.4423,3.235,3.437,,,
2018-08-23 01:00:00+0000,3,VALID,train,3.234,1200,80,20,2,False,-0.866,0.5,3.164,3.235,,3.291,0.118
2018-08-23 01:15:00+0000,3,VALID,train,3.342,1215,81,20,2,False,-0.8315,0.5556,3.234,3.164,,3.268,0.118
2018-08-23 01:30:00+0000,3,VALID,train,3.286,1230,82,20,2,False,-0.7934,0.6088,3.342,3.234,,3.244,0.073
2018-08-23 01:45:00+0000,3,VALID,train,3.169,1245,83,20,2,False,-0.7518,0.6593,3.286,3.342,,3.256,0.076
2018-08-23 02:00:00+0000,3,VALID,train,3.154,1260,84,21,2,False,-0.7071,0.7071,3.169,3.286,,3.258,0.074
2018-08-23 02:15:00+0000,3,VALID,train,3.216,1275,85,21,2,False,-0.6593,0.7518,3.154,3.169,,3.238,0.091
2018-08-23 02:30:00+0000,3,VALID,train,3.29,1290,86,21,2,False,-0.6088,0.7934,3.216,3.154,,3.206,0.059
2018-08-23 02:45:00+0000,3,VALID,train,3.412,1305,87,21,2,False,-0.5556,0.8315,3.29,3.216,,3.207,0.061
2018-08-23 03:00:00+0000,3,VALID,train,3.311,1320,88,22,2,False,-0.5,0.866,3.412,3.29,,3.268,0.111
2018-08-23 03:15:00+0000,3,VALID,train,2.562,1335,89,22,2,False,-0.4423,0.8969,3.311,3.412,,3.307,0.081
2018-08-23 03:30:00+0000,3,VALID,train,3.424,1350,90,22,2,False,-0.3827,0.9239,2.562,3.311,,3.144,0.391
2018-08-23 03:45:00+0000,3,VALID,train,3.357,1365,91,22,2,False,-0.3214,0.9469,3.424,2.562,,3.177,0.413
2018-08-23 04:00:00+0000,3,VALID,train,3.062,1380,92,23,2,False,-0.2588,0.9659,3.357,3.424,,3.164,0.404
2018-08-23 04:15:00+0000,3,VALID,train,2.931,1395,93,23,2,False,-0.1951,0.9808,3.062,3.357,,3.101,0.392
2018-08-23 04:30:00+0000,3,VALID,train,2.932,1410,94,23,2,False,-0.1305,0.9914,2.931,3.062,,3.194,0.235
2018-08-23 04:45:00+0000,3,VALID,train,2.313,1425,95,23,2,False,-0.0654,0.9979,2.932,2.931,,3.07,0.201
2018-08-23 05:00:00+0000,3,VALID,train,0.606,0,0,0,3,False,0.0,1.0,2.313,2.932,,2.81,0.337
2018-08-23 05:15:00+0000,3,VALID,train,1.795,15,1,0,3,False,0.0654,0.9979,0.606,2.313,,2.196,1.099
2018-08-23 05:30:00+0000,3,VALID,train,2.787,30,2,0,3,False,0.1305,0.9914,1.795,0.606,,1.912,0.987
2018-08-23 05:45:00+0000,3,VALID,train,2.817,45,3,0,3,False,0.1951,0.9808,2.787,1.795,,1.875,0.938
2018-08-23 06:00:00+0000,3,VALID,train,2.876,60,4,1,3,False,0.2588,0.9659,2.817,2.787,,2.001,1.044
2018-08-23 06:15:00+0000,3,VALID,train,2.78,75,5,1,3,False,0.3214,0.9469,2.876,2.817,,2.569,0.517
2018-08-23 06:30:00+0000,3,VALID,train,2.703,90,6,1,3,False,0.3827,0.9239,2.78,2.876,,2.815,0.044
2018-08-23 06:45:00+0000,3,VALID,train,2.694,105,7,1,3,False,0.4423,0.8969,2.703,2.78,,2.794,0.072
2018-08-23 07:00:00+0000,3,VALID,train,2.797,120,8,2,3,False,0.5,0.866,2.694,2.703,,2.763,0.084
2018-08-23 07:15:00+0000,3,VALID,train,2.813,135,9,2,3,False,0.5556,0.8315,2.797,2.694,,2.744,0.053
2018-08-23 07:30:00+0000,3,VALID,train,2.697,150,10,2,3,False,0.6088,0.7934,2.813,2.797,,2.752,0.062
2018-08-23 07:45:00+0000,3,VALID,train,1.027,165,11,2,3,False,0.6593,0.7518,2.697,2.813,,2.75,0.064
2018-08-23 08:00:00+0000,3,VALID,train,1.682,180,12,3,3,False,0.7071,0.7071,1.027,2.697,,2.334,0.873
2018-08-23 08:15:00+0000,3,VALID,train,3.899,195,13,3,3,False,0.7518,0.6593,1.682,1.027,,2.055,0.853
2018-08-23 08:30:00+0000,3,VALID,train,3.888,210,14,3,3,False,0.7934,0.6088,3.899,1.682,,2.326,1.254
2018-08-23 08:45:00+0000,3,VALID,train,3.751,225,15,3,3,False,0.8315,0.5556,3.888,3.899,,2.624,1.49
2018-08-23 09:00:00+0000,3,VALID,train,3.749,240,16,4,3,False,0.866,0.5,3.751,3.888,,3.305,1.084
2018-08-23 09:15:00+0000,3,VALID,train,3.84,255,17,4,3,False,0.8969,0.4423,3.749,3.751,,3.822,0.083
2018-08-23 09:30:00+0000,3,VALID,train,3.923,270,18,4,3,False,0.9239,0.3827,3.84,3.749,,3.807,0.069
2018-08-23 09:45:00+0000,3,VALID,train,3.813,285,19,4,3,False,0.9469,0.3214,3.923,3.84,,3.816,0.083
2018-08-23 10:00:00+0000,3,VALID,train,3.747,300,20,5,3,False,0.9659,0.2588,3.813,3.923,,3.831,0.072
2018-08-23 10:15:00+0000,3,VALID,train,3.794,315,21,5,3,False,0.9808,0.1951,3.747,3.813,,3.831,0.073
2018-08-23 10:30:00+0000,3,VALID,train,3.822,330,22,5,3,False,0.9914,0.1305,3.794,3.747,,3.819,0.075
2018-08-23 10:45:00+0000,3,VALID,train,2.404,345,23,5,3,False,0.9979,0.0654,3.822,3.794,,3.794,0.033
2018-08-23 11:00:00+0000,3,VALID,train,1.491,360,24,6,3,False,1.0,0.0,2.404,3.822,,3.442,0.693
2018-08-23 11:15:00+0000,3,VALID,train,3.479,375,25,6,3,False,0.9979,-0.0654,1.491,2.404,,2.878,1.137
2018-08-23 11:30:00+0000,3,VALID,train,3.448,390,26,6,3,False,0.9914,-0.1305,3.479,1.491,,2.799,1.061
2018-08-23 11:45:00+0000,3,VALID,train,3.733,405,27,6,3,False,0.9808,-0.1951,3.448,3.479,,2.706,0.951
2018-08-23 12:00:00+0000,3,VALID,train,3.744,420,28,7,3,False,0.9659,-0.2588,3.733,3.448,,3.038,1.039
2018-08-23 12:15:00+0000,3,VALID,train,3.585,435,29,7,3,False,0.9469,-0.3214,3.744,3.733,,3.601,0.159
2018-08-23 12:30:00+0000,3,VALID,train,3.608,450,30,7,3,False,0.9239,-0.3827,3.585,3.744,,3.628,0.14
2018-08-23 12:45:00+0000,3,VALID,train,3.633,465,31,7,3,False,0.8969,-0.4423,3.608,3.585,,3.668,0.083
2018-08-23 13:00:00+0000,3,VALID,train,1.903,480,32,8,3,False,0.866,-0.5,3.633,3.608,,3.642,0.07
2018-08-23 13:15:00+0000,3,VALID,train,1.158,495,33,8,3,False,0.8315,-0.5556,1.903,3.633,,3.182,0.853
2018-08-23 13:30:00+0000,3,VALID,train,2.704,510,34,8,3,False,0.7934,-0.6088,1.158,1.903,,2.576,1.244
2018-08-23 13:45:00+0000,3,VALID,train,2.717,525,35,8,3,False,0.7518,-0.6593,2.704,1.158,,2.35,1.063
2018-08-23 14:00:00+0000,3,VALID,train,2.784,540,36,9,3,False,0.7071,-0.7071,2.717,2.704,,2.121,0.746
2018-08-23 14:15:00+0000,3,VALID,train,2.861,555,37,9,3,False,0.6593,-0.7518,2.784,2.717,,2.341,0.789
2018-08-23 14:30:00+0000,3,VALID,train,2.752,570,38,9,3,False,0.6088,-0.7934,2.861,2.784,,2.766,0.072
2018-08-23 14:45:00+0000,3,VALID,train,2.705,585,39,9,3,False,0.5556,-0.8315,2.752,2.861,,2.778,0.061
2018-08-23 15:00:00+0000,3,VALID,train,2.731,600,40,10,3,False,0.5,-0.866,2.705,2.752,,2.776,0.066
2018-08-23 15:15:00+0000,3,VALID,train,4.129,615,41,10,3,False,0.4423,-0.8969,2.731,2.705,,2.762,0.069
2018-08-23 15:30:00+0000,3,VALID,train,4.819,630,42,10,3,False,0.3827,-0.9239,4.129,2.731,,3.079,0.7
2018-08-23 15:45:00+0000,3,VALID,train,5.294,645,43,10,3,False,0.3214,-0.9469,4.819,4.129,,3.596,1.052
2018-08-23 16:00:00+0000,3,VALID,train,3.97,660,44,11,3,False,0.2588,-0.9659,5.294,4.819,,4.243,1.116
2018-08-23 16:15:00+0000,3,VALID,train,3.01,675,45,11,3,False,0.1951,-0.9808,3.97,5.294,,4.553,0.616
2018-08-23 16:30:00+0000,3,VALID,train,4.034,690,46,11,3,False,0.1305,-0.9914,3.01,3.97,,4.273,1.005
2018-08-23 16:45:00+0000,3,VALID,train,4.083,705,47,11,3,False,0.0654,-0.9979,4.034,3.01,,4.077,0.937
2018-08-23 17:00:00+0000,3,VALID,train,3.532,720,48,12,3,False,0.0,-1.0,4.083,4.034,,3.774,0.512
2018-08-23 17:15:00+0000,3,VALID,train,3.151,735,49,12,3,False,-0.0654,-0.9979,3.532,4.083,,3.665,0.503
2018-08-23 17:30:00+0000,3,VALID,train,4.427,750,50,12,3,False,-0.1305,-0.9914,3.151,3.532,,3.7,0.443
2018-08-23 17:45:00+0000,3,VALID,train,3.612,765,51,12,3,False,-0.1951,-0.9808,4.427,3.151,,3.798,0.568
2018-08-23 18:00:00+0000,3,VALID,train,3.266,780,52,13,3,False,-0.2588,-0.9659,3.612,4.427,,3.68,0.537
2018-08-23 18:15:00+0000,3,VALID,train,3.125,795,53,13,3,False,-0.3214,-0.9469,3.266,3.612,,3.614,0.576
2018-08-23 18:30:00+0000,3,VALID,train,3.205,810,54,13,3,False,-0.3827,-0.9239,3.125,3.266,,3.608,0.583
2018-08-23 18:45:00+0000,3,VALID,train,3.218,825,55,13,3,False,-0.4423,-0.8969,3.205,3.125,,3.302,0.215
2018-08-23 19:00:00+0000,3,VALID,train,3.115,840,56,14,3,False,-0.5,-0.866,3.218,3.205,,3.204,0.059
2018-08-23 19:15:00+0000,3,VALID,train,3.237,855,57,14,3,False,-0.5556,-0.8315,3.115,3.218,,3.166,0.053
2018-08-23 19:30:00+0000,3,VALID,train,3.345,870,58,14,3,False,-0.6088,-0.7934,3.237,3.115,,3.194,0.054
2018-08-23 19:45:00+0000,3,VALID,train,3.349,885,59,14,3,False,-0.6593,-0.7518,3.345,3.237,,3.229,0.094
2018-08-23 20:00:00+0000,3,VALID,train,3.32,900,60,15,3,False,-0.7071,-0.7071,3.349,3.345,,3.262,0.111
2018-08-23 20:15:00+0000,3,VALID,train,3.219,915,61,15,3,False,-0.7518,-0.6593,3.32,3.349,,3.313,0.052
2018-08-23 20:30:00+0000,3,VALID,train,4.287,930,62,15,3,False,-0.7934,-0.6088,3.219,3.32,,3.308,0.061
2018-08-23 20:45:00+0000,3,VALID,train,4.384,945,63,15,3,False,-0.8315,-0.5556,4.287,3.219,,3.544,0.499
2018-08-23 21:00:00+0000,3,VALID,train,3.315,960,64,16,3,False,-0.866,-0.5,4.384,4.287,,3.802,0.618
2018-08-23 21:15:00+0000,3,VALID,train,3.192,975,65,16,3,False,-0.8969,-0.4423,3.315,4.384,,3.801,0.619
2018-08-23 21:30:00+0000,3,VALID,train,3.128,990,66,16,3,False,-0.9239,-0.3827,3.192,3.315,,3.794,0.628
2018-08-23 21:45:00+0000,3,VALID,train,3.125,1005,67,16,3,False,-0.9469,-0.3214,3.128,3.192,,3.505,0.591
2018-08-23 22:00:00+0000,3,VALID,train,3.225,1020,68,17,3,False,-0.9659,-0.2588,3.125,3.128,,3.19,0.089
2018-08-23 22:15:00+0000,3,VALID,train,3.258,1035,69,17,3,False,-0.9808,-0.1951,3.225,3.125,,3.168,0.049
2018-08-23 22:30:00+0000,3,VALID,train,3.09,1050,70,17,3,False,-0.9914,-0.1305,3.258,3.225,,3.184,0.068
2018-08-23 22:45:00+0000,3,VALID,train,3.056,1065,71,17,3,False,-0.9979,-0.0654,3.09,3.258,,3.174,0.08
2018-08-23 23:00:00+0000,3,VALID,train,3.037,1080,72,18,3,False,-1.0,-0.0,3.056,3.09,,3.157,0.099
2018-08-23 23:15:00+0000,3,VALID,train,3.146,1095,73,18,3,False,-0.9979,0.0654,3.037,3.056,,3.11,0.101
2018-08-23 23:30:00+0000,3,VALID,train,3.12,1110,74,18,3,False,-0.9914,0.1305,3.146,3.037,,3.082,0.048
2018-08-23 23:45:00+0000,3,VALID,train,2.959,1125,75,18,3,False,-0.9808,0.1951,3.12,3.146,,3.09,0.052
2018-08-24 00:00:00+0000,3,VALID,validation,2.941,1140,76,19,3,False,-0.9659,0.2588,2.959,3.12,3.329,3.066,0.085
2018-08-24 00:15:00+0000,3,VALID,validation,2.988,1155,77,19,3,False,-0.9469,0.3214,2.941,2.959,3.437,3.042,0.106
2018-08-24 00:30:00+0000,3,VALID,validation,3.041,1170,78,19,3,False,-0.9239,0.3827,2.988,2.941,3.235,3.002,0.081
2018-08-24 00:45:00+0000,3,VALID,validation,2.976,1185,79,19,3,False,-0.8969,0.4423,3.041,2.988,3.164,2.982,0.044
2018-08-24 01:00:00+0000,3,VALID,validation,1.944,1200,80,20,3,False,-0.866,0.5,2.976,3.041,3.234,2.986,0.041
2018-08-24 01:15:00+0000,3,VALID,validation,0.968,1215,81,20,3,False,-0.8315,0.5556,1.944,2.976,3.342,2.737,0.53
2018-08-24 01:30:00+0000,3,VALID,validation,2.945,1230,82,20,3,False,-0.7934,0.6088,0.968,1.944,3.286,2.232,0.981
2018-08-24 01:45:00+0000,3,VALID,validation,1.14,1245,83,20,3,False,-0.7518,0.6593,2.945,0.968,3.169,2.208,0.956
2018-08-24 02:00:00+0000,3,VALID,validation,1.389,1260,84,21,3,False,-0.7071,0.7071,1.14,2.945,3.154,1.749,0.904
2018-08-24 02:15:00+0000,3,VALID,validation,3.764,1275,85,21,3,False,-0.6593,0.7518,1.389,1.14,3.216,1.61,0.906
2018-08-24 02:30:00+0000,3,VALID,validation,3.607,1290,86,21,3,False,-0.6088,0.7934,3.764,1.389,3.29,2.31,1.256
2018-08-24 02:45:00+0000,3,VALID,validation,2.948,1305,87,21,3,False,-0.5556,0.8315,3.607,3.764,3.412,2.475,1.403
2018-08-24 03:00:00+0000,3,VALID,validation,0.83,1320,88,22,3,False,-0.5,0.866,2.948,3.607,3.311,2.927,1.085
2018-08-24 03:15:00+0000,3,VALID,validation,0.841,1335,89,22,3,False,-0.4423,0.8969,0.83,2.948,2.562,2.787,1.352
2018-08-24 03:30:00+0000,3,VALID,validation,1.123,1350,90,22,3,False,-0.3827,0.9239,0.841,0.83,3.424,2.056,1.435
2018-08-24 03:45:00+0000,3,VALID,validation,2.395,1365,91,22,3,False,-0.3214,0.9469,1.123,0.841,3.357,1.435,1.017
2018-08-24 04:00:00+0000,3,VALID,validation,0.919,1380,92,23,3,False,-0.2588,0.9659,2.395,1.123,3.062,1.297,0.744
2018-08-24 04:15:00+0000,3,VALID,validation,0.893,1395,93,23,3,False,-0.1951,0.9808,0.919,2.395,2.931,1.32,0.727
2018-08-24 04:30:00+0000,3,VALID,validation,0.772,1410,94,23,3,False,-0.1305,0.9914,0.893,0.919,2.932,1.332,0.716
2018-08-24 04:45:00+0000,3,VALID,validation,0.776,1425,95,23,3,False,-0.0654,0.9979,0.772,0.893,2.313,1.245,0.77
2018-08-24 05:00:00+0000,3,VALID,validation,0.854,0,0,0,4,False,0.0,1.0,0.776,0.772,0.606,0.84,0.077
2018-08-24 05:15:00+0000,3,VALID,validation,0.909,15,1,0,4,False,0.0654,0.9979,0.854,0.776,1.795,0.824,0.06
2018-08-24 05:30:00+0000,3,VALID,validation,0.847,30,2,0,4,False,0.1305,0.9914,0.909,0.854,2.787,0.828,0.066
2018-08-24 05:45:00+0000,3,VALID,validation,0.77,45,3,0,4,False,0.1951,0.9808,0.847,0.909,2.817,0.846,0.055
2018-08-24 06:00:00+0000,3,VALID,validation,0.77,60,4,1,4,False,0.2588,0.9659,0.77,0.847,2.876,0.845,0.057
2018-08-24 06:15:00+0000,3,VALID,validation,0.887,75,5,1,4,False,0.3214,0.9469,0.77,0.77,2.78,0.824,0.067
2018-08-24 06:30:00+0000,3,VALID,validation,0.909,90,6,1,4,False,0.3827,0.9239,0.887,0.77,2.703,0.818,0.058
2018-08-24 06:45:00+0000,3,VALID,validation,0.82,105,7,1,4,False,0.4423,0.8969,0.909,0.887,2.694,0.834,0.074
2018-08-24 07:00:00+0000,3,VALID,validation,0.769,120,8,2,4,False,0.5,0.866,0.82,0.909,2.797,0.846,0.064
2018-08-24 07:15:00+0000,3,VALID,validation,0.778,135,9,2,4,False,0.5556,0.8315,0.769,0.82,2.813,0.846,0.064
2018-08-24 07:30:00+0000,3,VALID,validation,0.914,150,10,2,4,False,0.6088,0.7934,0.778,0.769,2.697,0.819,0.064
2018-08-24 07:45:00+0000,3,VALID,validation,0.909,165,11,2,4,False,0.6593,0.7518,0.914,0.778,1.027,0.82,0.066
2018-08-24 08:00:00+0000,3,VALID,validation,0.779,180,12,3,4,False,0.7071,0.7071,0.909,0.914,1.682,0.842,0.08
2018-08-24 08:15:00+0000,3,VALID,validation,0.772,195,13,3,4,False,0.7518,0.6593,0.779,0.909,3.899,0.845,0.077
2018-08-24 08:30:00+0000,3,VALID,validation,0.814,210,14,3,4,False,0.7934,0.6088,0.772,0.779,3.888,0.844,0.079
2018-08-24 08:45:00+0000,3,VALID,validation,0.913,225,15,3,4,False,0.8315,0.5556,0.814,0.772,3.751,0.818,0.063
2018-08-24 09:00:00+0000,3,VALID,validation,0.89,240,16,4,4,False,0.866,0.5,0.913,0.814,3.749,0.82,0.065
2018-08-24 09:15:00+0000,3,VALID,validation,0.772,255,17,4,4,False,0.8969,0.4423,0.89,0.913,3.84,0.847,0.066
2018-08-24 09:30:00+0000,3,VALID,validation,0.773,270,18,4,4,False,0.9239,0.3827,0.772,0.89,3.923,0.847,0.066
2018-08-24 09:45:00+0000,3,VALID,validation,0.846,285,19,4,4,False,0.9469,0.3214,0.773,0.772,3.813,0.837,0.075
2018-08-24 10:00:00+0000,3,VALID,validation,0.912,300,20,5,4,False,0.9659,0.2588,0.846,0.773,3.747,0.82,0.058
2018-08-24 10:15:00+0000,3,VALID,validation,0.85,315,21,5,4,False,0.9808,0.1951,0.912,0.846,3.794,0.826,0.067
2018-08-24 10:30:00+0000,3,VALID,validation,0.772,330,22,5,4,False,0.9914,0.1305,0.85,0.912,3.822,0.845,0.057
2018-08-24 10:45:00+0000,3,VALID,validation,0.774,345,23,5,4,False,0.9979,0.0654,0.772,0.85,2.404,0.845,0.057
2018-08-24 11:00:00+0000,3,VALID,validation,2.924,360,24,6,4,False,1.0,0.0,0.774,0.772,1.491,0.827,0.067
2018-08-24 11:15:00+0000,3,VALID,validation,2.965,375,25,6,4,False,0.9979,-0.0654,2.924,0.774,3.479,1.33,1.063
2018-08-24 11:30:00+0000,3,VALID,validation,2.859,390,26,6,4,False,0.9914,-0.1305,2.965,2.924,3.448,1.859,1.254
2018-08-24 11:45:00+0000,3,VALID,validation,2.819,405,27,6,4,False,0.9808,-0.1951,2.859,2.965,3.733,2.38,1.072
2018-08-24 12:00:00+0000,3,VALID,validation,2.841,420,28,7,4,False,0.9659,-0.2588,2.819,2.859,3.744,2.892,0.065
2018-08-24 12:15:00+0000,3,VALID,validation,3.079,435,29,7,4,False,0.9469,-0.3214,2.841,2.819,3.585,2.871,0.065
2018-08-24 12:30:00+0000,3,VALID,validation,3.113,450,30,7,4,False,0.9239,-0.3827,3.079,2.841,3.608,2.899,0.121
2018-08-24 12:45:00+0000,3,VALID,validation,3.012,465,31,7,4,False,0.8969,-0.4423,3.113,3.079,3.633,2.963,0.154
2018-08-24 13:00:00+0000,3,VALID,validation,3.03,480,32,8,4,False,0.866,-0.5,3.012,3.113,1.903,3.011,0.121
2018-08-24 13:15:00+0000,3,VALID,validation,3.028,495,33,8,4,False,0.8315,-0.5556,3.03,3.012,1.158,3.058,0.046
2018-08-24 13:30:00+0000,3,VALID,validation,1.453,510,34,8,4,False,0.7934,-0.6088,3.028,3.03,2.704,3.046,0.046
2018-08-24 13:45:00+0000,3,VALID,validation,3.061,525,35,8,4,False,0.7518,-0.6593,1.453,3.028,2.717,2.631,0.785
2018-08-24 14:00:00+0000,3,VALID,validation,2.951,540,36,9,4,False,0.7071,-0.7071,3.061,1.453,2.784,2.643,0.793
2018-08-24 14:15:00+0000,3,VALID,validation,2.766,555,37,9,4,False,0.6593,-0.7518,2.951,3.061,2.861,2.623,0.782
2018-08-24 14:30:00+0000,3,VALID,validation,0.915,570,38,9,4,False,0.6088,-0.7934,2.766,2.951,2.752,2.558,0.746
2018-08-24 14:45:00+0000,3,VALID,validation,2.284,585,39,9,4,False,0.5556,-0.8315,0.915,2.766,2.705,2.423,1.013
2018-08-24 15:00:00+0000,3,VALID,validation,2.177,600,40,10,4,False,0.5,-0.866,2.284,0.915,2.731,2.229,0.92
2018-08-24 15:15:00+0000,3,VALID,validation,3.141,615,41,10,4,False,0.4423,-0.8969,2.177,2.284,4.129,2.035,0.79
2018-08-24 15:30:00+0000,3,VALID,validation,3.103,630,42,10,4,False,0.3827,-0.9239,3.141,2.177,4.819,2.129,0.917
2018-08-24 15:45:00+0000,3,VALID,validation,3.34,645,43,10,4,False,0.3214,-0.9469,3.103,3.141,5.294,2.676,0.517
2018-08-24 16:00:00+0000,3,VALID,validation,3.516,660,44,11,4,False,0.2588,-0.9659,3.34,3.103,3.97,2.94,0.519
2018-08-24 16:15:00+0000,3,VALID,validation,3.422,675,45,11,4,False,0.1951,-0.9808,3.516,3.34,3.01,3.275,0.191
2018-08-24 16:30:00+0000,3,VALID,validation,3.296,690,46,11,4,False,0.1305,-0.9914,3.422,3.516,4.034,3.345,0.177
2018-08-24 16:45:00+0000,3,VALID,validation,3.546,705,47,11,4,False,0.0654,-0.9979,3.296,3.422,4.083,3.394,0.097
2018-08-24 17:00:00+0000,3,VALID,validation,3.453,720,48,12,4,False,0.0,-1.0,3.546,3.296,3.532,3.445,0.113
2018-08-24 17:15:00+0000,3,VALID,validation,3.946,735,49,12,4,False,-0.0654,-0.9979,3.453,3.546,3.151,3.429,0.103
2018-08-24 17:30:00+0000,3,VALID,validation,3.293,750,50,12,4,False,-0.1305,-0.9914,3.946,3.453,4.427,3.56,0.277
2018-08-24 17:45:00+0000,3,VALID,validation,3.561,765,51,12,4,False,-0.1951,-0.9808,3.293,3.946,3.612,3.56,0.278
2018-08-24 18:00:00+0000,3,VALID,validation,3.468,780,52,13,4,False,-0.2588,-0.9659,3.561,3.293,3.266,3.563,0.278
2018-08-24 18:15:00+0000,3,VALID,validation,3.939,795,53,13,4,False,-0.3214,-0.9469,3.468,3.561,3.125,3.567,0.276
2018-08-24 18:30:00+0000,3,VALID,validation,3.882,810,54,13,4,False,-0.3827,-0.9239,3.939,3.468,3.205,3.565,0.273
2018-08-24 18:45:00+0000,3,VALID,validation,3.627,825,55,13,4,False,-0.4423,-0.8969,3.882,3.939,3.218,3.713,0.233
2018-08-24 19:00:00+0000,3,VALID,validation,3.513,840,56,14,4,False,-0.5,-0.866,3.627,3.882,3.115,3.729,0.221
2018-08-24 19:15:00+0000,3,VALID,validation,3.743,855,57,14,4,False,-0.5556,-0.8315,3.513,3.627,3.237,3.74,0.203
2018-08-24 19:30:00+0000,3,VALID,validation,3.958,870,58,14,4,False,-0.6088,-0.7934,3.743,3.513,3.345,3.691,0.158
2018-08-24 19:45:00+0000,3,VALID,validation,3.504,885,59,14,4,False,-0.6593,-0.7518,3.958,3.743,3.349,3.71,0.19
2018-08-24 20:00:00+0000,3,VALID,validation,3.506,900,60,15,4,False,-0.7071,-0.7071,3.504,3.958,3.32,3.68,0.216
2018-08-24 20:15:00+0000,3,VALID,validation,3.509,915,61,15,4,False,-0.7518,-0.6593,3.506,3.504,3.219,3.678,0.218
2018-08-24 20:30:00+0000,3,VALID,validation,0.625,930,62,15,4,False,-0.7934,-0.6088,3.509,3.506,4.287,3.619,0.226
2018-08-24 20:45:00+0000,3,VALID,validation,2.889,945,63,15,4,False,-0.8315,-0.5556,0.625,3.509,4.384,2.786,1.441
2018-08-24 21:00:00+0000,3,VALID,validation,3.673,960,64,16,4,False,-0.866,-0.5,2.889,0.625,3.315,2.632,1.37
2018-08-24 21:15:00+0000,3,VALID,validation,3.486,975,65,16,4,False,-0.8969,-0.4423,3.673,2.889,3.192,2.674,1.407
2018-08-24 21:30:00+0000,3,VALID,validation,3.422,990,66,16,4,False,-0.9239,-0.3827,3.486,3.673,3.128,2.668,1.403
2018-08-24 21:45:00+0000,3,VALID,validation,3.598,1005,67,16,4,False,-0.9469,-0.3214,3.422,3.486,3.125,3.367,0.336
2018-08-24 22:00:00+0000,3,VALID,validation,3.536,1020,68,17,4,False,-0.9659,-0.2588,3.598,3.422,3.225,3.545,0.112
2018-08-24 22:15:00+0000,3,VALID,validation,3.488,1035,69,17,4,False,-0.9808,-0.1951,3.536,3.598,3.258,3.51,0.075
2018-08-24 22:30:00+0000,3,VALID,validation,3.547,1050,70,17,4,False,-0.9914,-0.1305,3.488,3.536,3.09,3.511,0.074
2018-08-24 22:45:00+0000,3,VALID,validation,3.668,1065,71,17,4,False,-0.9979,-0.0654,3.547,3.488,3.056,3.542,0.045
2018-08-24 23:00:00+0000,3,VALID,validation,3.745,1080,72,18,4,False,-1.0,-0.0,3.668,3.547,3.037,3.56,0.077
2018-08-24 23:15:00+0000,3,VALID,validation,3.778,1095,73,18,4,False,-0.9979,0.0654,3.745,3.668,3.146,3.612,0.116
2018-08-24 23:30:00+0000,3,VALID,validation,3.378,1110,74,18,4,False,-0.9914,0.1305,3.778,3.745,3.12,3.685,0.103
2018-08-24 23:45:00+0000,3,VALID,validation,3.313,1125,75,18,4,False,-0.9808,0.1951,3.378,3.778,2.959,3.642,0.182
2018-08-25 00:00:00+0000,3,VALID,holdout,3.335,1140,76,19,4,False,-0.9659,0.2588,3.313,3.378,2.941,3.554,0.242
2018-08-25 00:15:00+0000,3,VALID,holdout,3.451,1155,77,19,4,False,-0.9469,0.3214,3.335,3.313,2.988,3.451,0.22
2018-08-25 00:30:00+0000,3,VALID,holdout,3.392,1170,78,19,4,False,-0.9239,0.3827,3.451,3.335,3.041,3.369,0.061
2018-08-25 00:45:00+0000,3,VALID,holdout,3.274,1185,79,19,4,False,-0.8969,0.4423,3.392,3.451,2.976,3.373,0.062
2018-08-25 01:00:00+0000,3,VALID,holdout,3.959,1200,80,20,4,False,-0.866,0.5,3.274,3.392,1.944,3.363,0.076
2018-08-25 01:15:00+0000,3,VALID,holdout,4.661,1215,81,20,4,False,-0.8315,0.5556,3.959,3.274,0.968,3.519,0.302
2018-08-25 01:30:00+0000,3,VALID,holdout,4.563,1230,82,20,4,False,-0.7934,0.6088,4.661,3.959,2.945,3.822,0.635
2018-08-25 01:45:00+0000,3,VALID,holdout,4.384,1245,83,20,4,False,-0.7518,0.6593,4.563,4.661,1.14,4.114,0.64
2018-08-25 02:00:00+0000,3,VALID,holdout,3.782,1260,84,21,4,False,-0.7071,0.7071,4.384,4.563,1.389,4.392,0.31
2018-08-25 02:15:00+0000,3,VALID,holdout,3.364,1275,85,21,4,False,-0.6593,0.7518,3.782,4.384,3.764,4.348,0.394
2018-08-25 02:30:00+0000,3,VALID,holdout,3.367,1290,86,21,4,False,-0.6088,0.7934,3.364,3.782,3.607,4.023,0.552
2018-08-25 02:45:00+0000,3,VALID,holdout,3.206,1305,87,21,4,False,-0.5556,0.8315,3.367,3.364,2.948,3.724,0.482
2018-08-25 03:00:00+0000,3,VALID,holdout,3.144,1320,88,22,4,False,-0.5,0.866,3.206,3.367,0.83,3.43,0.247
2018-08-25 03:15:00+0000,3,VALID,holdout,2.988,1335,89,22,4,False,-0.4423,0.8969,3.144,3.206,0.841,3.27,0.113
2018-08-25 03:30:00+0000,3,VALID,holdout,2.969,1350,90,22,4,False,-0.3827,0.9239,2.988,3.144,1.123,3.176,0.157
2018-08-25 03:45:00+0000,3,VALID,holdout,2.966,1365,91,22,4,False,-0.3214,0.9469,2.969,2.988,2.395,3.077,0.116
2018-08-25 04:00:00+0000,3,VALID,holdout,2.916,1380,92,23,4,False,-0.2588,0.9659,2.966,2.969,0.919,3.017,0.085
2018-08-25 04:15:00+0000,3,VALID,holdout,2.809,1395,93,23,4,False,-0.1951,0.9808,2.916,2.966,0.893,2.96,0.031
2018-08-25 04:30:00+0000,3,VALID,holdout,2.676,1410,94,23,4,False,-0.1305,0.9914,2.809,2.916,0.772,2.915,0.075
2018-08-25 04:45:00+0000,3,VALID,holdout,2.633,1425,95,23,4,False,-0.0654,0.9979,2.676,2.809,0.776,2.842,0.128
2018-08-25 05:00:00+0000,3,VALID,holdout,2.731,0,0,0,5,True,0.0,1.0,2.633,2.676,0.854,2.758,0.129
2018-08-25 05:15:00+0000,3,VALID,holdout,2.754,15,1,0,5,True,0.0654,0.9979,2.731,2.633,0.909,2.712,0.076
2018-08-25 05:30:00+0000,3,VALID,holdout,2.617,30,2,0,5,True,0.1305,0.9914,2.754,2.731,0.847,2.698,0.055
2018-08-25 05:45:00+0000,3,VALID,holdout,2.595,45,3,0,5,True,0.1951,0.9808,2.617,2.754,0.77,2.684,0.069
2018-08-25 06:00:00+0000,3,VALID,holdout,2.593,60,4,1,5,True,0.2588,0.9659,2.595,2.617,0.77,2.674,0.08
2018-08-25 06:15:00+0000,3,VALID,holdout,2.713,75,5,1,5,True,0.3214,0.9469,2.593,2.595,0.887,2.64,0.077
2018-08-25 06:30:00+0000,3,VALID,holdout,5.698,90,6,1,5,True,0.3827,0.9239,2.713,2.593,0.909,2.63,0.057
2018-08-25 06:45:00+0000,3,VALID,holdout,5.876,105,7,1,5,True,0.4423,0.8969,5.698,2.713,0.82,3.4,1.533
2018-08-25 07:00:00+0000,3,VALID,holdout,4.596,120,8,2,5,True,0.5,0.866,5.876,5.698,0.769,4.22,1.812
2018-08-25 07:15:00+0000,3,VALID,holdout,5.058,135,9,2,5,True,0.5556,0.8315,4.596,5.876,0.778,4.721,1.453
2018-08-25 07:30:00+0000,3,VALID,holdout,4.438,150,10,2,5,True,0.6088,0.7934,5.058,4.596,0.914,5.307,0.59
2018-08-25 07:45:00+0000,3,VALID,holdout,5.949,165,11,2,5,True,0.6593,0.7518,4.438,5.058,0.909,4.992,0.645
2018-08-25 08:00:00+0000,3,VALID,holdout,5.878,180,12,3,5,True,0.7071,0.7071,5.949,4.438,0.779,5.01,0.679
2018-08-25 08:15:00+0000,3,VALID,holdout,5.44,195,13,3,5,True,0.7518,0.6593,5.878,5.949,0.772,5.331,0.72
2018-08-25 08:30:00+0000,3,VALID,holdout,4.851,210,14,3,5,True,0.7934,0.6088,5.44,5.878,0.814,5.426,0.696
2018-08-25 08:45:00+0000,3,VALID,holdout,4.732,225,15,3,5,True,0.8315,0.5556,4.851,5.44,0.913,5.53,0.505
2018-08-25 09:00:00+0000,3,VALID,holdout,3.97,240,16,4,5,True,0.866,0.5,4.732,4.851,0.89,5.225,0.534
2018-08-25 09:15:00+0000,3,VALID,holdout,5.86,255,17,4,5,True,0.8969,0.4423,3.97,4.732,0.772,4.748,0.604
2018-08-25 09:30:00+0000,3,VALID,holdout,5.319,270,18,4,5,True,0.9239,0.3827,5.86,3.97,0.773,4.853,0.776
2018-08-25 09:45:00+0000,3,VALID,holdout,4.584,285,19,4,5,True,0.9469,0.3214,5.319,5.86,0.846,4.97,0.81
2018-08-25 10:00:00+0000,3,VALID,holdout,4.767,300,20,5,5,True,0.9659,0.2588,4.584,5.319,0.912,4.933,0.828
2018-08-25 10:15:00+0000,3,VALID,holdout,4.683,315,21,5,5,True,0.9808,0.1951,4.767,4.584,0.85,5.132,0.577
2018-08-25 10:30:00+0000,3,VALID,holdout,4.956,330,22,5,5,True,0.9914,0.1305,4.683,4.767,0.772,4.838,0.329
2018-08-25 10:45:00+0000,3,VALID,holdout,2.588,345,23,5,5,True,0.9979,0.0654,4.956,4.683,0.774,4.748,0.158
2018-08-25 11:00:00+0000,3,VALID,holdout,1.172,360,24,6,5,True,1.0,0.0,2.588,4.956,2.924,4.248,1.113
2018-08-25 11:15:00+0000,3,VALID,holdout,3.002,375,25,6,5,True,0.9979,-0.0654,1.172,2.588,2.965,3.35,1.796
2018-08-25 11:30:00+0000,3,VALID,holdout,2.158,390,26,6,5,True,0.9914,-0.1305,3.002,1.172,2.859,2.93,1.562
2018-08-25 11:45:00+0000,3,VALID,holdout,2.335,405,27,6,5,True,0.9808,-0.1951,2.158,3.002,2.819,2.23,0.785
2018-08-25 12:00:00+0000,3,VALID,holdout,1.225,420,28,7,5,True,0.9659,-0.2588,2.335,2.158,2.841,2.167,0.756
2018-08-25 12:15:00+0000,3,VALID,holdout,3.164,435,29,7,5,True,0.9469,-0.3214,1.225,2.335,3.079,2.18,0.733
2018-08-25 12:30:00+0000,3,VALID,holdout,1.193,450,30,7,5,True,0.9239,-0.3827,3.164,1.225,3.113,2.22,0.795
2018-08-25 12:45:00+0000,3,VALID,holdout,0.211,465,31,7,5,True,0.8969,-0.4423,1.193,3.164,3.012,1.979,0.952
2018-08-25 13:00:00+0000,3,VALID,holdout,0.193,480,32,8,5,True,0.866,-0.5,0.211,1.193,3.03,1.448,1.237
2018-08-25 13:15:00+0000,3,VALID,holdout,1.448,495,33,8,5,True,0.8315,-0.5556,0.193,0.211,3.028,1.19,1.396
2018-08-25 13:30:00+0000,3,VALID,holdout,0.379,510,34,8,5,True,0.7934,-0.6088,1.448,0.193,1.453,0.761,0.654
2018-08-25 13:45:00+0000,3,VALID,holdout,1.449,525,35,8,5,True,0.7518,-0.6593,0.379,1.448,3.061,0.558,0.599
2018-08-25 14:00:00+0000,3,VALID,holdout,0.273,540,36,9,5,True,0.7071,-0.7071,1.449,0.379,2.951,0.867,0.675
2018-08-25 14:15:00+0000,3,VALID,holdout,1.435,555,37,9,5,True,0.6593,-0.7518,0.273,1.449,2.766,0.887,0.65
2018-08-25 14:30:00+0000,3,VALID,holdout,0.477,570,38,9,5,True,0.6088,-0.7934,1.435,0.273,0.915,0.884,0.646
2018-08-25 14:45:00+0000,3,VALID,holdout,2.217,585,39,9,5,True,0.5556,-0.8315,0.477,1.435,2.284,0.908,0.622
2018-08-25 15:00:00+0000,3,VALID,holdout,1.063,600,40,10,5,True,0.5,-0.866,2.217,0.477,2.177,1.1,0.9
2018-08-25 15:15:00+0000,3,VALID,holdout,1.359,615,41,10,5,True,0.4423,-0.8969,1.063,2.217,3.141,1.298,0.729
2018-08-25 15:30:00+0000,3,VALID,holdout,2.067,630,42,10,5,True,0.3827,-0.9239,1.359,1.063,3.103,1.279,0.725
2018-08-25 15:45:00+0000,3,VALID,holdout,2.682,645,43,10,5,True,0.3214,-0.9469,2.067,1.359,3.34,1.676,0.554
2018-08-25 16:00:00+0000,3,VALID,holdout,2.53,660,44,11,5,True,0.2588,-0.9659,2.682,2.067,3.516,1.793,0.727
2018-08-25 16:15:00+0000,3,VALID,holdout,3.244,675,45,11,5,True,0.1951,-0.9808,2.53,2.682,3.422,2.16,0.594
2018-08-25 16:30:00+0000,3,VALID,holdout,3.051,690,46,11,5,True,0.1305,-0.9914,3.244,2.53,3.296,2.631,0.485
2018-08-25 16:45:00+0000,3,VALID,holdout,3.104,705,47,11,5,True,0.0654,-0.9979,3.051,3.244,3.546,2.877,0.328
2018-08-25 17:00:00+0000,3,VALID,holdout,3.349,720,48,12,5,True,0.0,-1.0,3.104,3.051,3.453,2.982,0.312
2018-08-25 17:15:00+0000,3,VALID,holdout,3.254,735,49,12,5,True,-0.0654,-0.9979,3.349,3.104,3.946,3.187,0.135
2018-08-25 17:30:00+0000,3,VALID,holdout,3.251,750,50,12,5,True,-0.1305,-0.9914,3.254,3.349,3.293,3.19,0.137
2018-08-25 17:45:00+0000,3,VALID,holdout,3.319,765,51,12,5,True,-0.1951,-0.9808,3.251,3.254,3.561,3.24,0.101
2018-08-25 18:00:00+0000,3,VALID,holdout,5.775,780,52,13,5,True,-0.2588,-0.9659,3.319,3.251,3.468,3.293,0.049
2018-08-25 18:15:00+0000,3,VALID,holdout,6.709,795,53,13,5,True,-0.3214,-0.9469,5.775,3.319,3.939,3.9,1.251
2018-08-25 18:30:00+0000,3,VALID,holdout,6.886,810,54,13,5,True,-0.3827,-0.9239,6.709,5.775,3.882,4.764,1.75
2018-08-25 18:45:00+0000,3,VALID,holdout,6.679,825,55,13,5,True,-0.4423,-0.8969,6.886,6.709,3.627,5.672,1.643
2018-08-25 19:00:00+0000,3,VALID,holdout,4.045,840,56,14,5,True,-0.5,-0.866,6.679,6.886,3.513,6.512,0.5
2018-08-25 19:15:00+0000,3,VALID,holdout,3.434,855,57,14,5,True,-0.5556,-0.8315,4.045,6.679,3.743,6.08,1.36
2018-08-25 19:30:00+0000,3,VALID,holdout,3.37,870,58,14,5,True,-0.6088,-0.7934,3.434,4.045,3.958,5.261,1.777
2018-08-25 19:45:00+0000,3,VALID,holdout,3.19,885,59,14,5,True,-0.6593,-0.7518,3.37,3.434,3.504,4.382,1.561
2018-08-25 20:00:00+0000,3,VALID,holdout,3.125,900,60,15,5,True,-0.7071,-0.7071,3.19,3.37,3.506,3.51,0.371
2018-08-25 20:15:00+0000,3,VALID,holdout,3.15,915,61,15,5,True,-0.7518,-0.6593,3.125,3.19,3.509,3.28,0.146
2018-08-25 20:30:00+0000,3,VALID,holdout,3.221,930,62,15,5,True,-0.7934,-0.6088,3.15,3.125,0.625,3.209,0.111
2018-08-25 20:45:00+0000,3,VALID,holdout,3.187,945,63,15,5,True,-0.8315,-0.5556,3.221,3.15,2.889,3.172,0.042
2018-08-25 21:00:00+0000,3,VALID,holdout,3.093,960,64,16,5,True,-0.866,-0.5,3.187,3.221,3.673,3.171,0.042
2018-08-25 21:15:00+0000,3,VALID,holdout,3.098,975,65,16,5,True,-0.8969,-0.4423,3.093,3.187,3.486,3.163,0.055
2018-08-25 21:30:00+0000,3,VALID,holdout,3.115,990,66,16,5,True,-0.9239,-0.3827,3.098,3.093,3.422,3.15,0.064
2018-08-25 21:45:00+0000,3,VALID,holdout,3.179,1005,67,16,5,True,-0.9469,-0.3214,3.115,3.098,3.598,3.123,0.044
2018-08-25 22:00:00+0000,3,VALID,holdout,3.136,1020,68,17,5,True,-0.9659,-0.2588,3.179,3.115,3.536,3.121,0.04
2018-08-25 22:15:00+0000,3,VALID,holdout,3.049,1035,69,17,5,True,-0.9808,-0.1951,3.136,3.179,3.488,3.132,0.035
2018-08-25 22:30:00+0000,3,VALID,holdout,3.049,1050,70,17,5,True,-0.9914,-0.1305,3.049,3.136,3.547,3.12,0.054
2018-08-25 22:45:00+0000,3,VALID,holdout,3.095,1065,71,17,5,True,-0.9979,-0.0654,3.049,3.049,3.668,3.103,0.065
2018-08-25 23:00:00+0000,3,VALID,holdout,3.136,1080,72,18,5,True,-1.0,-0.0,3.095,3.049,3.745,3.082,0.042
2018-08-25 23:15:00+0000,3,VALID,holdout,3.053,1095,73,18,5,True,-0.9979,0.0654,3.136,3.095,3.778,3.082,0.042
2018-08-25 23:30:00+0000,3,VALID,holdout,2.996,1110,74,18,5,True,-0.9914,0.1305,3.053,3.136,3.378,3.083,0.041
2018-08-25 23:45:00+0000,3,VALID,holdout,2.986,1125,75,18,5,True,-0.9808,0.1951,2.996,3.053,3.313,3.07,0.06
2018-08-26 00:00:00+0000,3,MISSING,holdout,,1140,76,19,5,True,-0.9659,0.2588,2.986,2.996,3.335,3.043,0.069
2018-08-23 00:00:00+0000,4,VALID,train,3.007,1140,76,19,2,False,-0.9659,0.2588,,,,,
2018-08-23 00:15:00+0000,4,VALID,train,2.957,1155,77,19,2,False,-0.9469,0.3214,3.007,,,,
2018-08-23 00:30:00+0000,4,VALID,train,3.129,1170,78,19,2,False,-0.9239,0.3827,2.957,3.007,,,
2018-08-23 00:45:00+0000,4,VALID,train,3.221,1185,79,19,2,False,-0.8969,0.4423,3.129,2.957,,,
2018-08-23 01:00:00+0000,4,VALID,train,3.231,1200,80,20,2,False,-0.866,0.5,3.221,3.129,,3.078,0.119
2018-08-23 01:15:00+0000,4,VALID,train,3.104,1215,81,20,2,False,-0.8315,0.5556,3.231,3.221,,3.134,0.127
2018-08-23 01:30:00+0000,4,VALID,train,3.158,1230,82,20,2,False,-0.7934,0.6088,3.104,3.231,,3.171,0.064
2018-08-23 01:45:00+0000,4,VALID,train,3.137,1245,83,20,2,False,-0.7518,0.6593,3.158,3.104,,3.178,0.059
2018-08-23 02:00:00+0000,4,VALID,train,3.133,1260,84,21,2,False,-0.7071,0.7071,3.137,3.158,,3.157,0.054
2018-08-23 02:15:00+0000,4,VALID,train,3.029,1275,85,21,2,False,-0.6593,0.7518,3.133,3.137,,3.133,0.022
2018-08-23 02:30:00+0000,4,VALID,train,2.94,1290,86,21,2,False,-0.6088,0.7934,3.029,3.133,,3.114,0.058
2018-08-23 02:45:00+0000,4,VALID,train,3.002,1305,87,21,2,False,-0.5556,0.8315,2.94,3.029,,3.06,0.094
2018-08-23 03:00:00+0000,4,VALID,train,2.978,1320,88,22,2,False,-0.5,0.866,3.002,2.94,,3.026,0.08
2018-08-23 03:15:00+0000,4,VALID,train,2.906,1335,89,22,2,False,-0.4423,0.8969,2.978,3.002,,2.987,0.038
2018-08-23 03:30:00+0000,4,VALID,train,2.879,1350,90,22,2,False,-0.3827,0.9239,2.906,2.978,,2.956,0.042
2018-08-23 03:45:00+0000,4,VALID,train,2.971,1365,91,22,2,False,-0.3214,0.9469,2.879,2.906,,2.941,0.058
2018-08-23 04:00:00+0000,4,VALID,train,2.952,1380,92,23,2,False,-0.2588,0.9659,2.971,2.879,,2.934,0.049
2018-08-23 04:15:00+0000,4,VALID,train,2.85,1395,93,23,2,False,-0.1951,0.9808,2.952,2.971,,2.927,0.042
2018-08-23 04:30:00+0000,4,VALID,train,2.785,1410,94,23,2,False,-0.1305,0.9914,2.85,2.952,,2.913,0.058
2018-08-23 04:45:00+0000,4,VALID,train,2.884,1425,95,23,2,False,-0.0654,0.9979,2.785,2.85,,2.89,0.088
2018-08-23 05:00:00+0000,4,VALID,train,2.889,0,0,0,3,False,0.0,1.0,2.884,2.785,,2.868,0.07
2018-08-23 05:15:00+0000,4,VALID,train,2.828,15,1,0,3,False,0.0654,0.9979,2.889,2.884,,2.852,0.048
2018-08-23 05:30:00+0000,4,VALID,train,2.697,30,2,0,3,False,0.1305,0.9914,2.828,2.889,,2.846,0.049
2018-08-23 05:45:00+0000,4,VALID,train,2.764,45,3,0,3,False,0.1951,0.9808,2.697,2.828,,2.824,0.089
2018-08-23 06:00:00+0000,4,VALID,train,2.802,60,4,1,3,False,0.2588,0.9659,2.764,2.697,,2.794,0.083
2018-08-23 06:15:00+0000,4,VALID,train,2.76,75,5,1,3,False,0.3214,0.9469,2.802,2.764,,2.773,0.057
2018-08-23 06:30:00+0000,4,VALID,train,2.656,90,6,1,3,False,0.3827,0.9239,2.76,2.802,,2.756,0.044
2018-08-23 06:45:00+0000,4,VALID,train,2.742,105,7,1,3,False,0.4423,0.8969,2.656,2.76,,2.746,0.063
2018-08-23 07:00:00+0000,4,VALID,train,2.801,120,8,2,3,False,0.5,0.866,2.742,2.656,,2.74,0.061
2018-08-23 07:15:00+0000,4,VALID,train,2.782,135,9,2,3,False,0.5556,0.8315,2.801,2.742,,2.74,0.061
2018-08-23 07:30:00+0000,4,VALID,train,2.662,150,10,2,3,False,0.6088,0.7934,2.782,2.801,,2.745,0.064
2018-08-23 07:45:00+0000,4,VALID,train,2.733,165,11,2,3,False,0.6593,0.7518,2.662,2.782,,2.747,0.062
2018-08-23 08:00:00+0000,4,VALID,train,2.829,180,12,3,3,False,0.7071,0.7071,2.733,2.662,,2.744,0.062
2018-08-23 08:15:00+0000,4,VALID,train,2.767,195,13,3,3,False,0.7518,0.6593,2.829,2.733,,2.752,0.071
2018-08-23 08:30:00+0000,4,VALID,train,2.798,210,14,3,3,False,0.7934,0.6088,2.767,2.829,,2.748,0.07
2018-08-23 08:45:00+0000,4,VALID,train,2.777,225,15,3,3,False,0.8315,0.5556,2.798,2.767,,2.782,0.041
2018-08-23 09:00:00+0000,4,VALID,train,2.718,240,16,4,3,False,0.866,0.5,2.777,2.798,,2.793,0.027
2018-08-23 09:15:00+0000,4,VALID,train,2.58,255,17,4,3,False,0.8969,0.4423,2.718,2.777,,2.765,0.034
2018-08-23 09:30:00+0000,4,VALID,train,2.269,270,18,4,3,False,0.9239,0.3827,2.58,2.718,,2.718,0.098
2018-08-23 09:45:00+0000,4,VALID,train,1.679,285,19,4,3,False,0.9469,0.3214,2.269,2.58,,2.586,0.227
2018-08-23 10:00:00+0000,4,VALID,train,2.689,300,20,5,3,False,0.9659,0.2588,1.679,2.269,,2.312,0.462
2018-08-23 10:15:00+0000,4,VALID,train,2.551,315,21,5,3,False,0.9808,0.1951,2.689,1.679,,2.304,0.453
2018-08-23 10:30:00+0000,4,VALID,train,3.148,330,22,5,3,False,0.9914,0.1305,2.551,2.689,,2.297,0.448
2018-08-23 10:45:00+0000,4,VALID,train,2.937,345,23,5,3,False,0.9979,0.0654,3.148,2.551,,2.517,0.614
2018-08-23 11:00:00+0000,4,VALID,train,0.501,360,24,6,3,False,1.0,0.0,2.937,3.148,,2.831,0.265
2018-08-23 11:15:00+0000,4,VALID,train,0.47,375,25,6,3,False,0.9979,-0.0654,0.501,2.937,,2.284,1.214
2018-08-23 11:30:00+0000,4,VALID,train,0.366,390,26,6,3,False,0.9914,-0.1305,0.47,0.501,,1.764,1.479
2018-08-23 11:45:00+0000,4,VALID,train,0.357,405,27,6,3,False,0.9808,-0.1951,0.366,0.47,,1.068,1.247
2018-08-23 12:00:00+0000,4,VALID,train,0.487,420,28,7,3,False,0.9659,-0.2588,0.357,0.366,,0.424,0.073
2018-08-23 12:15:00+0000,4,VALID,train,0.532,435,29,7,3,False,0.9469,-0.3214,0.487,0.357,,0.42,0.068
2018-08-23 12:30:00+0000,4,VALID,train,0.739,450,30,7,3,False,0.9239,-0.3827,0.532,0.487,,0.436,0.087
2018-08-23 12:45:00+0000,4,VALID,train,0.309,465,31,7,3,False,0.8969,-0.4423,0.739,0.532,,0.529,0.159
2018-08-23 13:00:00+0000,4,VALID,train,0.272,480,32,8,3,False,0.866,-0.5,0.309,0.739,,0.517,0.177
2018-08-23 13:15:00+0000,4,VALID,train,0.32,495,33,8,3,False,0.8315,-0.5556,0.272,0.309,,0.463,0.217
2018-08-23 13:30:00+0000,4,VALID,train,0.318,510,34,8,3,False,0.7934,-0.6088,0.32,0.272,,0.41,0.22
2018-08-23 13:45:00+0000,4,VALID,train,0.205,525,35,8,3,False,0.7518,-0.6593,0.318,0.32,,0.305,0.022
2018-08-23 14:00:00+0000,4,VALID,train,0.236,540,36,9,3,False,0.7071,-0.7071,0.205,0.318,,0.279,0.054
2018-08-23 14:15:00+0000,4,VALID,train,0.339,555,37,9,3,False,0.6593,-0.7518,0.236,0.205,,0.27,0.058
2018-08-23 14:30:00+0000,4,VALID,train,0.397,570,38,9,3,False,0.6088,-0.7934,0.339,0.236,,0.274,0.064
2018-08-23 14:45:00+0000,4,VALID,train,0.259,585,39,9,3,False,0.5556,-0.8315,0.397,0.339,,0.294,0.089
2018-08-23 15:00:00+0000,4,VALID,train,0.256,600,40,10,3,False,0.5,-0.866,0.259,0.397,,0.308,0.074
2018-08-23 15:15:00+0000,4,VALID,train,0.389,615,41,10,3,False,0.4423,-0.8969,0.256,0.259,,0.313,0.068
2018-08-23 15:30:00+0000,4,VALID,train,0.391,630,42,10,3,False,0.3827,-0.9239,0.389,0.256,,0.325,0.078
2018-08-23 15:45:00+0000,4,VALID,train,0.325,645,43,10,3,False,0.3214,-0.9469,0.391,0.389,,0.324,0.077
2018-08-23 16:00:00+0000,4,VALID,train,0.281,660,44,11,3,False,0.2588,-0.9659,0.325,0.391,,0.34,0.064
2018-08-23 16:15:00+0000,4,VALID,train,0.388,675,45,11,3,False,0.1951,-0.9808,0.281,0.325,,0.346,0.053
2018-08-23 16:30:00+0000,4,VALID,train,0.422,690,46,11,3,False,0.1305,-0.9914,0.388,0.281,,0.346,0.053
2018-08-23 16:45:00+0000,4,VALID,train,0.351,705,47,11,3,False,0.0654,-0.9979,0.422,0.388,,0.354,0.063
2018-08-23 17:00:00+0000,4,VALID,train,0.257,720,48,12,3,False,0.0,-1.0,0.351,0.422,,0.361,0.06
2018-08-23 17:15:00+0000,4,VALID,train,0.333,735,49,12,3,False,-0.0654,-0.9979,0.257,0.351,,0.354,0.071
2018-08-23 17:30:00+0000,4,VALID,train,0.43,750,50,12,3,False,-0.1305,-0.9914,0.333,0.257,,0.341,0.068
2018-08-23 17:45:00+0000,4,VALID,train,0.475,765,51,12,3,False,-0.1951,-0.9808,0.43,0.333,,0.343,0.071
2018-08-23 18:00:00+0000,4,VALID,train,0.324,780,52,13,3,False,-0.2588,-0.9659,0.475,0.43,,0.374,0.098
2018-08-23 18:15:00+0000,4,VALID,train,1.056,795,53,13,3,False,-0.3214,-0.9469,0.324,0.475,,0.39,0.074
2018-08-23 18:30:00+0000,4,VALID,train,0.916,810,54,13,3,False,-0.3827,-0.9239,1.056,0.324,,0.571,0.329
2018-08-23 18:45:00+0000,4,VALID,train,0.717,825,55,13,3,False,-0.4423,-0.8969,0.916,1.056,,0.693,0.349
2018-08-23 19:00:00+0000,4,VALID,train,1.156,840,56,14,3,False,-0.5,-0.866,0.717,0.916,,0.753,0.318
2018-08-23 19:15:00+0000,4,VALID,train,1.244,855,57,14,3,False,-0.5556,-0.8315,1.156,0.717,,0.961,0.19
2018-08-23 19:30:00+0000,4,VALID,train,0.796,870,58,14,3,False,-0.6088,-0.7934,1.244,1.156,,1.008,0.239
2018-08-23 19:45:00+0000,4,VALID,train,1.107,885,59,14,3,False,-0.6593,-0.7518,0.796,1.244,,0.978,0.261
2018-08-23 20:00:00+0000,4,VALID,train,2.09,900,60,15,3,False,-0.7071,-0.7071,1.107,0.796,,1.076,0.195
2018-08-23 20:15:00+0000,4,VALID,train,3.127,915,61,15,3,False,-0.7518,-0.6593,2.09,1.107,,1.309,0.553
2018-08-23 20:30:00+0000,4,VALID,train,3.276,930,62,15,3,False,-0.7934,-0.6088,3.127,2.09,,1.78,1.054
2018-08-23 20:45:00+0000,4,VALID,train,3.3,945,63,15,3,False,-0.8315,-0.5556,3.276,3.127,,2.4,1.011
2018-08-23 21:00:00+0000,4,VALID,train,3.156,960,64,16,3,False,-0.866,-0.5,3.3,3.276,,2.948,0.577
2018-08-23 21:15:00+0000,4,VALID,train,3.123,975,65,16,3,False,-0.8969,-0.4423,3.156,3.3,,3.215,0.086
2018-08-23 21:30:00+0000,4,VALID,train,3.149,990,66,16,3,False,-0.9239,-0.3827,3.123,3.156,,3.214,0.087
2018-08-23 21:45:00+0000,4,VALID,train,3.166,1005,67,16,3,False,-0.9469,-0.3214,3.149,3.123,,3.182,0.08
2018-08-23 22:00:00+0000,4,VALID,train,3.15,1020,68,17,3,False,-0.9659,-0.2588,3.166,3.149,,3.149,0.018
2018-08-23 22:15:00+0000,4,VALID,train,3.082,1035,69,17,3,False,-0.9808,-0.1951,3.15,3.166,,3.147,0.018
2018-08-23 22:30:00+0000,4,VALID,train,3.108,1050,70,17,3,False,-0.9914,-0.1305,3.082,3.15,,3.137,0.037
2018-08-23 22:45:00+0000,4,VALID,train,3.227,1065,71,17,3,False,-0.9979,-0.0654,3.108,3.082,,3.126,0.038
2018-08-23 23:00:00+0000,4,VALID,train,3.107,1080,72,18,3,False,-1.0,-0.0,3.227,3.108,,3.142,0.063
2018-08-23 23:15:00+0000,4,VALID,train,3.216,1095,73,18,3,False,-0.9979,0.0654,3.107,3.227,,3.131,0.065
2018-08-23 23:30:00+0000,4,VALID,train,3.282,1110,74,18,3,False,-0.9914,0.1305,3.216,3.107,,3.165,0.066
2018-08-23 23:45:00+0000,4,VALID,train,3.19,1125,75,18,3,False,-0.9808,0.1951,3.282,3.216,,3.208,0.073
2018-08-24 00:00:00+0000,4,VALID,validation,3.984,1140,76,19,3,False,-0.9659,0.2588,3.19,3.282,3.007,3.199,0.072
2018-08-24 00:15:00+0000,4,VALID,validation,3.542,1155,77,19,3,False,-0.9469,0.3214,3.984,3.19,2.957,3.418,0.379
2018-08-24 00:30:00+0000,4,VALID,validation,3.434,1170,78,19,3,False,-0.9239,0.3827,3.542,3.984,3.129,3.5,0.356
2018-08-24 00:45:00+0000,4,VALID,validation,4.115,1185,79,19,3,False,-0.8969,0.4423,3.434,3.542,3.221,3.538,0.332
2018-08-24 01:00:00+0000,4,VALID,validation,4.523,1200,80,20,3,False,-0.866,0.5,4.115,3.434,3.231,3.769,0.332
2018-08-24 01:15:00+0000,4,VALID,validation,3.487,1215,81,20,3,False,-0.8315,0.5556,4.523,4.115,3.104,3.903,0.51
2018-08-24 01:30:00+0000,4,VALID,validation,3.346,1230,82,20,3,False,-0.7934,0.6088,3.487,4.523,3.158,3.89,0.523
2018-08-24 01:45:00+0000,4,VALID,validation,3.186,1245,83,20,3,False,-0.7518,0.6593,3.346,3.487,3.137,3.868,0.55
2018-08-24 02:00:00+0000,4,VALID,validation,3.139,1260,84,21,3,False,-0.7071,0.7071,3.186,3.346,3.133,3.636,0.604
2018-08-24 02:15:00+0000,4,VALID,validation,3.043,1275,85,21,3,False,-0.6593,0.7518,3.139,3.186,3.029,3.29,0.159
2018-08-24 02:30:00+0000,4,VALID,validation,6.263,1290,86,21,3,False,-0.6088,0.7934,3.043,3.139,2.94,3.178,0.127
2018-08-24 02:45:00+0000,4,VALID,validation,6.067,1305,87,21,3,False,-0.5556,0.8315,6.263,3.043,3.002,3.908,1.571
2018-08-24 03:00:00+0000,4,VALID,validation,4.205,1320,88,22,3,False,-0.5,0.866,6.067,6.263,2.978,4.628,1.777
2018-08-24 03:15:00+0000,4,VALID,validation,3.015,1335,89,22,3,False,-0.4423,0.8969,4.205,6.067,2.906,4.895,1.544
2018-08-24 03:30:00+0000,4,VALID,validation,3.318,1350,90,22,3,False,-0.3827,0.9239,3.015,4.205,2.879,4.888,1.555
2018-08-24 03:45:00+0000,4,VALID,validation,3.133,1365,91,22,3,False,-0.3214,0.9469,3.318,3.015,2.971,4.151,1.373
2018-08-24 04:00:00+0000,4,VALID,validation,2.984,1380,92,23,3,False,-0.2588,0.9659,3.133,3.318,2.952,3.418,0.539
2018-08-24 04:15:00+0000,4,VALID,validation,3.001,1395,93,23,3,False,-0.1951,0.9808,2.984,3.133,2.85,3.112,0.151
2018-08-24 04:30:00+0000,4,VALID,validation,2.912,1410,94,23,3,False,-0.1305,0.9914,3.001,2.984,2.785,3.109,0.154
2018-08-24 04:45:00+0000,4,VALID,validation,2.843,1425,95,23,3,False,-0.0654,0.9979,2.912,3.001,2.884,3.008,0.092
2018-08-24 05:00:00+0000,4,VALID,validation,2.937,0,0,0,4,False,0.0,1.0,2.843,2.912,2.889,2.935,0.072
2018-08-24 05:15:00+0000,4,VALID,validation,2.907,15,1,0,4,False,0.0654,0.9979,2.937,2.843,2.828,2.923,0.065
2018-08-24 05:30:00+0000,4,VALID,validation,2.847,30,2,0,4,False,0.1305,0.9914,2.907,2.937,2.697,2.9,0.04
2018-08-24 05:45:00+0000,4,VALID,validation,2.757,45,3,0,4,False,0.1951,0.9808,2.847,2.907,2.764,2.884,0.046
2018-08-24 06:00:00+0000,4,VALID,validation,2.833,60,4,1,4,False,0.2588,0.9659,2.757,2.847,2.802,2.862,0.079
2018-08-24 06:15:00+0000,4,VALID,validation,2.873,75,5,1,4,False,0.3214,0.9469,2.833,2.757,2.76,2.836,0.062
2018-08-24 06:30:00+0000,4,VALID,validation,2.844,90,6,1,4,False,0.3827,0.9239,2.873,2.833,2.656,2.828,0.05
2018-08-24 06:45:00+0000,4,VALID,validation,2.757,105,7,1,4,False,0.4423,0.8969,2.844,2.873,2.742,2.827,0.049
2018-08-24 07:00:00+0000,4,VALID,validation,2.709,120,8,2,4,False,0.5,0.866,2.757,2.844,2.801,2.827,0.049
2018-08-24 07:15:00+0000,4,VALID,validation,2.778,135,9,2,4,False,0.5556,0.8315,2.709,2.757,2.782,2.796,0.076
2018-08-24 07:30:00+0000,4,VALID,validation,2.77,150,10,2,4,False,0.6088,0.7934,2.778,2.709,2.662,2.772,0.056
2018-08-24 07:45:00+0000,4,VALID,validation,2.697,165,11,2,4,False,0.6593,0.7518,2.77,2.778,2.733,2.754,0.031
2018-08-24 08:00:00+0000,4,VALID,validation,2.635,180,12,3,4,False,0.7071,0.7071,2.697,2.77,2.829,2.738,0.041
2018-08-24 08:15:00+0000,4,VALID,validation,2.722,195,13,3,4,False,0.7518,0.6593,2.635,2.697,2.767,2.72,0.067
2018-08-24 08:30:00+0000,4,VALID,validation,2.748,210,14,3,4,False,0.7934,0.6088,2.722,2.635,2.798,2.706,0.056
2018-08-24 08:45:00+0000,4,VALID,validation,2.706,225,15,3,4,False,0.8315,0.5556,2.748,2.722,2.777,2.7,0.048
2018-08-24 09:00:00+0000,4,VALID,validation,2.055,240,16,4,4,False,0.866,0.5,2.706,2.748,2.718,2.703,0.048
2018-08-24 09:15:00+0000,4,VALID,validation,1.705,255,17,4,4,False,0.8969,0.4423,2.055,2.706,2.58,2.558,0.336
2018-08-24 09:30:00+0000,4,VALID,validation,2.734,270,18,4,4,False,0.9239,0.3827,1.705,2.055,2.269,2.304,0.51
2018-08-24 09:45:00+0000,4,VALID,validation,2.709,285,19,4,4,False,0.9469,0.3214,2.734,1.705,1.679,2.3,0.506
2018-08-24 10:00:00+0000,4,VALID,validation,2.881,300,20,5,4,False,0.9659,0.2588,2.709,2.734,2.689,2.301,0.507
2018-08-24 10:15:00+0000,4,VALID,validation,3.188,315,21,5,4,False,0.9808,0.1951,2.881,2.709,2.551,2.507,0.54
2018-08-24 10:30:00+0000,4,VALID,validation,2.806,330,22,5,4,False,0.9914,0.1305,3.188,2.881,3.148,2.878,0.22
2018-08-24 10:45:00+0000,4,VALID,validation,2.658,345,23,5,4,False,0.9979,0.0654,2.806,3.188,2.937,2.896,0.207
2018-08-24 11:00:00+0000,4,VALID,validation,0.592,360,24,6,4,False,1.0,0.0,2.658,2.806,0.501,2.883,0.223
2018-08-24 11:15:00+0000,4,VALID,validation,0.621,375,25,6,4,False,0.9979,-0.0654,0.592,2.658,0.47,2.311,1.168
2018-08-24 11:30:00+0000,4,VALID,validation,0.621,390,26,6,4,False,0.9914,-0.1305,0.621,0.592,0.366,1.669,1.229
2018-08-24 11:45:00+0000,4,VALID,validation,0.632,405,27,6,4,False,0.9808,-0.1951,0.621,0.621,0.357,1.123,1.023
2018-08-24 12:00:00+0000,4,VALID,validation,0.684,420,28,7,4,False,0.9659,-0.2588,0.632,0.621,0.487,0.616,0.017
2018-08-24 12:15:00+0000,4,VALID,validation,0.673,435,29,7,4,False,0.9469,-0.3214,0.684,0.632,0.532,0.64,0.03
2018-08-24 12:30:00+0000,4,VALID,validation,0.58,450,30,7,4,False,0.9239,-0.3827,0.673,0.684,0.739,0.652,0.031
2018-08-24 12:45:00+0000,4,VALID,validation,0.384,465,31,7,4,False,0.8969,-0.4423,0.58,0.673,0.309,0.642,0.047
2018-08-24 13:00:00+0000,4,VALID,validation,0.821,480,32,8,4,False,0.866,-0.5,0.384,0.58,0.272,0.58,0.139
2018-08-24 13:15:00+0000,4,VALID,validation,0.616,495,33,8,4,False,0.8315,-0.5556,0.821,0.384,0.32,0.614,0.183
2018-08-24 13:30:00+0000,4,VALID,validation,0.324,510,34,8,4,False,0.7934,-0.6088,0.616,0.821,0.318,0.6,0.179
2018-08-24 13:45:00+0000,4,VALID,validation,0.371,525,35,8,4,False,0.7518,-0.6593,0.324,0.616,0.205,0.536,0.228
2018-08-24 14:00:00+0000,4,VALID,validation,0.364,540,36,9,4,False,0.7071,-0.7071,0.371,0.324,0.236,0.533,0.231
2018-08-24 14:15:00+0000,4,VALID,validation,0.354,555,37,9,4,False,0.6593,-0.7518,0.364,0.371,0.339,0.419,0.133
2018-08-24 14:30:00+0000,4,VALID,validation,0.334,570,38,9,4,False,0.6088,-0.7934,0.354,0.364,0.397,0.353,0.021
2018-08-24 14:45:00+0000,4,VALID,validation,0.225,585,39,9,4,False,0.5556,-0.8315,0.334,0.354,0.259,0.356,0.016
2018-08-24 15:00:00+0000,4,VALID,validation,0.288,600,40,10,4,False,0.5,-0.866,0.225,0.334,0.256,0.319,0.064
2018-08-24 15:15:00+0000,4,VALID,validation,0.413,615,41,10,4,False,0.4423,-0.8969,0.288,0.225,0.389,0.3,0.057
2018-08-24 15:30:00+0000,4,VALID,validation,0.419,630,42,10,4,False,0.3827,-0.9239,0.413,0.288,0.391,0.315,0.079
2018-08-24 15:45:00+0000,4,VALID,validation,0.363,645,43,10,4,False,0.3214,-0.9469,0.419,0.413,0.325,0.336,0.096
2018-08-24 16:00:00+0000,4,VALID,validation,0.308,660,44,11,4,False,0.2588,-0.9659,0.363,0.419,0.281,0.371,0.061
2018-08-24 16:15:00+0000,4,VALID,validation,0.469,675,45,11,4,False,0.1951,-0.9808,0.308,0.363,0.388,0.376,0.052
2018-08-24 16:30:00+0000,4,VALID,validation,0.484,690,46,11,4,False,0.1305,-0.9914,0.469,0.308,0.422,0.39,0.07
2018-08-24 16:45:00+0000,4,VALID,validation,0.398,705,47,11,4,False,0.0654,-0.9979,0.484,0.469,0.351,0.406,0.085
2018-08-24 17:00:00+0000,4,VALID,validation,0.3,720,48,12,4,False,0.0,-1.0,0.398,0.484,0.257,0.415,0.08
2018-08-24 17:15:00+0000,4,VALID,validation,0.397,735,49,12,4,False,-0.0654,-0.9979,0.3,0.398,0.333,0.413,0.084
2018-08-24 17:30:00+0000,4,VALID,validation,0.429,750,50,12,4,False,-0.1305,-0.9914,0.397,0.3,0.43,0.395,0.075
2018-08-24 17:45:00+0000,4,VALID,validation,0.974,765,51,12,4,False,-0.1951,-0.9808,0.429,0.397,0.475,0.381,0.056
2018-08-24 18:00:00+0000,4,VALID,validation,1.249,780,52,13,4,False,-0.2588,-0.9659,0.974,0.429,0.324,0.525,0.304
2018-08-24 18:15:00+0000,4,VALID,validation,2.971,795,53,13,4,False,-0.3214,-0.9469,1.249,0.974,1.056,0.762,0.419
2018-08-24 18:30:00+0000,4,VALID,validation,3.071,810,54,13,4,False,-0.3827,-0.9239,2.971,1.249,0.916,1.406,1.098
2018-08-24 18:45:00+0000,4,VALID,validation,3.114,825,55,13,4,False,-0.4423,-0.8969,3.071,2.971,0.717,2.066,1.109
2018-08-24 19:00:00+0000,4,VALID,validation,3.026,840,56,14,4,False,-0.5,-0.866,3.114,3.071,1.156,2.601,0.903
2018-08-24 19:15:00+0000,4,VALID,validation,3.167,855,57,14,4,False,-0.5556,-0.8315,3.026,3.114,1.244,3.046,0.061
2018-08-24 19:30:00+0000,4,VALID,validation,3.344,870,58,14,4,False,-0.6088,-0.7934,3.167,3.026,0.796,3.094,0.06
2018-08-24 19:45:00+0000,4,VALID,validation,3.307,885,59,14,4,False,-0.6593,-0.7518,3.344,3.167,1.107,3.163,0.134
2018-08-24 20:00:00+0000,4,VALID,validation,1.36,900,60,15,4,False,-0.7071,-0.7071,3.307,3.344,2.09,3.211,0.145
2018-08-24 20:15:00+0000,4,VALID,validation,3.253,915,61,15,4,False,-0.7518,-0.6593,1.36,3.307,3.127,2.794,0.959
2018-08-24 20:30:00+0000,4,VALID,validation,3.354,930,62,15,4,False,-0.7934,-0.6088,3.253,1.36,3.276,2.816,0.971
2018-08-24 20:45:00+0000,4,VALID,validation,3.381,945,63,15,4,False,-0.8315,-0.5556,3.354,3.253,3.3,2.818,0.973
2018-08-24 21:00:00+0000,4,VALID,validation,3.182,960,64,16,4,False,-0.866,-0.5,3.381,3.354,3.156,2.837,0.986
2018-08-24 21:15:00+0000,4,VALID,validation,4.451,975,65,16,4,False,-0.8969,-0.4423,3.182,3.381,3.123,3.292,0.092
2018-08-24 21:30:00+0000,4,VALID,validation,3.22,990,66,16,4,False,-0.9239,-0.3827,4.451,3.182,3.149,3.592,0.579
2018-08-24 21:45:00+0000,4,VALID,validation,3.258,1005,67,16,4,False,-0.9469,-0.3214,3.22,4.451,3.166,3.558,0.601
2018-08-24 22:00:00+0000,4,VALID,validation,3.179,1020,68,17,4,False,-0.9659,-0.2588,3.258,3.22,3.15,3.528,0.616
2018-08-24 22:15:00+0000,4,VALID,validation,3.171,1035,69,17,4,False,-0.9808,-0.1951,3.179,3.258,3.082,3.527,0.617
2018-08-24 22:30:00+0000,4,VALID,validation,3.151,1050,70,17,4,False,-0.9914,-0.1305,3.171,3.179,3.108,3.207,0.04
2018-08-24 22:45:00+0000,4,VALID,validation,3.136,1065,71,17,4,False,-0.9979,-0.0654,3.151,3.171,3.227,3.19,0.047
2018-08-24 23:00:00+0000,4,VALID,validation,3.033,1080,72,18,4,False,-1.0,-0.0,3.136,3.151,3.107,3.159,0.019
2018-08-24 23:15:00+0000,4,VALID,validation,3.075,1095,73,18,4,False,-0.9979,0.0654,3.033,3.136,3.216,3.123,0.062
2018-08-24 23:30:00+0000,4,VALID,validation,3.104,1110,74,18,4,False,-0.9914,0.1305,3.075,3.033,3.282,3.099,0.055
2018-08-24 23:45:00+0000,4,VALID,validation,3.07,1125,75,18,4,False,-0.9808,0.1951,3.104,3.075,3.19,3.087,0.044
2018-08-25 00:00:00+0000,4,VALID,holdout,2.933,1140,76,19,4,False,-0.9659,0.2588,3.07,3.104,3.984,3.07,0.029
2018-08-25 00:15:00+0000,4,VALID,holdout,2.942,1155,77,19,4,False,-0.9469,0.3214,2.933,3.07,3.542,3.045,0.076
2018-08-25 00:30:00+0000,4,VALID,holdout,3.062,1170,78,19,4,False,-0.9239,0.3827,2.942,2.933,3.434,3.012,0.088
2018-08-25 00:45:00+0000,4,VALID,holdout,3.091,1185,79,19,4,False,-0.8969,0.4423,3.062,2.942,4.115,3.002,0.074
2018-08-25 01:00:00+0000,4,VALID,holdout,3.01,1200,80,20,4,False,-0.866,0.5,3.091,3.062,4.523,3.007,0.081
2018-08-25 01:15:00+0000,4,VALID,holdout,2.947,1215,81,20,4,False,-0.8315,0.5556,3.01,3.091,3.487,3.026,0.065
2018-08-25 01:30:00+0000,4,VALID,holdout,3.013,1230,82,20,4,False,-0.7934,0.6088,2.947,3.01,3.346,3.028,0.063
2018-08-25 01:45:00+0000,4,VALID,holdout,3.037,1245,83,20,4,False,-0.7518,0.6593,3.013,2.947,3.186,3.015,0.059
2018-08-25 02:00:00+0000,4,VALID,holdout,2.9,1260,84,21,4,False,-0.7071,0.7071,3.037,3.013,3.139,3.002,0.038
2018-08-25 02:15:00+0000,4,VALID,holdout,2.817,1275,85,21,4,False,-0.6593,0.7518,2.9,3.037,3.043,2.974,0.062
2018-08-25 02:30:00+0000,4,VALID,holdout,3.132,1290,86,21,4,False,-0.6088,0.7934,2.817,2.9,6.263,2.942,0.102
2018-08-25 02:45:00+0000,4,VALID,holdout,3.217,1305,87,21,4,False,-0.5556,0.8315,3.132,2.817,6.067,2.972,0.14
2018-08-25 03:00:00+0000,4,VALID,holdout,3.055,1320,88,22,4,False,-0.5,0.866,3.217,3.132,4.205,3.016,0.189
2018-08-25 03:15:00+0000,4,VALID,holdout,2.929,1335,89,22,4,False,-0.4423,0.8969,3.055,3.217,3.015,3.055,0.172
2018-08-25 03:30:00+0000,4,VALID,holdout,2.855,1350,90,22,4,False,-0.3827,0.9239,2.929,3.055,3.318,3.083,0.122
2018-08-25 03:45:00+0000,4,VALID,holdout,2.796,1365,91,22,4,False,-0.3214,0.9469,2.855,2.929,3.133,3.014,0.159
2018-08-25 04:00:00+0000,4,VALID,holdout,2.784,1380,92,23,4,False,-0.2588,0.9659,2.796,2.855,2.984,2.909,0.112
2018-08-25 04:15:00+0000,4,VALID,holdout,2.863,1395,93,23,4,False,-0.1951,0.9808,2.784,2.796,3.001,2.841,0.066
2018-08-25 04:30:00+0000,4,VALID,holdout,3.139,1410,94,23,4,False,-0.1305,0.9914,2.863,2.784,2.912,2.824,0.04
2018-08-25 04:45:00+0000,4,VALID,holdout,2.756,1425,95,23,4,False,-0.0654,0.9979,3.139,2.863,2.843,2.895,0.166
2018-08-25 05:00:00+0000,4,VALID,holdout,2.746,0,0,0,5,True,0.0,1.0,2.756,3.139,2.937,2.885,0.175
2018-08-25 05:15:00+0000,4,VALID,holdout,2.746,15,1,0,5,True,0.0654,0.9979,2.746,2.756,2.907,2.876,0.183
2018-08-25 05:30:00+0000,4,VALID,holdout,2.723,30,2,0,5,True,0.1305,0.9914,2.746,2.746,2.847,2.847,0.195
2018-08-25 05:45:00+0000,4,VALID,holdout,2.705,45,3,0,5,True,0.1951,0.9808,2.723,2.746,2.757,2.743,0.014
2018-08-25 06:00:00+0000,4,VALID,holdout,2.663,60,4,1,5,True,0.2588,0.9659,2.705,2.723,2.833,2.73,0.02
2018-08-25 06:15:00+0000,4,VALID,holdout,2.558,75,5,1,5,True,0.3214,0.9469,2.663,2.705,2.873,2.709,0.035
2018-08-25 06:30:00+0000,4,VALID,holdout,2.618,90,6,1,5,True,0.3827,0.9239,2.558,2.663,2.844,2.662,0.074
2018-08-25 06:45:00+0000,4,VALID,holdout,2.671,105,7,1,5,True,0.4423,0.8969,2.618,2.558,2.757,2.636,0.063
2018-08-25 07:00:00+0000,4,VALID,holdout,2.647,120,8,2,5,True,0.5,0.866,2.671,2.618,2.709,2.628,0.052
2018-08-25 07:15:00+0000,4,VALID,holdout,2.515,135,9,2,5,True,0.5556,0.8315,2.647,2.671,2.778,2.624,0.049
2018-08-25 07:30:00+0000,4,VALID,holdout,2.553,150,10,2,5,True,0.6088,0.7934,2.515,2.647,2.77,2.613,0.069
2018-08-25 07:45:00+0000,4,VALID,holdout,2.65,165,11,2,5,True,0.6593,0.7518,2.553,2.515,2.697,2.596,0.074
2018-08-25 08:00:00+0000,4,VALID,holdout,2.643,180,12,3,5,True,0.7071,0.7071,2.65,2.553,2.635,2.591,0.068
2018-08-25 08:15:00+0000,4,VALID,holdout,2.513,195,13,3,5,True,0.7518,0.6593,2.643,2.65,2.722,2.59,0.067
2018-08-25 08:30:00+0000,4,VALID,holdout,2.539,210,14,3,5,True,0.7934,0.6088,2.513,2.643,2.748,2.59,0.068
2018-08-25 08:45:00+0000,4,VALID,holdout,2.641,225,15,3,5,True,0.8315,0.5556,2.539,2.513,2.706,2.586,0.07
2018-08-25 09:00:00+0000,4,VALID,holdout,2.613,240,16,4,5,True,0.866,0.5,2.641,2.539,2.055,2.584,0.068
2018-08-25 09:15:00+0000,4,VALID,holdout,2.496,255,17,4,5,True,0.8969,0.4423,2.613,2.641,1.705,2.577,0.06
2018-08-25 09:30:00+0000,4,VALID,holdout,2.539,270,18,4,5,True,0.9239,0.3827,2.496,2.613,2.734,2.572,0.067
2018-08-25 09:45:00+0000,4,VALID,holdout,2.621,285,19,4,5,True,0.9469,0.3214,2.539,2.496,2.709,2.572,0.067
2018-08-25 10:00:00+0000,4,VALID,holdout,2.597,300,20,5,5,True,0.9659,0.2588,2.621,2.539,2.881,2.567,0.06
2018-08-25 10:15:00+0000,4,VALID,holdout,3.335,315,21,5,5,True,0.9808,0.1951,2.597,2.621,3.188,2.563,0.057
2018-08-25 10:30:00+0000,4,VALID,holdout,2.778,330,22,5,5,True,0.9914,0.1305,3.335,2.597,2.806,2.773,0.376
2018-08-25 10:45:00+0000,4,VALID,holdout,2.596,345,23,5,5,True,0.9979,0.0654,2.778,3.335,2.658,2.833,0.344
2018-08-25 11:00:00+0000,4,VALID,holdout,0.469,360,24,6,5,True,1.0,0.0,2.596,2.778,0.592,2.826,0.35
2018-08-25 11:15:00+0000,4,VALID,holdout,0.429,375,25,6,5,True,0.9979,-0.0654,0.469,2.596,0.621,2.294,1.257
2018-08-25 11:30:00+0000,4,VALID,holdout,0.315,390,26,6,5,True,0.9914,-0.1305,0.429,0.469,0.621,1.568,1.294
2018-08-25 11:45:00+0000,4,VALID,holdout,0.391,405,27,6,5,True,0.9808,-0.1951,0.315,0.429,0.632,0.952,1.098
2018-08-25 12:00:00+0000,4,VALID,holdout,0.619,420,28,7,5,True,0.9659,-0.2588,0.391,0.315,0.684,0.401,0.066
2018-08-25 12:15:00+0000,4,VALID,holdout,0.911,435,29,7,5,True,0.9469,-0.3214,0.619,0.391,0.673,0.438,0.129
2018-08-25 12:30:00+0000,4,VALID,holdout,0.559,450,30,7,5,True,0.9239,-0.3827,0.911,0.619,0.58,0.559,0.268
2018-08-25 12:45:00+0000,4,VALID,holdout,0.389,465,31,7,5,True,0.8969,-0.4423,0.559,0.911,0.384,0.62,0.217
2018-08-25 13:00:00+0000,4,VALID,holdout,0.494,480,32,8,5,True,0.866,-0.5,0.389,0.559,0.821,0.62,0.217
2018-08-25 13:15:00+0000,4,VALID,holdout,0.541,495,33,8,5,True,0.8315,-0.5556,0.494,0.389,0.616,0.588,0.226
2018-08-25 13:30:00+0000,4,VALID,holdout,2.846,510,34,8,5,True,0.7934,-0.6088,0.541,0.494,0.324,0.496,0.076
2018-08-25 13:45:00+0000,4,VALID,holdout,2.393,525,35,8,5,True,0.7518,-0.6593,2.846,0.541,0.371,1.068,1.187
2018-08-25 14:00:00+0000,4,VALID,holdout,3.121,540,36,9,5,True,0.7071,-0.7071,2.393,2.846,0.364,1.568,1.228
2018-08-25 14:15:00+0000,4,VALID,holdout,5.007,555,37,9,5,True,0.6593,-0.7518,3.121,2.393,0.354,2.225,1.162
2018-08-25 14:30:00+0000,4,VALID,holdout,1.639,570,38,9,5,True,0.6088,-0.7934,5.007,3.121,0.334,3.342,1.15
2018-08-25 14:45:00+0000,4,VALID,holdout,2.469,585,39,9,5,True,0.5556,-0.8315,1.639,5.007,0.225,3.04,1.444
2018-08-25 15:00:00+0000,4,VALID,holdout,1.563,600,40,10,5,True,0.5,-0.866,2.469,1.639,0.288,3.059,1.433
2018-08-25 15:15:00+0000,4,VALID,holdout,2.478,615,41,10,5,True,0.4423,-0.8969,1.563,2.469,0.413,2.669,1.611
2018-08-25 15:30:00+0000,4,VALID,holdout,1.539,630,42,10,5,True,0.3827,-0.9239,2.478,1.563,0.419,2.037,0.505
2018-08-25 15:45:00+0000,4,VALID,holdout,4.521,645,43,10,5,True,0.3214,-0.9469,1.539,2.478,0.363,2.012,0.533
2018-08-25 16:00:00+0000,4,VALID,holdout,4.675,660,44,11,5,True,0.2588,-0.9659,4.521,1.539,0.308,2.525,1.4
2018-08-25 16:15:00+0000,4,VALID,holdout,3.902,675,45,11,5,True,0.1951,-0.9808,4.675,4.521,0.469,3.303,1.545
2018-08-25 16:30:00+0000,4,VALID,holdout,3.847,690,46,11,5,True,0.1305,-0.9914,3.902,4.675,0.484,3.659,1.452
2018-08-25 16:45:00+0000,4,VALID,holdout,6.211,705,47,11,5,True,0.0654,-0.9979,3.847,3.902,0.398,4.236,0.423
2018-08-25 17:00:00+0000,4,VALID,holdout,3.946,720,48,12,5,True,0.0,-1.0,6.211,3.847,0.3,4.659,1.102
2018-08-25 17:15:00+0000,4,VALID,holdout,2.301,735,49,12,5,True,-0.0654,-0.9979,3.946,6.211,0.397,4.477,1.157
2018-08-25 17:30:00+0000,4,VALID,holdout,2.8,750,50,12,5,True,-0.1305,-0.9914,2.301,3.946,0.429,4.076,1.61
2018-08-25 17:45:00+0000,4,VALID,holdout,1.627,765,51,12,5,True,-0.1951,-0.9808,2.8,2.301,0.974,3.814,1.74
2018-08-25 18:00:00+0000,4,VALID,holdout,4.454,780,52,13,5,True,-0.2588,-0.9659,1.627,2.8,1.249,2.668,0.978
2018-08-25 18:15:00+0000,4,VALID,holdout,5.303,795,53,13,5,True,-0.3214,-0.9469,4.454,1.627,2.971,2.796,1.206
2018-08-25 18:30:00+0000,4,VALID,holdout,1.496,810,54,13,5,True,-0.3827,-0.9239,5.303,4.454,3.071,3.546,1.648
2018-08-25 18:45:00+0000,4,VALID,holdout,3.212,825,55,13,5,True,-0.4423,-0.8969,1.496,5.303,3.114,3.22,1.947
2018-08-25 19:00:00+0000,4,VALID,holdout,3.513,840,56,14,5,True,-0.5,-0.866,3.212,1.496,3.026,3.616,1.654
2018-08-25 19:15:00+0000,4,VALID,holdout,5.816,855,57,14,5,True,-0.5556,-0.8315,3.513,3.212,3.167,3.381,1.559
2018-08-25 19:30:00+0000,4,VALID,holdout,3.496,870,58,14,5,True,-0.6088,-0.7934,5.816,3.513,3.344,3.509,1.776
2018-08-25 19:45:00+0000,4,VALID,holdout,3.285,885,59,14,5,True,-0.6593,-0.7518,3.496,5.816,3.307,4.009,1.212
2018-08-25 20:00:00+0000,4,VALID,holdout,4.235,900,60,15,5,True,-0.7071,-0.7071,3.285,3.496,1.36,4.028,1.197
2018-08-25 20:15:00+0000,4,VALID,holdout,6.355,915,61,15,5,True,-0.7518,-0.6593,4.235,3.285,3.253,4.208,1.147
2018-08-25 20:30:00+0000,4,VALID,holdout,5.491,930,62,15,5,True,-0.7934,-0.6088,6.355,4.235,3.354,4.343,1.402
2018-08-25 20:45:00+0000,4,VALID,holdout,5.729,945,63,15,5,True,-0.8315,-0.5556,5.491,6.355,3.381,4.842,1.354
2018-08-25 21:00:00+0000,4,VALID,holdout,3.366,960,64,16,5,True,-0.866,-0.5,5.729,5.491,3.182,5.452,0.89
2018-08-25 21:15:00+0000,4,VALID,holdout,3.231,975,65,16,5,True,-0.8969,-0.4423,3.366,5.729,4.451,5.235,1.298
2018-08-25 21:30:00+0000,4,VALID,holdout,3.196,990,66,16,5,True,-0.9239,-0.3827,3.231,3.366,3.22,4.454,1.339
2018-08-25 21:45:00+0000,4,VALID,holdout,3.276,1005,67,16,5,True,-0.9469,-0.3214,3.196,3.231,3.258,3.88,1.235
2018-08-25 22:00:00+0000,4,VALID,holdout,3.183,1020,68,17,5,True,-0.9659,-0.2588,3.276,3.196,3.179,3.267,0.074
2018-08-25 22:15:00+0000,4,VALID,holdout,3.126,1035,69,17,5,True,-0.9808,-0.1951,3.183,3.276,3.171,3.222,0.042
2018-08-25 22:30:00+0000,4,VALID,holdout,3.012,1050,70,17,5,True,-0.9914,-0.1305,3.126,3.183,3.151,3.195,0.062
2018-08-25 22:45:00+0000,4,VALID,holdout,6.119,1065,71,17,5,True,-0.9979,-0.0654,3.012,3.126,3.136,3.149,0.11
2018-08-25 23:00:00+0000,4,VALID,holdout,5.941,1080,72,18,5,True,-1.0,-0.0,6.119,3.012,3.033,3.86,1.508
2018-08-25 23:15:00+0000,4,VALID,holdout,3.456,1095,73,18,5,True,-0.9979,0.0654,5.941,6.119,3.075,4.55,1.712
2018-08-25 23:30:00+0000,4,VALID,holdout,3.836,1110,74,18,5,True,-0.9914,0.1305,3.456,5.941,3.104,4.632,1.626
2018-08-25 23:45:00+0000,4,VALID,holdout,5.821,1125,75,18,5,True,-0.9808,0.1951,3.836,3.456,3.07,4.838,1.387
2018-08-26 00:00:00+0000,4,MISSING,holdout,,1140,76,19,5,True,-0.9659,0.2588,5.821,3.836,2.933,4.764,1.301
2018-08-23 00:00:00+0000,5,VALID,train,6.823,1140,76,19,2,False,-0.9659,0.2588,,,,,
2018-08-23 00:15:00+0000,5,VALID,train,7.765,1155,77,19,2,False,-0.9469,0.3214,6.823,,,,
2018-08-23 00:30:00+0000,5,VALID,train,6.435,1170,78,19,2,False,-0.9239,0.3827,7.765,6.823,,,
2018-08-23 00:45:00+0000,5,VALID,train,6.5,1185,79,19,2,False,-0.8969,0.4423,6.435,7.765,,,
2018-08-23 01:00:00+0000,5,VALID,train,7.108,1200,80,20,2,False,-0.866,0.5,6.5,6.435,,6.881,0.613
2018-08-23 01:15:00+0000,5,VALID,train,7.318,1215,81,20,2,False,-0.8315,0.5556,7.108,6.5,,6.952,0.621
2018-08-23 01:30:00+0000,5,VALID,train,6.242,1230,82,20,2,False,-0.7934,0.6088,7.318,7.108,,6.84,0.44
2018-08-23 01:45:00+0000,5,VALID,train,6.057,1245,83,20,2,False,-0.7518,0.6593,6.242,7.318,,6.792,0.505
2018-08-23 02:00:00+0000,5,VALID,train,6.366,1260,84,21,2,False,-0.7071,0.7071,6.057,6.242,,6.681,0.625
2018-08-23 02:15:00+0000,5,VALID,train,7.12,1275,85,21,2,False,-0.6593,0.7518,6.366,6.057,,6.496,0.563
2018-08-23 02:30:00+0000,5,VALID,train,11.543,1290,86,21,2,False,-0.6088,0.7934,7.12,6.366,,6.446,0.467
2018-08-23 02:45:00+0000,5,VALID,train,11.12,1305,87,21,2,False,-0.5556,0.8315,11.543,7.12,,7.772,2.554
2018-08-23 03:00:00+0000,5,VALID,train,11.165,1320,88,22,2,False,-0.5,0.866,11.12,11.543,,9.037,2.673
2018-08-23 03:15:00+0000,5,VALID,train,10.994,1335,89,22,2,False,-0.4423,0.8969,11.165,11.12,,10.237,2.087
2018-08-23 03:30:00+0000,5,VALID,train,5.612,1350,90,22,2,False,-0.3827,0.9239,10.994,11.165,,11.205,0.236
2018-08-23 03:45:00+0000,5,VALID,train,5.592,1365,91,22,2,False,-0.3214,0.9469,5.612,10.994,,9.723,2.741
2018-08-23 04:00:00+0000,5,VALID,train,4.046,1380,92,23,2,False,-0.2588,0.9659,5.592,5.612,,8.341,3.163
2018-08-23 04:15:00+0000,5,VALID,train,1.81,1395,93,23,2,False,-0.1951,0.9808,4.046,5.592,,6.561,3.045
2018-08-23 04:30:00+0000,5,VALID,train,3.717,1410,94,23,2,False,-0.1305,0.9914,1.81,4.046,,4.265,1.794
2018-08-23 04:45:00+0000,5,VALID,train,5.44,1425,95,23,2,False,-0.0654,0.9979,3.717,1.81,,3.791,1.553
2018-08-23 05:00:00+0000,5,VALID,train,5.355,0,0,0,3,False,0.0,1.0,5.44,3.717,,3.753,1.495
2018-08-23 05:15:00+0000,5,VALID,train,3.211,15,1,0,3,False,0.0654,0.9979,5.355,5.44,,4.081,1.709
2018-08-23 05:30:00+0000,5,VALID,train,1.414,30,2,0,3,False,0.1305,0.9914,3.211,5.355,,4.431,1.136
2018-08-23 05:45:00+0000,5,VALID,train,4.342,45,3,0,3,False,0.1951,0.9808,1.414,3.211,,3.855,1.927
2018-08-23 06:00:00+0000,5,VALID,train,2.803,60,4,1,3,False,0.2588,0.9659,4.342,1.414,,3.58,1.689
2018-08-23 06:15:00+0000,5,VALID,train,1.438,75,5,1,3,False,0.3214,0.9469,2.803,4.342,,2.942,1.209
2018-08-23 06:30:00+0000,5,VALID,train,4.685,90,6,1,3,False,0.3827,0.9239,1.438,2.803,,2.499,1.389
2018-08-23 06:45:00+0000,5,VALID,train,4.665,105,7,1,3,False,0.4423,0.8969,4.685,1.438,,3.317,1.496
2018-08-23 07:00:00+0000,5,VALID,train,1.272,120,8,2,3,False,0.5,0.866,4.665,4.685,,3.398,1.577
2018-08-23 07:15:00+0000,5,VALID,train,0.937,135,9,2,3,False,0.5556,0.8315,1.272,4.665,,3.015,1.918
2018-08-23 07:30:00+0000,5,VALID,train,0.885,150,10,2,3,False,0.6088,0.7934,0.937,1.272,,2.89,2.066
2018-08-23 07:45:00+0000,5,VALID,train,4.395,165,11,2,3,False,0.6593,0.7518,0.885,0.937,,1.94,1.825
2018-08-23 08:00:00+0000,5,VALID,train,4.42,180,12,3,3,False,0.7071,0.7071,4.395,0.885,,1.872,1.691
2018-08-23 08:15:00+0000,5,VALID,train,0.997,195,13,3,3,False,0.7518,0.6593,4.42,4.395,,2.659,2.019
2018-08-23 08:30:00+0000,5,VALID,train,0.908,210,14,3,3,False,0.7934,0.6088,0.997,4.42,,2.674,2.002
2018-08-23 08:45:00+0000,5,VALID,train,0.906,225,15,3,3,False,0.8315,0.5556,0.908,0.997,,2.68,1.995
2018-08-23 09:00:00+0000,5,VALID,train,0.782,240,16,4,3,False,0.866,0.5,0.906,0.908,,1.808,1.742
2018-08-23 09:15:00+0000,5,VALID,train,2.73,255,17,4,3,False,0.8969,0.4423,0.782,0.906,,0.898,0.088
2018-08-23 09:30:00+0000,5,VALID,train,4.264,270,18,4,3,False,0.9239,0.3827,2.73,0.782,,1.332,0.934
2018-08-23 09:45:00+0000,5,VALID,train,1.865,285,19,4,3,False,0.9469,0.3214,4.264,2.73,,2.17,1.656
2018-08-23 10:00:00+0000,5,VALID,train,0.918,300,20,5,3,False,0.9659,0.2588,1.865,4.264,,2.41,1.471
2018-08-23 10:15:00+0000,5,VALID,train,1.004,315,21,5,3,False,0.9808,0.1951,0.918,1.865,,2.444,1.421
2018-08-23 10:30:00+0000,5,VALID,train,0.988,330,22,5,3,False,0.9914,0.1305,1.004,0.918,,2.013,1.561
2018-08-23 10:45:00+0000,5,VALID,train,0.939,345,23,5,3,False,0.9979,0.0654,0.988,1.004,,1.194,0.449
2018-08-23 11:00:00+0000,5,VALID,train,0.941,360,24,6,3,False,1.0,0.0,0.939,0.988,,0.962,0.04
2018-08-23 11:15:00+0000,5,VALID,train,2.74,375,25,6,3,False,0.9979,-0.0654,0.941,0.939,,0.968,0.033
2018-08-23 11:30:00+0000,5,VALID,train,4.377,390,26,6,3,False,0.9914,-0.1305,2.74,0.941,,1.402,0.892
2018-08-23 11:45:00+0000,5,VALID,train,2.985,405,27,6,3,False,0.9808,-0.1951,4.377,2.74,,2.249,1.653
2018-08-23 12:00:00+0000,5,VALID,train,0.947,420,28,7,3,False,0.9659,-0.2588,2.985,4.377,,2.761,1.411
2018-08-23 12:15:00+0000,5,VALID,train,2.345,435,29,7,3,False,0.9469,-0.3214,0.947,2.985,,2.762,1.409
2018-08-23 12:30:00+0000,5,VALID,train,3.509,450,30,7,3,False,0.9239,-0.3827,2.345,0.947,,2.664,1.424
2018-08-23 12:45:00+0000,5,VALID,train,0.91,465,31,7,3,False,0.8969,-0.4423,3.509,2.345,,2.446,1.107
2018-08-23 13:00:00+0000,5,VALID,train,0.784,480,32,8,3,False,0.866,-0.5,0.91,3.509,,1.928,1.248
2018-08-23 13:15:00+0000,5,VALID,train,0.831,495,33,8,3,False,0.8315,-0.5556,0.784,0.91,,1.887,1.293
2018-08-23 13:30:00+0000,5,VALID,train,0.81,510,34,8,3,False,0.7934,-0.6088,0.831,0.784,,1.508,1.335
2018-08-23 13:45:00+0000,5,VALID,train,0.811,525,35,8,3,False,0.7518,-0.6593,0.81,0.831,,0.834,0.054
2018-08-23 14:00:00+0000,5,VALID,train,0.885,540,36,9,3,False,0.7071,-0.7071,0.811,0.81,,0.809,0.019
2018-08-23 14:15:00+0000,5,VALID,train,0.801,555,37,9,3,False,0.6593,-0.7518,0.885,0.811,,0.834,0.035
2018-08-23 14:30:00+0000,5,VALID,train,0.705,570,38,9,3,False,0.6088,-0.7934,0.801,0.885,,0.827,0.039
2018-08-23 14:45:00+0000,5,VALID,train,0.856,585,39,9,3,False,0.5556,-0.8315,0.705,0.801,,0.8,0.074
2018-08-23 15:00:00+0000,5,VALID,train,1.079,600,40,10,3,False,0.5,-0.866,0.856,0.705,,0.812,0.079
2018-08-23 15:15:00+0000,5,VALID,train,0.817,615,41,10,3,False,0.4423,-0.8969,1.079,0.856,,0.86,0.159
2018-08-23 15:30:00+0000,5,VALID,train,0.973,630,42,10,3,False,0.3827,-0.9239,0.817,1.079,,0.864,0.157
2018-08-23 15:45:00+0000,5,VALID,train,0.933,645,43,10,3,False,0.3214,-0.9469,0.973,0.817,,0.931,0.119
2018-08-23 16:00:00+0000,5,VALID,train,0.866,660,44,11,3,False,0.2588,-0.9659,0.933,0.973,,0.95,0.108
2018-08-23 16:15:00+0000,5,VALID,train,0.925,675,45,11,3,False,0.1951,-0.9808,0.866,0.933,,0.897,0.069
2018-08-23 16:30:00+0000,5,VALID,train,0.996,690,46,11,3,False,0.1305,-0.9914,0.925,0.866,,0.924,0.044
2018-08-23 16:45:00+0000,5,VALID,train,0.845,705,47,11,3,False,0.0654,-0.9979,0.996,0.925,,0.93,0.053
2018-08-23 17:00:00+0000,5,VALID,train,3.111,720,48,12,3,False,0.0,-1.0,0.845,0.996,,0.908,0.068
2018-08-23 17:15:00+0000,5,VALID,train,5.121,735,49,12,3,False,-0.0654,-0.9979,3.111,0.845,,1.469,1.096
2018-08-23 17:30:00+0000,5,VALID,train,4.919,750,50,12,3,False,-0.1305,-0.9914,5.121,3.111,,2.518,2.02
2018-08-23 17:45:00+0000,5,VALID,train,4.797,765,51,12,3,False,-0.1951,-0.9808,4.919,5.121,,3.499,1.987
2018-08-23 18:00:00+0000,5,VALID,train,3.146,780,52,13,3,False,-0.2588,-0.9659,4.797,4.919,,4.487,0.927
2018-08-23 18:15:00+0000,5,VALID,train,4.075,795,53,13,3,False,-0.3214,-0.9469,3.146,4.797,,4.496,0.91
2018-08-23 18:30:00+0000,5,VALID,train,6.38,810,54,13,3,False,-0.3827,-0.9239,4.075,3.146,,4.234,0.816
2018-08-23 18:45:00+0000,5,VALID,train,5.956,825,55,13,3,False,-0.4423,-0.8969,6.38,4.075,,4.6,1.366
2018-08-23 19:00:00+0000,5,VALID,train,8.097,840,56,14,3,False,-0.5,-0.866,5.956,6.38,,4.889,1.534
2018-08-23 19:15:00+0000,5,VALID,train,2.427,855,57,14,3,False,-0.5556,-0.8315,8.097,5.956,,6.127,1.652
2018-08-23 19:30:00+0000,5,VALID,train,4.555,870,58,14,3,False,-0.6088,-0.7934,2.427,8.097,,5.715,2.379
2018-08-23 19:45:00+0000,5,VALID,train,1.704,885,59,14,3,False,-0.6593,-0.7518,4.555,2.427,,5.259,2.384
2018-08-23 20:00:00+0000,5,VALID,train,4.39,900,60,15,3,False,-0.7071,-0.7071,1.704,4.555,,4.196,2.869
2018-08-23 20:15:00+0000,5,VALID,train,2.197,915,61,15,3,False,-0.7518,-0.6593,4.39,1.704,,3.269,1.422
2018-08-23 20:30:00+0000,5,VALID,train,4.001,930,62,15,3,False,-0.7934,-0.6088,2.197,4.39,,3.212,1.471
2018-08-23 20:45:00+0000,5,VALID,train,1.122,945,63,15,3,False,-0.8315,-0.5556,4.001,2.197,,3.073,1.321
2018-08-23 21:00:00+0000,5,VALID,train,3.724,960,64,16,3,False,-0.866,-0.5,1.122,4.001,,2.927,1.537
2018-08-23 21:15:00+0000,5,VALID,train,2.295,975,65,16,3,False,-0.8969,-0.4423,3.724,1.122,,2.761,1.35
2018-08-23 21:30:00+0000,5,VALID,train,4.661,990,66,16,3,False,-0.9239,-0.3827,2.295,3.724,,2.786,1.337
2018-08-23 21:45:00+0000,5,VALID,train,5.864,1005,67,16,3,False,-0.9469,-0.3214,4.661,2.295,,2.95,1.56
2018-08-23 22:00:00+0000,5,VALID,train,5.845,1020,68,17,3,False,-0.9659,-0.2588,5.864,4.661,,4.136,1.508
2018-08-23 22:15:00+0000,5,VALID,train,8.325,1035,69,17,3,False,-0.9808,-0.1951,5.845,5.864,,4.666,1.678
2018-08-23 22:30:00+0000,5,VALID,train,10.047,1050,70,17,3,False,-0.9914,-0.1305,8.325,5.845,,6.174,1.541
2018-08-23 22:45:00+0000,5,VALID,train,9.175,1065,71,17,3,False,-0.9979,-0.0654,10.047,8.325,,7.52,2.048
2018-08-23 23:00:00+0000,5,VALID,train,8.775,1080,72,18,3,False,-1.0,-0.0,9.175,10.047,,8.348,1.811
2018-08-23 23:15:00+0000,5,VALID,train,8.898,1095,73,18,3,False,-0.9979,0.0654,8.775,9.175,,9.08,0.732
2018-08-23 23:30:00+0000,5,VALID,train,6.921,1110,74,18,3,False,-0.9914,0.1305,8.898,8.775,,9.224,0.574
2018-08-23 23:45:00+0000,5,VALID,train,3.4,1125,75,18,3,False,-0.9808,0.1951,6.921,8.898,,8.442,1.028
2018-08-24 00:00:00+0000,5,VALID,validation,5.808,1140,76,19,3,False,-0.9659,0.2588,3.4,6.921,6.823,6.998,2.564
2018-08-24 00:15:00+0000,5,VALID,validation,5.73,1155,77,19,3,False,-0.9469,0.3214,5.808,3.4,7.765,6.257,2.293
2018-08-24 00:30:00+0000,5,VALID,validation,5.731,1170,78,19,3,False,-0.9239,0.3827,5.73,5.808,6.435,5.465,1.48
2018-08-24 00:45:00+0000,5,VALID,validation,5.985,1185,79,19,3,False,-0.8969,0.4423,5.731,5.73,6.5,5.167,1.179
2018-08-24 01:00:00+0000,5,VALID,validation,6.259,1200,80,20,3,False,-0.866,0.5,5.985,5.731,7.108,5.814,0.12
2018-08-24 01:15:00+0000,5,VALID,validation,5.98,1215,81,20,3,False,-0.8315,0.5556,6.259,5.985,7.318,5.926,0.252
2018-08-24 01:30:00+0000,5,VALID,validation,6.274,1230,82,20,3,False,-0.7934,0.6088,5.98,6.259,6.242,5.989,0.216
2018-08-24 01:45:00+0000,5,VALID,validation,6.466,1245,83,20,3,False,-0.7518,0.6593,6.274,5.98,6.057,6.125,0.164
2018-08-24 02:00:00+0000,5,VALID,validation,3.461,1260,84,21,3,False,-0.7071,0.7071,6.466,6.274,6.366,6.245,0.2
2018-08-24 02:15:00+0000,5,VALID,validation,5.249,1275,85,21,3,False,-0.6593,0.7518,3.461,6.466,7.12,5.545,1.404
2018-08-24 02:30:00+0000,5,VALID,validation,3.307,1290,86,21,3,False,-0.6088,0.7934,5.249,3.461,11.543,5.362,1.376
2018-08-24 02:45:00+0000,5,VALID,validation,2.141,1305,87,21,3,False,-0.5556,0.8315,3.307,5.249,11.12,4.621,1.513
2018-08-24 03:00:00+0000,5,VALID,validation,3.518,1320,88,22,3,False,-0.5,0.866,2.141,3.307,11.165,3.54,1.283
2018-08-24 03:15:00+0000,5,VALID,validation,5.273,1335,89,22,3,False,-0.4423,0.8969,3.518,2.141,10.994,3.554,1.282
2018-08-24 03:30:00+0000,5,VALID,validation,2.777,1350,90,22,3,False,-0.3827,0.9239,5.273,3.518,5.612,3.56,1.293
2018-08-24 03:45:00+0000,5,VALID,validation,1.49,1365,91,22,3,False,-0.3214,0.9469,2.777,5.273,5.592,3.427,1.353
2018-08-24 04:00:00+0000,5,VALID,validation,1.473,1380,92,23,3,False,-0.2588,0.9659,1.49,2.777,4.046,3.264,1.58
2018-08-24 04:15:00+0000,5,VALID,validation,4.593,1395,93,23,3,False,-0.1951,0.9808,1.473,1.49,1.81,2.753,1.787
2018-08-24 04:30:00+0000,5,VALID,validation,1.384,1410,94,23,3,False,-0.1305,0.9914,4.593,1.473,3.717,2.583,1.472
2018-08-24 04:45:00+0000,5,VALID,validation,2.855,1425,95,23,3,False,-0.0654,0.9979,1.384,4.593,5.44,2.235,1.573
2018-08-24 05:00:00+0000,5,VALID,validation,4.835,0,0,0,4,False,0.0,1.0,2.855,1.384,5.355,2.576,1.504
2018-08-24 05:15:00+0000,5,VALID,validation,4.871,15,1,0,4,False,0.0654,0.9979,4.835,2.855,3.211,3.417,1.617
2018-08-24 05:30:00+0000,5,VALID,validation,4.742,30,2,0,4,False,0.1305,0.9914,4.871,4.835,1.414,3.486,1.689
2018-08-24 05:45:00+0000,5,VALID,validation,3.904,45,3,0,4,False,0.1951,0.9808,4.742,4.871,4.342,4.326,0.982
2018-08-24 06:00:00+0000,5,VALID,validation,0.994,60,4,1,4,False,0.2588,0.9659,3.904,4.742,2.803,4.588,0.459
2018-08-24 06:15:00+0000,5,VALID,validation,0.897,75,5,1,4,False,0.3214,0.9469,0.994,3.904,1.438,3.628,1.807
2018-08-24 06:30:00+0000,5,VALID,validation,0.824,90,6,1,4,False,0.3827,0.9239,0.897,0.994,4.685,2.634,1.98
2018-08-24 06:45:00+0000,5,VALID,validation,3.232,105,7,1,4,False,0.4423,0.8969,0.824,0.897,4.665,1.655,1.501
2018-08-24 07:00:00+0000,5,VALID,validation,4.32,120,8,2,4,False,0.5,0.866,3.232,0.824,1.272,1.487,1.166
2018-08-24 07:15:00+0000,5,VALID,validation,0.895,135,9,2,4,False,0.5556,0.8315,4.32,3.232,0.937,2.318,1.741
2018-08-24 07:30:00+0000,5,VALID,validation,0.882,150,10,2,4,False,0.6088,0.7934,0.895,4.32,0.885,2.318,1.742
2018-08-24 07:45:00+0000,5,VALID,validation,3.071,165,11,2,4,False,0.6593,0.7518,0.882,0.895,4.395,2.332,1.725
2018-08-24 08:00:00+0000,5,VALID,validation,1.89,180,12,3,4,False,0.7071,0.7071,3.071,0.882,4.42,2.292,1.699
2018-08-24 08:15:00+0000,5,VALID,validation,0.766,195,13,3,4,False,0.7518,0.6593,1.89,3.071,0.997,1.684,1.038
2018-08-24 08:30:00+0000,5,VALID,validation,0.928,210,14,3,4,False,0.7934,0.6088,0.766,1.89,0.908,1.652,1.072
2018-08-24 08:45:00+0000,5,VALID,validation,2.316,225,15,3,4,False,0.8315,0.5556,0.928,0.766,0.906,1.664,1.061
2018-08-24 09:00:00+0000,5,VALID,validation,2.718,240,16,4,4,False,0.866,0.5,2.316,0.928,0.782,1.475,0.749
2018-08-24 09:15:00+0000,5,VALID,validation,0.877,255,17,4,4,False,0.8969,0.4423,2.718,2.316,2.73,1.682,0.98
2018-08-24 09:30:00+0000,5,VALID,validation,0.811,270,18,4,4,False,0.9239,0.3827,0.877,2.718,4.264,1.71,0.947
2018-08-24 09:45:00+0000,5,VALID,validation,0.833,285,19,4,4,False,0.9469,0.3214,0.811,0.877,1.865,1.68,0.98
2018-08-24 10:00:00+0000,5,VALID,validation,0.734,300,20,5,4,False,0.9659,0.2588,0.833,0.811,0.918,1.31,0.939
2018-08-24 10:15:00+0000,5,VALID,validation,3.725,315,21,5,4,False,0.9808,0.1951,0.734,0.833,1.004,0.814,0.06
2018-08-24 10:30:00+0000,5,VALID,validation,2.878,330,22,5,4,False,0.9914,0.1305,3.725,0.734,0.988,1.526,1.467
2018-08-24 10:45:00+0000,5,VALID,validation,0.885,345,23,5,4,False,0.9979,0.0654,2.878,3.725,0.939,2.042,1.495
2018-08-24 11:00:00+0000,5,VALID,validation,1.44,360,24,6,4,False,1.0,0.0,0.885,2.878,0.941,2.056,1.481
2018-08-24 11:15:00+0000,5,VALID,validation,2.336,375,25,6,4,False,0.9979,-0.0654,1.44,0.885,2.74,2.232,1.302
2018-08-24 11:30:00+0000,5,VALID,validation,5.962,390,26,6,4,False,0.9914,-0.1305,2.336,1.44,4.377,1.885,0.892
2018-08-24 11:45:00+0000,5,VALID,validation,1.648,405,27,6,4,False,0.9808,-0.1951,5.962,2.336,2.985,2.656,2.284
2018-08-24 12:00:00+0000,5,VALID,validation,3.27,420,28,7,4,False,0.9659,-0.2588,1.648,5.962,0.947,2.846,2.112
2018-08-24 12:15:00+0000,5,VALID,validation,3.736,435,29,7,4,False,0.9469,-0.3214,3.27,1.648,2.345,3.304,1.893
2018-08-24 12:30:00+0000,5,VALID,validation,0.725,450,30,7,4,False,0.9239,-0.3827,3.736,3.27,3.509,3.654,1.78
2018-08-24 12:45:00+0000,5,VALID,validation,0.751,465,31,7,4,False,0.8969,-0.4423,0.725,3.736,0.91,2.345,1.402
2018-08-24 13:00:00+0000,5,VALID,validation,0.782,480,32,8,4,False,0.866,-0.5,0.751,0.725,0.784,2.121,1.608
2018-08-24 13:15:00+0000,5,VALID,validation,0.84,495,33,8,4,False,0.8315,-0.5556,0.782,0.751,0.831,1.498,1.492
2018-08-24 13:30:00+0000,5,VALID,validation,1.606,510,34,8,4,False,0.7934,-0.6088,0.84,0.782,0.81,0.774,0.049
2018-08-24 13:45:00+0000,5,VALID,validation,4.408,525,35,8,4,False,0.7518,-0.6593,1.606,0.84,0.811,0.995,0.409
2018-08-24 14:00:00+0000,5,VALID,validation,1.47,540,36,9,4,False,0.7071,-0.7071,4.408,1.606,0.885,1.909,1.708
2018-08-24 14:15:00+0000,5,VALID,validation,0.713,555,37,9,4,False,0.6593,-0.7518,1.47,4.408,0.801,2.081,1.587
2018-08-24 14:30:00+0000,5,VALID,validation,0.745,570,38,9,4,False,0.6088,-0.7934,0.713,1.47,0.705,2.049,1.621
2018-08-24 14:45:00+0000,5,VALID,validation,0.818,585,39,9,4,False,0.5556,-0.8315,0.745,0.713,0.856,1.834,1.751
2018-08-24 15:00:00+0000,5,VALID,validation,1.636,600,40,10,4,False,0.5,-0.866,0.818,0.745,1.079,0.936,0.358
2018-08-24 15:15:00+0000,5,VALID,validation,3.993,615,41,10,4,False,0.4423,-0.8969,1.636,0.818,0.817,0.978,0.441
2018-08-24 15:30:00+0000,5,VALID,validation,1.388,630,42,10,4,False,0.3827,-0.9239,3.993,1.636,0.973,1.798,1.518
2018-08-24 15:45:00+0000,5,VALID,validation,0.928,645,43,10,4,False,0.3214,-0.9469,1.388,3.993,0.933,1.959,1.399
2018-08-24 16:00:00+0000,5,VALID,validation,1.627,660,44,11,4,False,0.2588,-0.9659,0.928,1.388,0.866,1.986,1.37
2018-08-24 16:15:00+0000,5,VALID,validation,4.476,675,45,11,4,False,0.1951,-0.9808,1.627,0.928,0.925,1.984,1.37
2018-08-24 16:30:00+0000,5,VALID,validation,1.908,690,46,11,4,False,0.1305,-0.9914,4.476,1.627,0.996,2.105,1.607
2018-08-24 16:45:00+0000,5,VALID,validation,0.845,705,47,11,4,False,0.0654,-0.9979,1.908,4.476,0.845,2.235,1.55
2018-08-24 17:00:00+0000,5,VALID,validation,0.98,720,48,12,4,False,0.0,-1.0,0.845,1.908,3.111,2.214,1.574
2018-08-24 17:15:00+0000,5,VALID,validation,3.11,735,49,12,4,False,-0.0654,-0.9979,0.98,0.845,5.121,2.052,1.684
2018-08-24 17:30:00+0000,5,VALID,validation,2.472,750,50,12,4,False,-0.1305,-0.9914,3.11,0.98,4.919,1.711,1.046
2018-08-24 17:45:00+0000,5,VALID,validation,3.251,765,51,12,4,False,-0.1951,-0.9808,2.472,3.11,4.797,1.852,1.117
2018-08-24 18:00:00+0000,5,VALID,validation,4.685,780,52,13,4,False,-0.2588,-0.9659,3.251,2.472,3.146,2.453,1.039
2018-08-24 18:15:00+0000,5,VALID,validation,2.048,795,53,13,4,False,-0.3214,-0.9469,4.685,3.251,4.075,3.379,0.934
2018-08-24 18:30:00+0000,5,VALID,validation,0.866,810,54,13,4,False,-0.3827,-0.9239,2.048,4.685,6.38,3.114,1.16
2018-08-24 18:45:00+0000,5,VALID,validation,2.177,825,55,13,4,False,-0.4423,-0.8969,0.866,2.048,5.956,2.712,1.636
2018-08-24 19:00:00+0000,5,VALID,validation,4.017,840,56,14,4,False,-0.5,-0.866,2.177,0.866,8.097,2.444,1.606
2018-08-24 19:15:00+0000,5,VALID,validation,2.282,855,57,14,4,False,-0.5556,-0.8315,4.017,2.177,2.427,2.277,1.301
2018-08-24 19:30:00+0000,5,VALID,validation,4.042,870,58,14,4,False,-0.6088,-0.7934,2.282,4.017,4.555,2.335,1.293
2018-08-24 19:45:00+0000,5,VALID,validation,3.079,885,59,14,4,False,-0.6593,-0.7518,4.042,2.282,1.704,3.13,1.04
2018-08-24 20:00:00+0000,5,VALID,validation,4.782,900,60,15,4,False,-0.7071,-0.7071,3.079,4.042,4.39,3.355,0.844
2018-08-24 20:15:00+0000,5,VALID,validation,1.419,915,61,15,4,False,-0.7518,-0.6593,4.782,3.079,2.197,3.546,1.094
2018-08-24 20:30:00+0000,5,VALID,validation,4.464,930,62,15,4,False,-0.7934,-0.6088,1.419,4.782,4.001,3.33,1.453
2018-08-24 20:45:00+0000,5,VALID,validation,1.054,945,63,15,4,False,-0.8315,-0.5556,4.464,1.419,1.122,3.436,1.535
2018-08-24 21:00:00+0000,5,VALID,validation,2.183,960,64,16,4,False,-0.866,-0.5,1.054,4.464,3.724,2.93,1.965
2018-08-24 21:15:00+0000,5,VALID,validation,5.034,975,65,16,4,False,-0.8969,-0.4423,2.183,1.054,2.295,2.28,1.53
2018-08-24 21:30:00+0000,5,VALID,validation,5.072,990,66,16,4,False,-0.9239,-0.3827,5.034,2.183,4.661,3.184,1.88
2018-08-24 21:45:00+0000,5,VALID,validation,5.172,1005,67,16,4,False,-0.9469,-0.3214,5.072,5.034,5.864,3.336,2.036
2018-08-24 22:00:00+0000,5,VALID,validation,5.182,1020,68,17,4,False,-0.9659,-0.2588,5.172,5.072,5.845,4.365,1.456
2018-08-24 22:15:00+0000,5,VALID,validation,5.399,1035,69,17,4,False,-0.9808,-0.1951,5.182,5.172,8.325,5.115,0.073
2018-08-24 22:30:00+0000,5,VALID,validation,6.856,1050,70,17,4,False,-0.9914,-0.1305,5.399,5.182,10.047,5.206,0.138
2018-08-24 22:45:00+0000,5,VALID,validation,8.407,1065,71,17,4,False,-0.9979,-0.0654,6.856,5.399,9.175,5.652,0.809
2018-08-24 23:00:00+0000,5,VALID,validation,5.361,1080,72,18,4,False,-1.0,-0.0,8.407,6.856,8.775,6.461,1.495
2018-08-24 23:15:00+0000,5,VALID,validation,5.794,1095,73,18,4,False,-0.9979,0.0654,5.361,8.407,8.898,6.506,1.446
2018-08-24 23:30:00+0000,5,VALID,validation,3.015,1110,74,18,4,False,-0.9914,0.1305,5.794,5.361,6.921,6.604,1.356
2018-08-24 23:45:00+0000,5,VALID,validation,5.95,1125,75,18,4,False,-0.9808,0.1951,3.015,5.794,3.4,5.644,2.21
2018-08-25 00:00:00+0000,5,VALID,holdout,7.024,1140,76,19,4,False,-0.9659,0.2588,5.95,3.015,5.808,5.03,1.366
2018-08-25 00:15:00+0000,5,VALID,holdout,4.318,1155,77,19,4,False,-0.9469,0.3214,7.024,5.95,5.73,5.446,1.71
2018-08-25 00:30:00+0000,5,VALID,holdout,3.892,1170,78,19,4,False,-0.9239,0.3827,4.318,7.024,5.731,5.077,1.768
2018-08-25 00:45:00+0000,5,VALID,holdout,7.363,1185,79,19,4,False,-0.8969,0.4423,3.892,4.318,5.985,5.296,1.454
2018-08-25 01:00:00+0000,5,VALID,holdout,7.134,1200,80,20,4,False,-0.866,0.5,7.363,3.892,6.259,5.649,1.797
2018-08-25 01:15:00+0000,5,VALID,holdout,5.816,1215,81,20,4,False,-0.8315,0.5556,7.134,7.363,5.98,5.677,1.826
2018-08-25 01:30:00+0000,5,VALID,holdout,3.97,1230,82,20,4,False,-0.7934,0.6088,5.816,7.134,6.274,6.051,1.593
2018-08-25 01:45:00+0000,5,VALID,holdout,5.278,1245,83,20,4,False,-0.7518,0.6593,3.97,5.816,6.466,6.071,1.558
2018-08-25 02:00:00+0000,5,VALID,holdout,3.785,1260,84,21,4,False,-0.7071,0.7071,5.278,3.97,3.461,5.55,1.31
2018-08-25 02:15:00+0000,5,VALID,holdout,3.542,1275,85,21,4,False,-0.6593,0.7518,3.785,5.278,5.249,4.712,0.991
2018-08-25 02:30:00+0000,5,VALID,holdout,3.251,1290,86,21,4,False,-0.6088,0.7934,3.542,3.785,3.307,4.144,0.776
2018-08-25 02:45:00+0000,5,VALID,holdout,1.697,1305,87,21,4,False,-0.5556,0.8315,3.251,3.542,2.141,3.964,0.903
2018-08-25 03:00:00+0000,5,VALID,holdout,2.877,1320,88,22,4,False,-0.5,0.866,1.697,3.251,3.518,3.069,0.94
2018-08-25 03:15:00+0000,5,VALID,holdout,4.012,1335,89,22,4,False,-0.4423,0.8969,2.877,1.697,5.273,2.842,0.81
2018-08-25 03:30:00+0000,5,VALID,holdout,1.402,1350,90,22,4,False,-0.3827,0.9239,4.012,2.877,2.777,2.959,0.965
2018-08-25 03:45:00+0000,5,VALID,holdout,4.366,1365,91,22,4,False,-0.3214,0.9469,1.402,4.012,1.49,2.497,1.194
2018-08-25 04:00:00+0000,5,VALID,holdout,1.287,1380,92,23,4,False,-0.2588,0.9659,4.366,1.402,1.473,3.164,1.336
2018-08-25 04:15:00+0000,5,VALID,holdout,1.216,1395,93,23,4,False,-0.1951,0.9808,1.287,4.366,4.593,2.767,1.649
2018-08-25 04:30:00+0000,5,VALID,holdout,1.88,1410,94,23,4,False,-0.1305,0.9914,1.216,1.287,1.384,2.068,1.534
2018-08-25 04:45:00+0000,5,VALID,holdout,4.958,1425,95,23,4,False,-0.0654,0.9979,1.88,1.216,2.855,2.187,1.483
2018-08-25 05:00:00+0000,5,VALID,holdout,4.96,0,0,0,5,True,0.0,1.0,4.958,1.88,4.835,2.335,1.774
2018-08-25 05:15:00+0000,5,VALID,holdout,4.755,15,1,0,5,True,0.0654,0.9979,4.96,4.958,4.871,3.254,1.988
2018-08-25 05:30:00+0000,5,VALID,holdout,1.399,30,2,0,5,True,0.1305,0.9914,4.755,4.96,4.742,4.138,1.509
2018-08-25 05:45:00+0000,5,VALID,holdout,3.988,45,3,0,5,True,0.1951,0.9808,1.399,4.755,3.904,4.018,1.749
2018-08-25 06:00:00+0000,5,VALID,holdout,0.918,60,4,1,5,True,0.2588,0.9659,3.988,1.399,0.994,3.775,1.639
2018-08-25 06:15:00+0000,5,VALID,holdout,2.54,75,5,1,5,True,0.3214,0.9469,0.918,3.988,0.897,2.765,1.891
2018-08-25 06:30:00+0000,5,VALID,holdout,2.711,90,6,1,5,True,0.3827,0.9239,2.54,0.918,0.824,2.211,1.366
2018-08-25 06:45:00+0000,5,VALID,holdout,0.942,105,7,1,5,True,0.4423,0.8969,2.711,2.54,3.232,2.539,1.259
2018-08-25 07:00:00+0000,5,VALID,holdout,2.619,120,8,2,5,True,0.5,0.866,0.942,2.711,4.32,1.778,0.981
2018-08-25 07:15:00+0000,5,VALID,holdout,1.968,135,9,2,5,True,0.5556,0.8315,2.619,0.942,0.895,2.203,0.844
2018-08-25 07:30:00+0000,5,VALID,holdout,0.824,150,10,2,5,True,0.6088,0.7934,1.968,2.619,0.882,2.06,0.815
2018-08-25 07:45:00+0000,5,VALID,holdout,2.414,165,11,2,5,True,0.6593,0.7518,0.824,1.968,3.071,1.588,0.858
2018-08-25 08:00:00+0000,5,VALID,holdout,3.748,180,12,3,5,True,0.7071,0.7071,2.414,0.824,1.89,1.956,0.802
2018-08-25 08:15:00+0000,5,VALID,holdout,0.879,195,13,3,5,True,0.7518,0.6593,3.748,2.414,0.766,2.238,1.209
2018-08-25 08:30:00+0000,5,VALID,holdout,0.88,210,14,3,5,True,0.7934,0.6088,0.879,3.748,0.928,1.966,1.398
2018-08-25 08:45:00+0000,5,VALID,holdout,2.016,225,15,3,5,True,0.8315,0.5556,0.88,0.879,2.316,1.98,1.383
2018-08-25 09:00:00+0000,5,VALID,holdout,3.01,240,16,4,5,True,0.866,0.5,2.016,0.88,2.718,1.881,1.355
2018-08-25 09:15:00+0000,5,VALID,holdout,0.845,255,17,4,5,True,0.8969,0.4423,3.01,2.016,0.877,1.696,1.027
2018-08-25 09:30:00+0000,5,VALID,holdout,0.754,270,18,4,5,True,0.9239,0.3827,0.845,3.01,0.811,1.688,1.036
2018-08-25 09:45:00+0000,5,VALID,holdout,2.476,285,19,4,5,True,0.9469,0.3214,0.754,0.845,0.833,1.656,1.07
2018-08-25 10:00:00+0000,5,VALID,holdout,2.701,300,20,5,5,True,0.9659,0.2588,2.476,0.754,0.734,1.771,1.144
2018-08-25 10:15:00+0000,5,VALID,holdout,0.844,315,21,5,5,True,0.9808,0.1951,2.701,2.476,3.725,1.694,1.038
2018-08-25 10:30:00+0000,5,VALID,holdout,0.856,330,22,5,5,True,0.9914,0.1305,0.844,2.701,2.878,1.694,1.038
2018-08-25 10:45:00+0000,5,VALID,holdout,0.908,345,23,5,5,True,0.9979,0.0654,0.856,0.844,0.885,1.719,1.008
2018-08-25 11:00:00+0000,5,VALID,holdout,1.003,360,24,6,5,True,1.0,0.0,0.908,0.856,1.44,1.327,0.916
2018-08-25 11:15:00+0000,5,VALID,holdout,2.99,375,25,6,5,True,0.9979,-0.0654,1.003,0.908,2.336,0.903,0.072
2018-08-25 11:30:00+0000,5,VALID,holdout,2.477,390,26,6,5,True,0.9914,-0.1305,2.99,1.003,5.962,1.439,1.036
2018-08-25 11:45:00+0000,5,VALID,holdout,1.018,405,27,6,5,True,0.9808,-0.1951,2.477,2.99,1.648,1.844,1.048
2018-08-25 12:00:00+0000,5,VALID,holdout,4.266,420,28,7,5,True,0.9659,-0.2588,1.018,2.477,3.27,1.872,1.017
2018-08-25 12:15:00+0000,5,VALID,holdout,1.808,435,29,7,5,True,0.9469,-0.3214,4.266,1.018,3.736,2.688,1.343
2018-08-25 12:30:00+0000,5,VALID,holdout,2.55,450,30,7,5,True,0.9239,-0.3827,1.808,4.266,0.725,2.392,1.384
2018-08-25 12:45:00+0000,5,VALID,holdout,1.824,465,31,7,5,True,0.8969,-0.4423,2.55,1.808,0.751,2.41,1.386
2018-08-25 13:00:00+0000,5,VALID,holdout,3.93,480,32,8,5,True,0.866,-0.5,1.824,2.55,0.782,2.612,1.156
2018-08-25 13:15:00+0000,5,VALID,holdout,2.441,495,33,8,5,True,0.8315,-0.5556,3.93,1.824,0.84,2.528,0.997
2018-08-25 13:30:00+0000,5,VALID,holdout,4.371,510,34,8,5,True,0.7934,-0.6088,2.441,3.93,1.606,2.686,0.889
2018-08-25 13:45:00+0000,5,VALID,holdout,4.975,525,35,8,5,True,0.7518,-0.6593,4.371,2.441,4.408,3.141,1.206
2018-08-25 14:00:00+0000,5,VALID,holdout,8.427,540,36,9,5,True,0.7071,-0.7071,4.975,4.371,1.47,3.929,1.081
2018-08-25 14:15:00+0000,5,VALID,holdout,6.116,555,37,9,5,True,0.6593,-0.7518,8.427,4.975,0.713,5.054,2.495
2018-08-25 14:30:00+0000,5,VALID,holdout,1.535,570,38,9,5,True,0.6088,-0.7934,6.116,8.427,0.745,5.972,1.789
2018-08-25 14:45:00+0000,5,VALID,holdout,1.256,585,39,9,5,True,0.5556,-0.8315,1.535,6.116,0.818,5.263,2.871
2018-08-25 15:00:00+0000,5,VALID,holdout,5.988,600,40,10,5,True,0.5,-0.866,1.256,1.535,1.636,4.334,3.523
2018-08-25 15:15:00+0000,5,VALID,holdout,7.692,615,41,10,5,True,0.4423,-0.8969,5.988,1.256,3.993,3.724,2.691
2018-08-25 15:30:00+0000,5,VALID,holdout,4.523,630,42,10,5,True,0.3827,-0.9239,7.692,5.988,1.388,4.118,3.221
2018-08-25 15:45:00+0000,5,VALID,holdout,4.724,645,43,10,5,True,0.3214,-0.9469,4.523,7.692,0.928,4.865,2.732
2018-08-25 16:00:00+0000,5,VALID,holdout,1.653,660,44,11,5,True,0.2588,-0.9659,4.724,4.523,1.627,5.732,1.459
2018-08-25 16:15:00+0000,5,VALID,holdout,0.925,675,45,11,5,True,0.1951,-0.9808,1.653,4.724,4.476,4.648,2.467
2018-08-25 16:30:00+0000,5,VALID,holdout,0.954,690,46,11,5,True,0.1305,-0.9914,0.925,1.653,1.908,2.956,1.95
2018-08-25 16:45:00+0000,5,VALID,holdout,0.954,705,47,11,5,True,0.0654,-0.9979,0.954,0.925,0.845,2.064,1.805
2018-08-25 17:00:00+0000,5,VALID,holdout,0.846,720,48,12,5,True,0.0,-1.0,0.954,0.954,0.98,1.122,0.355
2018-08-25 17:15:00+0000,5,VALID,holdout,1.448,735,49,12,5,True,-0.0654,-0.9979,0.846,0.954,3.11,0.92,0.051
2018-08-25 17:30:00+0000,5,VALID,holdout,4.731,750,50,12,5,True,-0.1305,-0.9914,1.448,0.846,2.472,1.05,0.27
2018-08-25 17:45:00+0000,5,VALID,holdout,4.739,765,51,12,5,True,-0.1951,-0.9808,4.731,1.448,3.251,1.995,1.843
2018-08-25 18:00:00+0000,5,VALID,holdout,4.751,780,52,13,5,True,-0.2588,-0.9659,4.739,4.731,4.685,2.941,2.086
2018-08-25 18:15:00+0000,5,VALID,holdout,1.884,795,53,13,5,True,-0.3214,-0.9469,4.751,4.739,2.048,3.917,1.646
2018-08-25 18:30:00+0000,5,VALID,holdout,0.938,810,54,13,5,True,-0.3827,-0.9239,1.884,4.751,0.866,4.026,1.428
2018-08-25 18:45:00+0000,5,VALID,holdout,2.761,825,55,13,5,True,-0.4423,-0.8969,0.938,1.884,2.177,3.078,1.963
2018-08-25 19:00:00+0000,5,VALID,holdout,3.13,840,56,14,5,True,-0.5,-0.866,2.761,0.938,4.017,2.584,1.625
2018-08-25 19:15:00+0000,5,VALID,holdout,1.024,855,57,14,5,True,-0.5556,-0.8315,3.13,2.761,2.282,2.178,0.978
2018-08-25 19:30:00+0000,5,VALID,holdout,2.171,870,58,14,5,True,-0.6088,-0.7934,1.024,3.13,4.042,1.963,1.145
2018-08-25 19:45:00+0000,5,VALID,holdout,4.871,885,59,14,5,True,-0.6593,-0.7518,2.171,1.024,3.079,2.272,0.921
2018-08-25 20:00:00+0000,5,VALID,holdout,2.604,900,60,15,5,True,-0.7071,-0.7071,4.871,2.171,4.782,2.799,1.628
2018-08-25 20:15:00+0000,5,VALID,holdout,1.251,915,61,15,5,True,-0.7518,-0.6593,2.604,4.871,1.419,2.668,1.613
2018-08-25 20:30:00+0000,5,VALID,holdout,4.196,930,62,15,5,True,-0.7934,-0.6088,1.251,2.604,4.464,2.724,1.538
2018-08-25 20:45:00+0000,5,VALID,holdout,4.955,945,63,15,5,True,-0.8315,-0.5556,4.196,1.251,1.054,3.23,1.626
2018-08-25 21:00:00+0000,5,VALID,holdout,5.163,960,64,16,5,True,-0.866,-0.5,4.955,4.196,2.183,3.252,1.655
2018-08-25 21:15:00+0000,5,VALID,holdout,5.301,975,65,16,5,True,-0.8969,-0.4423,5.163,4.955,5.034,3.891,1.809
2018-08-25 21:30:00+0000,5,VALID,holdout,5.359,990,66,16,5,True,-0.9239,-0.3827,5.301,5.163,5.072,4.904,0.493
2018-08-25 21:45:00+0000,5,VALID,holdout,5.15,1005,67,16,5,True,-0.9469,-0.3214,5.359,5.301,5.172,5.194,0.18
2018-08-25 22:00:00+0000,5,VALID,holdout,5.244,1020,68,17,5,True,-0.9659,-0.2588,5.15,5.359,5.182,5.243,0.103
2018-08-25 22:15:00+0000,5,VALID,holdout,5.182,1035,69,17,5,True,-0.9808,-0.1951,5.244,5.15,5.399,5.264,0.089
2018-08-25 22:30:00+0000,5,VALID,holdout,1.679,1050,70,17,5,True,-0.9914,-0.1305,5.182,5.244,6.856,5.234,0.092
2018-08-25 22:45:00+0000,5,VALID,holdout,5.382,1065,71,17,5,True,-0.9979,-0.0654,1.679,5.182,8.407,4.314,1.757
2018-08-25 23:00:00+0000,5,VALID,holdout,5.676,1080,72,18,5,True,-1.0,-0.0,5.382,1.679,5.361,4.372,1.797
2018-08-25 23:15:00+0000,5,VALID,holdout,5.748,1095,73,18,5,True,-0.9979,0.0654,5.676,5.382,5.794,4.48,1.878
2018-08-25 23:30:00+0000,5,VALID,holdout,4.686,1110,74,18,5,True,-0.9914,0.1305,5.748,5.676,3.015,4.621,1.968
2018-08-25 23:45:00+0000,5,VALID,holdout,3.428,1125,75,18,5,True,-0.9808,0.1951,4.686,5.748,5.95,5.373,0.485
2018-08-26 00:00:00+0000,5,MISSING,holdout,,1140,76,19,5,True,-0.9659,0.2588,3.428,4.686,7.024,4.884,1.085
2018-08-23 00:00:00+0000,6,VALID,train,4.723,1140,76,19,2,False,-0.9659,0.2588,,,,,
2018-08-23 00:15:00+0000,6,VALID,train,4.041,1155,77,19,2,False,-0.9469,0.3214,4.723,,,,
2018-08-23 00:30:00+0000,6,VALID,train,3.827,1170,78,19,2,False,-0.9239,0.3827,4.041,4.723,,,
2018-08-23 00:45:00+0000,6,VALID,train,3.912,1185,79,19,2,False,-0.8969,0.4423,3.827,4.041,,,
2018-08-23 01:00:00+0000,6,VALID,train,3.932,1200,80,20,2,False,-0.866,0.5,3.912,3.827,,4.126,0.408
2018-08-23 01:15:00+0000,6,VALID,train,4.12,1215,81,20,2,False,-0.8315,0.5556,3.932,3.912,,3.928,0.088
2018-08-23 01:30:00+0000,6,VALID,train,4.234,1230,82,20,2,False,-0.7934,0.6088,4.12,3.932,,3.948,0.124
2018-08-23 01:45:00+0000,6,VALID,train,4.428,1245,83,20,2,False,-0.7518,0.6593,4.234,4.12,,4.05,0.155
2018-08-23 02:00:00+0000,6,VALID,train,4.274,1260,84,21,2,False,-0.7071,0.7071,4.428,4.234,,4.178,0.208
2018-08-23 02:15:00+0000,6,VALID,train,4.345,1275,85,21,2,False,-0.6593,0.7518,4.274,4.428,,4.264,0.127
2018-08-23 02:30:00+0000,6,VALID,train,3.834,1290,86,21,2,False,-0.6088,0.7934,4.345,4.274,,4.32,0.085
2018-08-23 02:45:00+0000,6,VALID,train,3.646,1305,87,21,2,False,-0.5556,0.8315,3.834,4.345,,4.22,0.265
2018-08-23 03:00:00+0000,6,VALID,train,3.548,1320,88,22,2,False,-0.5,0.866,3.646,3.834,,4.025,0.339
2018-08-23 03:15:00+0000,6,VALID,train,3.504,1335,89,22,2,False,-0.4423,0.8969,3.548,3.646,,3.843,0.355
2018-08-23 03:30:00+0000,6,VALID,train,3.488,1350,90,22,2,False,-0.3827,0.9239,3.504,3.548,,3.633,0.147
2018-08-23 03:45:00+0000,6,VALID,train,1.002,1365,91,22,2,False,-0.3214,0.9469,3.488,3.504,,3.546,0.071
2018-08-23 04:00:00+0000,6,VALID,train,0.549,1380,92,23,2,False,-0.2588,0.9659,1.002,3.488,,2.886,1.256
2018-08-23 04:15:00+0000,6,VALID,train,0.831,1395,93,23,2,False,-0.1951,0.9808,0.549,1.002,,2.136,1.582
2018-08-23 04:30:00+0000,6,VALID,train,0.679,1410,94,23,2,False,-0.1305,0.9914,0.831,0.549,,1.468,1.36
2018-08-23 04:45:00+0000,6,VALID,train,0.848,1425,95,23,2,False,-0.0654,0.9979,0.679,0.831,,0.765,0.195
2018-08-23 05:00:00+0000,6,VALID,train,1.012,0,0,0,3,False,0.0,1.0,0.848,0.679,,0.727,0.141
2018-08-23 05:15:00+0000,6,VALID,train,3.532,15,1,0,3,False,0.0654,0.9979,1.012,0.848,,0.842,0.136
2018-08-23 05:30:00+0000,6,VALID,train,3.368,30,2,0,3,False,0.1305,0.9914,3.532,1.012,,1.518,1.35
2018-08-23 05:45:00+0000,6,VALID,train,3.356,45,3,0,3,False,0.1951,0.9808,3.368,3.532,,2.19,1.458
2018-08-23 06:00:00+0000,6,VALID,train,1.942,60,4,1,3,False,0.2588,0.9659,3.356,3.368,,2.817,1.206
2018-08-23 06:15:00+0000,6,VALID,train,3.25,75,5,1,3,False,0.3214,0.9469,1.942,3.356,,3.049,0.743
2018-08-23 06:30:00+0000,6,VALID,train,2.166,90,6,1,3,False,0.3827,0.9239,3.25,1.942,,2.979,0.693
2018-08-23 06:45:00+0000,6,VALID,train,3.29,105,7,1,3,False,0.4423,0.8969,2.166,3.25,,2.678,0.728
2018-08-23 07:00:00+0000,6,VALID,train,1.73,120,8,2,3,False,0.5,0.866,3.29,2.166,,2.662,0.708
2018-08-23 07:15:00+0000,6,VALID,train,3.281,135,9,2,3,False,0.5556,0.8315,1.73,3.29,,2.609,0.784
2018-08-23 07:30:00+0000,6,VALID,train,1.538,150,10,2,3,False,0.6088,0.7934,3.281,1.73,,2.617,0.792
2018-08-23 07:45:00+0000,6,VALID,train,2.44,165,11,2,3,False,0.6593,0.7518,1.538,3.281,,2.46,0.957
2018-08-23 08:00:00+0000,6,VALID,train,2.686,180,12,3,3,False,0.7071,0.7071,2.44,1.538,,2.247,0.791
2018-08-23 08:15:00+0000,6,VALID,train,1.87,195,13,3,3,False,0.7518,0.6593,2.686,2.44,,2.486,0.724
2018-08-23 08:30:00+0000,6,VALID,train,1.943,210,14,3,3,False,0.7934,0.6088,1.87,2.686,,2.134,0.524
2018-08-23 08:45:00+0000,6,VALID,train,2.636,225,15,3,3,False,0.8315,0.5556,1.943,1.87,,2.235,0.393
2018-08-23 09:00:00+0000,6,VALID,train,1.297,240,16,4,3,False,0.866,0.5,2.636,1.943,,2.284,0.437
2018-08-23 09:15:00+0000,6,VALID,train,1.789,255,17,4,3,False,0.8969,0.4423,1.297,2.636,,1.937,0.549
2018-08-23 09:30:00+0000,6,VALID,train,2.489,270,18,4,3,False,0.9239,0.3827,1.789,1.297,,1.916,0.553
2018-08-23 09:45:00+0000,6,VALID,train,1.228,285,19,4,3,False,0.9469,0.3214,2.489,1.789,,2.053,0.625
2018-08-23 10:00:00+0000,6,VALID,train,1.935,300,20,5,3,False,0.9659,0.2588,1.228,2.489,,1.701,0.582
2018-08-23 10:15:00+0000,6,VALID,train,0.647,315,21,5,3,False,0.9808,0.1951,1.935,1.228,,1.86,0.518
2018-08-23 10:30:00+0000,6,VALID,train,0.762,330,22,5,3,False,0.9914,0.1305,0.647,1.935,,1.575,0.806
2018-08-23 10:45:00+0000,6,VALID,train,0.785,345,23,5,3,False,0.9979,0.0654,0.762,0.647,,1.143,0.585
2018-08-23 11:00:00+0000,6,VALID,train,1.719,360,24,6,3,False,1.0,0.0,0.785,0.762,,1.032,0.605
2018-08-23 11:15:00+0000,6,VALID,train,1.913,375,25,6,3,False,0.9979,-0.0654,1.719,0.785,,0.978,0.498
2018-08-23 11:30:00+0000,6,VALID,train,2.313,390,26,6,3,False,0.9914,-0.1305,1.913,1.719,,1.295,0.607
2018-08-23 11:45:00+0000,6,VALID,train,1.635,405,27,6,3,False,0.9808,-0.1951,2.313,1.913,,1.683,0.647
2018-08-23 12:00:00+0000,6,VALID,train,2.674,420,28,7,3,False,0.9659,-0.2588,1.635,2.313,,1.895,0.302
2018-08-23 12:15:00+0000,6,VALID,train,2.602,435,29,7,3,False,0.9469,-0.3214,2.674,1.635,,2.134,0.455
2018-08-23 12:30:00+0000,6,VALID,train,2.602,450,30,7,3,False,0.9239,-0.3827,2.602,2.674,,2.306,0.474
2018-08-23 12:45:00+0000,6,VALID,train,1.836,465,31,7,3,False,0.8969,-0.4423,2.602,2.602,,2.378,0.497
2018-08-23 13:00:00+0000,6,VALID,train,1.051,480,32,8,3,False,0.866,-0.5,1.836,2.602,,2.428,0.396
2018-08-23 13:15:00+0000,6,VALID,train,1.55,495,33,8,3,False,0.8315,-0.5556,1.051,1.836,,2.023,0.742
2018-08-23 13:30:00+0000,6,VALID,train,1.475,510,34,8,3,False,0.7934,-0.6088,1.55,1.051,,1.76,0.648
2018-08-23 13:45:00+0000,6,VALID,train,1.576,525,35,8,3,False,0.7518,-0.6593,1.475,1.55,,1.478,0.324
2018-08-23 14:00:00+0000,6,VALID,train,1.584,540,36,9,3,False,0.7071,-0.7071,1.576,1.475,,1.413,0.245
2018-08-23 14:15:00+0000,6,VALID,train,2.377,555,37,9,3,False,0.6593,-0.7518,1.584,1.576,,1.546,0.05
2018-08-23 14:30:00+0000,6,VALID,train,1.865,570,38,9,3,False,0.6088,-0.7934,2.377,1.584,,1.753,0.419
2018-08-23 14:45:00+0000,6,VALID,train,1.015,585,39,9,3,False,0.5556,-0.8315,1.865,2.377,,1.851,0.376
2018-08-23 15:00:00+0000,6,VALID,train,2.243,600,40,10,3,False,0.5,-0.866,1.015,1.865,,1.71,0.568
2018-08-23 15:15:00+0000,6,VALID,train,1.034,615,41,10,3,False,0.4423,-0.8969,2.243,1.015,,1.875,0.613
2018-08-23 15:30:00+0000,6,VALID,train,0.629,630,42,10,3,False,0.3827,-0.9239,1.034,2.243,,1.539,0.614
2018-08-23 15:45:00+0000,6,VALID,train,0.555,645,43,10,3,False,0.3214,-0.9469,0.629,1.034,,1.23,0.7
2018-08-23 16:00:00+0000,6,VALID,train,0.638,660,44,11,3,False,0.2588,-0.9659,0.555,0.629,,1.115,0.781
2018-08-23 16:15:00+0000,6,VALID,train,0.629,675,45,11,3,False,0.1951,-0.9808,0.638,0.555,,0.714,0.217
2018-08-23 16:30:00+0000,6,VALID,train,1.824,690,46,11,3,False,0.1305,-0.9914,0.629,0.638,,0.613,0.039
2018-08-23 16:45:00+0000,6,VALID,train,0.482,705,47,11,3,False,0.0654,-0.9979,1.824,0.629,,0.912,0.609
2018-08-23 17:00:00+0000,6,VALID,train,0.663,720,48,12,3,False,0.0,-1.0,0.482,1.824,,0.893,0.625
2018-08-23 17:15:00+0000,6,VALID,train,1.214,735,49,12,3,False,-0.0654,-0.9979,0.663,0.482,,0.9,0.621
2018-08-23 17:30:00+0000,6,VALID,train,1.265,750,50,12,3,False,-0.1305,-0.9914,1.214,0.663,,1.046,0.605
2018-08-23 17:45:00+0000,6,VALID,train,0.919,765,51,12,3,False,-0.1951,-0.9808,1.265,1.214,,0.906,0.393
2018-08-23 18:00:00+0000,6,VALID,train,1.655,780,52,13,3,False,-0.2588,-0.9659,0.919,1.265,,1.015,0.28
2018-08-23 18:15:00+0000,6,VALID,train,1.003,795,53,13,3,False,-0.3214,-0.9469,1.655,0.919,,1.263,0.302
2018-08-23 18:30:00+0000,6,VALID,train,1.53,810,54,13,3,False,-0.3827,-0.9239,1.003,1.655,,1.211,0.331
2018-08-23 18:45:00+0000,6,VALID,train,1.58,825,55,13,3,False,-0.4423,-0.8969,1.53,1.003,,1.277,0.37
2018-08-23 19:00:00+0000,6,VALID,train,0.971,840,56,14,3,False,-0.5,-0.866,1.58,1.53,,1.442,0.297
2018-08-23 19:15:00+0000,6,VALID,train,2.0,855,57,14,3,False,-0.5556,-0.8315,0.971,1.58,,1.271,0.329
2018-08-23 19:30:00+0000,6,VALID,train,0.742,870,58,14,3,False,-0.6088,-0.7934,2.0,0.971,,1.52,0.422
2018-08-23 19:45:00+0000,6,VALID,train,2.608,885,59,14,3,False,-0.6593,-0.7518,0.742,2.0,,1.323,0.573
2018-08-23 20:00:00+0000,6,VALID,train,2.558,900,60,15,3,False,-0.7071,-0.7071,2.608,0.742,,1.58,0.877
2018-08-23 20:15:00+0000,6,VALID,train,1.803,915,61,15,3,False,-0.7518,-0.6593,2.558,2.608,,1.977,0.868
2018-08-23 20:30:00+0000,6,VALID,train,3.886,930,62,15,3,False,-0.7934,-0.6088,1.803,2.558,,1.928,0.872
2018-08-23 20:45:00+0000,6,VALID,train,1.73,945,63,15,3,False,-0.8315,-0.5556,3.886,1.803,,2.714,0.864
2018-08-23 21:00:00+0000,6,VALID,train,4.057,960,64,16,3,False,-0.866,-0.5,1.73,3.886,,2.494,1.0
2018-08-23 21:15:00+0000,6,VALID,train,3.97,975,65,16,3,False,-0.8969,-0.4423,4.057,1.73,,2.869,1.275
2018-08-23 21:30:00+0000,6,VALID,train,3.862,990,66,16,3,False,-0.9239,-0.3827,3.97,4.057,,3.411,1.123
2018-08-23 21:45:00+0000,6,VALID,train,4.382,1005,67,16,3,False,-0.9469,-0.3214,3.862,3.97,,3.405,1.119
2018-08-23 22:00:00+0000,6,VALID,train,4.662,1020,68,17,3,False,-0.9659,-0.2588,4.382,3.862,,4.068,0.224
2018-08-23 22:15:00+0000,6,VALID,train,4.86,1035,69,17,3,False,-0.9808,-0.1951,4.662,4.382,,4.219,0.371
2018-08-23 22:30:00+0000,6,VALID,train,3.82,1050,70,17,3,False,-0.9914,-0.1305,4.86,4.662,,4.442,0.433
2018-08-23 22:45:00+0000,6,VALID,train,4.843,1065,71,17,3,False,-0.9979,-0.0654,3.82,4.86,,4.431,0.452
2018-08-23 23:00:00+0000,6,VALID,train,4.173,1080,72,18,3,False,-1.0,-0.0,4.843,3.82,,4.546,0.492
2018-08-23 23:15:00+0000,6,VALID,train,3.967,1095,73,18,3,False,-0.9979,0.0654,4.173,4.843,,4.424,0.514
2018-08-23 23:30:00+0000,6,VALID,train,3.826,1110,74,18,3,False,-0.9914,0.1305,3.967,4.173,,4.201,0.452
2018-08-23 23:45:00+0000,6,VALID,train,3.824,1125,75,18,3,False,-0.9808,0.1951,3.826,3.967,,4.202,0.45
2018-08-24 00:00:00+0000,6,VALID,validation,3.979,1140,76,19,3,False,-0.9659,0.2588,3.824,3.826,4.723,3.948,0.165
2018-08-24 00:15:00+0000,6,VALID,validation,3.621,1155,77,19,3,False,-0.9469,0.3214,3.979,3.824,4.041,3.899,0.086
2018-08-24 00:30:00+0000,6,VALID,validation,3.596,1170,78,19,3,False,-0.9239,0.3827,3.621,3.979,3.827,3.812,0.147
2018-08-24 00:45:00+0000,6,VALID,validation,2.522,1185,79,19,3,False,-0.8969,0.4423,3.596,3.621,3.912,3.755,0.181
2018-08-24 01:00:00+0000,6,VALID,validation,3.686,1200,80,20,3,False,-0.866,0.5,2.522,3.596,3.932,3.43,0.63
2018-08-24 01:15:00+0000,6,VALID,validation,2.659,1215,81,20,3,False,-0.8315,0.5556,3.686,2.522,4.12,3.356,0.557
2018-08-24 01:30:00+0000,6,VALID,validation,4.089,1230,82,20,3,False,-0.7934,0.6088,2.659,3.686,4.234,3.116,0.61
2018-08-24 01:45:00+0000,6,VALID,validation,3.959,1245,83,20,3,False,-0.7518,0.6593,4.089,2.659,4.428,3.239,0.769
2018-08-24 02:00:00+0000,6,VALID,validation,2.756,1260,84,21,3,False,-0.7071,0.7071,3.959,4.089,4.274,3.598,0.648
2018-08-24 02:15:00+0000,6,VALID,validation,3.924,1275,85,21,3,False,-0.6593,0.7518,2.756,3.959,4.345,3.366,0.763
2018-08-24 02:30:00+0000,6,VALID,validation,2.809,1290,86,21,3,False,-0.6088,0.7934,3.924,2.756,3.834,3.682,0.621
2018-08-24 02:45:00+0000,6,VALID,validation,4.07,1305,87,21,3,False,-0.5556,0.8315,2.809,3.924,3.646,3.362,0.67
2018-08-24 03:00:00+0000,6,VALID,validation,2.64,1320,88,22,3,False,-0.5,0.866,4.07,2.809,3.548,3.39,0.704
2018-08-24 03:15:00+0000,6,VALID,validation,2.971,1335,89,22,3,False,-0.4423,0.8969,2.64,4.07,3.504,3.361,0.74
2018-08-24 03:30:00+0000,6,VALID,validation,3.432,1350,90,22,3,False,-0.3827,0.9239,2.971,2.64,3.488,3.123,0.646
2018-08-24 03:45:00+0000,6,VALID,validation,2.16,1365,91,22,3,False,-0.3214,0.9469,3.432,2.971,1.002,3.278,0.62
2018-08-24 04:00:00+0000,6,VALID,validation,2.628,1380,92,23,3,False,-0.2588,0.9659,2.16,3.432,0.549,2.801,0.537
2018-08-24 04:15:00+0000,6,VALID,validation,3.17,1395,93,23,3,False,-0.1951,0.9808,2.628,2.16,0.831,2.798,0.538
2018-08-24 04:30:00+0000,6,VALID,validation,1.892,1410,94,23,3,False,-0.1305,0.9914,3.17,2.628,0.679,2.848,0.568
2018-08-24 04:45:00+0000,6,VALID,validation,1.873,1425,95,23,3,False,-0.0654,0.9979,1.892,3.17,0.848,2.462,0.561
2018-08-24 05:00:00+0000,6,VALID,validation,2.814,0,0,0,4,False,0.0,1.0,1.873,1.892,1.012,2.391,0.627
2018-08-24 05:15:00+0000,6,VALID,validation,2.3,15,1,0,4,False,0.0654,0.9979,2.814,1.873,3.532,2.437,0.657
2018-08-24 05:30:00+0000,6,VALID,validation,3.381,30,2,0,4,False,0.1305,0.9914,2.3,2.814,3.368,2.22,0.442
2018-08-24 05:45:00+0000,6,VALID,validation,2.062,45,3,0,4,False,0.1951,0.9808,3.381,2.3,3.356,2.592,0.652
2018-08-24 06:00:00+0000,6,VALID,validation,3.23,60,4,1,4,False,0.2588,0.9659,2.062,3.381,1.942,2.639,0.586
2018-08-24 06:15:00+0000,6,VALID,validation,1.676,75,5,1,4,False,0.3214,0.9469,3.23,2.062,3.25,2.743,0.659
2018-08-24 06:30:00+0000,6,VALID,validation,2.209,90,6,1,4,False,0.3827,0.9239,1.676,3.23,2.166,2.587,0.846
2018-08-24 06:45:00+0000,6,VALID,validation,2.678,105,7,1,4,False,0.4423,0.8969,2.209,1.676,3.29,2.294,0.663
2018-08-24 07:00:00+0000,6,VALID,validation,1.637,120,8,2,4,False,0.5,0.866,2.678,2.209,1.73,2.448,0.663
2018-08-24 07:15:00+0000,6,VALID,validation,1.467,135,9,2,4,False,0.5556,0.8315,1.637,2.678,3.281,2.05,0.493
2018-08-24 07:30:00+0000,6,VALID,validation,2.283,150,10,2,4,False,0.6088,0.7934,1.467,1.637,1.538,1.998,0.554
2018-08-24 07:45:00+0000,6,VALID,validation,2.06,165,11,2,4,False,0.6593,0.7518,2.283,1.467,2.44,2.016,0.564
2018-08-24 08:00:00+0000,6,VALID,validation,1.09,180,12,3,4,False,0.7071,0.7071,2.06,2.283,2.686,1.862,0.376
2018-08-24 08:15:00+0000,6,VALID,validation,1.278,195,13,3,4,False,0.7518,0.6593,1.09,2.06,1.87,1.725,0.546
2018-08-24 08:30:00+0000,6,VALID,validation,1.966,210,14,3,4,False,0.7934,0.6088,1.278,1.09,1.943,1.678,0.582
2018-08-24 08:45:00+0000,6,VALID,validation,1.464,225,15,3,4,False,0.8315,0.5556,1.966,1.278,2.636,1.598,0.486
2018-08-24 09:00:00+0000,6,VALID,validation,1.205,240,16,4,4,False,0.866,0.5,1.464,1.966,1.297,1.45,0.377
2018-08-24 09:15:00+0000,6,VALID,validation,2.187,255,17,4,4,False,0.8969,0.4423,1.205,1.464,1.789,1.478,0.343
2018-08-24 09:30:00+0000,6,VALID,validation,1.172,270,18,4,4,False,0.9239,0.3827,2.187,1.205,2.489,1.705,0.45
2018-08-24 09:45:00+0000,6,VALID,validation,1.106,285,19,4,4,False,0.9469,0.3214,1.172,2.187,1.228,1.507,0.472
2018-08-24 10:00:00+0000,6,VALID,validation,2.074,300,20,5,4,False,0.9659,0.2588,1.106,1.172,1.935,1.418,0.515
2018-08-24 10:15:00+0000,6,VALID,validation,1.199,315,21,5,4,False,0.9808,0.1951,2.074,1.106,0.647,1.635,0.575
2018-08-24 10:30:00+0000,6,VALID,validation,1.513,330,22,5,4,False,0.9914,0.1305,1.199,2.074,0.762,1.388,0.459
2018-08-24 10:45:00+0000,6,VALID,validation,2.063,345,23,5,4,False,0.9979,0.0654,1.513,1.199,0.785,1.473,0.437
2018-08-24 11:00:00+0000,6,VALID,validation,1.135,360,24,6,4,False,1.0,0.0,2.063,1.513,1.719,1.712,0.431
2018-08-24 11:15:00+0000,6,VALID,validation,1.319,375,25,6,4,False,0.9979,-0.0654,1.135,2.063,1.913,1.478,0.424
2018-08-24 11:30:00+0000,6,VALID,validation,1.936,390,26,6,4,False,0.9914,-0.1305,1.319,1.135,2.313,1.508,0.401
2018-08-24 11:45:00+0000,6,VALID,validation,1.606,405,27,6,4,False,0.9808,-0.1951,1.936,1.319,1.635,1.613,0.455
2018-08-24 12:00:00+0000,6,VALID,validation,0.834,420,28,7,4,False,0.9659,-0.2588,1.606,1.936,2.674,1.499,0.35
2018-08-24 12:15:00+0000,6,VALID,validation,1.935,435,29,7,4,False,0.9469,-0.3214,0.834,1.606,2.602,1.424,0.467
2018-08-24 12:30:00+0000,6,VALID,validation,1.766,450,30,7,4,False,0.9239,-0.3827,1.935,0.834,2.602,1.578,0.52
2018-08-24 12:45:00+0000,6,VALID,validation,0.809,465,31,7,4,False,0.8969,-0.4423,1.766,1.935,1.836,1.535,0.486
2018-08-24 13:00:00+0000,6,VALID,validation,1.482,480,32,8,4,False,0.866,-0.5,0.809,1.766,1.051,1.336,0.598
2018-08-24 13:15:00+0000,6,VALID,validation,1.861,495,33,8,4,False,0.8315,-0.5556,1.482,0.809,1.55,1.498,0.496
2018-08-24 13:30:00+0000,6,VALID,validation,0.39,510,34,8,4,False,0.7934,-0.6088,1.861,1.482,1.475,1.48,0.475
2018-08-24 13:45:00+0000,6,VALID,validation,0.659,525,35,8,4,False,0.7518,-0.6593,0.39,1.861,1.576,1.136,0.661
2018-08-24 14:00:00+0000,6,VALID,validation,0.706,540,36,9,4,False,0.7071,-0.7071,0.659,0.39,1.584,1.098,0.689
2018-08-24 14:15:00+0000,6,VALID,validation,0.734,555,37,9,4,False,0.6593,-0.7518,0.706,0.659,2.377,0.904,0.653
2018-08-24 14:30:00+0000,6,VALID,validation,1.263,570,38,9,4,False,0.6088,-0.7934,0.734,0.706,1.865,0.622,0.158
2018-08-24 14:45:00+0000,6,VALID,validation,1.479,585,39,9,4,False,0.5556,-0.8315,1.263,0.734,1.015,0.84,0.283
2018-08-24 15:00:00+0000,6,VALID,validation,1.8,600,40,10,4,False,0.5,-0.866,1.479,1.263,2.243,1.046,0.386
2018-08-24 15:15:00+0000,6,VALID,validation,1.852,615,41,10,4,False,0.4423,-0.8969,1.8,1.479,1.034,1.319,0.448
2018-08-24 15:30:00+0000,6,VALID,validation,2.391,630,42,10,4,False,0.3827,-0.9239,1.852,1.8,0.629,1.598,0.278
2018-08-24 15:45:00+0000,6,VALID,validation,2.021,645,43,10,4,False,0.3214,-0.9469,2.391,1.852,0.555,1.88,0.378
2018-08-24 16:00:00+0000,6,VALID,validation,1.3,660,44,11,4,False,0.2588,-0.9659,2.021,2.391,0.638,2.016,0.267
2018-08-24 16:15:00+0000,6,VALID,validation,2.534,675,45,11,4,False,0.1951,-0.9808,1.3,2.021,0.629,1.891,0.454
2018-08-24 16:30:00+0000,6,VALID,validation,0.801,690,46,11,4,False,0.1305,-0.9914,2.534,1.3,1.824,2.061,0.552
2018-08-24 16:45:00+0000,6,VALID,validation,2.078,705,47,11,4,False,0.0654,-0.9979,0.801,2.534,0.482,1.664,0.766
2018-08-24 17:00:00+0000,6,VALID,validation,0.813,720,48,12,4,False,0.0,-1.0,2.078,0.801,0.663,1.678,0.776
2018-08-24 17:15:00+0000,6,VALID,validation,1.816,735,49,12,4,False,-0.0654,-0.9979,0.813,2.078,1.214,1.556,0.885
2018-08-24 17:30:00+0000,6,VALID,validation,0.584,750,50,12,4,False,-0.1305,-0.9914,1.816,0.813,1.265,1.377,0.667
2018-08-24 17:45:00+0000,6,VALID,validation,1.984,765,51,12,4,False,-0.1951,-0.9808,0.584,1.816,0.919,1.323,0.735
2018-08-24 18:00:00+0000,6,VALID,validation,2.087,780,52,13,4,False,-0.2588,-0.9659,1.984,0.584,1.655,1.299,0.703
2018-08-24 18:15:00+0000,6,VALID,validation,2.488,795,53,13,4,False,-0.3214,-0.9469,2.087,1.984,1.003,1.618,0.698
2018-08-24 18:30:00+0000,6,VALID,validation,3.944,810,54,13,4,False,-0.3827,-0.9239,2.488,2.087,1.53,1.786,0.83
2018-08-24 18:45:00+0000,6,VALID,validation,4.814,825,55,13,4,False,-0.4423,-0.8969,3.944,2.488,1.58,2.626,0.905
2018-08-24 19:00:00+0000,6,VALID,validation,4.898,840,56,14,4,False,-0.5,-0.866,4.814,3.944,0.971,3.333,1.269
2018-08-24 19:15:00+0000,6,VALID,validation,4.051,855,57,14,4,False,-0.5556,-0.8315,4.898,4.814,2.0,4.036,1.118
2018-08-24 19:30:00+0000,6,VALID,validation,4.355,870,58,14,4,False,-0.6088,-0.7934,4.051,4.898,0.742,4.427,0.499
2018-08-24 19:45:00+0000,6,VALID,validation,3.833,885,59,14,4,False,-0.6593,-0.7518,4.355,4.051,2.608,4.53,0.398
2018-08-24 20:00:00+0000,6,VALID,validation,4.32,900,60,15,4,False,-0.7071,-0.7071,3.833,4.355,2.558,4.284,0.462
2018-08-24 20:15:00+0000,6,VALID,validation,3.851,915,61,15,4,False,-0.7518,-0.6593,4.32,3.833,1.803,4.14,0.245
2018-08-24 20:30:00+0000,6,VALID,validation,4.136,930,62,15,4,False,-0.7934,-0.6088,3.851,4.32,3.886,4.09,0.287
2018-08-24 20:45:00+0000,6,VALID,validation,3.368,945,63,15,4,False,-0.8315,-0.5556,4.136,3.851,1.73,4.035,0.235
2018-08-24 21:00:00+0000,6,VALID,validation,4.348,960,64,16,4,False,-0.866,-0.5,3.368,4.136,4.057,3.919,0.415
2018-08-24 21:15:00+0000,6,VALID,validation,4.368,975,65,16,4,False,-0.8969,-0.4423,4.348,3.368,3.97,3.926,0.424
2018-08-24 21:30:00+0000,6,VALID,validation,4.361,990,66,16,4,False,-0.9239,-0.3827,4.368,4.348,3.862,4.055,0.47
2018-08-24 21:45:00+0000,6,VALID,validation,2.925,1005,67,16,4,False,-0.9469,-0.3214,4.361,4.368,4.382,4.111,0.496
2018-08-24 22:00:00+0000,6,VALID,validation,4.588,1020,68,17,4,False,-0.9659,-0.2588,2.925,4.361,4.662,4.0,0.717
2018-08-24 22:15:00+0000,6,VALID,validation,5.056,1035,69,17,4,False,-0.9808,-0.1951,4.588,2.925,4.86,4.06,0.764
2018-08-24 22:30:00+0000,6,VALID,validation,5.291,1050,70,17,4,False,-0.9914,-0.1305,5.056,4.588,3.82,4.232,0.918
2018-08-24 22:45:00+0000,6,VALID,validation,5.058,1065,71,17,4,False,-0.9979,-0.0654,5.291,5.056,4.843,4.465,1.067
2018-08-24 23:00:00+0000,6,VALID,validation,4.451,1080,72,18,4,False,-1.0,-0.0,5.058,5.291,4.173,4.998,0.295
2018-08-24 23:15:00+0000,6,VALID,validation,3.937,1095,73,18,4,False,-0.9979,0.0654,4.451,5.058,3.967,4.964,0.359
2018-08-24 23:30:00+0000,6,VALID,validation,3.883,1110,74,18,4,False,-0.9914,0.1305,3.937,4.451,3.826,4.684,0.611
2018-08-24 23:45:00+0000,6,VALID,validation,4.113,1125,75,18,4,False,-0.9808,0.1951,3.883,3.937,3.824,4.332,0.547
2018-08-25 00:00:00+0000,6,VALID,holdout,4.058,1140,76,19,4,False,-0.9659,0.2588,4.113,3.883,3.979,4.096,0.256
2018-08-25 00:15:00+0000,6,VALID,holdout,3.646,1155,77,19,4,False,-0.9469,0.3214,4.058,4.113,3.621,3.998,0.106
2018-08-25 00:30:00+0000,6,VALID,holdout,3.587,1170,78,19,4,False,-0.9239,0.3827,3.646,4.058,3.596,3.925,0.21
2018-08-25 00:45:00+0000,6,VALID,holdout,2.311,1185,79,19,4,False,-0.8969,0.4423,3.587,3.646,2.522,3.851,0.273
2018-08-25 01:00:00+0000,6,VALID,holdout,3.155,1200,80,20,4,False,-0.866,0.5,2.311,3.587,3.686,3.4,0.756
2018-08-25 01:15:00+0000,6,VALID,holdout,1.947,1215,81,20,4,False,-0.8315,0.5556,3.155,2.311,2.659,3.175,0.616
2018-08-25 01:30:00+0000,6,VALID,holdout,2.532,1230,82,20,4,False,-0.7934,0.6088,1.947,3.155,4.089,2.75,0.753
2018-08-25 01:45:00+0000,6,VALID,holdout,2.723,1245,83,20,4,False,-0.7518,0.6593,2.532,1.947,3.959,2.486,0.507
2018-08-25 02:00:00+0000,6,VALID,holdout,0.576,1260,84,21,4,False,-0.7071,0.7071,2.723,2.532,2.756,2.589,0.501
2018-08-25 02:15:00+0000,6,VALID,holdout,0.725,1275,85,21,4,False,-0.6593,0.7518,0.576,2.723,3.924,1.944,0.97
2018-08-25 02:30:00+0000,6,VALID,holdout,1.55,1290,86,21,4,False,-0.6088,0.7934,0.725,0.576,2.809,1.639,1.146
2018-08-25 02:45:00+0000,6,VALID,holdout,2.327,1305,87,21,4,False,-0.5556,0.8315,1.55,0.725,4.07,1.394,0.984
2018-08-25 03:00:00+0000,6,VALID,holdout,2.943,1320,88,22,4,False,-0.5,0.866,2.327,1.55,2.64,1.294,0.811
2018-08-25 03:15:00+0000,6,VALID,holdout,2.351,1335,89,22,4,False,-0.4423,0.8969,2.943,2.327,2.971,1.886,0.961
2018-08-25 03:30:00+0000,6,VALID,holdout,2.135,1350,90,22,4,False,-0.3827,0.9239,2.351,2.943,3.432,2.293,0.571
2018-08-25 03:45:00+0000,6,VALID,holdout,2.917,1365,91,22,4,False,-0.3214,0.9469,2.135,2.351,2.16,2.439,0.35
2018-08-25 04:00:00+0000,6,VALID,holdout,0.671,1380,92,23,4,False,-0.2588,0.9659,2.917,2.135,2.628,2.586,0.406
2018-08-25 04:15:00+0000,6,VALID,holdout,0.853,1395,93,23,4,False,-0.1951,0.9808,0.671,2.917,3.17,2.018,0.957
2018-08-25 04:30:00+0000,6,VALID,holdout,2.054,1410,94,23,4,False,-0.1305,0.9914,0.853,0.671,1.892,1.644,1.07
2018-08-25 04:45:00+0000,6,VALID,holdout,0.802,1425,95,23,4,False,-0.0654,0.9979,2.054,0.853,1.873,1.624,1.058
2018-08-25 05:00:00+0000,6,VALID,holdout,1.9,0,0,0,5,True,0.0,1.0,0.802,2.054,2.814,1.095,0.644
2018-08-25 05:15:00+0000,6,VALID,holdout,1.345,15,1,0,5,True,0.0654,0.9979,1.9,0.802,2.3,1.402,0.667
2018-08-25 05:30:00+0000,6,VALID,holdout,1.032,30,2,0,5,True,0.1305,0.9914,1.345,1.9,3.381,1.525,0.57
2018-08-25 05:45:00+0000,6,VALID,holdout,1.884,45,3,0,5,True,0.1951,0.9808,1.032,1.345,2.062,1.27,0.475
2018-08-25 06:00:00+0000,6,VALID,holdout,0.883,60,4,1,5,True,0.2588,0.9659,1.884,1.032,3.23,1.54,0.426
2018-08-25 06:15:00+0000,6,VALID,holdout,1.553,75,5,1,5,True,0.3214,0.9469,0.883,1.884,1.676,1.286,0.443
2018-08-25 06:30:00+0000,6,VALID,holdout,1.348,90,6,1,5,True,0.3827,0.9239,1.553,0.883,2.209,1.338,0.464
2018-08-25 06:45:00+0000,6,VALID,holdout,1.15,105,7,1,5,True,0.4423,0.8969,1.348,1.553,2.678,1.417,0.419
2018-08-25 07:00:00+0000,6,VALID,holdout,1.785,120,8,2,5,True,0.5,0.866,1.15,1.348,1.637,1.234,0.286
2018-08-25 07:15:00+0000,6,VALID,holdout,0.867,135,9,2,5,True,0.5556,0.8315,1.785,1.15,1.467,1.459,0.273
2018-08-25 07:30:00+0000,6,VALID,holdout,1.819,150,10,2,5,True,0.6088,0.7934,0.867,1.785,2.283,1.288,0.386
2018-08-25 07:45:00+0000,6,VALID,holdout,0.917,165,11,2,5,True,0.6593,0.7518,1.819,0.867,2.06,1.405,0.473
2018-08-25 08:00:00+0000,6,VALID,holdout,1.372,180,12,3,5,True,0.7071,0.7071,0.917,1.819,1.09,1.347,0.526
2018-08-25 08:15:00+0000,6,VALID,holdout,1.816,195,13,3,5,True,0.7518,0.6593,1.372,0.917,1.278,1.244,0.446
2018-08-25 08:30:00+0000,6,VALID,holdout,0.525,210,14,3,5,True,0.7934,0.6088,1.816,1.372,1.966,1.481,0.431
2018-08-25 08:45:00+0000,6,VALID,holdout,1.809,225,15,3,5,True,0.8315,0.5556,0.525,1.816,1.464,1.158,0.559
2018-08-25 09:00:00+0000,6,VALID,holdout,1.293,240,16,4,5,True,0.866,0.5,1.809,0.525,1.205,1.38,0.607
2018-08-25 09:15:00+0000,6,VALID,holdout,1.047,255,17,4,5,True,0.8969,0.4423,1.293,1.809,2.187,1.361,0.609
2018-08-25 09:30:00+0000,6,VALID,holdout,1.81,270,18,4,5,True,0.9239,0.3827,1.047,1.293,1.172,1.168,0.534
2018-08-25 09:45:00+0000,6,VALID,holdout,0.72,285,19,4,5,True,0.9469,0.3214,1.81,1.047,1.106,1.49,0.383
2018-08-25 10:00:00+0000,6,VALID,holdout,1.442,300,20,5,5,True,0.9659,0.2588,0.72,1.81,2.074,1.218,0.459
2018-08-25 10:15:00+0000,6,VALID,holdout,1.62,315,21,5,5,True,0.9808,0.1951,1.442,0.72,1.199,1.255,0.473
2018-08-25 10:30:00+0000,6,VALID,holdout,0.516,330,22,5,5,True,0.9914,0.1305,1.62,1.442,1.513,1.398,0.476
2018-08-25 10:45:00+0000,6,VALID,holdout,1.767,345,23,5,5,True,0.9979,0.0654,0.516,1.62,2.063,1.074,0.539
2018-08-25 11:00:00+0000,6,VALID,holdout,0.557,360,24,6,5,True,1.0,0.0,1.767,0.516,1.135,1.336,0.563
2018-08-25 11:15:00+0000,6,VALID,holdout,1.662,375,25,6,5,True,0.9979,-0.0654,0.557,1.767,1.319,1.115,0.671
2018-08-25 11:30:00+0000,6,VALID,holdout,0.462,390,26,6,5,True,0.9914,-0.1305,1.662,0.557,1.936,1.126,0.682
2018-08-25 11:45:00+0000,6,VALID,holdout,0.924,405,27,6,5,True,0.9808,-0.1951,0.462,1.662,1.606,1.112,0.698
2018-08-25 12:00:00+0000,6,VALID,holdout,0.675,420,28,7,5,True,0.9659,-0.2588,0.924,0.462,0.834,0.901,0.545
2018-08-25 12:15:00+0000,6,VALID,holdout,1.31,435,29,7,5,True,0.9469,-0.3214,0.675,0.924,1.935,0.931,0.523
2018-08-25 12:30:00+0000,6,VALID,holdout,1.129,450,30,7,5,True,0.9239,-0.3827,1.31,0.675,1.766,0.843,0.364
2018-08-25 12:45:00+0000,6,VALID,holdout,0.874,465,31,7,5,True,0.8969,-0.4423,1.129,1.31,0.809,1.01,0.273
2018-08-25 13:00:00+0000,6,VALID,holdout,0.759,480,32,8,5,True,0.866,-0.5,0.874,1.129,1.482,0.997,0.279
2018-08-25 13:15:00+0000,6,VALID,holdout,1.853,495,33,8,5,True,0.8315,-0.5556,0.759,0.874,1.861,1.018,0.249
2018-08-25 13:30:00+0000,6,VALID,holdout,0.52,510,34,8,5,True,0.7934,-0.6088,1.853,0.759,0.39,1.154,0.491
2018-08-25 13:45:00+0000,6,VALID,holdout,0.464,525,35,8,5,True,0.7518,-0.6593,0.52,1.853,0.659,1.002,0.587
2018-08-25 14:00:00+0000,6,VALID,holdout,0.467,540,36,9,5,True,0.7071,-0.7071,0.464,0.52,0.706,0.899,0.649
2018-08-25 14:15:00+0000,6,VALID,holdout,0.472,555,37,9,5,True,0.6593,-0.7518,0.467,0.464,0.734,0.826,0.685
2018-08-25 14:30:00+0000,6,VALID,holdout,0.501,570,38,9,5,True,0.6088,-0.7934,0.472,0.467,1.263,0.481,0.026
2018-08-25 14:45:00+0000,6,VALID,holdout,0.469,585,39,9,5,True,0.5556,-0.8315,0.501,0.472,1.479,0.476,0.017
2018-08-25 15:00:00+0000,6,VALID,holdout,0.467,600,40,10,5,True,0.5,-0.866,0.469,0.501,1.8,0.477,0.016
2018-08-25 15:15:00+0000,6,VALID,holdout,0.475,615,41,10,5,True,0.4423,-0.8969,0.467,0.469,1.852,0.477,0.016
2018-08-25 15:30:00+0000,6,VALID,holdout,0.51,630,42,10,5,True,0.3827,-0.9239,0.475,0.467,2.391,0.478,0.016
2018-08-25 15:45:00+0000,6,VALID,holdout,0.507,645,43,10,5,True,0.3214,-0.9469,0.51,0.475,2.021,0.48,0.02
2018-08-25 16:00:00+0000,6,VALID,holdout,0.658,660,44,11,5,True,0.2588,-0.9659,0.507,0.51,1.3,0.49,0.022
2018-08-25 16:15:00+0000,6,VALID,holdout,0.449,675,45,11,5,True,0.1951,-0.9808,0.658,0.507,2.534,0.538,0.082
2018-08-25 16:30:00+0000,6,VALID,holdout,0.484,690,46,11,5,True,0.1305,-0.9914,0.449,0.658,0.801,0.531,0.089
2018-08-25 16:45:00+0000,6,VALID,holdout,0.485,705,47,11,5,True,0.0654,-0.9979,0.484,0.449,2.078,0.524,0.092
2018-08-25 17:00:00+0000,6,VALID,holdout,0.493,720,48,12,5,True,0.0,-1.0,0.485,0.484,0.813,0.519,0.094
2018-08-25 17:15:00+0000,6,VALID,holdout,0.477,735,49,12,5,True,-0.0654,-0.9979,0.493,0.485,1.816,0.478,0.02
2018-08-25 17:30:00+0000,6,VALID,holdout,0.464,750,50,12,5,True,-0.1305,-0.9914,0.477,0.493,0.584,0.485,0.007
2018-08-25 17:45:00+0000,6,VALID,holdout,0.472,765,51,12,5,True,-0.1951,-0.9808,0.464,0.477,1.984,0.48,0.012
2018-08-25 18:00:00+0000,6,VALID,holdout,0.501,780,52,13,5,True,-0.2588,-0.9659,0.472,0.464,2.087,0.477,0.012
2018-08-25 18:15:00+0000,6,VALID,holdout,0.473,795,53,13,5,True,-0.3214,-0.9469,0.501,0.472,2.488,0.478,0.016
2018-08-25 18:30:00+0000,6,VALID,holdout,0.467,810,54,13,5,True,-0.3827,-0.9239,0.473,0.501,3.944,0.478,0.016
2018-08-25 18:45:00+0000,6,VALID,holdout,0.468,825,55,13,5,True,-0.4423,-0.8969,0.467,0.473,4.814,0.478,0.015
2018-08-25 19:00:00+0000,6,VALID,holdout,0.486,840,56,14,5,True,-0.5,-0.866,0.468,0.467,4.898,0.477,0.016
2018-08-25 19:15:00+0000,6,VALID,holdout,0.467,855,57,14,5,True,-0.5556,-0.8315,0.486,0.468,4.051,0.474,0.009
2018-08-25 19:30:00+0000,6,VALID,holdout,1.701,870,58,14,5,True,-0.6088,-0.7934,0.467,0.486,4.355,0.472,0.009
2018-08-25 19:45:00+0000,6,VALID,holdout,0.47,885,59,14,5,True,-0.6593,-0.7518,1.701,0.467,3.833,0.78,0.614
2018-08-25 20:00:00+0000,6,VALID,holdout,0.487,900,60,15,5,True,-0.7071,-0.7071,0.47,1.701,4.32,0.781,0.613
2018-08-25 20:15:00+0000,6,VALID,holdout,0.448,915,61,15,5,True,-0.7518,-0.6593,0.487,0.47,3.851,0.781,0.613
2018-08-25 20:30:00+0000,6,VALID,holdout,0.934,930,62,15,5,True,-0.7934,-0.6088,0.448,0.487,4.136,0.776,0.617
2018-08-25 20:45:00+0000,6,VALID,holdout,1.403,945,63,15,5,True,-0.8315,-0.5556,0.934,0.448,3.368,0.585,0.233
2018-08-25 21:00:00+0000,6,VALID,holdout,0.489,960,64,16,5,True,-0.866,-0.5,1.403,0.934,4.348,0.818,0.448
2018-08-25 21:15:00+0000,6,VALID,holdout,1.894,975,65,16,5,True,-0.8969,-0.4423,0.489,1.403,4.368,0.818,0.448
2018-08-25 21:30:00+0000,6,VALID,holdout,0.434,990,66,16,5,True,-0.9239,-0.3827,1.894,0.489,4.361,1.18,0.605
2018-08-25 21:45:00+0000,6,VALID,holdout,1.868,1005,67,16,5,True,-0.9469,-0.3214,0.434,1.894,2.925,1.055,0.714
2018-08-25 22:00:00+0000,6,VALID,holdout,0.481,1020,68,17,5,True,-0.9659,-0.2588,1.868,0.434,4.588,1.171,0.82
2018-08-25 22:15:00+0000,6,VALID,holdout,1.95,1035,69,17,5,True,-0.9808,-0.1951,0.481,1.868,5.056,1.169,0.822
2018-08-25 22:30:00+0000,6,VALID,holdout,0.423,1050,70,17,5,True,-0.9914,-0.1305,1.95,0.481,5.291,1.183,0.839
2018-08-25 22:45:00+0000,6,VALID,holdout,1.864,1065,71,17,5,True,-0.9979,-0.0654,0.423,1.95,5.058,1.18,0.842
2018-08-25 23:00:00+0000,6,VALID,holdout,0.46,1080,72,18,5,True,-1.0,-0.0,1.864,0.423,4.451,1.18,0.841
2018-08-25 23:15:00+0000,6,VALID,holdout,1.861,1095,73,18,5,True,-0.9979,0.0654,0.46,1.864,3.937,1.174,0.847
2018-08-25 23:30:00+0000,6,VALID,holdout,0.425,1110,74,18,5,True,-0.9914,0.1305,1.861,0.46,3.883,1.152,0.821
2018-08-25 23:45:00+0000,6,VALID,holdout,1.933,1125,75,18,5,True,-0.9808,0.1951,0.425,1.861,4.113,1.152,0.82
2018-08-26 00:00:00+0000,6,MISSING,holdout,,1140,76,19,5,True,-0.9659,0.2588,1.933,0.425,4.058,1.17,0.84
2018-08-23 00:00:00+0000,7,VALID,train,5.401,1140,76,19,2,False,-0.9659,0.2588,,,,,
2018-08-23 00:15:00+0000,7,VALID,train,5.355,1155,77,19,2,False,-0.9469,0.3214,5.401,,,,
2018-08-23 00:30:00+0000,7,VALID,train,2.585,1170,78,19,2,False,-0.9239,0.3827,5.355,5.401,,,
2018-08-23 00:45:00+0000,7,VALID,train,0.785,1185,79,19,2,False,-0.8969,0.4423,2.585,5.355,,,
2018-08-23 01:00:00+0000,7,VALID,train,3.828,1200,80,20,2,False,-0.866,0.5,0.785,2.585,,3.532,2.255
2018-08-23 01:15:00+0000,7,VALID,train,1.995,1215,81,20,2,False,-0.8315,0.5556,3.828,0.785,,3.138,1.935
2018-08-23 01:30:00+0000,7,VALID,train,4.191,1230,82,20,2,False,-0.7934,0.6088,1.995,3.828,,2.298,1.265
2018-08-23 01:45:00+0000,7,VALID,train,2.144,1245,83,20,2,False,-0.7518,0.6593,4.191,1.995,,2.7,1.598
2018-08-23 02:00:00+0000,7,VALID,train,3.871,1260,84,21,2,False,-0.7071,0.7071,2.144,4.191,,3.04,1.131
2018-08-23 02:15:00+0000,7,VALID,train,4.603,1275,85,21,2,False,-0.6593,0.7518,3.871,2.144,,3.05,1.142
2018-08-23 02:30:00+0000,7,VALID,train,2.287,1290,86,21,2,False,-0.6088,0.7934,4.603,3.871,,3.702,1.081
2018-08-23 02:45:00+0000,7,VALID,train,5.494,1305,87,21,2,False,-0.5556,0.8315,2.287,4.603,,3.226,1.206
2018-08-23 03:00:00+0000,7,VALID,train,5.449,1320,88,22,2,False,-0.5,0.866,5.494,2.287,,4.064,1.358
2018-08-23 03:15:00+0000,7,VALID,train,5.091,1335,89,22,2,False,-0.4423,0.8969,5.449,5.494,,4.458,1.504
2018-08-23 03:30:00+0000,7,VALID,train,1.246,1350,90,22,2,False,-0.3827,0.9239,5.091,5.449,,4.58,1.539
2018-08-23 03:45:00+0000,7,VALID,train,4.897,1365,91,22,2,False,-0.3214,0.9469,1.246,5.091,,4.32,2.057
2018-08-23 04:00:00+0000,7,VALID,train,1.726,1380,92,23,2,False,-0.2588,0.9659,4.897,1.246,,4.171,1.963
2018-08-23 04:15:00+0000,7,VALID,train,1.033,1395,93,23,2,False,-0.1951,0.9808,1.726,4.897,,3.24,2.036
2018-08-23 04:30:00+0000,7,VALID,train,0.763,1410,94,23,2,False,-0.1305,0.9914,1.033,1.726,,2.226,1.804
2018-08-23 04:45:00+0000,7,VALID,train,0.859,1425,95,23,2,False,-0.0654,0.9979,0.763,1.033,,2.105,1.905
2018-08-23 05:00:00+0000,7,VALID,train,5.088,0,0,0,3,False,0.0,1.0,0.859,0.763,,1.095,0.435
2018-08-23 05:15:00+0000,7,VALID,train,4.976,15,1,0,3,False,0.0654,0.9979,5.088,0.859,,1.936,2.104
2018-08-23 05:30:00+0000,7,VALID,train,4.973,30,2,0,3,False,0.1305,0.9914,4.976,5.088,,2.922,2.438
2018-08-23 05:45:00+0000,7,VALID,train,4.937,45,3,0,3,False,0.1951,0.9808,4.973,4.976,,3.974,2.077
2018-08-23 06:00:00+0000,7,VALID,train,4.914,60,4,1,3,False,0.2588,0.9659,4.937,4.973,,4.994,0.065
2018-08-23 06:15:00+0000,7,VALID,train,4.903,75,5,1,3,False,0.3214,0.9469,4.914,4.937,,4.95,0.03
2018-08-23 06:30:00+0000,7,VALID,train,4.893,90,6,1,3,False,0.3827,0.9239,4.903,4.914,,4.932,0.031
2018-08-23 06:45:00+0000,7,VALID,train,4.813,105,7,1,3,False,0.4423,0.8969,4.893,4.903,,4.912,0.019
2018-08-23 07:00:00+0000,7,VALID,train,1.295,120,8,2,3,False,0.5,0.866,4.813,4.893,,4.881,0.046
2018-08-23 07:15:00+0000,7,VALID,train,4.494,135,9,2,3,False,0.5556,0.8315,1.295,4.813,,3.976,1.788
2018-08-23 07:30:00+0000,7,VALID,train,1.021,150,10,2,3,False,0.6088,0.7934,4.494,1.295,,3.874,1.728
2018-08-23 07:45:00+0000,7,VALID,train,4.212,165,11,2,3,False,0.6593,0.7518,1.021,4.494,,2.906,2.025
2018-08-23 08:00:00+0000,7,VALID,train,1.046,180,12,3,3,False,0.7071,0.7071,4.212,1.021,,2.755,1.852
2018-08-23 08:15:00+0000,7,VALID,train,4.263,195,13,3,3,False,0.7518,0.6593,1.046,4.212,,2.693,1.92
2018-08-23 08:30:00+0000,7,VALID,train,1.336,210,14,3,3,False,0.7934,0.6088,4.263,1.046,,2.636,1.85
2018-08-23 08:45:00+0000,7,VALID,train,0.675,225,15,3,3,False,0.8315,0.5556,1.336,4.263,,2.714,1.763
2018-08-23 09:00:00+0000,7,VALID,train,3.197,240,16,4,3,False,0.866,0.5,0.675,1.336,,1.83,1.644
2018-08-23 09:15:00+0000,7,VALID,train,2.176,255,17,4,3,False,0.8969,0.4423,3.197,0.675,,2.368,1.654
2018-08-23 09:30:00+0000,7,VALID,train,0.7,270,18,4,3,False,0.9239,0.3827,2.176,3.197,,1.846,1.09
2018-08-23 09:45:00+0000,7,VALID,train,0.63,285,19,4,3,False,0.9469,0.3214,0.7,2.176,,1.687,1.227
2018-08-23 10:00:00+0000,7,VALID,train,3.622,300,20,5,3,False,0.9659,0.2588,0.63,0.7,,1.676,1.24
2018-08-23 10:15:00+0000,7,VALID,train,1.724,315,21,5,3,False,0.9808,0.1951,3.622,0.63,,1.782,1.419
2018-08-23 10:30:00+0000,7,VALID,train,0.658,330,22,5,3,False,0.9914,0.1305,1.724,3.622,,1.669,1.395
2018-08-23 10:45:00+0000,7,VALID,train,0.643,345,23,5,3,False,0.9979,0.0654,0.658,1.724,,1.658,1.405
2018-08-23 11:00:00+0000,7,VALID,train,2.989,360,24,6,3,False,1.0,0.0,0.643,0.658,,1.662,1.401
2018-08-23 11:15:00+0000,7,VALID,train,2.274,375,25,6,3,False,0.9979,-0.0654,2.989,0.643,,1.503,1.112
2018-08-23 11:30:00+0000,7,VALID,train,0.647,390,26,6,3,False,0.9914,-0.1305,2.274,2.989,,1.641,1.18
2018-08-23 11:45:00+0000,7,VALID,train,0.745,405,27,6,3,False,0.9808,-0.1951,0.647,2.274,,1.638,1.183
2018-08-23 12:00:00+0000,7,VALID,train,3.108,420,28,7,3,False,0.9659,-0.2588,0.745,0.647,,1.664,1.156
2018-08-23 12:15:00+0000,7,VALID,train,5.373,435,29,7,3,False,0.9469,-0.3214,3.108,0.745,,1.694,1.202
2018-08-23 12:30:00+0000,7,VALID,train,3.485,450,30,7,3,False,0.9239,-0.3827,5.373,3.108,,2.468,2.246
2018-08-23 12:45:00+0000,7,VALID,train,0.827,465,31,7,3,False,0.8969,-0.4423,3.485,5.373,,3.178,1.901
2018-08-23 13:00:00+0000,7,VALID,train,2.271,480,32,8,3,False,0.866,-0.5,0.827,3.485,,3.198,1.866
2018-08-23 13:15:00+0000,7,VALID,train,4.742,495,33,8,3,False,0.8315,-0.5556,2.271,0.827,,2.989,1.925
2018-08-23 13:30:00+0000,7,VALID,train,4.378,510,34,8,3,False,0.7934,-0.6088,4.742,2.271,,2.831,1.674
2018-08-23 13:45:00+0000,7,VALID,train,0.935,525,35,8,3,False,0.7518,-0.6593,4.378,4.742,,3.054,1.842
2018-08-23 14:00:00+0000,7,VALID,train,3.602,540,36,9,3,False,0.7071,-0.7071,0.935,4.378,,3.082,1.798
2018-08-23 14:15:00+0000,7,VALID,train,2.49,555,37,9,3,False,0.6593,-0.7518,3.602,0.935,,3.414,1.72
2018-08-23 14:30:00+0000,7,VALID,train,3.396,570,38,9,3,False,0.6088,-0.7934,2.49,3.602,,2.851,1.494
2018-08-23 14:45:00+0000,7,VALID,train,2.633,585,39,9,3,False,0.5556,-0.8315,3.396,2.49,,2.606,1.214
2018-08-23 15:00:00+0000,7,VALID,train,2.531,600,40,10,3,False,0.5,-0.866,2.633,3.396,,3.03,0.551
2018-08-23 15:15:00+0000,7,VALID,train,3.356,615,41,10,3,False,0.4423,-0.8969,2.531,2.633,,2.763,0.427
2018-08-23 15:30:00+0000,7,VALID,train,2.222,630,42,10,3,False,0.3827,-0.9239,3.356,2.531,,2.979,0.461
2018-08-23 15:45:00+0000,7,VALID,train,3.961,645,43,10,3,False,0.3214,-0.9469,2.222,3.356,,2.686,0.48
2018-08-23 16:00:00+0000,7,VALID,train,2.844,660,44,11,3,False,0.2588,-0.9659,3.961,2.222,,3.018,0.79
2018-08-23 16:15:00+0000,7,VALID,train,5.135,675,45,11,3,False,0.1951,-0.9808,2.844,3.961,,3.096,0.74
2018-08-23 16:30:00+0000,7,VALID,train,1.297,690,46,11,3,False,0.1305,-0.9914,5.135,2.844,,3.54,1.284
2018-08-23 16:45:00+0000,7,VALID,train,4.91,705,47,11,3,False,0.0654,-0.9979,1.297,5.135,,3.309,1.635
2018-08-23 17:00:00+0000,7,VALID,train,0.964,720,48,12,3,False,0.0,-1.0,4.91,1.297,,3.546,1.82
2018-08-23 17:15:00+0000,7,VALID,train,4.744,735,49,12,3,False,-0.0654,-0.9979,0.964,4.91,,3.076,2.253
2018-08-23 17:30:00+0000,7,VALID,train,1.888,750,50,12,3,False,-0.1305,-0.9914,4.744,0.964,,2.979,2.14
2018-08-23 17:45:00+0000,7,VALID,train,5.541,765,51,12,3,False,-0.1951,-0.9808,1.888,4.744,,3.126,2.001
2018-08-23 18:00:00+0000,7,VALID,train,5.384,780,52,13,3,False,-0.2588,-0.9659,5.541,1.888,,3.284,2.203
2018-08-23 18:15:00+0000,7,VALID,train,5.47,795,53,13,3,False,-0.3214,-0.9469,5.384,5.541,,4.389,1.703
2018-08-23 18:30:00+0000,7,VALID,train,5.875,810,54,13,3,False,-0.3827,-0.9239,5.47,5.384,,4.571,1.79
2018-08-23 18:45:00+0000,7,VALID,train,5.651,825,55,13,3,False,-0.4423,-0.8969,5.875,5.47,,5.568,0.215
2018-08-23 19:00:00+0000,7,VALID,train,5.531,840,56,14,3,False,-0.5,-0.866,5.651,5.875,,5.595,0.217
2018-08-23 19:15:00+0000,7,VALID,train,5.511,855,57,14,3,False,-0.5556,-0.8315,5.531,5.651,,5.632,0.179
2018-08-23 19:30:00+0000,7,VALID,train,5.55,870,58,14,3,False,-0.6088,-0.7934,5.511,5.531,,5.642,0.167
2018-08-23 19:45:00+0000,7,VALID,train,5.503,885,59,14,3,False,-0.6593,-0.7518,5.55,5.511,,5.561,0.062
2018-08-23 20:00:00+0000,7,VALID,train,5.521,900,60,15,3,False,-0.7071,-0.7071,5.503,5.55,,5.524,0.021
2018-08-23 20:15:00+0000,7,VALID,train,5.445,915,61,15,3,False,-0.7518,-0.6593,5.521,5.503,,5.521,0.021
2018-08-23 20:30:00+0000,7,VALID,train,3.573,930,62,15,3,False,-0.7934,-0.6088,5.445,5.521,,5.505,0.044
2018-08-23 20:45:00+0000,7,VALID,train,0.789,945,63,15,3,False,-0.8315,-0.5556,3.573,5.445,,5.01,0.959
2018-08-23 21:00:00+0000,7,VALID,train,0.761,960,64,16,3,False,-0.866,-0.5,0.789,3.573,,3.832,2.22
2018-08-23 21:15:00+0000,7,VALID,train,0.783,975,65,16,3,False,-0.8969,-0.4423,0.761,0.789,,2.642,2.287
2018-08-23 21:30:00+0000,7,VALID,train,0.764,990,66,16,3,False,-0.9239,-0.3827,0.783,0.761,,1.476,1.398
2018-08-23 21:45:00+0000,7,VALID,train,0.801,1005,67,16,3,False,-0.9469,-0.3214,0.764,0.783,,0.774,0.014
2018-08-23 22:00:00+0000,7,VALID,train,0.763,1020,68,17,3,False,-0.9659,-0.2588,0.801,0.764,,0.777,0.019
2018-08-23 22:15:00+0000,7,VALID,train,0.652,1035,69,17,3,False,-0.9808,-0.1951,0.763,0.801,,0.778,0.018
2018-08-23 22:30:00+0000,7,VALID,train,5.327,1050,70,17,3,False,-0.9914,-0.1305,0.652,0.763,,0.745,0.064
2018-08-23 22:45:00+0000,7,VALID,train,5.391,1065,71,17,3,False,-0.9979,-0.0654,5.327,0.652,,1.886,2.295
2018-08-23 23:00:00+0000,7,VALID,train,5.261,1080,72,18,3,False,-1.0,-0.0,5.391,5.327,,3.033,2.686
2018-08-23 23:15:00+0000,7,VALID,train,5.504,1095,73,18,3,False,-0.9979,0.0654,5.261,5.391,,4.158,2.338
2018-08-23 23:30:00+0000,7,VALID,train,7.765,1110,74,18,3,False,-0.9914,0.1305,5.504,5.261,,5.371,0.103
2018-08-23 23:45:00+0000,7,VALID,train,6.798,1125,75,18,3,False,-0.9808,0.1951,7.765,5.504,,5.98,1.194
2018-08-24 00:00:00+0000,7,VALID,validation,5.676,1140,76,19,3,False,-0.9659,0.2588,6.798,7.765,5.401,6.332,1.17
2018-08-24 00:15:00+0000,7,VALID,validation,5.636,1155,77,19,3,False,-0.9469,0.3214,5.676,6.798,5.355,6.436,1.056
2018-08-24 00:30:00+0000,7,VALID,validation,5.559,1170,78,19,3,False,-0.9239,0.3827,5.636,5.676,2.585,6.469,1.018
2018-08-24 00:45:00+0000,7,VALID,validation,5.628,1185,79,19,3,False,-0.8969,0.4423,5.559,5.636,0.785,5.917,0.589
2018-08-24 01:00:00+0000,7,VALID,validation,6.417,1200,80,20,3,False,-0.866,0.5,5.628,5.559,3.828,5.625,0.049
2018-08-24 01:15:00+0000,7,VALID,validation,6.117,1215,81,20,3,False,-0.8315,0.5556,6.417,5.628,1.995,5.81,0.406
2018-08-24 01:30:00+0000,7,VALID,validation,6.81,1230,82,20,3,False,-0.7934,0.6088,6.117,6.417,4.191,5.93,0.409
2018-08-24 01:45:00+0000,7,VALID,validation,6.055,1245,83,20,3,False,-0.7518,0.6593,6.81,6.117,2.144,6.243,0.499
2018-08-24 02:00:00+0000,7,VALID,validation,5.735,1260,84,21,3,False,-0.7071,0.7071,6.055,6.81,3.871,6.35,0.345
2018-08-24 02:15:00+0000,7,VALID,validation,4.139,1275,85,21,3,False,-0.6593,0.7518,5.735,6.055,4.603,6.179,0.453
2018-08-24 02:30:00+0000,7,VALID,validation,2.906,1290,86,21,3,False,-0.6088,0.7934,4.139,5.735,2.287,5.685,1.125
2018-08-24 02:45:00+0000,7,VALID,validation,4.321,1305,87,21,3,False,-0.5556,0.8315,2.906,4.139,5.494,4.709,1.465
2018-08-24 03:00:00+0000,7,VALID,validation,2.5,1320,88,22,3,False,-0.5,0.866,4.321,2.906,5.449,4.275,1.159
2018-08-24 03:15:00+0000,7,VALID,validation,1.171,1335,89,22,3,False,-0.4423,0.8969,2.5,4.321,5.091,3.466,0.9
2018-08-24 03:30:00+0000,7,VALID,validation,1.086,1350,90,22,3,False,-0.3827,0.9239,1.171,2.5,1.246,2.724,1.297
2018-08-24 03:45:00+0000,7,VALID,validation,0.858,1365,91,22,3,False,-0.3214,0.9469,1.086,1.171,4.897,2.27,1.513
2018-08-24 04:00:00+0000,7,VALID,validation,0.839,1380,92,23,3,False,-0.2588,0.9659,0.858,1.086,1.726,1.404,0.743
2018-08-24 04:15:00+0000,7,VALID,validation,0.87,1395,93,23,3,False,-0.1951,0.9808,0.839,0.858,1.033,0.988,0.166
2018-08-24 04:30:00+0000,7,VALID,validation,0.784,1410,94,23,3,False,-0.1305,0.9914,0.87,0.839,0.763,0.913,0.116
2018-08-24 04:45:00+0000,7,VALID,validation,0.827,1425,95,23,3,False,-0.0654,0.9979,0.784,0.87,0.859,0.838,0.038
2018-08-24 05:00:00+0000,7,VALID,validation,2.626,0,0,0,4,False,0.0,1.0,0.827,0.784,5.088,0.83,0.036
2018-08-24 05:15:00+0000,7,VALID,validation,4.831,15,1,0,4,False,0.0654,0.9979,2.626,0.827,4.976,1.277,0.9
2018-08-24 05:30:00+0000,7,VALID,validation,4.895,30,2,0,4,False,0.1305,0.9914,4.831,2.626,4.973,2.267,1.913
2018-08-24 05:45:00+0000,7,VALID,validation,4.89,45,3,0,4,False,0.1951,0.9808,4.895,4.831,4.937,3.295,1.954
2018-08-24 06:00:00+0000,7,VALID,validation,4.801,60,4,1,4,False,0.2588,0.9659,4.89,4.895,4.914,4.31,1.123
2018-08-24 06:15:00+0000,7,VALID,validation,4.084,75,5,1,4,False,0.3214,0.9469,4.801,4.89,4.903,4.854,0.046
2018-08-24 06:30:00+0000,7,VALID,validation,3.568,90,6,1,4,False,0.3827,0.9239,4.084,4.801,4.893,4.668,0.391
2018-08-24 06:45:00+0000,7,VALID,validation,2.066,105,7,1,4,False,0.4423,0.8969,3.568,4.084,4.813,4.336,0.626
2018-08-24 07:00:00+0000,7,VALID,validation,0.821,120,8,2,4,False,0.5,0.866,2.066,3.568,1.295,3.63,1.159
2018-08-24 07:15:00+0000,7,VALID,validation,0.677,135,9,2,4,False,0.5556,0.8315,0.821,2.066,4.494,2.635,1.481
2018-08-24 07:30:00+0000,7,VALID,validation,4.403,150,10,2,4,False,0.6088,0.7934,0.677,0.821,1.021,1.783,1.344
2018-08-24 07:45:00+0000,7,VALID,validation,0.967,165,11,2,4,False,0.6593,0.7518,4.403,0.677,4.212,1.992,1.724
2018-08-24 08:00:00+0000,7,VALID,validation,0.99,180,12,3,4,False,0.7071,0.7071,0.967,4.403,1.046,1.717,1.795
2018-08-24 08:15:00+0000,7,VALID,validation,1.169,195,13,3,4,False,0.7518,0.6593,0.99,0.967,4.263,1.759,1.768
2018-08-24 08:30:00+0000,7,VALID,validation,4.44,210,14,3,4,False,0.7934,0.6088,1.169,0.99,1.336,1.882,1.683
2018-08-24 08:45:00+0000,7,VALID,validation,0.837,225,15,3,4,False,0.8315,0.5556,4.44,1.169,0.675,1.892,1.701
2018-08-24 09:00:00+0000,7,VALID,validation,0.716,240,16,4,4,False,0.866,0.5,0.837,4.44,3.197,1.859,1.726
2018-08-24 09:15:00+0000,7,VALID,validation,0.683,255,17,4,4,False,0.8969,0.4423,0.716,0.837,2.176,1.79,1.777
2018-08-24 09:30:00+0000,7,VALID,validation,4.433,270,18,4,4,False,0.9239,0.3827,0.683,0.716,0.7,1.669,1.849
2018-08-24 09:45:00+0000,7,VALID,validation,0.928,285,19,4,4,False,0.9469,0.3214,4.433,0.683,0.63,1.667,1.845
2018-08-24 10:00:00+0000,7,VALID,validation,0.586,300,20,5,4,False,0.9659,0.2588,0.928,4.433,3.622,1.69,1.832
2018-08-24 10:15:00+0000,7,VALID,validation,0.698,315,21,5,4,False,0.9808,0.1951,0.586,0.928,1.724,1.657,1.856
2018-08-24 10:30:00+0000,7,VALID,validation,1.839,330,22,5,4,False,0.9914,0.1305,0.698,0.586,0.658,1.661,1.853
2018-08-24 10:45:00+0000,7,VALID,validation,2.955,345,23,5,4,False,0.9979,0.0654,1.839,0.698,0.643,1.013,0.569
2018-08-24 11:00:00+0000,7,VALID,validation,0.673,360,24,6,4,False,1.0,0.0,2.955,1.839,2.989,1.519,1.112
2018-08-24 11:15:00+0000,7,VALID,validation,0.941,375,25,6,4,False,0.9979,-0.0654,0.673,2.955,2.274,1.541,1.088
2018-08-24 11:30:00+0000,7,VALID,validation,4.287,390,26,6,4,False,0.9914,-0.1305,0.941,0.673,0.647,1.602,1.031
2018-08-24 11:45:00+0000,7,VALID,validation,4.973,405,27,6,4,False,0.9808,-0.1951,4.287,0.941,0.745,2.214,1.717
2018-08-24 12:00:00+0000,7,VALID,validation,2.834,420,28,7,4,False,0.9659,-0.2588,4.973,4.287,3.108,2.718,2.228
2018-08-24 12:15:00+0000,7,VALID,validation,1.506,435,29,7,4,False,0.9469,-0.3214,2.834,4.973,5.373,3.259,1.784
2018-08-24 12:30:00+0000,7,VALID,validation,2.444,450,30,7,4,False,0.9239,-0.3827,1.506,2.834,3.485,3.4,1.546
2018-08-24 12:45:00+0000,7,VALID,validation,3.858,465,31,7,4,False,0.8969,-0.4423,2.444,1.506,0.827,2.939,1.466
2018-08-24 13:00:00+0000,7,VALID,validation,1.03,480,32,8,4,False,0.866,-0.5,3.858,2.444,2.271,2.66,0.974
2018-08-24 13:15:00+0000,7,VALID,validation,0.98,495,33,8,4,False,0.8315,-0.5556,1.03,3.858,4.742,2.21,1.246
2018-08-24 13:30:00+0000,7,VALID,validation,1.045,510,34,8,4,False,0.7934,-0.6088,0.98,1.03,4.378,2.078,1.367
2018-08-24 13:45:00+0000,7,VALID,validation,0.978,525,35,8,4,False,0.7518,-0.6593,1.045,0.98,0.935,1.728,1.42
2018-08-24 14:00:00+0000,7,VALID,validation,0.948,540,36,9,4,False,0.7071,-0.7071,0.978,1.045,3.602,1.008,0.034
2018-08-24 14:15:00+0000,7,VALID,validation,0.948,555,37,9,4,False,0.6593,-0.7518,0.948,0.978,2.49,0.988,0.041
2018-08-24 14:30:00+0000,7,VALID,validation,2.446,570,38,9,4,False,0.6088,-0.7934,0.948,0.948,3.396,0.98,0.046
2018-08-24 14:45:00+0000,7,VALID,validation,4.949,585,39,9,4,False,0.5556,-0.8315,2.446,0.948,2.633,1.33,0.744
2018-08-24 15:00:00+0000,7,VALID,validation,4.078,600,40,10,4,False,0.5,-0.866,4.949,2.446,2.531,2.323,1.888
2018-08-24 15:15:00+0000,7,VALID,validation,1.036,615,41,10,4,False,0.4423,-0.8969,4.078,4.949,3.356,3.105,1.773
2018-08-24 15:30:00+0000,7,VALID,validation,0.857,630,42,10,4,False,0.3827,-0.9239,1.036,4.078,2.222,3.127,1.738
2018-08-24 15:45:00+0000,7,VALID,validation,1.677,645,43,10,4,False,0.3214,-0.9469,0.857,1.036,3.961,2.73,2.091
2018-08-24 16:00:00+0000,7,VALID,validation,5.267,660,44,11,4,False,0.2588,-0.9659,1.677,0.857,2.844,1.912,1.486
2018-08-24 16:15:00+0000,7,VALID,validation,5.182,675,45,11,4,False,0.1951,-0.9808,5.267,1.677,5.135,2.209,2.069
2018-08-24 16:30:00+0000,7,VALID,validation,1.798,690,46,11,4,False,0.1305,-0.9914,5.182,5.267,1.297,3.246,2.31
2018-08-24 16:45:00+0000,7,VALID,validation,2.624,705,47,11,4,False,0.0654,-0.9979,1.798,5.182,4.91,3.481,2.014
2018-08-24 17:00:00+0000,7,VALID,validation,3.736,720,48,12,4,False,0.0,-1.0,2.624,1.798,0.964,3.718,1.773
2018-08-24 17:15:00+0000,7,VALID,validation,0.988,735,49,12,4,False,-0.0654,-0.9979,3.736,2.624,4.744,3.335,1.465
2018-08-24 17:30:00+0000,7,VALID,validation,4.635,750,50,12,4,False,-0.1305,-0.9914,0.988,3.736,1.888,2.286,1.175
2018-08-24 17:45:00+0000,7,VALID,validation,5.544,765,51,12,4,False,-0.1951,-0.9808,4.635,0.988,5.541,2.996,1.571
2018-08-24 18:00:00+0000,7,VALID,validation,4.22,780,52,13,4,False,-0.2588,-0.9659,5.544,4.635,5.384,3.726,1.969
2018-08-24 18:15:00+0000,7,VALID,validation,0.906,795,53,13,4,False,-0.3214,-0.9469,4.22,5.544,5.47,3.847,1.984
2018-08-24 18:30:00+0000,7,VALID,validation,0.975,810,54,13,4,False,-0.3827,-0.9239,0.906,4.22,5.875,3.826,2.024
2018-08-24 18:45:00+0000,7,VALID,validation,5.471,825,55,13,4,False,-0.4423,-0.8969,0.975,0.906,5.651,2.911,2.339
2018-08-24 19:00:00+0000,7,VALID,validation,2.112,840,56,14,4,False,-0.5,-0.866,5.471,0.975,5.531,2.893,2.312
2018-08-24 19:15:00+0000,7,VALID,validation,5.607,855,57,14,4,False,-0.5556,-0.8315,2.112,5.471,5.511,2.366,2.143
2018-08-24 19:30:00+0000,7,VALID,validation,5.449,870,58,14,4,False,-0.6088,-0.7934,5.607,2.112,5.55,3.541,2.354
2018-08-24 19:45:00+0000,7,VALID,validation,5.589,885,59,14,4,False,-0.6593,-0.7518,5.449,5.607,5.503,4.66,1.7
2018-08-24 20:00:00+0000,7,VALID,validation,5.456,900,60,15,4,False,-0.7071,-0.7071,5.589,5.449,5.521,4.689,1.72
2018-08-24 20:15:00+0000,7,VALID,validation,5.476,915,61,15,4,False,-0.7518,-0.6593,5.456,5.589,5.445,5.525,0.084
2018-08-24 20:30:00+0000,7,VALID,validation,3.609,930,62,15,4,False,-0.7934,-0.6088,5.476,5.456,3.573,5.492,0.065
2018-08-24 20:45:00+0000,7,VALID,validation,0.709,945,63,15,4,False,-0.8315,-0.5556,3.609,5.476,0.789,5.032,0.951
2018-08-24 21:00:00+0000,7,VALID,validation,0.82,960,64,16,4,False,-0.866,-0.5,0.709,3.609,0.761,3.812,2.247
2018-08-24 21:15:00+0000,7,VALID,validation,0.765,975,65,16,4,False,-0.8969,-0.4423,0.82,0.709,0.783,2.653,2.311
2018-08-24 21:30:00+0000,7,VALID,validation,0.852,990,66,16,4,False,-0.9239,-0.3827,0.765,0.82,0.764,1.476,1.423
2018-08-24 21:45:00+0000,7,VALID,validation,1.257,1005,67,16,4,False,-0.9469,-0.3214,0.852,0.765,0.801,0.786,0.063
2018-08-24 22:00:00+0000,7,VALID,validation,1.273,1020,68,17,4,False,-0.9659,-0.2588,1.257,0.852,0.763,0.923,0.225
2018-08-24 22:15:00+0000,7,VALID,validation,0.951,1035,69,17,4,False,-0.9808,-0.1951,1.273,1.257,0.652,1.037,0.266
2018-08-24 22:30:00+0000,7,VALID,validation,5.648,1050,70,17,4,False,-0.9914,-0.1305,0.951,1.273,5.327,1.083,0.214
2018-08-24 22:45:00+0000,7,VALID,validation,5.668,1065,71,17,4,False,-0.9979,-0.0654,5.648,0.951,5.391,2.282,2.249
2018-08-24 23:00:00+0000,7,VALID,validation,5.517,1080,72,18,4,False,-1.0,-0.0,5.668,5.648,5.261,3.385,2.628
2018-08-24 23:15:00+0000,7,VALID,validation,5.609,1095,73,18,4,False,-0.9979,0.0654,5.517,5.668,5.504,4.446,2.331
2018-08-24 23:30:00+0000,7,VALID,validation,5.664,1110,74,18,4,False,-0.9914,0.1305,5.609,5.517,7.765,5.61,0.067
2018-08-24 23:45:00+0000,7,VALID,validation,5.402,1125,75,18,4,False,-0.9808,0.1951,5.664,5.609,6.798,5.614,0.07
2018-08-25 00:00:00+0000,7,VALID,holdout,5.341,1140,76,19,4,False,-0.9659,0.2588,5.402,5.664,5.676,5.548,0.115
2018-08-25 00:15:00+0000,7,VALID,holdout,5.334,1155,77,19,4,False,-0.9469,0.3214,5.341,5.402,5.636,5.504,0.157
2018-08-25 00:30:00+0000,7,VALID,holdout,5.175,1170,78,19,4,False,-0.9239,0.3827,5.334,5.341,5.559,5.435,0.156
2018-08-25 00:45:00+0000,7,VALID,holdout,5.247,1185,79,19,4,False,-0.8969,0.4423,5.175,5.334,5.628,5.313,0.097
2018-08-25 01:00:00+0000,7,VALID,holdout,5.229,1200,80,20,4,False,-0.866,0.5,5.247,5.175,6.417,5.274,0.079
2018-08-25 01:15:00+0000,7,VALID,holdout,5.182,1215,81,20,4,False,-0.8315,0.5556,5.229,5.247,6.117,5.246,0.066
2018-08-25 01:30:00+0000,7,VALID,holdout,5.192,1230,82,20,4,False,-0.7934,0.6088,5.182,5.229,6.81,5.208,0.035
2018-08-25 01:45:00+0000,7,VALID,holdout,5.166,1245,83,20,4,False,-0.7518,0.6593,5.192,5.182,6.055,5.212,0.031
2018-08-25 02:00:00+0000,7,VALID,holdout,5.123,1260,84,21,4,False,-0.7071,0.7071,5.166,5.192,5.735,5.192,0.027
2018-08-25 02:15:00+0000,7,VALID,holdout,2.505,1275,85,21,4,False,-0.6593,0.7518,5.123,5.166,4.139,5.166,0.03
2018-08-25 02:30:00+0000,7,VALID,holdout,2.34,1290,86,21,4,False,-0.6088,0.7934,2.505,5.123,2.906,4.496,1.328
2018-08-25 02:45:00+0000,7,VALID,holdout,5.007,1305,87,21,4,False,-0.5556,0.8315,2.34,2.505,4.321,3.783,1.573
2018-08-25 03:00:00+0000,7,VALID,holdout,0.87,1320,88,22,4,False,-0.5,0.866,5.007,2.34,2.5,3.744,1.528
2018-08-25 03:15:00+0000,7,VALID,holdout,0.863,1335,89,22,4,False,-0.4423,0.8969,0.87,5.007,1.171,2.68,1.716
2018-08-25 03:30:00+0000,7,VALID,holdout,5.213,1350,90,22,4,False,-0.3827,0.9239,0.863,0.87,1.086,2.27,1.952
2018-08-25 03:45:00+0000,7,VALID,holdout,1.123,1365,91,22,4,False,-0.3214,0.9469,5.213,0.863,0.858,2.988,2.451
2018-08-25 04:00:00+0000,7,VALID,holdout,0.949,1380,92,23,4,False,-0.2588,0.9659,1.123,5.213,0.839,2.017,2.134
2018-08-25 04:15:00+0000,7,VALID,holdout,4.752,1395,93,23,4,False,-0.1951,0.9808,0.949,1.123,0.87,2.037,2.12
2018-08-25 04:30:00+0000,7,VALID,holdout,1.269,1410,94,23,4,False,-0.1305,0.9914,4.752,0.949,0.784,3.009,2.287
2018-08-25 04:45:00+0000,7,VALID,holdout,0.909,1425,95,23,4,False,-0.0654,0.9979,1.269,4.752,0.827,2.023,1.824
2018-08-25 05:00:00+0000,7,VALID,holdout,0.79,0,0,0,5,True,0.0,1.0,0.909,1.269,2.626,1.97,1.862
2018-08-25 05:15:00+0000,7,VALID,holdout,3.923,15,1,0,5,True,0.0654,0.9979,0.79,0.909,4.831,1.93,1.892
2018-08-25 05:30:00+0000,7,VALID,holdout,4.796,30,2,0,5,True,0.1305,0.9914,3.923,0.79,4.895,1.723,1.481
2018-08-25 05:45:00+0000,7,VALID,holdout,0.878,45,3,0,5,True,0.1951,0.9808,4.796,3.923,4.89,2.604,2.058
2018-08-25 06:00:00+0000,7,VALID,holdout,0.92,60,4,1,5,True,0.2588,0.9659,0.878,4.796,4.801,2.597,2.067
2018-08-25 06:15:00+0000,7,VALID,holdout,0.755,75,5,1,5,True,0.3214,0.9469,0.92,0.878,4.084,2.629,2.03
2018-08-25 06:30:00+0000,7,VALID,holdout,0.817,90,6,1,5,True,0.3827,0.9239,0.755,0.92,3.568,1.837,1.974
2018-08-25 06:45:00+0000,7,VALID,holdout,0.799,105,7,1,5,True,0.4423,0.8969,0.817,0.755,2.066,0.842,0.072
2018-08-25 07:00:00+0000,7,VALID,holdout,0.778,120,8,2,5,True,0.5,0.866,0.799,0.817,0.821,0.823,0.07
2018-08-25 07:15:00+0000,7,VALID,holdout,2.549,135,9,2,5,True,0.5556,0.8315,0.778,0.799,0.677,0.787,0.027
2018-08-25 07:30:00+0000,7,VALID,holdout,4.61,150,10,2,5,True,0.6088,0.7934,2.549,0.778,4.403,1.236,0.876
2018-08-25 07:45:00+0000,7,VALID,holdout,1.863,165,11,2,5,True,0.6593,0.7518,4.61,2.549,0.967,2.184,1.818
2018-08-25 08:00:00+0000,7,VALID,holdout,1.542,180,12,3,5,True,0.7071,0.7071,1.863,4.61,0.99,2.45,1.614
2018-08-25 08:15:00+0000,7,VALID,holdout,0.657,195,13,3,5,True,0.7518,0.6593,1.542,1.863,1.169,2.641,1.378
2018-08-25 08:30:00+0000,7,VALID,holdout,1.102,210,14,3,5,True,0.7934,0.6088,0.657,1.542,4.44,2.168,1.706
2018-08-25 08:45:00+0000,7,VALID,holdout,1.093,225,15,3,5,True,0.8315,0.5556,1.102,0.657,0.837,1.291,0.525
2018-08-25 09:00:00+0000,7,VALID,holdout,0.673,240,16,4,5,True,0.866,0.5,1.093,1.102,0.716,1.098,0.361
2018-08-25 09:15:00+0000,7,VALID,holdout,0.972,255,17,4,5,True,0.8969,0.4423,0.673,1.093,0.683,0.881,0.25
2018-08-25 09:30:00+0000,7,VALID,holdout,4.545,270,18,4,5,True,0.9239,0.3827,0.972,0.673,4.433,0.96,0.2
2018-08-25 09:45:00+0000,7,VALID,holdout,4.536,285,19,4,5,True,0.9469,0.3214,4.545,0.972,0.928,1.821,1.825
2018-08-25 10:00:00+0000,7,VALID,holdout,3.112,300,20,5,5,True,0.9659,0.2588,4.536,4.545,0.586,2.681,2.15
2018-08-25 10:15:00+0000,7,VALID,holdout,0.675,315,21,5,5,True,0.9808,0.1951,3.112,4.536,0.698,3.291,1.686
2018-08-25 10:30:00+0000,7,VALID,holdout,0.665,330,22,5,5,True,0.9914,0.1305,0.675,3.112,1.839,3.217,1.824
2018-08-25 10:45:00+0000,7,VALID,holdout,0.668,345,23,5,5,True,0.9979,0.0654,0.665,0.675,2.955,2.247,1.912
2018-08-25 11:00:00+0000,7,VALID,holdout,0.664,360,24,6,5,True,1.0,0.0,0.668,0.665,0.673,1.28,1.221
2018-08-25 11:15:00+0000,7,VALID,holdout,0.751,375,25,6,5,True,0.9979,-0.0654,0.664,0.668,0.941,0.668,0.005
2018-08-25 11:30:00+0000,7,VALID,holdout,0.674,390,26,6,5,True,0.9914,-0.1305,0.751,0.664,4.287,0.687,0.043
2018-08-25 11:45:00+0000,7,VALID,holdout,0.649,405,27,6,5,True,0.9808,-0.1951,0.674,0.751,4.973,0.689,0.041
2018-08-25 12:00:00+0000,7,VALID,holdout,0.668,420,28,7,5,True,0.9659,-0.2588,0.649,0.674,2.834,0.684,0.046
2018-08-25 12:15:00+0000,7,VALID,holdout,0.661,435,29,7,5,True,0.9469,-0.3214,0.668,0.649,1.506,0.685,0.045
2018-08-25 12:30:00+0000,7,VALID,holdout,0.8,450,30,7,5,True,0.9239,-0.3827,0.661,0.668,2.444,0.663,0.011
2018-08-25 12:45:00+0000,7,VALID,holdout,4.506,465,31,7,5,True,0.8969,-0.4423,0.8,0.661,3.858,0.694,0.071
2018-08-25 13:00:00+0000,7,VALID,holdout,2.244,480,32,8,5,True,0.866,-0.5,4.506,0.8,1.03,1.659,1.899
2018-08-25 13:15:00+0000,7,VALID,holdout,0.626,495,33,8,5,True,0.8315,-0.5556,2.244,4.506,0.98,2.053,1.785
2018-08-25 13:30:00+0000,7,VALID,holdout,0.758,510,34,8,5,True,0.7934,-0.6088,0.626,2.244,1.045,2.044,1.794
2018-08-25 13:45:00+0000,7,VALID,holdout,0.834,525,35,8,5,True,0.7518,-0.6593,0.758,0.626,0.978,2.033,1.804
2018-08-25 14:00:00+0000,7,VALID,holdout,0.874,540,36,9,5,True,0.7071,-0.7071,0.834,0.758,0.948,1.115,0.757
2018-08-25 14:15:00+0000,7,VALID,holdout,1.021,555,37,9,5,True,0.6593,-0.7518,0.874,0.834,0.948,0.773,0.109
2018-08-25 14:30:00+0000,7,VALID,holdout,4.902,570,38,9,5,True,0.6088,-0.7934,1.021,0.874,2.446,0.872,0.111
2018-08-25 14:45:00+0000,7,VALID,holdout,3.116,585,39,9,5,True,0.5556,-0.8315,4.902,1.021,4.949,1.908,1.998
2018-08-25 15:00:00+0000,7,VALID,holdout,0.918,600,40,10,5,True,0.5,-0.866,3.116,4.902,4.078,2.478,1.913
2018-08-25 15:15:00+0000,7,VALID,holdout,0.877,615,41,10,5,True,0.4423,-0.8969,0.918,3.116,1.036,2.489,1.901
2018-08-25 15:30:00+0000,7,VALID,holdout,0.915,630,42,10,5,True,0.3827,-0.9239,0.877,0.918,0.857,2.453,1.939
2018-08-25 15:45:00+0000,7,VALID,holdout,4.503,645,43,10,5,True,0.3214,-0.9469,0.915,0.877,1.677,1.456,1.106
2018-08-25 16:00:00+0000,7,VALID,holdout,5.331,660,44,11,5,True,0.2588,-0.9659,4.503,0.915,5.267,1.803,1.8
2018-08-25 16:15:00+0000,7,VALID,holdout,5.619,675,45,11,5,True,0.1951,-0.9808,5.331,4.503,5.182,2.906,2.346
2018-08-25 16:30:00+0000,7,VALID,holdout,5.641,690,46,11,5,True,0.1305,-0.9914,5.619,5.331,1.798,4.092,2.17
2018-08-25 16:45:00+0000,7,VALID,holdout,5.637,705,47,11,5,True,0.0654,-0.9979,5.641,5.619,2.624,5.273,0.533
2018-08-25 17:00:00+0000,7,VALID,holdout,5.968,720,48,12,5,True,0.0,-1.0,5.637,5.641,3.736,5.557,0.151
2018-08-25 17:15:00+0000,7,VALID,holdout,5.943,735,49,12,5,True,-0.0654,-0.9979,5.968,5.637,0.988,5.716,0.168
2018-08-25 17:30:00+0000,7,VALID,holdout,5.571,750,50,12,5,True,-0.1305,-0.9914,5.943,5.968,4.635,5.797,0.183
2018-08-25 17:45:00+0000,7,VALID,holdout,5.544,765,51,12,5,True,-0.1951,-0.9808,5.571,5.943,5.544,5.78,0.205
2018-08-25 18:00:00+0000,7,VALID,holdout,5.437,780,52,13,5,True,-0.2588,-0.9659,5.544,5.571,4.22,5.756,0.23
2018-08-25 18:15:00+0000,7,VALID,holdout,3.782,795,53,13,5,True,-0.3214,-0.9469,5.437,5.544,0.906,5.624,0.221
2018-08-25 18:30:00+0000,7,VALID,holdout,2.27,810,54,13,5,True,-0.3827,-0.9239,3.782,5.437,0.975,5.083,0.87
2018-08-25 18:45:00+0000,7,VALID,holdout,4.788,825,55,13,5,True,-0.4423,-0.8969,2.27,3.782,5.471,4.258,1.552
2018-08-25 19:00:00+0000,7,VALID,holdout,1.954,840,56,14,5,True,-0.5,-0.866,4.788,2.27,2.112,4.069,1.379
2018-08-25 19:15:00+0000,7,VALID,holdout,5.283,855,57,14,5,True,-0.5556,-0.8315,1.954,4.788,5.607,3.198,1.326
2018-08-25 19:30:00+0000,7,VALID,holdout,1.862,870,58,14,5,True,-0.6088,-0.7934,5.283,1.954,5.449,3.574,1.705
2018-08-25 19:45:00+0000,7,VALID,holdout,5.326,885,59,14,5,True,-0.6593,-0.7518,1.862,5.283,5.589,3.472,1.817
2018-08-25 20:00:00+0000,7,VALID,holdout,1.91,900,60,15,5,True,-0.7071,-0.7071,5.326,1.862,5.456,3.606,1.961
2018-08-25 20:15:00+0000,7,VALID,holdout,5.861,915,61,15,5,True,-0.7518,-0.6593,1.91,5.326,5.476,3.595,1.974
2018-08-25 20:30:00+0000,7,VALID,holdout,6.78,930,62,15,5,True,-0.7934,-0.6088,5.861,1.91,3.609,3.74,2.152
2018-08-25 20:45:00+0000,7,VALID,holdout,6.182,945,63,15,5,True,-0.8315,-0.5556,6.78,5.861,0.709,4.969,2.126
2018-08-25 21:00:00+0000,7,VALID,holdout,6.767,960,64,16,5,True,-0.866,-0.5,6.182,6.78,0.82,5.183,2.215
2018-08-25 21:15:00+0000,7,VALID,holdout,5.688,975,65,16,5,True,-0.8969,-0.4423,6.767,6.182,0.765,6.397,0.454
2018-08-25 21:30:00+0000,7,VALID,holdout,5.795,990,66,16,5,True,-0.9239,-0.3827,5.688,6.767,0.852,6.354,0.524
2018-08-25 21:45:00+0000,7,VALID,holdout,5.534,1005,67,16,5,True,-0.9469,-0.3214,5.795,5.688,1.257,6.108,0.488
2018-08-25 22:00:00+0000,7,VALID,holdout,5.419,1020,68,17,5,True,-0.9659,-0.2588,5.534,5.795,1.273,5.946,0.558
2018-08-25 22:15:00+0000,7,VALID,holdout,5.444,1035,69,17,5,True,-0.9808,-0.1951,5.419,5.534,0.951,5.609,0.166
2018-08-25 22:30:00+0000,7,VALID,holdout,5.418,1050,70,17,5,True,-0.9914,-0.1305,5.444,5.419,5.648,5.548,0.172
2018-08-25 22:45:00+0000,7,VALID,holdout,5.346,1065,71,17,5,True,-0.9979,-0.0654,5.418,5.444,5.668,5.454,0.055
2018-08-25 23:00:00+0000,7,VALID,holdout,5.451,1080,72,18,5,True,-1.0,-0.0,5.346,5.418,5.517,5.407,0.042
2018-08-25 23:15:00+0000,7,VALID,holdout,5.793,1095,73,18,5,True,-0.9979,0.0654,5.451,5.346,5.609,5.415,0.048
2018-08-25 23:30:00+0000,7,VALID,holdout,4.592,1110,74,18,5,True,-0.9914,0.1305,5.793,5.451,5.664,5.502,0.199
2018-08-25 23:45:00+0000,7,VALID,holdout,5.305,1125,75,18,5,True,-0.9808,0.1951,4.592,5.793,5.402,5.295,0.506
2018-08-26 00:00:00+0000,7,MISSING,holdout,,1140,76,19,5,True,-0.9659,0.2588,5.305,4.592,5.341,5.285,0.505
2018-08-23 00:00:00+0000,8,VALID,train,2.444,1140,76,19,2,False,-0.9659,0.2588,,,,,
2018-08-23 00:15:00+0000,8,VALID,train,3.921,1155,77,19,2,False,-0.9469,0.3214,2.444,,,,
2018-08-23 00:30:00+0000,8,VALID,train,2.543,1170,78,19,2,False,-0.9239,0.3827,3.921,2.444,,,
2018-08-23 00:45:00+0000,8,VALID,train,2.2,1185,79,19,2,False,-0.8969,0.4423,2.543,3.921,,,
2018-08-23 01:00:00+0000,8,VALID,train,4.254,1200,80,20,2,False,-0.866,0.5,2.2,2.543,,2.777,0.776
2018-08-23 01:15:00+0000,8,VALID,train,4.161,1215,81,20,2,False,-0.8315,0.5556,4.254,2.2,,3.23,1.01
2018-08-23 01:30:00+0000,8,VALID,train,4.181,1230,82,20,2,False,-0.7934,0.6088,4.161,4.254,,3.29,1.07
2018-08-23 01:45:00+0000,8,VALID,train,4.105,1245,83,20,2,False,-0.7518,0.6593,4.181,4.161,,3.699,1.0
2018-08-23 02:00:00+0000,8,VALID,train,4.134,1260,84,21,2,False,-0.7071,0.7071,4.105,4.181,,4.175,0.062
2018-08-23 02:15:00+0000,8,VALID,train,3.989,1275,85,21,2,False,-0.6593,0.7518,4.134,4.105,,4.145,0.033
2018-08-23 02:30:00+0000,8,VALID,train,3.949,1290,86,21,2,False,-0.6088,0.7934,3.989,4.134,,4.102,0.082
2018-08-23 02:45:00+0000,8,VALID,train,3.902,1305,87,21,2,False,-0.5556,0.8315,3.949,3.989,,4.044,0.089
2018-08-23 03:00:00+0000,8,VALID,train,3.907,1320,88,22,2,False,-0.5,0.866,3.902,3.949,,3.994,0.1
2018-08-23 03:15:00+0000,8,VALID,train,3.998,1335,89,22,2,False,-0.4423,0.8969,3.907,3.902,,3.937,0.041
2018-08-23 03:30:00+0000,8,VALID,train,3.859,1350,90,22,2,False,-0.3827,0.9239,3.998,3.907,,3.939,0.045
2018-08-23 03:45:00+0000,8,VALID,train,3.862,1365,91,22,2,False,-0.3214,0.9469,3.859,3.998,,3.916,0.058
2018-08-23 04:00:00+0000,8,VALID,train,3.849,1380,92,23,2,False,-0.2588,0.9659,3.862,3.859,,3.906,0.065
2018-08-23 04:15:00+0000,8,VALID,train,3.86,1395,93,23,2,False,-0.1951,0.9808,3.849,3.862,,3.892,0.071
2018-08-23 04:30:00+0000,8,VALID,train,3.857,1410,94,23,2,False,-0.1305,0.9914,3.86,3.849,,3.858,0.006
2018-08-23 04:45:00+0000,8,VALID,train,3.77,1425,95,23,2,False,-0.0654,0.9979,3.857,3.86,,3.857,0.006
2018-08-23 05:00:00+0000,8,VALID,train,2.064,0,0,0,3,False,0.0,1.0,3.77,3.857,,3.834,0.043
2018-08-23 05:15:00+0000,8,VALID,train,3.738,15,1,0,3,False,0.0654,0.9979,2.064,3.77,,3.388,0.883
2018-08-23 05:30:00+0000,8,VALID,train,2.295,30,2,0,3,False,0.1305,0.9914,3.738,2.064,,3.357,0.864
2018-08-23 05:45:00+0000,8,VALID,train,3.086,45,3,0,3,False,0.1951,0.9808,2.295,3.738,,2.967,0.914
2018-08-23 06:00:00+0000,8,VALID,train,2.828,60,4,1,3,False,0.2588,0.9659,3.086,2.295,,2.796,0.766
2018-08-23 06:15:00+0000,8,VALID,train,2.021,75,5,1,3,False,0.3214,0.9469,2.828,3.086,,2.987,0.599
2018-08-23 06:30:00+0000,8,VALID,train,3.456,90,6,1,3,False,0.3827,0.9239,2.021,2.828,,2.558,0.486
2018-08-23 06:45:00+0000,8,VALID,train,2.188,105,7,1,3,False,0.4423,0.8969,3.456,2.021,,2.848,0.608
2018-08-23 07:00:00+0000,8,VALID,train,1.923,120,8,2,3,False,0.5,0.866,2.188,3.456,,2.623,0.655
2018-08-23 07:15:00+0000,8,VALID,train,2.594,135,9,2,3,False,0.5556,0.8315,1.923,2.188,,2.397,0.714
2018-08-23 07:30:00+0000,8,VALID,train,2.704,150,10,2,3,False,0.6088,0.7934,2.594,1.923,,2.54,0.67
2018-08-23 07:45:00+0000,8,VALID,train,1.696,165,11,2,3,False,0.6593,0.7518,2.704,2.594,,2.352,0.362
2018-08-23 08:00:00+0000,8,VALID,train,1.695,180,12,3,3,False,0.7071,0.7071,1.696,2.704,,2.229,0.496
2018-08-23 08:15:00+0000,8,VALID,train,2.458,195,13,3,3,False,0.7518,0.6593,1.695,1.696,,2.172,0.552
2018-08-23 08:30:00+0000,8,VALID,train,4.867,210,14,3,3,False,0.7934,0.6088,2.458,1.695,,2.138,0.521
2018-08-23 08:45:00+0000,8,VALID,train,5.335,225,15,3,3,False,0.8315,0.5556,4.867,2.458,,2.679,1.502
2018-08-23 09:00:00+0000,8,VALID,train,5.099,240,16,4,3,False,0.866,0.5,5.335,4.867,,3.589,1.784
2018-08-23 09:15:00+0000,8,VALID,train,5.913,255,17,4,3,False,0.8969,0.4423,5.099,5.335,,4.44,1.335
2018-08-23 09:30:00+0000,8,VALID,train,3.342,270,18,4,3,False,0.9239,0.3827,5.913,5.099,,5.304,0.449
2018-08-23 09:45:00+0000,8,VALID,train,1.085,285,19,4,3,False,0.9469,0.3214,3.342,5.913,,4.922,1.108
2018-08-23 10:00:00+0000,8,VALID,train,1.358,300,20,5,3,False,0.9659,0.2588,1.085,3.342,,3.86,2.138
2018-08-23 10:15:00+0000,8,VALID,train,2.222,315,21,5,3,False,0.9808,0.1951,1.358,1.085,,2.924,2.232
2018-08-23 10:30:00+0000,8,VALID,train,0.181,330,22,5,3,False,0.9914,0.1305,2.222,1.358,,2.002,1.016
2018-08-23 10:45:00+0000,8,VALID,train,0.25,345,23,5,3,False,0.9979,0.0654,0.181,2.222,,1.211,0.841
2018-08-23 11:00:00+0000,8,VALID,train,0.255,360,24,6,3,False,1.0,0.0,0.25,0.181,,1.003,0.975
2018-08-23 11:15:00+0000,8,VALID,train,0.601,375,25,6,3,False,0.9979,-0.0654,0.255,0.25,,0.727,0.997
2018-08-23 11:30:00+0000,8,VALID,train,0.365,390,26,6,3,False,0.9914,-0.1305,0.601,0.255,,0.322,0.189
2018-08-23 11:45:00+0000,8,VALID,train,0.216,405,27,6,3,False,0.9808,-0.1951,0.365,0.601,,0.368,0.164
2018-08-23 12:00:00+0000,8,VALID,train,0.193,420,28,7,3,False,0.9659,-0.2588,0.216,0.365,,0.359,0.173
2018-08-23 12:15:00+0000,8,VALID,train,0.182,435,29,7,3,False,0.9469,-0.3214,0.193,0.216,,0.344,0.188
2018-08-23 12:30:00+0000,8,VALID,train,0.181,450,30,7,3,False,0.9239,-0.3827,0.182,0.193,,0.239,0.085
2018-08-23 12:45:00+0000,8,VALID,train,0.181,465,31,7,3,False,0.8969,-0.4423,0.181,0.182,,0.193,0.016
2018-08-23 13:00:00+0000,8,VALID,train,0.164,480,32,8,3,False,0.866,-0.5,0.181,0.181,,0.184,0.006
2018-08-23 13:15:00+0000,8,VALID,train,0.443,495,33,8,3,False,0.8315,-0.5556,0.164,0.181,,0.177,0.009
2018-08-23 13:30:00+0000,8,VALID,train,0.228,510,34,8,3,False,0.7934,-0.6088,0.443,0.164,,0.242,0.134
2018-08-23 13:45:00+0000,8,VALID,train,0.43,525,35,8,3,False,0.7518,-0.6593,0.228,0.443,,0.254,0.129
2018-08-23 14:00:00+0000,8,VALID,train,0.295,540,36,9,3,False,0.7071,-0.7071,0.43,0.228,,0.316,0.141
2018-08-23 14:15:00+0000,8,VALID,train,0.339,555,37,9,3,False,0.6593,-0.7518,0.295,0.43,,0.349,0.105
2018-08-23 14:30:00+0000,8,VALID,train,3.827,570,38,9,3,False,0.6088,-0.7934,0.339,0.295,,0.323,0.085
2018-08-23 14:45:00+0000,8,VALID,train,2.855,585,39,9,3,False,0.5556,-0.8315,3.827,0.339,,1.223,1.737
2018-08-23 15:00:00+0000,8,VALID,train,1.402,600,40,10,3,False,0.5,-0.866,2.855,3.827,,1.829,1.791
2018-08-23 15:15:00+0000,8,VALID,train,0.24,615,41,10,3,False,0.4423,-0.8969,1.402,2.855,,2.106,1.543
2018-08-23 15:30:00+0000,8,VALID,train,0.098,630,42,10,3,False,0.3827,-0.9239,0.24,1.402,,2.081,1.581
2018-08-23 15:45:00+0000,8,VALID,train,0.16,645,43,10,3,False,0.3214,-0.9469,0.098,0.24,,1.149,1.279
2018-08-23 16:00:00+0000,8,VALID,train,0.179,660,44,11,3,False,0.2588,-0.9659,0.16,0.098,,0.475,0.621
2018-08-23 16:15:00+0000,8,VALID,train,0.427,675,45,11,3,False,0.1951,-0.9808,0.179,0.16,,0.169,0.058
2018-08-23 16:30:00+0000,8,VALID,train,3.698,690,46,11,3,False,0.1305,-0.9914,0.427,0.179,,0.216,0.145
2018-08-23 16:45:00+0000,8,VALID,train,0.835,705,47,11,3,False,0.0654,-0.9979,3.698,0.427,,1.116,1.726
2018-08-23 17:00:00+0000,8,VALID,train,0.346,720,48,12,3,False,0.0,-1.0,0.835,3.698,,1.285,1.631
2018-08-23 17:15:00+0000,8,VALID,train,1.849,735,49,12,3,False,-0.0654,-0.9979,0.346,0.835,,1.326,1.595
2018-08-23 17:30:00+0000,8,VALID,train,4.025,750,50,12,3,False,-0.1305,-0.9914,1.849,0.346,,1.682,1.483
2018-08-23 17:45:00+0000,8,VALID,train,1.443,765,51,12,3,False,-0.1951,-0.9808,4.025,1.849,,1.764,1.632
2018-08-23 18:00:00+0000,8,VALID,train,0.471,780,52,13,3,False,-0.2588,-0.9659,1.443,4.025,,1.916,1.543
2018-08-23 18:15:00+0000,8,VALID,train,1.934,795,53,13,3,False,-0.3214,-0.9469,0.471,1.443,,1.947,1.501
2018-08-23 18:30:00+0000,8,VALID,train,3.352,810,54,13,3,False,-0.3827,-0.9239,1.934,0.471,,1.968,1.5
2018-08-23 18:45:00+0000,8,VALID,train,2.911,825,55,13,3,False,-0.4423,-0.8969,3.352,1.934,,1.8,1.2
2018-08-23 19:00:00+0000,8,VALID,train,4.356,840,56,14,3,False,-0.5,-0.866,2.911,3.352,,2.167,1.277
2018-08-23 19:15:00+0000,8,VALID,train,3.009,855,57,14,3,False,-0.5556,-0.8315,4.356,2.911,,3.138,1.005
2018-08-23 19:30:00+0000,8,VALID,train,4.245,870,58,14,3,False,-0.6088,-0.7934,3.009,4.356,,3.407,0.66
2018-08-23 19:45:00+0000,8,VALID,train,3.049,885,59,14,3,False,-0.6593,-0.7518,4.245,3.009,,3.63,0.776
2018-08-23 20:00:00+0000,8,VALID,train,3.684,900,60,15,3,False,-0.7071,-0.7071,3.049,4.245,,3.665,0.736
2018-08-23 20:15:00+0000,8,VALID,train,5.49,915,61,15,3,False,-0.7518,-0.6593,3.684,3.049,,3.497,0.587
2018-08-23 20:30:00+0000,8,VALID,train,5.001,930,62,15,3,False,-0.7934,-0.6088,5.49,3.684,,4.117,1.038
2018-08-23 20:45:00+0000,8,VALID,train,4.129,945,63,15,3,False,-0.8315,-0.5556,5.001,5.49,,4.306,1.133
2018-08-23 21:00:00+0000,8,VALID,train,7.15,960,64,16,3,False,-0.866,-0.5,4.129,5.001,,4.576,0.819
2018-08-23 21:15:00+0000,8,VALID,train,7.302,975,65,16,3,False,-0.8969,-0.4423,7.15,4.129,,5.442,1.27
2018-08-23 21:30:00+0000,8,VALID,train,4.695,990,66,16,3,False,-0.9239,-0.3827,7.302,7.15,,5.896,1.578
2018-08-23 21:45:00+0000,8,VALID,train,4.677,1005,67,16,3,False,-0.9469,-0.3214,4.695,7.302,,5.819,1.642
2018-08-23 22:00:00+0000,8,VALID,train,5.375,1020,68,17,3,False,-0.9659,-0.2588,4.677,4.695,,5.956,1.468
2018-08-23 22:15:00+0000,8,VALID,train,3.034,1035,69,17,3,False,-0.9808,-0.1951,5.375,4.677,,5.512,1.237
2018-08-23 22:30:00+0000,8,VALID,train,4.261,1050,70,17,3,False,-0.9914,-0.1305,3.034,5.375,,4.445,0.995
2018-08-23 22:45:00+0000,8,VALID,train,1.808,1065,71,17,3,False,-0.9979,-0.0654,4.261,3.034,,4.337,0.983
2018-08-23 23:00:00+0000,8,VALID,train,2.981,1080,72,18,3,False,-1.0,-0.0,1.808,4.261,,3.62,1.54
2018-08-23 23:15:00+0000,8,VALID,train,3.878,1095,73,18,3,False,-0.9979,0.0654,2.981,1.808,,3.021,1.002
2018-08-23 23:30:00+0000,8,VALID,train,3.527,1110,74,18,3,False,-0.9914,0.1305,3.878,2.981,,3.232,1.09
2018-08-23 23:45:00+0000,8,VALID,train,2.924,1125,75,18,3,False,-0.9808,0.1951,3.527,3.878,,3.048,0.906
2018-08-24 00:00:00+0000,8,VALID,validation,2.664,1140,76,19,3,False,-0.9659,0.2588,2.924,3.527,2.444,3.327,0.457
2018-08-24 00:15:00+0000,8,VALID,validation,4.083,1155,77,19,3,False,-0.9469,0.3214,2.664,2.924,3.921,3.248,0.554
2018-08-24 00:30:00+0000,8,VALID,validation,2.288,1170,78,19,3,False,-0.9239,0.3827,4.083,2.664,2.543,3.3,0.635
2018-08-24 00:45:00+0000,8,VALID,validation,2.549,1185,79,19,3,False,-0.8969,0.4423,2.288,4.083,2.2,2.99,0.774
2018-08-24 01:00:00+0000,8,VALID,validation,4.028,1200,80,20,3,False,-0.866,0.5,2.549,2.288,4.254,2.896,0.807
2018-08-24 01:15:00+0000,8,VALID,validation,2.517,1215,81,20,3,False,-0.8315,0.5556,4.028,2.549,4.161,3.237,0.951
2018-08-24 01:30:00+0000,8,VALID,validation,2.881,1230,82,20,3,False,-0.7934,0.6088,2.517,4.028,4.181,2.845,0.797
2018-08-24 01:45:00+0000,8,VALID,validation,4.117,1245,83,20,3,False,-0.7518,0.6593,2.881,2.517,4.105,2.994,0.709
2018-08-24 02:00:00+0000,8,VALID,validation,4.04,1260,84,21,3,False,-0.7071,0.7071,4.117,2.881,4.134,3.386,0.808
2018-08-24 02:15:00+0000,8,VALID,validation,2.457,1275,85,21,3,False,-0.6593,0.7518,4.04,4.117,3.989,3.389,0.811
2018-08-24 02:30:00+0000,8,VALID,validation,2.794,1290,86,21,3,False,-0.6088,0.7934,2.457,4.04,3.949,3.374,0.833
2018-08-24 02:45:00+0000,8,VALID,validation,1.186,1305,87,21,3,False,-0.5556,0.8315,2.794,2.457,3.902,3.352,0.851
2018-08-24 03:00:00+0000,8,VALID,validation,1.729,1320,88,22,3,False,-0.5,0.866,1.186,2.794,3.907,2.619,1.173
2018-08-24 03:15:00+0000,8,VALID,validation,2.374,1335,89,22,3,False,-0.4423,0.8969,1.729,1.186,3.998,2.042,0.723
2018-08-24 03:30:00+0000,8,VALID,validation,1.184,1350,90,22,3,False,-0.3827,0.9239,2.374,1.729,3.859,2.021,0.708
2018-08-24 03:45:00+0000,8,VALID,validation,1.269,1365,91,22,3,False,-0.3214,0.9469,1.184,2.374,3.862,1.618,0.565
2018-08-24 04:00:00+0000,8,VALID,validation,2.076,1380,92,23,3,False,-0.2588,0.9659,1.269,1.184,3.849,1.639,0.545
2018-08-24 04:15:00+0000,8,VALID,validation,1.792,1395,93,23,3,False,-0.1951,0.9808,2.076,1.269,3.86,1.726,0.59
2018-08-24 04:30:00+0000,8,VALID,validation,0.532,1410,94,23,3,False,-0.1305,0.9914,1.792,2.076,3.857,1.58,0.426
2018-08-24 04:45:00+0000,8,VALID,validation,2.086,1425,95,23,3,False,-0.0654,0.9979,0.532,1.792,3.77,1.417,0.678
2018-08-24 05:00:00+0000,8,VALID,validation,1.609,0,0,0,4,False,0.0,1.0,2.086,0.532,2.064,1.622,0.739
2018-08-24 05:15:00+0000,8,VALID,validation,0.507,15,1,0,4,False,0.0654,0.9979,1.609,2.086,3.738,1.505,0.678
2018-08-24 05:30:00+0000,8,VALID,validation,1.878,30,2,0,4,False,0.1305,0.9914,0.507,1.609,2.295,1.184,0.791
2018-08-24 05:45:00+0000,8,VALID,validation,1.372,45,3,0,4,False,0.1951,0.9808,1.878,0.507,3.086,1.52,0.703
2018-08-24 06:00:00+0000,8,VALID,validation,0.72,60,4,1,4,False,0.2588,0.9659,1.372,1.878,2.828,1.342,0.593
2018-08-24 06:15:00+0000,8,VALID,validation,1.762,75,5,1,4,False,0.3214,0.9469,0.72,1.372,2.021,1.119,0.626
2018-08-24 06:30:00+0000,8,VALID,validation,0.882,90,6,1,4,False,0.3827,0.9239,1.762,0.72,3.456,1.433,0.522
2018-08-24 06:45:00+0000,8,VALID,validation,1.053,105,7,1,4,False,0.4423,0.8969,0.882,1.762,2.188,1.184,0.475
2018-08-24 07:00:00+0000,8,VALID,validation,1.625,120,8,2,4,False,0.5,0.866,1.053,0.882,1.923,1.104,0.459
2018-08-24 07:15:00+0000,8,VALID,validation,0.137,135,9,2,4,False,0.5556,0.8315,1.625,1.053,2.594,1.33,0.429
2018-08-24 07:30:00+0000,8,VALID,validation,1.527,150,10,2,4,False,0.6088,0.7934,0.137,1.625,2.704,0.924,0.614
2018-08-24 07:45:00+0000,8,VALID,validation,1.178,165,11,2,4,False,0.6593,0.7518,1.527,0.137,1.696,1.086,0.68
2018-08-24 08:00:00+0000,8,VALID,validation,0.589,180,12,3,4,False,0.7071,0.7071,1.178,1.527,1.695,1.117,0.681
2018-08-24 08:15:00+0000,8,VALID,validation,1.608,195,13,3,4,False,0.7518,0.6593,0.589,1.178,2.458,0.858,0.617
2018-08-24 08:30:00+0000,8,VALID,validation,0.185,210,14,3,4,False,0.7934,0.6088,1.608,0.589,4.867,1.226,0.464
2018-08-24 08:45:00+0000,8,VALID,validation,1.569,225,15,3,4,False,0.8315,0.5556,0.185,1.608,5.335,0.89,0.629
2018-08-24 09:00:00+0000,8,VALID,validation,0.184,240,16,4,4,False,0.866,0.5,1.569,0.185,5.099,0.988,0.713
2018-08-24 09:15:00+0000,8,VALID,validation,2.794,255,17,4,4,False,0.8969,0.4423,0.184,1.569,5.913,0.887,0.811
2018-08-24 09:30:00+0000,8,VALID,validation,2.28,270,18,4,4,False,0.9239,0.3827,2.794,0.184,3.342,1.183,1.257
2018-08-24 09:45:00+0000,8,VALID,validation,2.633,285,19,4,4,False,0.9469,0.3214,2.28,2.794,1.085,1.707,1.133
2018-08-24 10:00:00+0000,8,VALID,validation,0.187,300,20,5,4,False,0.9659,0.2588,2.633,2.28,1.358,1.973,1.212
2018-08-24 10:15:00+0000,8,VALID,validation,0.342,315,21,5,4,False,0.9808,0.1951,0.187,2.633,2.222,1.974,1.21
2018-08-24 10:30:00+0000,8,VALID,validation,1.386,330,22,5,4,False,0.9914,0.1305,0.342,0.187,0.181,1.36,1.275
2018-08-24 10:45:00+0000,8,VALID,validation,0.263,345,23,5,4,False,0.9979,0.0654,1.386,0.342,0.25,1.137,1.131
2018-08-24 11:00:00+0000,8,VALID,validation,1.649,360,24,6,4,False,1.0,0.0,0.263,1.386,0.255,0.544,0.565
2018-08-24 11:15:00+0000,8,VALID,validation,0.378,375,25,6,4,False,0.9979,-0.0654,1.649,0.263,0.601,0.91,0.71
2018-08-24 11:30:00+0000,8,VALID,validation,0.779,390,26,6,4,False,0.9914,-0.1305,0.378,1.649,0.365,0.919,0.701
2018-08-24 11:45:00+0000,8,VALID,validation,0.978,405,27,6,4,False,0.9808,-0.1951,0.779,0.378,0.216,0.767,0.628
2018-08-24 12:00:00+0000,8,VALID,validation,0.241,420,28,7,4,False,0.9659,-0.2588,0.978,0.779,0.193,0.946,0.531
2018-08-24 12:15:00+0000,8,VALID,validation,1.395,435,29,7,4,False,0.9469,-0.3214,0.241,0.978,0.182,0.594,0.343
2018-08-24 12:30:00+0000,8,VALID,validation,0.127,450,30,7,4,False,0.9239,-0.3827,1.395,0.241,0.181,0.848,0.479
2018-08-24 12:45:00+0000,8,VALID,validation,0.194,465,31,7,4,False,0.8969,-0.4423,0.127,1.395,0.181,0.685,0.605
2018-08-24 13:00:00+0000,8,VALID,validation,0.185,480,32,8,4,False,0.866,-0.5,0.194,0.127,0.164,0.489,0.606
2018-08-24 13:15:00+0000,8,VALID,validation,0.179,495,33,8,4,False,0.8315,-0.5556,0.185,0.194,0.443,0.475,0.614
2018-08-24 13:30:00+0000,8,VALID,validation,0.281,510,34,8,4,False,0.7934,-0.6088,0.179,0.185,0.228,0.171,0.03
2018-08-24 13:45:00+0000,8,VALID,validation,0.496,525,35,8,4,False,0.7518,-0.6593,0.281,0.179,0.43,0.21,0.048
2018-08-24 14:00:00+0000,8,VALID,validation,0.496,540,36,9,4,False,0.7071,-0.7071,0.496,0.281,0.295,0.285,0.148
2018-08-24 14:15:00+0000,8,VALID,validation,1.158,555,37,9,4,False,0.6593,-0.7518,0.496,0.496,0.339,0.363,0.159
2018-08-24 14:30:00+0000,8,VALID,validation,0.889,570,38,9,4,False,0.6088,-0.7934,1.158,0.496,3.827,0.608,0.381
2018-08-24 14:45:00+0000,8,VALID,validation,0.619,585,39,9,4,False,0.5556,-0.8315,0.889,1.158,2.855,0.76,0.324
2018-08-24 15:00:00+0000,8,VALID,validation,0.963,600,40,10,4,False,0.5,-0.866,0.619,0.889,1.402,0.79,0.295
2018-08-24 15:15:00+0000,8,VALID,validation,0.526,615,41,10,4,False,0.4423,-0.8969,0.963,0.619,0.24,0.907,0.223
2018-08-24 15:30:00+0000,8,VALID,validation,0.529,630,42,10,4,False,0.3827,-0.9239,0.526,0.963,0.098,0.749,0.21
2018-08-24 15:45:00+0000,8,VALID,validation,0.411,645,43,10,4,False,0.3214,-0.9469,0.529,0.526,0.16,0.659,0.207
2018-08-24 16:00:00+0000,8,VALID,validation,0.161,660,44,11,4,False,0.2588,-0.9659,0.411,0.529,0.179,0.607,0.243
2018-08-24 16:15:00+0000,8,VALID,validation,0.156,675,45,11,4,False,0.1951,-0.9808,0.161,0.411,0.427,0.407,0.173
2018-08-24 16:30:00+0000,8,VALID,validation,0.119,690,46,11,4,False,0.1305,-0.9914,0.156,0.161,3.698,0.314,0.186
2018-08-24 16:45:00+0000,8,VALID,validation,0.116,705,47,11,4,False,0.0654,-0.9979,0.119,0.156,0.835,0.212,0.134
2018-08-24 17:00:00+0000,8,VALID,validation,0.594,720,48,12,4,False,0.0,-1.0,0.116,0.119,0.346,0.138,0.024
2018-08-24 17:15:00+0000,8,VALID,validation,2.158,735,49,12,4,False,-0.0654,-0.9979,0.594,0.116,1.849,0.246,0.233
2018-08-24 17:30:00+0000,8,VALID,validation,0.819,750,50,12,4,False,-0.1305,-0.9914,2.158,0.594,4.025,0.747,0.967
2018-08-24 17:45:00+0000,8,VALID,validation,1.677,765,51,12,4,False,-0.1951,-0.9808,0.819,2.158,1.443,0.922,0.875
2018-08-24 18:00:00+0000,8,VALID,validation,1.68,780,52,13,4,False,-0.2588,-0.9659,1.677,0.819,0.471,1.312,0.732
2018-08-24 18:15:00+0000,8,VALID,validation,0.262,795,53,13,4,False,-0.3214,-0.9469,1.68,1.677,1.934,1.584,0.558
2018-08-24 18:30:00+0000,8,VALID,validation,1.783,810,54,13,4,False,-0.3827,-0.9239,0.262,1.68,3.352,1.11,0.695
2018-08-24 18:45:00+0000,8,VALID,validation,1.155,825,55,13,4,False,-0.4423,-0.8969,1.783,0.262,2.911,1.35,0.727
2018-08-24 19:00:00+0000,8,VALID,validation,0.913,840,56,14,4,False,-0.5,-0.866,1.155,1.783,4.356,1.22,0.695
2018-08-24 19:15:00+0000,8,VALID,validation,2.014,855,57,14,4,False,-0.5556,-0.8315,0.913,1.155,3.009,1.028,0.629
2018-08-24 19:30:00+0000,8,VALID,validation,1.826,870,58,14,4,False,-0.6088,-0.7934,2.014,0.913,4.245,1.466,0.517
2018-08-24 19:45:00+0000,8,VALID,validation,1.983,885,59,14,4,False,-0.6593,-0.7518,1.826,2.014,3.049,1.477,0.527
2018-08-24 20:00:00+0000,8,VALID,validation,2.621,900,60,15,4,False,-0.7071,-0.7071,1.983,1.826,3.684,1.684,0.521
2018-08-24 20:15:00+0000,8,VALID,validation,2.025,915,61,15,4,False,-0.7518,-0.6593,2.621,1.983,5.49,2.111,0.35
2018-08-24 20:30:00+0000,8,VALID,validation,2.283,930,62,15,4,False,-0.7934,-0.6088,2.025,2.621,5.001,2.114,0.349
2018-08-24 20:45:00+0000,8,VALID,validation,2.361,945,63,15,4,False,-0.8315,-0.5556,2.283,2.025,4.129,2.228,0.294
2018-08-24 21:00:00+0000,8,VALID,validation,4.737,960,64,16,4,False,-0.866,-0.5,2.361,2.283,7.15,2.322,0.245
2018-08-24 21:15:00+0000,8,VALID,validation,4.632,975,65,16,4,False,-0.8969,-0.4423,4.737,2.361,7.302,2.851,1.265
2018-08-24 21:30:00+0000,8,VALID,validation,4.716,990,66,16,4,False,-0.9239,-0.3827,4.632,4.737,4.695,3.503,1.365
2018-08-24 21:45:00+0000,8,VALID,validation,4.927,1005,67,16,4,False,-0.9469,-0.3214,4.716,4.632,4.677,4.111,1.168
2018-08-24 22:00:00+0000,8,VALID,validation,3.477,1020,68,17,4,False,-0.9659,-0.2588,4.927,4.716,5.375,4.753,0.125
2018-08-24 22:15:00+0000,8,VALID,validation,4.004,1035,69,17,4,False,-0.9808,-0.1951,3.477,4.927,3.034,4.438,0.653
2018-08-24 22:30:00+0000,8,VALID,validation,2.89,1050,70,17,4,False,-0.9914,-0.1305,4.004,3.477,4.261,4.281,0.666
2018-08-24 22:45:00+0000,8,VALID,validation,3.629,1065,71,17,4,False,-0.9979,-0.0654,2.89,4.004,1.808,3.824,0.864
2018-08-24 23:00:00+0000,8,VALID,validation,3.004,1080,72,18,4,False,-1.0,-0.0,3.629,2.89,2.981,3.5,0.463
2018-08-24 23:15:00+0000,8,VALID,validation,2.996,1095,73,18,4,False,-0.9979,0.0654,3.004,3.629,3.878,3.382,0.527
2018-08-24 23:30:00+0000,8,VALID,validation,3.878,1110,74,18,4,False,-0.9914,0.1305,2.996,3.004,3.527,3.13,0.337
2018-08-24 23:45:00+0000,8,VALID,validation,3.455,1125,75,18,4,False,-0.9808,0.1951,3.878,2.996,2.924,3.377,0.447
2018-08-25 00:00:00+0000,8,VALID,holdout,2.696,1140,76,19,4,False,-0.9659,0.2588,3.455,3.878,2.664,3.333,0.422
2018-08-25 00:15:00+0000,8,VALID,holdout,3.918,1155,77,19,4,False,-0.9469,0.3214,2.696,3.455,4.083,3.256,0.519
2018-08-25 00:30:00+0000,8,VALID,holdout,2.531,1170,78,19,4,False,-0.9239,0.3827,3.918,2.696,2.288,3.487,0.567
2018-08-25 00:45:00+0000,8,VALID,holdout,2.197,1185,79,19,4,False,-0.8969,0.4423,2.531,3.918,2.549,3.15,0.651
2018-08-25 01:00:00+0000,8,VALID,holdout,2.59,1200,80,20,4,False,-0.866,0.5,2.197,2.531,4.028,2.836,0.751
2018-08-25 01:15:00+0000,8,VALID,holdout,2.76,1215,81,20,4,False,-0.8315,0.5556,2.59,2.197,2.517,2.809,0.759
2018-08-25 01:30:00+0000,8,VALID,holdout,2.773,1230,82,20,4,False,-0.7934,0.6088,2.76,2.59,2.881,2.52,0.236
2018-08-25 01:45:00+0000,8,VALID,holdout,2.766,1245,83,20,4,False,-0.7518,0.6593,2.773,2.76,4.117,2.58,0.269
2018-08-25 02:00:00+0000,8,VALID,holdout,2.329,1260,84,21,4,False,-0.7071,0.7071,2.766,2.773,4.04,2.722,0.088
2018-08-25 02:15:00+0000,8,VALID,holdout,2.088,1275,85,21,4,False,-0.6593,0.7518,2.329,2.766,2.457,2.657,0.219
2018-08-25 02:30:00+0000,8,VALID,holdout,1.755,1290,86,21,4,False,-0.6088,0.7934,2.088,2.329,2.794,2.489,0.339
2018-08-25 02:45:00+0000,8,VALID,holdout,3.034,1305,87,21,4,False,-0.5556,0.8315,1.755,2.088,1.186,2.234,0.425
2018-08-25 03:00:00+0000,8,VALID,holdout,2.495,1320,88,22,4,False,-0.5,0.866,3.034,1.755,1.729,2.302,0.542
2018-08-25 03:15:00+0000,8,VALID,holdout,1.25,1335,89,22,4,False,-0.4423,0.8969,2.495,3.034,2.374,2.343,0.551
2018-08-25 03:30:00+0000,8,VALID,holdout,1.771,1350,90,22,4,False,-0.3827,0.9239,1.25,2.495,1.184,2.133,0.789
2018-08-25 03:45:00+0000,8,VALID,holdout,2.366,1365,91,22,4,False,-0.3214,0.9469,1.771,1.25,1.269,2.138,0.786
2018-08-25 04:00:00+0000,8,VALID,holdout,1.661,1380,92,23,4,False,-0.2588,0.9659,2.366,1.771,2.076,1.97,0.575
2018-08-25 04:15:00+0000,8,VALID,holdout,0.782,1395,93,23,4,False,-0.1951,0.9808,1.661,2.366,1.792,1.762,0.461
2018-08-25 04:30:00+0000,8,VALID,holdout,2.484,1410,94,23,4,False,-0.1305,0.9914,0.782,1.661,0.532,1.645,0.653
2018-08-25 04:45:00+0000,8,VALID,holdout,2.225,1425,95,23,4,False,-0.0654,0.9979,2.484,0.782,2.086,1.823,0.784
2018-08-25 05:00:00+0000,8,VALID,holdout,0.479,0,0,0,5,True,0.0,1.0,2.225,2.484,1.609,1.788,0.754
2018-08-25 05:15:00+0000,8,VALID,holdout,2.254,15,1,0,5,True,0.0654,0.9979,0.479,2.225,0.507,1.492,1.009
2018-08-25 05:30:00+0000,8,VALID,holdout,1.627,30,2,0,5,True,0.1305,0.9914,2.254,0.479,1.878,1.86,0.928
2018-08-25 05:45:00+0000,8,VALID,holdout,0.539,45,3,0,5,True,0.1951,0.9808,1.627,2.254,1.372,1.646,0.83
2018-08-25 06:00:00+0000,8,VALID,holdout,1.846,60,4,1,5,True,0.2588,0.9659,0.539,1.627,0.72,1.225,0.866
2018-08-25 06:15:00+0000,8,VALID,holdout,1.434,75,5,1,5,True,0.3214,0.9469,1.846,0.539,1.762,1.566,0.733
2018-08-25 06:30:00+0000,8,VALID,holdout,0.614,90,6,1,5,True,0.3827,0.9239,1.434,1.846,0.882,1.362,0.574
2018-08-25 06:45:00+0000,8,VALID,holdout,1.682,105,7,1,5,True,0.4423,0.8969,0.614,1.434,1.053,1.108,0.637
2018-08-25 07:00:00+0000,8,VALID,holdout,0.884,120,8,2,5,True,0.5,0.866,1.682,0.614,1.625,1.394,0.547
2018-08-25 07:15:00+0000,8,VALID,holdout,0.984,135,9,2,5,True,0.5556,0.8315,0.884,1.682,0.137,1.154,0.49
2018-08-25 07:30:00+0000,8,VALID,holdout,1.66,150,10,2,5,True,0.6088,0.7934,0.984,0.884,1.527,1.041,0.455
2018-08-25 07:45:00+0000,8,VALID,holdout,0.193,165,11,2,5,True,0.6593,0.7518,1.66,0.984,1.178,1.302,0.428
2018-08-25 08:00:00+0000,8,VALID,holdout,1.622,180,12,3,5,True,0.7071,0.7071,0.193,1.66,0.589,0.93,0.6
2018-08-25 08:15:00+0000,8,VALID,holdout,0.205,195,13,3,5,True,0.7518,0.6593,1.622,0.193,1.608,1.115,0.688
2018-08-25 08:30:00+0000,8,VALID,holdout,1.57,210,14,3,5,True,0.7934,0.6088,0.205,1.622,0.185,0.92,0.833
2018-08-25 08:45:00+0000,8,VALID,holdout,0.288,225,15,3,5,True,0.8315,0.5556,1.57,0.205,1.569,0.898,0.807
2018-08-25 09:00:00+0000,8,VALID,holdout,1.281,240,16,4,5,True,0.866,0.5,0.288,1.57,0.184,0.921,0.78
2018-08-25 09:15:00+0000,8,VALID,holdout,0.188,255,17,4,5,True,0.8969,0.4423,1.281,0.288,2.794,0.836,0.692
2018-08-25 09:30:00+0000,8,VALID,holdout,1.496,270,18,4,5,True,0.9239,0.3827,0.188,1.281,2.28,0.832,0.697
2018-08-25 09:45:00+0000,8,VALID,holdout,0.194,285,19,4,5,True,0.9469,0.3214,1.496,0.188,2.633,0.813,0.671
2018-08-25 10:00:00+0000,8,VALID,holdout,1.571,300,20,5,5,True,0.9659,0.2588,0.194,1.496,0.187,0.79,0.697
2018-08-25 10:15:00+0000,8,VALID,holdout,0.203,315,21,5,5,True,0.9808,0.1951,1.571,0.194,0.342,0.862,0.776
2018-08-25 10:30:00+0000,8,VALID,holdout,1.457,330,22,5,5,True,0.9914,0.1305,0.203,1.571,1.386,0.866,0.771
2018-08-25 10:45:00+0000,8,VALID,holdout,0.339,345,23,5,5,True,0.9979,0.0654,1.457,0.203,0.263,0.856,0.761
2018-08-25 11:00:00+0000,8,VALID,holdout,0.276,360,24,6,5,True,1.0,0.0,0.339,1.457,1.649,0.893,0.721
2018-08-25 11:15:00+0000,8,VALID,holdout,1.46,375,25,6,5,True,0.9979,-0.0654,0.276,0.339,0.378,0.569,0.595
2018-08-25 11:30:00+0000,8,VALID,holdout,1.512,390,26,6,5,True,0.9914,-0.1305,1.46,0.276,0.779,0.883,0.665
2018-08-25 11:45:00+0000,8,VALID,holdout,5.388,405,27,6,5,True,0.9808,-0.1951,1.512,1.46,0.978,0.897,0.681
2018-08-25 12:00:00+0000,8,VALID,holdout,1.878,420,28,7,5,True,0.9659,-0.2588,5.388,1.512,0.241,2.159,2.227
2018-08-25 12:15:00+0000,8,VALID,holdout,0.991,435,29,7,5,True,0.9469,-0.3214,1.878,5.388,1.395,2.56,1.895
2018-08-25 12:30:00+0000,8,VALID,holdout,1.055,450,30,7,5,True,0.9239,-0.3827,0.991,1.878,0.127,2.442,1.997
2018-08-25 12:45:00+0000,8,VALID,holdout,0.357,465,31,7,5,True,0.8969,-0.4423,1.055,0.991,0.194,2.328,2.08
2018-08-25 13:00:00+0000,8,VALID,holdout,0.624,480,32,8,5,True,0.866,-0.5,0.357,1.055,0.185,1.07,0.624
2018-08-25 13:15:00+0000,8,VALID,holdout,0.487,495,33,8,5,True,0.8315,-0.5556,0.624,0.357,0.179,0.757,0.327
2018-08-25 13:30:00+0000,8,VALID,holdout,0.543,510,34,8,5,True,0.7934,-0.6088,0.487,0.624,0.281,0.631,0.303
2018-08-25 13:45:00+0000,8,VALID,holdout,0.475,525,35,8,5,True,0.7518,-0.6593,0.543,0.487,0.496,0.503,0.112
2018-08-25 14:00:00+0000,8,VALID,holdout,0.246,540,36,9,5,True,0.7071,-0.7071,0.475,0.543,0.496,0.532,0.068
2018-08-25 14:15:00+0000,8,VALID,holdout,0.19,555,37,9,5,True,0.6593,-0.7518,0.246,0.475,1.158,0.438,0.131
2018-08-25 14:30:00+0000,8,VALID,holdout,0.241,570,38,9,5,True,0.6088,-0.7934,0.19,0.246,0.889,0.363,0.172
2018-08-25 14:45:00+0000,8,VALID,holdout,0.856,585,39,9,5,True,0.5556,-0.8315,0.241,0.19,0.619,0.288,0.127
2018-08-25 15:00:00+0000,8,VALID,holdout,1.039,600,40,10,5,True,0.5,-0.866,0.856,0.241,0.963,0.383,0.316
2018-08-25 15:15:00+0000,8,VALID,holdout,0.197,615,41,10,5,True,0.4423,-0.8969,1.039,0.856,0.526,0.581,0.43
2018-08-25 15:30:00+0000,8,VALID,holdout,1.54,630,42,10,5,True,0.3827,-0.9239,0.197,1.039,0.529,0.583,0.428
2018-08-25 15:45:00+0000,8,VALID,holdout,0.203,645,43,10,5,True,0.3214,-0.9469,1.54,0.197,0.411,0.908,0.555
2018-08-25 16:00:00+0000,8,VALID,holdout,0.972,660,44,11,5,True,0.2588,-0.9659,0.203,1.54,0.161,0.745,0.661
2018-08-25 16:15:00+0000,8,VALID,holdout,0.862,675,45,11,5,True,0.1951,-0.9808,0.972,0.203,0.156,0.728,0.652
2018-08-25 16:30:00+0000,8,VALID,holdout,1.129,690,46,11,5,True,0.1305,-0.9914,0.862,0.972,0.119,0.894,0.548
2018-08-25 16:45:00+0000,8,VALID,holdout,0.884,705,47,11,5,True,0.0654,-0.9979,1.129,0.862,0.116,0.791,0.407
2018-08-25 17:00:00+0000,8,VALID,holdout,2.13,720,48,12,5,True,0.0,-1.0,0.884,1.129,0.594,0.962,0.121
2018-08-25 17:15:00+0000,8,VALID,holdout,0.339,735,49,12,5,True,-0.0654,-0.9979,2.13,0.884,2.158,1.251,0.598
2018-08-25 17:30:00+0000,8,VALID,holdout,2.516,750,50,12,5,True,-0.1305,-0.9914,0.339,2.13,0.819,1.12,0.75
2018-08-25 17:45:00+0000,8,VALID,holdout,2.476,765,51,12,5,True,-0.1951,-0.9808,2.516,0.339,1.677,1.467,1.025
2018-08-25 18:00:00+0000,8,VALID,holdout,0.907,780,52,13,5,True,-0.2588,-0.9659,2.476,2.516,1.68,1.865,1.032
2018-08-25 18:15:00+0000,8,VALID,holdout,2.051,795,53,13,5,True,-0.3214,-0.9469,0.907,2.476,0.262,1.56,1.106
2018-08-25 18:30:00+0000,8,VALID,holdout,2.4,810,54,13,5,True,-0.3827,-0.9239,2.051,0.907,1.783,1.987,0.75
2018-08-25 18:45:00+0000,8,VALID,holdout,2.127,825,55,13,5,True,-0.4423,-0.8969,2.4,2.051,1.155,1.958,0.725
2018-08-25 19:00:00+0000,8,VALID,holdout,1.038,840,56,14,5,True,-0.5,-0.866,2.127,2.4,0.913,1.871,0.66
2018-08-25 19:15:00+0000,8,VALID,holdout,2.062,855,57,14,5,True,-0.5556,-0.8315,1.038,2.127,2.014,1.904,0.596
2018-08-25 19:30:00+0000,8,VALID,holdout,2.508,870,58,14,5,True,-0.6088,-0.7934,2.062,1.038,1.826,1.907,0.597
2018-08-25 19:45:00+0000,8,VALID,holdout,2.144,885,59,14,5,True,-0.6593,-0.7518,2.508,2.062,1.983,1.934,0.629
2018-08-25 20:00:00+0000,8,VALID,holdout,1.605,900,60,15,5,True,-0.7071,-0.7071,2.144,2.508,2.621,1.938,0.631
2018-08-25 20:15:00+0000,8,VALID,holdout,1.517,915,61,15,5,True,-0.7518,-0.6593,1.605,2.144,2.025,2.08,0.371
2018-08-25 20:30:00+0000,8,VALID,holdout,2.528,930,62,15,5,True,-0.7934,-0.6088,1.517,1.605,2.283,1.943,0.467
2018-08-25 20:45:00+0000,8,VALID,holdout,2.567,945,63,15,5,True,-0.8315,-0.5556,2.528,1.517,2.361,1.948,0.475
2018-08-25 21:00:00+0000,8,VALID,holdout,2.191,960,64,16,5,True,-0.866,-0.5,2.567,2.528,4.737,2.054,0.571
2018-08-25 21:15:00+0000,8,VALID,holdout,1.644,975,65,16,5,True,-0.8969,-0.4423,2.191,2.567,4.632,2.201,0.486
2018-08-25 21:30:00+0000,8,VALID,holdout,1.693,990,66,16,5,True,-0.9239,-0.3827,1.644,2.191,4.716,2.232,0.427
2018-08-25 21:45:00+0000,8,VALID,holdout,3.266,1005,67,16,5,True,-0.9469,-0.3214,1.693,1.644,4.927,2.024,0.438
2018-08-25 22:00:00+0000,8,VALID,holdout,3.374,1020,68,17,5,True,-0.9659,-0.2588,3.266,1.693,3.477,2.198,0.753
2018-08-25 22:15:00+0000,8,VALID,holdout,2.459,1035,69,17,5,True,-0.9808,-0.1951,3.374,3.266,4.004,2.494,0.955
2018-08-25 22:30:00+0000,8,VALID,holdout,2.112,1050,70,17,5,True,-0.9914,-0.1305,2.459,3.374,2.89,2.698,0.785
2018-08-25 22:45:00+0000,8,VALID,holdout,2.271,1065,71,17,5,True,-0.9979,-0.0654,2.112,2.459,3.629,2.803,0.615
2018-08-25 23:00:00+0000,8,VALID,holdout,3.165,1080,72,18,5,True,-1.0,-0.0,2.271,2.112,3.004,2.554,0.565
2018-08-25 23:15:00+0000,8,VALID,holdout,3.379,1095,73,18,5,True,-0.9979,0.0654,3.165,2.271,2.996,2.502,0.464
2018-08-25 23:30:00+0000,8,VALID,holdout,2.406,1110,74,18,5,True,-0.9914,0.1305,3.379,3.165,3.878,2.732,0.633
2018-08-25 23:45:00+0000,8,VALID,holdout,2.007,1125,75,18,5,True,-0.9808,0.1951,2.406,3.379,3.455,2.805,0.549
2018-08-26 00:00:00+0000,8,MISSING,holdout,,1140,76,19,5,True,-0.9659,0.2588,2.007,2.406,2.696,2.739,0.642
2018-08-23 00:00:00+0000,9,VALID,train,3.558,1140,76,19,2,False,-0.9659,0.2588,,,,,
2018-08-23 00:15:00+0000,9,VALID,train,2.361,1155,77,19,2,False,-0.9469,0.3214,3.558,,,,
2018-08-23 00:30:00+0000,9,VALID,train,4.805,1170,78,19,2,False,-0.9239,0.3827,2.361,3.558,,,
2018-08-23 00:45:00+0000,9,VALID,train,4.259,1185,79,19,2,False,-0.8969,0.4423,4.805,2.361,,,
2018-08-23 01:00:00+0000,9,VALID,train,1.993,1200,80,20,2,False,-0.866,0.5,4.259,4.805,,3.746,1.055
2018-08-23 01:15:00+0000,9,VALID,train,3.665,1215,81,20,2,False,-0.8315,0.5556,1.993,4.259,,3.355,1.386
2018-08-23 01:30:00+0000,9,VALID,train,4.013,1230,82,20,2,False,-0.7934,0.6088,3.665,1.993,,3.681,1.218
2018-08-23 01:45:00+0000,9,VALID,train,2.237,1245,83,20,2,False,-0.7518,0.6593,4.013,3.665,,3.482,1.022
2018-08-23 02:00:00+0000,9,VALID,train,3.455,1260,84,21,2,False,-0.7071,0.7071,2.237,4.013,,2.977,1.01
2018-08-23 02:15:00+0000,9,VALID,train,2.802,1275,85,21,2,False,-0.6593,0.7518,3.455,2.237,,3.343,0.772
2018-08-23 02:30:00+0000,9,VALID,train,2.047,1290,86,21,2,False,-0.6088,0.7934,2.802,3.455,,3.127,0.773
2018-08-23 02:45:00+0000,9,VALID,train,4.227,1305,87,21,2,False,-0.5556,0.8315,2.047,2.802,,2.635,0.634
2018-08-23 03:00:00+0000,9,VALID,train,1.78,1320,88,22,2,False,-0.5,0.866,4.227,2.047,,3.133,0.929
2018-08-23 03:15:00+0000,9,VALID,train,2.817,1335,89,22,2,False,-0.4423,0.8969,1.78,4.227,,2.714,1.098
2018-08-23 03:30:00+0000,9,VALID,train,3.654,1350,90,22,2,False,-0.3827,0.9239,2.817,1.78,,2.718,1.098
2018-08-23 03:45:00+0000,9,VALID,train,1.161,1365,91,22,2,False,-0.3214,0.9469,3.654,2.817,,3.12,1.064
2018-08-23 04:00:00+0000,9,VALID,train,4.41,1380,92,23,2,False,-0.2588,0.9659,1.161,3.654,,2.353,1.104
2018-08-23 04:15:00+0000,9,VALID,train,1.248,1395,93,23,2,False,-0.1951,0.9808,4.41,1.161,,3.01,1.394
2018-08-23 04:30:00+0000,9,VALID,train,2.767,1410,94,23,2,False,-0.1305,0.9914,1.248,4.41,,2.618,1.662
2018-08-23 04:45:00+0000,9,VALID,train,2.584,1425,95,23,2,False,-0.0654,0.9979,2.767,1.248,,2.396,1.532
2018-08-23 05:00:00+0000,9,VALID,train,1.89,0,0,0,3,False,0.0,1.0,2.584,2.767,,2.752,1.296
2018-08-23 05:15:00+0000,9,VALID,train,3.743,15,1,0,3,False,0.0654,0.9979,1.89,2.584,,2.122,0.695
2018-08-23 05:30:00+0000,9,VALID,train,1.214,30,2,0,3,False,0.1305,0.9914,3.743,1.89,,2.746,0.765
2018-08-23 05:45:00+0000,9,VALID,train,2.024,45,3,0,3,False,0.1951,0.9808,1.214,3.743,,2.358,1.08
2018-08-23 06:00:00+0000,9,VALID,train,2.84,60,4,1,3,False,0.2588,0.9659,2.024,1.214,,2.218,1.077
2018-08-23 06:15:00+0000,9,VALID,train,1.683,75,5,1,3,False,0.3214,0.9469,2.84,2.024,,2.455,1.085
2018-08-23 06:30:00+0000,9,VALID,train,4.024,90,6,1,3,False,0.3827,0.9239,1.683,2.84,,1.94,0.686
2018-08-23 06:45:00+0000,9,VALID,train,0.67,105,7,1,3,False,0.4423,0.8969,4.024,1.683,,2.643,1.041
2018-08-23 07:00:00+0000,9,VALID,train,2.712,120,8,2,3,False,0.5,0.866,0.67,4.024,,2.304,1.449
2018-08-23 07:15:00+0000,9,VALID,train,1.259,135,9,2,3,False,0.5556,0.8315,2.712,0.67,,2.272,1.435
2018-08-23 07:30:00+0000,9,VALID,train,1.62,150,10,2,3,False,0.6088,0.7934,1.259,2.712,,2.166,1.507
2018-08-23 07:45:00+0000,9,VALID,train,2.598,165,11,2,3,False,0.6593,0.7518,1.62,1.259,,1.565,0.859
2018-08-23 08:00:00+0000,9,VALID,train,0.883,180,12,3,3,False,0.7071,0.7071,2.598,1.62,,2.047,0.719
2018-08-23 08:15:00+0000,9,VALID,train,3.402,195,13,3,3,False,0.7518,0.6593,0.883,2.598,,1.59,0.736
2018-08-23 08:30:00+0000,9,VALID,train,0.658,210,14,3,3,False,0.7934,0.6088,3.402,0.883,,2.126,1.103
2018-08-23 08:45:00+0000,9,VALID,train,3.327,225,15,3,3,False,0.8315,0.5556,0.658,3.402,,1.885,1.332
2018-08-23 09:00:00+0000,9,VALID,train,0.831,240,16,4,3,False,0.866,0.5,3.327,0.658,,2.068,1.501
2018-08-23 09:15:00+0000,9,VALID,train,2.198,255,17,4,3,False,0.8969,0.4423,0.831,3.327,,2.054,1.515
2018-08-23 09:30:00+0000,9,VALID,train,1.624,270,18,4,3,False,0.9239,0.3827,2.198,0.831,,1.753,1.255
2018-08-23 09:45:00+0000,9,VALID,train,0.657,285,19,4,3,False,0.9469,0.3214,1.624,2.198,,1.995,1.05
2018-08-23 10:00:00+0000,9,VALID,train,3.507,300,20,5,3,False,0.9659,0.2588,0.657,1.624,,1.328,0.717
2018-08-23 10:15:00+0000,9,VALID,train,0.753,315,21,5,3,False,0.9808,0.1951,3.507,0.657,,1.997,1.191
2018-08-23 10:30:00+0000,9,VALID,train,2.389,330,22,5,3,False,0.9914,0.1305,0.753,3.507,,1.635,1.321
2018-08-23 10:45:00+0000,9,VALID,train,1.613,345,23,5,3,False,0.9979,0.0654,2.389,0.753,,1.826,1.374
2018-08-23 11:00:00+0000,9,VALID,train,0.699,360,24,6,3,False,1.0,0.0,1.613,2.389,,2.066,1.17
2018-08-23 11:15:00+0000,9,VALID,train,2.683,375,25,6,3,False,0.9979,-0.0654,0.699,1.613,,1.364,0.802
2018-08-23 11:30:00+0000,9,VALID,train,0.562,390,26,6,3,False,0.9914,-0.1305,2.683,0.699,,1.846,0.888
2018-08-23 11:45:00+0000,9,VALID,train,2.487,405,27,6,3,False,0.9808,-0.1951,0.562,2.683,,1.389,0.981
2018-08-23 12:00:00+0000,9,VALID,train,1.359,420,28,7,3,False,0.9659,-0.2588,2.487,0.562,,1.608,1.133
2018-08-23 12:15:00+0000,9,VALID,train,0.674,435,29,7,3,False,0.9469,-0.3214,1.359,2.487,,1.773,0.996
2018-08-23 12:30:00+0000,9,VALID,train,3.221,450,30,7,3,False,0.9239,-0.3827,0.674,1.359,,1.27,0.884
2018-08-23 12:45:00+0000,9,VALID,train,0.649,465,31,7,3,False,0.8969,-0.4423,3.221,0.674,,1.935,1.137
2018-08-23 13:00:00+0000,9,VALID,train,1.853,480,32,8,3,False,0.866,-0.5,0.649,3.221,,1.476,1.209
2018-08-23 13:15:00+0000,9,VALID,train,1.582,495,33,8,3,False,0.8315,-0.5556,1.853,0.649,,1.599,1.218
2018-08-23 13:30:00+0000,9,VALID,train,0.503,510,34,8,3,False,0.7934,-0.6088,1.582,1.853,,1.826,1.063
2018-08-23 13:45:00+0000,9,VALID,train,3.095,525,35,8,3,False,0.7518,-0.6593,0.503,1.582,,1.147,0.671
2018-08-23 14:00:00+0000,9,VALID,train,0.744,540,36,9,3,False,0.7071,-0.7071,3.095,0.503,,1.758,1.065
2018-08-23 14:15:00+0000,9,VALID,train,2.652,555,37,9,3,False,0.6593,-0.7518,0.744,3.095,,1.481,1.171
2018-08-23 14:30:00+0000,9,VALID,train,1.756,570,38,9,3,False,0.6088,-0.7934,2.652,0.744,,1.749,1.315
2018-08-23 14:45:00+0000,9,VALID,train,0.646,585,39,9,3,False,0.5556,-0.8315,1.756,2.652,,2.062,1.04
2018-08-23 15:00:00+0000,9,VALID,train,3.324,600,40,10,3,False,0.5,-0.866,0.646,1.756,,1.45,0.946
2018-08-23 15:15:00+0000,9,VALID,train,1.072,615,41,10,3,False,0.4423,-0.8969,3.324,0.646,,2.094,1.16
2018-08-23 15:30:00+0000,9,VALID,train,2.596,630,42,10,3,False,0.3827,-0.9239,1.072,3.324,,1.7,1.176
2018-08-23 15:45:00+0000,9,VALID,train,3.412,645,43,10,3,False,0.3214,-0.9469,2.596,1.072,,1.91,1.261
2018-08-23 16:00:00+0000,9,VALID,train,2.132,660,44,11,3,False,0.2588,-0.9659,3.412,2.596,,2.601,1.083
2018-08-23 16:15:00+0000,9,VALID,train,2.826,675,45,11,3,False,0.1951,-0.9808,2.132,3.412,,2.303,0.976
2018-08-23 16:30:00+0000,9,VALID,train,2.013,690,46,11,3,False,0.1305,-0.9914,2.826,2.132,,2.742,0.532
2018-08-23 16:45:00+0000,9,VALID,train,2.741,705,47,11,3,False,0.0654,-0.9979,2.013,2.826,,2.596,0.652
2018-08-23 17:00:00+0000,9,VALID,train,3.995,720,48,12,3,False,0.0,-1.0,2.741,2.013,,2.428,0.415
2018-08-23 17:15:00+0000,9,VALID,train,1.927,735,49,12,3,False,-0.0654,-0.9979,3.995,2.741,,2.894,0.82
2018-08-23 17:30:00+0000,9,VALID,train,4.08,750,50,12,3,False,-0.1305,-0.9914,1.927,3.995,,2.669,0.956
2018-08-23 17:45:00+0000,9,VALID,train,2.42,765,51,12,3,False,-0.1951,-0.9808,4.08,1.927,,3.186,1.039
2018-08-23 18:00:00+0000,9,VALID,train,2.706,780,52,13,3,False,-0.2588,-0.9659,2.42,4.08,,3.106,1.095
2018-08-23 18:15:00+0000,9,VALID,train,4.733,795,53,13,3,False,-0.3214,-0.9469,2.706,2.42,,2.783,0.922
2018-08-23 18:30:00+0000,9,VALID,train,2.635,810,54,13,3,False,-0.3827,-0.9239,4.733,2.706,,3.485,1.103
2018-08-23 18:45:00+0000,9,VALID,train,3.064,825,55,13,3,False,-0.4423,-0.8969,2.635,4.733,,3.124,1.08
2018-08-23 19:00:00+0000,9,VALID,train,4.884,840,56,14,3,False,-0.5,-0.866,3.064,2.635,,3.284,0.984
2018-08-23 19:15:00+0000,9,VALID,train,2.638,855,57,14,3,False,-0.5556,-0.8315,4.884,3.064,,3.829,1.146
2018-08-23 19:30:00+0000,9,VALID,train,2.903,870,58,14,3,False,-0.6088,-0.7934,2.638,4.884,,3.305,1.072
2018-08-23 19:45:00+0000,9,VALID,train,4.796,885,59,14,3,False,-0.6593,-0.7518,2.903,2.638,,3.372,1.023
2018-08-23 20:00:00+0000,9,VALID,train,4.721,900,60,15,3,False,-0.7071,-0.7071,4.796,2.903,,3.805,1.2
2018-08-23 20:15:00+0000,9,VALID,train,1.964,915,61,15,3,False,-0.7518,-0.6593,4.721,4.796,,3.764,1.153
2018-08-23 20:30:00+0000,9,VALID,train,4.963,930,62,15,3,False,-0.7934,-0.6088,1.964,4.721,,3.596,1.396
2018-08-23 20:45:00+0000,9,VALID,train,4.955,945,63,15,3,False,-0.8315,-0.5556,4.963,1.964,,4.111,1.435
2018-08-23 21:00:00+0000,9,VALID,train,4.277,960,64,16,3,False,-0.866,-0.5,4.955,4.963,,4.151,1.462
2018-08-23 21:15:00+0000,9,VALID,train,2.7,975,65,16,3,False,-0.8969,-0.4423,4.277,4.955,,4.04,1.421
2018-08-23 21:30:00+0000,9,VALID,train,4.707,990,66,16,3,False,-0.9239,-0.3827,2.7,4.277,,4.224,1.065
2018-08-23 21:45:00+0000,9,VALID,train,4.712,1005,67,16,3,False,-0.9469,-0.3214,4.707,2.7,,4.16,1.013
2018-08-23 22:00:00+0000,9,VALID,train,2.053,1020,68,17,3,False,-0.9659,-0.2588,4.712,4.707,,4.099,0.955
2018-08-23 22:15:00+0000,9,VALID,train,4.946,1035,69,17,3,False,-0.9808,-0.1951,2.053,4.712,,3.543,1.373
2018-08-23 22:30:00+0000,9,VALID,train,4.836,1050,70,17,3,False,-0.9914,-0.1305,4.946,2.053,,4.104,1.372
2018-08-23 22:45:00+0000,9,VALID,train,4.86,1065,71,17,3,False,-0.9979,-0.0654,4.836,4.946,,4.137,1.392
2018-08-23 23:00:00+0000,9,VALID,train,2.557,1080,72,18,3,False,-1.0,-0.0,4.86,4.836,,4.174,1.415
2018-08-23 23:15:00+0000,9,VALID,train,3.389,1095,73,18,3,False,-0.9979,0.0654,2.557,4.86,,4.3,1.163
2018-08-23 23:30:00+0000,9,VALID,train,4.615,1110,74,18,3,False,-0.9914,0.1305,3.389,2.557,,3.91,1.135
2018-08-23 23:45:00+0000,9,VALID,train,2.908,1125,75,18,3,False,-0.9808,0.1951,4.615,3.389,,3.855,1.079
2018-08-24 00:00:00+0000,9,VALID,validation,3.659,1140,76,19,3,False,-0.9659,0.2588,2.908,4.615,3.558,3.367,0.899
2018-08-24 00:15:00+0000,9,VALID,validation,4.577,1155,77,19,3,False,-0.9469,0.3214,3.659,2.908,2.361,3.643,0.719
2018-08-24 00:30:00+0000,9,VALID,validation,2.515,1170,78,19,3,False,-0.9239,0.3827,4.577,3.659,4.805,3.94,0.818
2018-08-24 00:45:00+0000,9,VALID,validation,2.981,1185,79,19,3,False,-0.8969,0.4423,2.515,4.577,4.259,3.415,0.909
2018-08-24 01:00:00+0000,9,VALID,validation,4.439,1200,80,20,3,False,-0.866,0.5,2.981,2.515,1.993,3.433,0.896
2018-08-24 01:15:00+0000,9,VALID,validation,1.844,1215,81,20,3,False,-0.8315,0.5556,4.439,2.981,3.665,3.628,1.035
2018-08-24 01:30:00+0000,9,VALID,validation,3.663,1230,82,20,3,False,-0.7934,0.6088,1.844,4.439,4.013,2.945,1.1
2018-08-24 01:45:00+0000,9,VALID,validation,2.424,1245,83,20,3,False,-0.7518,0.6593,3.663,1.844,2.237,3.232,1.1
2018-08-24 02:00:00+0000,9,VALID,validation,2.421,1260,84,21,3,False,-0.7071,0.7071,2.424,3.663,3.455,3.092,1.175
2018-08-24 02:15:00+0000,9,VALID,validation,4.478,1275,85,21,3,False,-0.6593,0.7518,2.421,2.424,2.802,2.588,0.767
2018-08-24 02:30:00+0000,9,VALID,validation,1.123,1290,86,21,3,False,-0.6088,0.7934,4.478,2.421,2.047,3.246,1.008
2018-08-24 02:45:00+0000,9,VALID,validation,2.962,1305,87,21,3,False,-0.5556,0.8315,1.123,4.478,4.227,2.612,1.387
2018-08-24 03:00:00+0000,9,VALID,validation,3.758,1320,88,22,3,False,-0.5,0.866,2.962,1.123,1.78,2.746,1.389
2018-08-24 03:15:00+0000,9,VALID,validation,0.58,1335,89,22,3,False,-0.4423,0.8969,3.758,2.962,2.817,3.08,1.444
2018-08-24 03:30:00+0000,9,VALID,validation,3.746,1350,90,22,3,False,-0.3827,0.9239,0.58,3.758,3.654,2.106,1.501
2018-08-24 03:45:00+0000,9,VALID,validation,1.855,1365,91,22,3,False,-0.3214,0.9469,3.746,0.58,1.161,2.762,1.501
2018-08-24 04:00:00+0000,9,VALID,validation,1.84,1380,92,23,3,False,-0.2588,0.9659,1.855,3.746,4.41,2.485,1.553
2018-08-24 04:15:00+0000,9,VALID,validation,4.176,1395,93,23,3,False,-0.1951,0.9808,1.84,1.855,1.248,2.005,1.305
2018-08-24 04:30:00+0000,9,VALID,validation,0.792,1410,94,23,3,False,-0.1305,0.9914,4.176,1.84,2.767,2.904,1.233
2018-08-24 04:45:00+0000,9,VALID,validation,3.026,1425,95,23,3,False,-0.0654,0.9979,0.792,4.176,2.584,2.166,1.43
2018-08-24 05:00:00+0000,9,VALID,validation,1.84,0,0,0,4,False,0.0,1.0,3.026,0.792,1.89,2.458,1.464
2018-08-24 05:15:00+0000,9,VALID,validation,1.687,15,1,0,4,False,0.0654,0.9979,1.84,3.026,3.743,2.458,1.464
2018-08-24 05:30:00+0000,9,VALID,validation,3.574,30,2,0,4,False,0.1305,0.9914,1.687,1.84,1.214,1.836,0.918
2018-08-24 05:45:00+0000,9,VALID,validation,0.711,45,3,0,4,False,0.1951,0.9808,3.574,1.687,2.024,2.532,0.917
2018-08-24 06:00:00+0000,9,VALID,validation,3.39,60,4,1,4,False,0.2588,0.9659,0.711,3.574,2.84,1.953,1.191
2018-08-24 06:15:00+0000,9,VALID,validation,1.147,75,5,1,4,False,0.3214,0.9469,3.39,0.711,1.683,2.34,1.379
2018-08-24 06:30:00+0000,9,VALID,validation,2.481,90,6,1,4,False,0.3827,0.9239,1.147,3.39,4.024,2.206,1.487
2018-08-24 06:45:00+0000,9,VALID,validation,1.817,105,7,1,4,False,0.4423,0.8969,2.481,1.147,0.67,1.932,1.229
2018-08-24 07:00:00+0000,9,VALID,validation,1.313,120,8,2,4,False,0.5,0.866,1.817,2.481,2.712,2.209,0.957
2018-08-24 07:15:00+0000,9,VALID,validation,2.746,135,9,2,4,False,0.5556,0.8315,1.313,1.817,1.259,1.69,0.6
2018-08-24 07:30:00+0000,9,VALID,validation,0.448,150,10,2,4,False,0.6088,0.7934,2.746,1.313,1.62,2.089,0.648
2018-08-24 07:45:00+0000,9,VALID,validation,3.1,165,11,2,4,False,0.6593,0.7518,0.448,2.746,2.598,1.581,0.961
2018-08-24 08:00:00+0000,9,VALID,validation,1.381,180,12,3,4,False,0.7071,0.7071,3.1,0.448,0.883,1.902,1.239
2018-08-24 08:15:00+0000,9,VALID,validation,1.596,195,13,3,4,False,0.7518,0.6593,1.381,3.1,3.402,1.919,1.229
2018-08-24 08:30:00+0000,9,VALID,validation,2.488,210,14,3,4,False,0.7934,0.6088,1.596,1.381,0.658,1.631,1.099
2018-08-24 08:45:00+0000,9,VALID,validation,0.654,225,15,3,4,False,0.8315,0.5556,2.488,1.596,3.327,2.141,0.799
2018-08-24 09:00:00+0000,9,VALID,validation,3.2,240,16,4,4,False,0.866,0.5,0.654,2.488,0.831,1.53,0.755
2018-08-24 09:15:00+0000,9,VALID,validation,0.586,255,17,4,4,False,0.8969,0.4423,3.2,0.654,2.198,1.985,1.103
2018-08-24 09:30:00+0000,9,VALID,validation,2.015,270,18,4,4,False,0.9239,0.3827,0.586,3.2,1.624,1.732,1.317
2018-08-24 09:45:00+0000,9,VALID,validation,1.92,285,19,4,4,False,0.9469,0.3214,2.015,0.586,0.657,1.614,1.246
2018-08-24 10:00:00+0000,9,VALID,validation,0.645,300,20,5,4,False,0.9659,0.2588,1.92,2.015,3.507,1.93,1.069
2018-08-24 10:15:00+0000,9,VALID,validation,3.268,315,21,5,4,False,0.9808,0.1951,0.645,1.92,0.753,1.292,0.782
2018-08-24 10:30:00+0000,9,VALID,validation,0.649,330,22,5,4,False,0.9914,0.1305,3.268,0.645,2.389,1.962,1.072
2018-08-24 10:45:00+0000,9,VALID,validation,1.68,345,23,5,4,False,0.9979,0.0654,0.649,3.268,1.613,1.62,1.252
2018-08-24 11:00:00+0000,9,VALID,validation,1.989,360,24,6,4,False,1.0,0.0,1.68,0.649,0.699,1.56,1.238
2018-08-24 11:15:00+0000,9,VALID,validation,0.867,375,25,6,4,False,0.9979,-0.0654,1.989,1.68,2.683,1.896,1.079
2018-08-24 11:30:00+0000,9,VALID,validation,3.203,390,26,6,4,False,0.9914,-0.1305,0.867,1.989,0.562,1.296,0.64
2018-08-24 11:45:00+0000,9,VALID,validation,0.439,405,27,6,4,False,0.9808,-0.1951,3.203,0.867,2.487,1.935,0.969
2018-08-24 12:00:00+0000,9,VALID,validation,1.381,420,28,7,4,False,0.9659,-0.2588,0.439,3.203,1.359,1.624,1.239
2018-08-24 12:15:00+0000,9,VALID,validation,2.61,435,29,7,4,False,0.9469,-0.3214,1.381,0.439,0.674,1.472,1.216
2018-08-24 12:30:00+0000,9,VALID,validation,0.822,450,30,7,4,False,0.9239,-0.3827,2.61,1.381,3.221,1.908,1.239
2018-08-24 12:45:00+0000,9,VALID,validation,2.89,465,31,7,4,False,0.8969,-0.4423,0.822,2.61,0.649,1.313,0.947
2018-08-24 13:00:00+0000,9,VALID,validation,0.945,480,32,8,4,False,0.866,-0.5,2.89,0.822,1.853,1.926,0.985
2018-08-24 13:15:00+0000,9,VALID,validation,1.087,495,33,8,4,False,0.8315,-0.5556,0.945,2.89,1.582,1.817,1.085
2018-08-24 13:30:00+0000,9,VALID,validation,2.35,510,34,8,4,False,0.7934,-0.6088,1.087,0.945,0.503,1.436,0.975
2018-08-24 13:45:00+0000,9,VALID,validation,0.666,525,35,8,4,False,0.7518,-0.6593,2.35,1.087,3.095,1.818,0.954
2018-08-24 14:00:00+0000,9,VALID,validation,3.213,540,36,9,4,False,0.7071,-0.7071,0.666,2.35,0.744,1.262,0.746
2018-08-24 14:15:00+0000,9,VALID,validation,0.831,555,37,9,4,False,0.6593,-0.7518,3.213,0.666,2.652,1.829,1.168
2018-08-24 14:30:00+0000,9,VALID,validation,2.066,570,38,9,4,False,0.6088,-0.7934,0.831,3.213,1.756,1.765,1.227
2018-08-24 14:45:00+0000,9,VALID,validation,2.002,585,39,9,4,False,0.5556,-0.8315,2.066,0.831,0.646,1.694,1.19
2018-08-24 15:00:00+0000,9,VALID,validation,0.506,600,40,10,4,False,0.5,-0.866,2.002,2.066,3.324,2.028,0.973
2018-08-24 15:15:00+0000,9,VALID,validation,3.275,615,41,10,4,False,0.4423,-0.8969,0.506,2.002,1.072,1.351,0.8
2018-08-24 15:30:00+0000,9,VALID,validation,0.868,630,42,10,4,False,0.3827,-0.9239,3.275,0.506,2.596,1.962,1.134
2018-08-24 15:45:00+0000,9,VALID,validation,2.882,645,43,10,4,False,0.3214,-0.9469,0.868,3.275,3.412,1.663,1.25
2018-08-24 16:00:00+0000,9,VALID,validation,2.693,660,44,11,4,False,0.2588,-0.9659,2.882,0.868,2.132,1.883,1.398
2018-08-24 16:15:00+0000,9,VALID,validation,1.459,675,45,11,4,False,0.1951,-0.9808,2.693,2.882,2.826,2.43,1.069
2018-08-24 16:30:00+0000,9,VALID,validation,3.84,690,46,11,4,False,0.1305,-0.9914,1.459,2.693,2.013,1.976,0.971
2018-08-24 16:45:00+0000,9,VALID,validation,1.591,705,47,11,4,False,0.0654,-0.9979,3.84,1.459,2.741,2.718,0.978
2018-08-24 17:00:00+0000,9,VALID,validation,2.465,720,48,12,4,False,0.0,-1.0,1.591,3.84,3.995,2.396,1.11
2018-08-24 17:15:00+0000,9,VALID,validation,3.23,735,49,12,4,False,-0.0654,-0.9979,2.465,1.591,1.927,2.339,1.096
2018-08-24 17:30:00+0000,9,VALID,validation,1.835,750,50,12,4,False,-0.1305,-0.9914,3.23,2.465,4.08,2.782,0.973
2018-08-24 17:45:00+0000,9,VALID,validation,3.932,765,51,12,4,False,-0.1951,-0.9808,1.835,3.23,2.42,2.28,0.732
2018-08-24 18:00:00+0000,9,VALID,validation,1.851,780,52,13,4,False,-0.2588,-0.9659,3.932,1.835,2.706,2.866,0.912
2018-08-24 18:15:00+0000,9,VALID,validation,3.514,795,53,13,4,False,-0.3214,-0.9469,1.851,3.932,4.733,2.712,1.044
2018-08-24 18:30:00+0000,9,VALID,validation,4.384,810,54,13,4,False,-0.3827,-0.9239,3.514,1.851,2.635,2.783,1.099
2018-08-24 18:45:00+0000,9,VALID,validation,2.203,825,55,13,4,False,-0.4423,-0.8969,4.384,3.514,3.064,3.42,1.105
2018-08-24 19:00:00+0000,9,VALID,validation,3.951,840,56,14,4,False,-0.5,-0.866,2.203,4.384,4.884,2.988,1.174
2018-08-24 19:15:00+0000,9,VALID,validation,3.644,855,57,14,4,False,-0.5556,-0.8315,3.951,2.203,2.638,3.513,0.943
2018-08-24 19:30:00+0000,9,VALID,validation,2.29,870,58,14,4,False,-0.6088,-0.7934,3.644,3.951,2.903,3.546,0.945
2018-08-24 19:45:00+0000,9,VALID,validation,4.595,885,59,14,4,False,-0.6593,-0.7518,2.29,3.644,4.796,3.022,0.905
2018-08-24 20:00:00+0000,9,VALID,validation,2.959,900,60,15,4,False,-0.7071,-0.7071,4.595,2.29,4.721,3.62,0.971
2018-08-24 20:15:00+0000,9,VALID,validation,3.308,915,61,15,4,False,-0.7518,-0.6593,2.959,4.595,1.964,3.372,0.985
2018-08-24 20:30:00+0000,9,VALID,validation,4.916,930,62,15,4,False,-0.7934,-0.6088,3.308,2.959,4.963,3.288,0.968
2018-08-24 20:45:00+0000,9,VALID,validation,4.97,945,63,15,4,False,-0.8315,-0.5556,4.916,3.308,4.955,3.944,0.956
2018-08-24 21:00:00+0000,9,VALID,validation,2.636,960,64,16,4,False,-0.866,-0.5,4.97,4.916,4.277,4.038,1.055
2018-08-24 21:15:00+0000,9,VALID,validation,3.588,975,65,16,4,False,-0.8969,-0.4423,2.636,4.97,2.7,3.958,1.171
2018-08-24 21:30:00+0000,9,VALID,validation,4.693,990,66,16,4,False,-0.9239,-0.3827,3.588,2.636,4.707,4.028,1.127
2018-08-24 21:45:00+0000,9,VALID,validation,2.651,1005,67,16,4,False,-0.9469,-0.3214,4.693,3.588,4.712,3.972,1.072
2018-08-24 22:00:00+0000,9,VALID,validation,4.56,1020,68,17,4,False,-0.9659,-0.2588,2.651,4.693,2.053,3.392,0.975
2018-08-24 22:15:00+0000,9,VALID,validation,4.996,1035,69,17,4,False,-0.9808,-0.1951,4.56,2.651,4.946,3.873,0.952
2018-08-24 22:30:00+0000,9,VALID,validation,4.468,1050,70,17,4,False,-0.9914,-0.1305,4.996,4.56,4.836,4.225,1.065
2018-08-24 22:45:00+0000,9,VALID,validation,2.048,1065,71,17,4,False,-0.9979,-0.0654,4.468,4.996,4.86,4.169,1.038
2018-08-24 23:00:00+0000,9,VALID,validation,4.718,1080,72,18,4,False,-1.0,-0.0,2.048,4.468,2.557,4.018,1.333
2018-08-24 23:15:00+0000,9,VALID,validation,4.665,1095,73,18,4,False,-0.9979,0.0654,4.718,2.048,3.389,4.058,1.357
2018-08-24 23:30:00+0000,9,VALID,validation,2.617,1110,74,18,4,False,-0.9914,0.1305,4.665,4.718,4.615,3.975,1.289
2018-08-24 23:45:00+0000,9,VALID,validation,3.327,1125,75,18,4,False,-0.9808,0.1951,2.617,4.665,2.908,3.512,1.382
2018-08-25 00:00:00+0000,9,VALID,holdout,4.687,1140,76,19,4,False,-0.9659,0.2588,3.327,2.617,3.659,3.832,1.034
2018-08-25 00:15:00+0000,9,VALID,holdout,3.168,1155,77,19,4,False,-0.9469,0.3214,4.687,3.327,4.577,3.824,1.026
2018-08-25 00:30:00+0000,9,VALID,holdout,2.838,1170,78,19,4,False,-0.9239,0.3827,3.168,4.687,2.515,3.45,0.879
2018-08-25 00:45:00+0000,9,VALID,holdout,4.615,1185,79,19,4,False,-0.8969,0.4423,2.838,3.168,2.981,3.505,0.814
2018-08-25 01:00:00+0000,9,VALID,holdout,1.955,1200,80,20,4,False,-0.866,0.5,4.615,2.838,4.439,3.827,0.961
2018-08-25 01:15:00+0000,9,VALID,holdout,3.041,1215,81,20,4,False,-0.8315,0.5556,1.955,4.615,1.844,3.144,1.106
2018-08-25 01:30:00+0000,9,VALID,holdout,3.672,1230,82,20,4,False,-0.7934,0.6088,3.041,1.955,3.663,3.112,1.107
2018-08-25 01:45:00+0000,9,VALID,holdout,2.152,1245,83,20,4,False,-0.7518,0.6593,3.672,3.041,2.424,3.321,1.117
2018-08-25 02:00:00+0000,9,VALID,holdout,3.819,1260,84,21,4,False,-0.7071,0.7071,2.152,3.672,2.421,2.705,0.799
2018-08-25 02:15:00+0000,9,VALID,holdout,2.139,1275,85,21,4,False,-0.6593,0.7518,3.819,2.152,4.478,3.171,0.759
2018-08-25 02:30:00+0000,9,VALID,holdout,2.7,1290,86,21,4,False,-0.6088,0.7934,2.139,3.819,1.123,2.946,0.926
2018-08-25 02:45:00+0000,9,VALID,holdout,3.494,1305,87,21,4,False,-0.5556,0.8315,2.7,2.139,2.962,2.702,0.789
2018-08-25 03:00:00+0000,9,VALID,holdout,0.631,1320,88,22,4,False,-0.5,0.866,3.494,2.7,3.758,3.038,0.762
2018-08-25 03:15:00+0000,9,VALID,holdout,4.016,1335,89,22,4,False,-0.4423,0.8969,0.631,3.494,0.58,2.241,1.209
2018-08-25 03:30:00+0000,9,VALID,holdout,2.076,1350,90,22,4,False,-0.3827,0.9239,4.016,0.631,3.746,2.71,1.488
2018-08-25 03:45:00+0000,9,VALID,holdout,1.673,1365,91,22,4,False,-0.3214,0.9469,2.076,4.016,1.855,2.554,1.522
2018-08-25 04:00:00+0000,9,VALID,holdout,4.139,1380,92,23,4,False,-0.2588,0.9659,1.673,2.076,1.84,2.099,1.416
2018-08-25 04:15:00+0000,9,VALID,holdout,0.712,1395,93,23,4,False,-0.1951,0.9808,4.139,1.673,4.176,2.976,1.283
2018-08-25 04:30:00+0000,9,VALID,holdout,2.949,1410,94,23,4,False,-0.1305,0.9914,0.712,4.139,0.792,2.15,1.444
2018-08-25 04:45:00+0000,9,VALID,holdout,1.729,1425,95,23,4,False,-0.0654,0.9979,2.949,0.712,3.026,2.368,1.494
2018-08-25 05:00:00+0000,9,VALID,holdout,2.194,0,0,0,5,True,0.0,1.0,1.729,2.949,1.84,2.382,1.486
2018-08-25 05:15:00+0000,9,VALID,holdout,2.729,15,1,0,5,True,0.0654,0.9979,2.194,1.729,1.687,1.896,0.936
2018-08-25 05:30:00+0000,9,VALID,holdout,0.61,30,2,0,5,True,0.1305,0.9914,2.729,2.194,3.574,2.4,0.548
2018-08-25 05:45:00+0000,9,VALID,holdout,3.574,45,3,0,5,True,0.1951,0.9808,0.61,2.729,0.711,1.816,0.902
2018-08-25 06:00:00+0000,9,VALID,holdout,0.79,60,4,1,5,True,0.2588,0.9659,3.574,0.61,3.39,2.277,1.248
2018-08-25 06:15:00+0000,9,VALID,holdout,2.843,75,5,1,5,True,0.3214,0.9469,0.79,3.574,1.147,1.926,1.459
2018-08-25 06:30:00+0000,9,VALID,holdout,1.467,90,6,1,5,True,0.3827,0.9239,2.843,0.79,2.481,1.954,1.481
2018-08-25 06:45:00+0000,9,VALID,holdout,1.634,105,7,1,5,True,0.4423,0.8969,1.467,2.843,1.817,2.168,1.268
2018-08-25 07:00:00+0000,9,VALID,holdout,2.549,120,8,2,5,True,0.5,0.866,1.634,1.467,1.313,1.684,0.855
2018-08-25 07:15:00+0000,9,VALID,holdout,0.644,135,9,2,5,True,0.5556,0.8315,2.549,1.634,2.746,2.123,0.676
2018-08-25 07:30:00+0000,9,VALID,holdout,3.43,150,10,2,5,True,0.6088,0.7934,0.644,2.549,0.448,1.574,0.781
2018-08-25 07:45:00+0000,9,VALID,holdout,0.804,165,11,2,5,True,0.6593,0.7518,3.43,0.644,3.1,2.064,1.198
2018-08-25 08:00:00+0000,9,VALID,holdout,2.877,180,12,3,5,True,0.7071,0.7071,0.804,3.43,1.381,1.857,1.358
2018-08-25 08:15:00+0000,9,VALID,holdout,1.174,195,13,3,5,True,0.7518,0.6593,2.877,0.804,1.596,1.939,1.422
2018-08-25 08:30:00+0000,9,VALID,holdout,1.691,210,14,3,5,True,0.7934,0.6088,1.174,2.877,2.488,2.071,1.279
2018-08-25 08:45:00+0000,9,VALID,holdout,2.419,225,15,3,5,True,0.8315,0.5556,1.691,1.174,0.654,1.636,0.903
2018-08-25 09:00:00+0000,9,VALID,holdout,0.51,240,16,4,5,True,0.866,0.5,2.419,1.691,3.2,2.04,0.756
2018-08-25 09:15:00+0000,9,VALID,holdout,3.253,255,17,4,5,True,0.8969,0.4423,0.51,2.419,0.586,1.448,0.808
2018-08-25 09:30:00+0000,9,VALID,holdout,0.647,270,18,4,5,True,0.9239,0.3827,3.253,0.51,2.015,1.968,1.163
2018-08-25 09:45:00+0000,9,VALID,holdout,2.187,285,19,4,5,True,0.9469,0.3214,0.647,3.253,1.92,1.707,1.348
2018-08-25 10:00:00+0000,9,VALID,holdout,1.799,300,20,5,5,True,0.9659,0.2588,2.187,0.647,0.645,1.649,1.312
2018-08-25 10:15:00+0000,9,VALID,holdout,0.677,315,21,5,5,True,0.9808,0.1951,1.799,2.187,3.268,1.971,1.076
2018-08-25 10:30:00+0000,9,VALID,holdout,3.219,330,22,5,5,True,0.9914,0.1305,0.677,1.799,0.649,1.328,0.785
2018-08-25 10:45:00+0000,9,VALID,holdout,0.66,345,23,5,5,True,0.9979,0.0654,3.219,0.677,1.68,1.97,1.05
2018-08-25 11:00:00+0000,9,VALID,holdout,2.752,360,24,6,5,True,1.0,0.0,0.66,3.219,1.989,1.589,1.21
2018-08-25 11:15:00+0000,9,VALID,holdout,1.027,375,25,6,5,True,0.9979,-0.0654,2.752,0.66,0.867,1.827,1.351
2018-08-25 11:30:00+0000,9,VALID,holdout,0.572,390,26,6,5,True,0.9914,-0.1305,1.027,2.752,3.203,1.914,1.26
2018-08-25 11:45:00+0000,9,VALID,holdout,3.186,405,27,6,5,True,0.9808,-0.1951,0.572,1.027,0.439,1.253,1.019
2018-08-25 12:00:00+0000,9,VALID,holdout,0.743,420,28,7,5,True,0.9659,-0.2588,3.186,0.572,1.381,1.884,1.279
2018-08-25 12:15:00+0000,9,VALID,holdout,1.872,435,29,7,5,True,0.9469,-0.3214,0.743,3.186,2.61,1.382,1.217
2018-08-25 12:30:00+0000,9,VALID,holdout,2.047,450,30,7,5,True,0.9239,-0.3827,1.872,0.743,0.822,1.593,1.208
2018-08-25 12:45:00+0000,9,VALID,holdout,0.551,465,31,7,5,True,0.8969,-0.4423,2.047,1.872,2.89,1.962,1.0
2018-08-25 13:00:00+0000,9,VALID,holdout,3.029,480,32,8,5,True,0.866,-0.5,0.551,2.047,0.945,1.303,0.765
2018-08-25 13:15:00+0000,9,VALID,holdout,0.553,495,33,8,5,True,0.8315,-0.5556,3.029,0.551,1.087,1.875,1.019
2018-08-25 13:30:00+0000,9,VALID,holdout,1.872,510,34,8,5,True,0.7934,-0.6088,0.553,3.029,2.35,1.545,1.215
2018-08-25 13:45:00+0000,9,VALID,holdout,1.902,525,35,8,5,True,0.7518,-0.6593,1.872,0.553,0.666,1.501,1.194
2018-08-25 14:00:00+0000,9,VALID,holdout,0.738,540,36,9,5,True,0.7071,-0.7071,1.902,1.872,3.213,1.839,1.012
2018-08-25 14:15:00+0000,9,VALID,holdout,3.258,555,37,9,5,True,0.6593,-0.7518,0.738,1.902,0.831,1.266,0.721
2018-08-25 14:30:00+0000,9,VALID,holdout,0.594,570,38,9,5,True,0.6088,-0.7934,3.258,0.738,2.066,1.942,1.031
2018-08-25 14:45:00+0000,9,VALID,holdout,1.742,585,39,9,5,True,0.5556,-0.8315,0.594,3.258,2.002,1.623,1.237
2018-08-25 15:00:00+0000,9,VALID,holdout,2.32,600,40,10,5,True,0.5,-0.866,1.742,0.594,0.506,1.583,1.228
2018-08-25 15:15:00+0000,9,VALID,holdout,0.579,615,41,10,5,True,0.4423,-0.8969,2.32,1.742,3.275,1.978,1.115
2018-08-25 15:30:00+0000,9,VALID,holdout,3.716,630,42,10,5,True,0.3827,-0.9239,0.579,2.32,0.868,1.309,0.867
2018-08-25 15:45:00+0000,9,VALID,holdout,0.896,645,43,10,5,True,0.3214,-0.9469,3.716,0.579,2.882,2.089,1.304
2018-08-25 16:00:00+0000,9,VALID,holdout,2.739,660,44,11,5,True,0.2588,-0.9659,0.896,3.716,2.693,1.878,1.441
2018-08-25 16:15:00+0000,9,VALID,holdout,3.11,675,45,11,5,True,0.1951,-0.9808,2.739,0.896,1.459,1.982,1.498
2018-08-25 16:30:00+0000,9,VALID,holdout,1.014,690,46,11,5,True,0.1305,-0.9914,3.11,2.739,3.84,2.615,1.215
2018-08-25 16:45:00+0000,9,VALID,holdout,4.523,705,47,11,5,True,0.0654,-0.9979,1.014,3.11,1.591,1.94,1.148
2018-08-25 17:00:00+0000,9,VALID,holdout,0.825,720,48,12,5,True,0.0,-1.0,4.523,1.014,2.465,2.846,1.443
2018-08-25 17:15:00+0000,9,VALID,holdout,3.401,735,49,12,5,True,-0.0654,-0.9979,0.825,4.523,3.23,2.368,1.771
2018-08-25 17:30:00+0000,9,VALID,holdout,2.94,750,50,12,5,True,-0.1305,-0.9914,3.401,0.825,1.835,2.441,1.817
2018-08-25 17:45:00+0000,9,VALID,holdout,2.169,765,51,12,5,True,-0.1951,-0.9808,2.94,3.401,3.932,2.922,1.548
2018-08-25 18:00:00+0000,9,VALID,holdout,4.543,780,52,13,5,True,-0.2588,-0.9659,2.169,2.94,1.851,2.334,1.127
2018-08-25 18:15:00+0000,9,VALID,holdout,1.532,795,53,13,5,True,-0.3214,-0.9469,4.543,2.169,3.514,3.263,0.993
2018-08-25 18:30:00+0000,9,VALID,holdout,3.886,810,54,13,5,True,-0.3827,-0.9239,1.532,4.543,4.384,2.796,1.299
2018-08-25 18:45:00+0000,9,VALID,holdout,4.187,825,55,13,5,True,-0.4423,-0.8969,3.886,1.532,2.203,3.032,1.415
2018-08-25 19:00:00+0000,9,VALID,holdout,2.495,840,56,14,5,True,-0.5,-0.866,4.187,3.886,3.951,3.537,1.363
2018-08-25 19:15:00+0000,9,VALID,holdout,4.421,855,57,14,5,True,-0.5556,-0.8315,2.495,4.187,3.644,3.025,1.238
2018-08-25 19:30:00+0000,9,VALID,holdout,3.724,870,58,14,5,True,-0.6088,-0.7934,4.421,2.495,2.29,3.747,0.863
2018-08-25 19:45:00+0000,9,VALID,holdout,1.826,885,59,14,5,True,-0.6593,-0.7518,3.724,4.421,4.595,3.707,0.858
2018-08-25 20:00:00+0000,9,VALID,holdout,4.754,900,60,15,5,True,-0.7071,-0.7071,1.826,3.724,2.959,3.117,1.172
2018-08-25 20:15:00+0000,9,VALID,holdout,4.578,915,61,15,5,True,-0.7518,-0.6593,4.754,1.826,3.308,3.681,1.309
2018-08-25 20:30:00+0000,9,VALID,holdout,1.54,930,62,15,5,True,-0.7934,-0.6088,4.578,4.754,4.916,3.721,1.341
2018-08-25 20:45:00+0000,9,VALID,holdout,4.723,945,63,15,5,True,-0.8315,-0.5556,1.54,4.578,4.97,3.174,1.728
2018-08-25 21:00:00+0000,9,VALID,holdout,4.633,960,64,16,5,True,-0.866,-0.5,4.723,1.54,2.636,3.899,1.574
2018-08-25 21:15:00+0000,9,VALID,holdout,3.083,975,65,16,5,True,-0.8969,-0.4423,4.633,4.723,3.588,3.868,1.553
2018-08-25 21:30:00+0000,9,VALID,holdout,2.981,990,66,16,5,True,-0.9239,-0.3827,3.083,4.633,4.693,3.495,1.505
2018-08-25 21:45:00+0000,9,VALID,holdout,4.816,1005,67,16,5,True,-0.9469,-0.3214,2.981,3.083,2.651,3.855,0.952
2018-08-25 22:00:00+0000,9,VALID,holdout,4.071,1020,68,17,5,True,-0.9659,-0.2588,4.816,2.981,4.56,3.878,0.981
2018-08-25 22:15:00+0000,9,VALID,holdout,2.281,1035,69,17,5,True,-0.9808,-0.1951,4.071,4.816,4.996,3.738,0.871
2018-08-25 22:30:00+0000,9,VALID,holdout,4.69,1050,70,17,5,True,-0.9914,-0.1305,2.281,4.071,4.468,3.537,1.127
2018-08-25 22:45:00+0000,9,VALID,holdout,4.318,1065,71,17,5,True,-0.9979,-0.0654,4.69,2.281,2.048,3.964,1.169
2018-08-25 23:00:00+0000,9,VALID,holdout,1.498,1080,72,18,5,True,-1.0,-0.0,4.318,4.69,4.718,3.84,1.07
2018-08-25 23:15:00+0000,9,VALID,holdout,4.624,1095,73,18,5,True,-0.9979,0.0654,1.498,4.318,4.665,3.197,1.55
2018-08-25 23:30:00+0000,9,VALID,holdout,3.201,1110,74,18,5,True,-0.9914,0.1305,4.624,1.498,2.617,3.782,1.532
2018-08-25 23:45:00+0000,9,VALID,holdout,2.752,1125,75,18,5,True,-0.9808,0.1951,3.201,4.624,3.327,3.41,1.414
2018-08-26 00:00:00+0000,9,MISSING,holdout,,1140,76,19,5,True,-0.9659,0.2588,2.752,3.201,4.687,3.019,1.29
2018-08-23 00:00:00+0000,10,VALID,train,1.563,1140,76,19,2,False,-0.9659,0.2588,,,,,
2018-08-23 00:15:00+0000,10,VALID,train,2.608,1155,77,19,2,False,-0.9469,0.3214,1.563,,,,
2018-08-23 00:30:00+0000,10,VALID,train,2.593,1170,78,19,2,False,-0.9239,0.3827,2.608,1.563,,,
2018-08-23 00:45:00+0000,10,VALID,train,1.466,1185,79,19,2,False,-0.8969,0.4423,2.593,2.608,,,
2018-08-23 01:00:00+0000,10,VALID,train,2.583,1200,80,20,2,False,-0.866,0.5,1.466,2.593,,2.058,0.628
2018-08-23 01:15:00+0000,10,VALID,train,1.72,1215,81,20,2,False,-0.8315,0.5556,2.583,1.466,,2.312,0.564
2018-08-23 01:30:00+0000,10,VALID,train,3.19,1230,82,20,2,False,-0.7934,0.6088,1.72,2.583,,2.09,0.584
2018-08-23 01:45:00+0000,10,VALID,train,1.741,1245,83,20,2,False,-0.7518,0.6593,3.19,1.72,,2.24,0.794
2018-08-23 02:00:00+0000,10,VALID,train,2.12,1260,84,21,2,False,-0.7071,0.7071,1.741,3.19,,2.308,0.712
2018-08-23 02:15:00+0000,10,VALID,train,1.716,1275,85,21,2,False,-0.6593,0.7518,2.12,1.741,,2.193,0.69
2018-08-23 02:30:00+0000,10,VALID,train,1.665,1290,86,21,2,False,-0.6088,0.7934,1.716,2.12,,2.192,0.691
2018-08-23 02:45:00+0000,10,VALID,train,2.236,1305,87,21,2,False,-0.5556,0.8315,1.665,1.716,,1.81,0.209
2018-08-23 03:00:00+0000,10,VALID,train,1.626,1320,88,22,2,False,-0.5,0.866,2.236,1.665,,1.934,0.286
2018-08-23 03:15:00+0000,10,VALID,train,1.375,1335,89,22,2,False,-0.4423,0.8969,1.626,2.236,,1.811,0.286
2018-08-23 03:30:00+0000,10,VALID,train,1.899,1350,90,22,2,False,-0.3827,0.9239,1.375,1.626,,1.725,0.364
2018-08-23 03:45:00+0000,10,VALID,train,1.817,1365,91,22,2,False,-0.3214,0.9469,1.899,1.375,,1.784,0.37
2018-08-23 04:00:00+0000,10,VALID,train,2.588,1380,92,23,2,False,-0.2588,0.9659,1.817,1.899,,1.679,0.233
2018-08-23 04:15:00+0000,10,VALID,train,1.457,1395,93,23,2,False,-0.1951,0.9808,2.588,1.817,,1.92,0.501
2018-08-23 04:30:00+0000,10,VALID,train,1.916,1410,94,23,2,False,-0.1305,0.9914,1.457,2.588,,1.94,0.473
2018-08-23 04:45:00+0000,10,VALID,train,2.189,1425,95,23,2,False,-0.0654,0.9979,1.916,1.457,,1.944,0.472
2018-08-23 05:00:00+0000,10,VALID,train,1.005,0,0,0,3,False,0.0,1.0,2.189,1.916,,2.037,0.475
2018-08-23 05:15:00+0000,10,VALID,train,2.233,15,1,0,3,False,0.0654,0.9979,1.005,2.189,,1.642,0.521
2018-08-23 05:30:00+0000,10,VALID,train,1.437,30,2,0,3,False,0.1305,0.9914,2.233,1.005,,1.836,0.571
2018-08-23 05:45:00+0000,10,VALID,train,1.242,45,3,0,3,False,0.1951,0.9808,1.437,2.233,,1.716,0.598
2018-08-23 06:00:00+0000,10,VALID,train,1.915,60,4,1,3,False,0.2588,0.9659,1.242,1.437,,1.479,0.533
2018-08-23 06:15:00+0000,10,VALID,train,1.341,75,5,1,3,False,0.3214,0.9469,1.915,1.242,,1.707,0.451
2018-08-23 06:30:00+0000,10,VALID,train,0.911,90,6,1,3,False,0.3827,0.9239,1.341,1.915,,1.484,0.298
2018-08-23 06:45:00+0000,10,VALID,train,1.178,105,7,1,3,False,0.4423,0.8969,0.911,1.341,,1.352,0.418
2018-08-23 07:00:00+0000,10,VALID,train,1.346,120,8,2,3,False,0.5,0.866,1.178,0.911,,1.336,0.425
2018-08-23 07:15:00+0000,10,VALID,train,0.582,135,9,2,3,False,0.5556,0.8315,1.346,1.178,,1.194,0.204
2018-08-23 07:30:00+0000,10,VALID,train,0.914,150,10,2,3,False,0.6088,0.7934,0.582,1.346,,1.004,0.334
2018-08-23 07:45:00+0000,10,VALID,train,1.292,165,11,2,3,False,0.6593,0.7518,0.914,0.582,,1.005,0.333
2018-08-23 08:00:00+0000,10,VALID,train,0.243,180,12,3,3,False,0.7071,0.7071,1.292,0.914,,1.033,0.357
2018-08-23 08:15:00+0000,10,VALID,train,1.371,195,13,3,3,False,0.7518,0.6593,0.243,1.292,,0.758,0.449
2018-08-23 08:30:00+0000,10,VALID,train,0.241,210,14,3,3,False,0.7934,0.6088,1.371,0.243,,0.955,0.515
2018-08-23 08:45:00+0000,10,VALID,train,1.28,225,15,3,3,False,0.8315,0.5556,0.241,1.371,,0.787,0.63
2018-08-23 09:00:00+0000,10,VALID,train,0.33,240,16,4,3,False,0.866,0.5,1.28,0.241,,0.784,0.627
2018-08-23 09:15:00+0000,10,VALID,train,1.138,255,17,4,3,False,0.8969,0.4423,0.33,1.28,,0.805,0.603
2018-08-23 09:30:00+0000,10,VALID,train,0.293,270,18,4,3,False,0.9239,0.3827,1.138,0.33,,0.747,0.538
2018-08-23 09:45:00+0000,10,VALID,train,1.091,285,19,4,3,False,0.9469,0.3214,0.293,1.138,,0.76,0.522
2018-08-23 10:00:00+0000,10,VALID,train,0.248,300,20,5,3,False,0.9659,0.2588,1.091,0.293,,0.713,0.464
2018-08-23 10:15:00+0000,10,VALID,train,1.05,315,21,5,3,False,0.9808,0.1951,0.248,1.091,,0.692,0.488
2018-08-23 10:30:00+0000,10,VALID,train,0.242,330,22,5,3,False,0.9914,0.1305,1.05,0.248,,0.67,0.463
2018-08-23 10:45:00+0000,10,VALID,train,0.97,345,23,5,3,False,0.9979,0.0654,0.242,1.05,,0.658,0.477
2018-08-23 11:00:00+0000,10,VALID,train,0.271,360,24,6,3,False,1.0,0.0,0.97,0.242,,0.627,0.443
2018-08-23 11:15:00+0000,10,VALID,train,0.166,375,25,6,3,False,0.9979,-0.0654,0.271,0.97,,0.633,0.436
2018-08-23 11:30:00+0000,10,VALID,train,0.958,390,26,6,3,False,0.9914,-0.1305,0.166,0.271,,0.412,0.374
2018-08-23 11:45:00+0000,10,VALID,train,0.163,405,27,6,3,False,0.9808,-0.1951,0.958,0.166,,0.591,0.433
2018-08-23 12:00:00+0000,10,VALID,train,0.193,420,28,7,3,False,0.9659,-0.2588,0.163,0.958,,0.389,0.382
2018-08-23 12:15:00+0000,10,VALID,train,0.617,435,29,7,3,False,0.9469,-0.3214,0.193,0.163,,0.37,0.392
2018-08-23 12:30:00+0000,10,VALID,train,1.494,450,30,7,3,False,0.9239,-0.3827,0.617,0.193,,0.483,0.379
2018-08-23 12:45:00+0000,10,VALID,train,0.323,465,31,7,3,False,0.8969,-0.4423,1.494,0.617,,0.617,0.62
2018-08-23 13:00:00+0000,10,VALID,train,0.368,480,32,8,3,False,0.866,-0.5,0.323,1.494,,0.657,0.586
2018-08-23 13:15:00+0000,10,VALID,train,0.208,495,33,8,3,False,0.8315,-0.5556,0.368,0.323,,0.7,0.545
2018-08-23 13:30:00+0000,10,VALID,train,0.207,510,34,8,3,False,0.7934,-0.6088,0.208,0.368,,0.598,0.601
2018-08-23 13:45:00+0000,10,VALID,train,0.197,525,35,8,3,False,0.7518,-0.6593,0.207,0.208,,0.276,0.082
2018-08-23 14:00:00+0000,10,VALID,train,0.202,540,36,9,3,False,0.7071,-0.7071,0.197,0.207,,0.245,0.082
2018-08-23 14:15:00+0000,10,VALID,train,0.201,555,37,9,3,False,0.6593,-0.7518,0.202,0.197,,0.203,0.005
2018-08-23 14:30:00+0000,10,VALID,train,0.196,570,38,9,3,False,0.6088,-0.7934,0.201,0.202,,0.202,0.004
2018-08-23 14:45:00+0000,10,VALID,train,0.206,585,39,9,3,False,0.5556,-0.8315,0.196,0.201,,0.199,0.003
2018-08-23 15:00:00+0000,10,VALID,train,0.196,600,40,10,3,False,0.5,-0.866,0.206,0.196,,0.201,0.004
2018-08-23 15:15:00+0000,10,VALID,train,0.203,615,41,10,3,False,0.4423,-0.8969,0.196,0.206,,0.2,0.005
2018-08-23 15:30:00+0000,10,VALID,train,0.201,630,42,10,3,False,0.3827,-0.9239,0.203,0.196,,0.2,0.005
2018-08-23 15:45:00+0000,10,VALID,train,0.199,645,43,10,3,False,0.3214,-0.9469,0.201,0.203,,0.201,0.004
2018-08-23 16:00:00+0000,10,VALID,train,0.205,660,44,11,3,False,0.2588,-0.9659,0.199,0.201,,0.2,0.003
2018-08-23 16:15:00+0000,10,VALID,train,0.195,675,45,11,3,False,0.1951,-0.9808,0.205,0.199,,0.202,0.003
2018-08-23 16:30:00+0000,10,VALID,train,0.202,690,46,11,3,False,0.1305,-0.9914,0.195,0.205,,0.2,0.004
2018-08-23 16:45:00+0000,10,VALID,train,0.2,705,47,11,3,False,0.0654,-0.9979,0.202,0.195,,0.2,0.004
2018-08-23 17:00:00+0000,10,VALID,train,0.197,720,48,12,3,False,0.0,-1.0,0.2,0.202,,0.2,0.004
2018-08-23 17:15:00+0000,10,VALID,train,0.203,735,49,12,3,False,-0.0654,-0.9979,0.197,0.2,,0.198,0.003
2018-08-23 17:30:00+0000,10,VALID,train,0.194,750,50,12,3,False,-0.1305,-0.9914,0.203,0.197,,0.2,0.003
2018-08-23 17:45:00+0000,10,VALID,train,0.205,765,51,12,3,False,-0.1951,-0.9808,0.194,0.203,,0.198,0.004
2018-08-23 18:00:00+0000,10,VALID,train,0.195,780,52,13,3,False,-0.2588,-0.9659,0.205,0.194,,0.2,0.005
2018-08-23 18:15:00+0000,10,VALID,train,0.2,795,53,13,3,False,-0.3214,-0.9469,0.195,0.205,,0.199,0.006
2018-08-23 18:30:00+0000,10,VALID,train,0.197,810,54,13,3,False,-0.3827,-0.9239,0.2,0.195,,0.198,0.005
2018-08-23 18:45:00+0000,10,VALID,train,0.195,825,55,13,3,False,-0.4423,-0.8969,0.197,0.2,,0.199,0.004
2018-08-23 19:00:00+0000,10,VALID,train,0.202,840,56,14,3,False,-0.5,-0.866,0.195,0.197,,0.197,0.002
2018-08-23 19:15:00+0000,10,VALID,train,0.191,855,57,14,3,False,-0.5556,-0.8315,0.202,0.195,,0.198,0.003
2018-08-23 19:30:00+0000,10,VALID,train,0.2,870,58,14,3,False,-0.6088,-0.7934,0.191,0.202,,0.196,0.005
2018-08-23 19:45:00+0000,10,VALID,train,0.195,885,59,14,3,False,-0.6593,-0.7518,0.2,0.191,,0.197,0.005
2018-08-23 20:00:00+0000,10,VALID,train,0.196,900,60,15,3,False,-0.7071,-0.7071,0.195,0.2,,0.197,0.005
2018-08-23 20:15:00+0000,10,VALID,train,0.199,915,61,15,3,False,-0.7518,-0.6593,0.196,0.195,,0.195,0.004
2018-08-23 20:30:00+0000,10,VALID,train,0.193,930,62,15,3,False,-0.7934,-0.6088,0.199,0.196,,0.197,0.002
2018-08-23 20:45:00+0000,10,VALID,train,0.204,945,63,15,3,False,-0.8315,-0.5556,0.193,0.199,,0.196,0.002
2018-08-23 21:00:00+0000,10,VALID,train,0.194,960,64,16,3,False,-0.866,-0.5,0.204,0.193,,0.198,0.005
2018-08-23 21:15:00+0000,10,VALID,train,2.184,975,65,16,3,False,-0.8969,-0.4423,0.194,0.204,,0.197,0.005
2018-08-23 21:30:00+0000,10,VALID,train,2.418,990,66,16,3,False,-0.9239,-0.3827,2.184,0.194,,0.694,0.994
2018-08-23 21:45:00+0000,10,VALID,train,2.41,1005,67,16,3,False,-0.9469,-0.3214,2.418,2.184,,1.25,1.217
2018-08-23 22:00:00+0000,10,VALID,train,2.401,1020,68,17,3,False,-0.9659,-0.2588,2.41,2.418,,1.801,1.077
2018-08-23 22:15:00+0000,10,VALID,train,2.396,1035,69,17,3,False,-0.9808,-0.1951,2.401,2.41,,2.353,0.113
2018-08-23 22:30:00+0000,10,VALID,train,2.372,1050,70,17,3,False,-0.9914,-0.1305,2.396,2.401,,2.406,0.01
2018-08-23 22:45:00+0000,10,VALID,train,1.356,1065,71,17,3,False,-0.9979,-0.0654,2.372,2.396,,2.395,0.016
2018-08-23 23:00:00+0000,10,VALID,train,2.327,1080,72,18,3,False,-1.0,-0.0,1.356,2.372,,2.131,0.517
2018-08-23 23:15:00+0000,10,VALID,train,2.329,1095,73,18,3,False,-0.9979,0.0654,2.327,1.356,,2.113,0.505
2018-08-23 23:30:00+0000,10,VALID,train,1.467,1110,74,18,3,False,-0.9914,0.1305,2.329,2.327,,2.096,0.494
2018-08-23 23:45:00+0000,10,VALID,train,2.306,1125,75,18,3,False,-0.9808,0.1951,1.467,2.329,,1.87,0.531
2018-08-24 00:00:00+0000,10,VALID,validation,1.96,1140,76,19,3,False,-0.9659,0.2588,2.306,1.467,1.563,2.107,0.427
2018-08-24 00:15:00+0000,10,VALID,validation,1.539,1155,77,19,3,False,-0.9469,0.3214,1.96,2.306,2.608,2.016,0.403
2018-08-24 00:30:00+0000,10,VALID,validation,2.077,1170,78,19,3,False,-0.9239,0.3827,1.539,1.96,2.593,1.818,0.391
2018-08-24 00:45:00+0000,10,VALID,validation,1.804,1185,79,19,3,False,-0.8969,0.4423,2.077,1.539,1.466,1.97,0.322
2018-08-24 01:00:00+0000,10,VALID,validation,2.071,1200,80,20,3,False,-0.866,0.5,1.804,2.077,2.583,1.845,0.233
2018-08-24 01:15:00+0000,10,VALID,validation,2.557,1215,81,20,3,False,-0.8315,0.5556,2.071,1.804,1.72,1.873,0.256
2018-08-24 01:30:00+0000,10,VALID,validation,1.784,1230,82,20,3,False,-0.7934,0.6088,2.557,2.071,3.19,2.127,0.314
2018-08-24 01:45:00+0000,10,VALID,validation,2.626,1245,83,20,3,False,-0.7518,0.6593,1.784,2.557,1.741,2.054,0.36
2018-08-24 02:00:00+0000,10,VALID,validation,1.733,1260,84,21,3,False,-0.7071,0.7071,2.626,1.784,2.12,2.26,0.402
2018-08-24 02:15:00+0000,10,VALID,validation,1.373,1275,85,21,3,False,-0.6593,0.7518,1.733,2.626,1.716,2.175,0.482
2018-08-24 02:30:00+0000,10,VALID,validation,2.178,1290,86,21,3,False,-0.6088,0.7934,1.373,1.733,1.665,1.879,0.531
2018-08-24 02:45:00+0000,10,VALID,validation,1.545,1305,87,21,3,False,-0.5556,0.8315,2.178,1.373,2.236,1.977,0.543
2018-08-24 03:00:00+0000,10,VALID,validation,1.351,1320,88,22,3,False,-0.5,0.866,1.545,2.178,1.626,1.707,0.347
2018-08-24 03:15:00+0000,10,VALID,validation,2.317,1335,89,22,3,False,-0.4423,0.8969,1.351,1.545,1.375,1.612,0.387
2018-08-24 03:30:00+0000,10,VALID,validation,2.9,1350,90,22,3,False,-0.3827,0.9239,2.317,1.351,1.899,1.848,0.472
2018-08-24 03:45:00+0000,10,VALID,validation,1.399,1365,91,22,3,False,-0.3214,0.9469,2.9,2.317,1.817,2.028,0.715
2018-08-24 04:00:00+0000,10,VALID,validation,2.883,1380,92,23,3,False,-0.2588,0.9659,1.399,2.9,2.588,1.992,0.751
2018-08-24 04:15:00+0000,10,VALID,validation,3.55,1395,93,23,3,False,-0.1951,0.9808,2.883,1.399,1.457,2.375,0.705
2018-08-24 04:30:00+0000,10,VALID,validation,3.395,1410,94,23,3,False,-0.1305,0.9914,3.55,2.883,1.916,2.683,0.911
2018-08-24 04:45:00+0000,10,VALID,validation,2.994,1425,95,23,3,False,-0.0654,0.9979,3.395,3.55,2.189,2.807,0.981
2018-08-24 05:00:00+0000,10,VALID,validation,1.893,0,0,0,4,False,0.0,1.0,2.994,3.395,1.005,3.206,0.318
2018-08-24 05:15:00+0000,10,VALID,validation,1.942,15,1,0,4,False,0.0654,0.9979,1.893,2.994,2.233,2.958,0.748
2018-08-24 05:30:00+0000,10,VALID,validation,2.021,30,2,0,4,False,0.1305,0.9914,1.942,1.893,1.437,2.556,0.755
2018-08-24 05:45:00+0000,10,VALID,validation,1.826,45,3,0,4,False,0.1951,0.9808,2.021,1.942,1.242,2.212,0.524
2018-08-24 06:00:00+0000,10,VALID,validation,1.978,60,4,1,4,False,0.2588,0.9659,1.826,2.021,1.915,1.92,0.082
2018-08-24 06:15:00+0000,10,VALID,validation,2.319,75,5,1,4,False,0.3214,0.9469,1.978,1.826,1.341,1.942,0.084
2018-08-24 06:30:00+0000,10,VALID,validation,1.685,90,6,1,4,False,0.3827,0.9239,2.319,1.978,0.911,2.036,0.206
2018-08-24 06:45:00+0000,10,VALID,validation,1.433,105,7,1,4,False,0.4423,0.8969,1.685,2.319,1.178,1.952,0.272
2018-08-24 07:00:00+0000,10,VALID,validation,1.94,120,8,2,4,False,0.5,0.866,1.433,1.685,1.346,1.854,0.382
2018-08-24 07:15:00+0000,10,VALID,validation,1.44,135,9,2,4,False,0.5556,0.8315,1.94,1.433,0.582,1.844,0.378
2018-08-24 07:30:00+0000,10,VALID,validation,0.661,150,10,2,4,False,0.6088,0.7934,1.44,1.94,0.914,1.624,0.241
2018-08-24 07:45:00+0000,10,VALID,validation,1.069,165,11,2,4,False,0.6593,0.7518,0.661,1.44,1.292,1.368,0.528
2018-08-24 08:00:00+0000,10,VALID,validation,1.383,180,12,3,4,False,0.7071,0.7071,1.069,0.661,0.243,1.277,0.544
2018-08-24 08:15:00+0000,10,VALID,validation,0.347,195,13,3,4,False,0.7518,0.6593,1.383,1.069,1.371,1.138,0.358
2018-08-24 08:30:00+0000,10,VALID,validation,1.382,210,14,3,4,False,0.7934,0.6088,0.347,1.383,0.241,0.865,0.455
2018-08-24 08:45:00+0000,10,VALID,validation,0.499,225,15,3,4,False,0.8315,0.5556,1.382,0.347,1.28,1.045,0.488
2018-08-24 09:00:00+0000,10,VALID,validation,1.258,240,16,4,4,False,0.866,0.5,0.499,1.382,0.33,0.903,0.557
2018-08-24 09:15:00+0000,10,VALID,validation,0.411,255,17,4,4,False,0.8969,0.4423,1.258,0.499,1.138,0.871,0.524
2018-08-24 09:30:00+0000,10,VALID,validation,1.3,270,18,4,4,False,0.9239,0.3827,0.411,1.258,0.293,0.888,0.503
2018-08-24 09:45:00+0000,10,VALID,validation,0.496,285,19,4,4,False,0.9469,0.3214,1.3,0.411,1.091,0.867,0.477
2018-08-24 10:00:00+0000,10,VALID,validation,1.294,300,20,5,4,False,0.9659,0.2588,0.496,1.3,0.248,0.866,0.478
2018-08-24 10:15:00+0000,10,VALID,validation,0.33,315,21,5,4,False,0.9808,0.1951,1.294,0.496,1.05,0.875,0.488
2018-08-24 10:30:00+0000,10,VALID,validation,1.162,330,22,5,4,False,0.9914,0.1305,0.33,1.294,0.242,0.855,0.515
2018-08-24 10:45:00+0000,10,VALID,validation,0.334,345,23,5,4,False,0.9979,0.0654,1.162,0.33,0.97,0.82,0.478
2018-08-24 11:00:00+0000,10,VALID,validation,1.168,360,24,6,4,False,1.0,0.0,0.334,1.162,0.271,0.78,0.52
2018-08-24 11:15:00+0000,10,VALID,validation,0.449,375,25,6,4,False,0.9979,-0.0654,1.168,0.334,0.166,0.748,0.481
2018-08-24 11:30:00+0000,10,VALID,validation,0.332,390,26,6,4,False,0.9914,-0.1305,0.449,1.168,0.958,0.778,0.449
2018-08-24 11:45:00+0000,10,VALID,validation,1.195,405,27,6,4,False,0.9808,-0.1951,0.332,0.449,0.163,0.571,0.402
2018-08-24 12:00:00+0000,10,VALID,validation,0.336,420,28,7,4,False,0.9659,-0.2588,1.195,0.332,0.193,0.786,0.459
2018-08-24 12:15:00+0000,10,VALID,validation,0.73,435,29,7,4,False,0.9469,-0.3214,0.336,1.195,0.617,0.578,0.415
2018-08-24 12:30:00+0000,10,VALID,validation,0.681,450,30,7,4,False,0.9239,-0.3827,0.73,0.336,1.494,0.648,0.41
2018-08-24 12:45:00+0000,10,VALID,validation,0.297,465,31,7,4,False,0.8969,-0.4423,0.681,0.73,0.323,0.736,0.353
2018-08-24 13:00:00+0000,10,VALID,validation,0.285,480,32,8,4,False,0.866,-0.5,0.297,0.681,0.368,0.511,0.226
2018-08-24 13:15:00+0000,10,VALID,validation,0.293,495,33,8,4,False,0.8315,-0.5556,0.285,0.297,0.208,0.498,0.24
2018-08-24 13:30:00+0000,10,VALID,validation,0.932,510,34,8,4,False,0.7934,-0.6088,0.293,0.285,0.207,0.389,0.195
2018-08-24 13:45:00+0000,10,VALID,validation,0.533,525,35,8,4,False,0.7518,-0.6593,0.932,0.293,0.197,0.452,0.32
2018-08-24 14:00:00+0000,10,VALID,validation,0.745,540,36,9,4,False,0.7071,-0.7071,0.533,0.932,0.202,0.511,0.303
2018-08-24 14:15:00+0000,10,VALID,validation,1.536,555,37,9,4,False,0.6593,-0.7518,0.745,0.533,0.201,0.626,0.275
2018-08-24 14:30:00+0000,10,VALID,validation,0.637,570,38,9,4,False,0.6088,-0.7934,1.536,0.745,0.196,0.937,0.432
2018-08-24 14:45:00+0000,10,VALID,validation,1.491,585,39,9,4,False,0.5556,-0.8315,0.637,1.536,0.206,0.863,0.457
2018-08-24 15:00:00+0000,10,VALID,validation,2.578,600,40,10,4,False,0.5,-0.866,1.491,0.637,0.196,1.102,0.477
2018-08-24 15:15:00+0000,10,VALID,validation,1.523,615,41,10,4,False,0.4423,-0.8969,2.578,1.491,0.203,1.56,0.794
2018-08-24 15:30:00+0000,10,VALID,validation,1.624,630,42,10,4,False,0.3827,-0.9239,1.523,2.578,0.201,1.557,0.795
2018-08-24 15:45:00+0000,10,VALID,validation,1.914,645,43,10,4,False,0.3214,-0.9469,1.624,1.523,0.199,1.804,0.519
2018-08-24 16:00:00+0000,10,VALID,validation,1.96,660,44,11,4,False,0.2588,-0.9659,1.914,1.624,0.205,1.91,0.475
2018-08-24 16:15:00+0000,10,VALID,validation,1.267,675,45,11,4,False,0.1951,-0.9808,1.96,1.914,0.195,1.755,0.215
2018-08-24 16:30:00+0000,10,VALID,validation,1.898,690,46,11,4,False,0.1305,-0.9914,1.267,1.96,0.202,1.691,0.32
2018-08-24 16:45:00+0000,10,VALID,validation,2.087,705,47,11,4,False,0.0654,-0.9979,1.898,1.267,0.2,1.76,0.33
2018-08-24 17:00:00+0000,10,VALID,validation,1.254,720,48,12,4,False,0.0,-1.0,2.087,1.898,0.197,1.803,0.366
2018-08-24 17:15:00+0000,10,VALID,validation,2.023,735,49,12,4,False,-0.0654,-0.9979,1.254,2.087,0.203,1.626,0.43
2018-08-24 17:30:00+0000,10,VALID,validation,1.54,750,50,12,4,False,-0.1305,-0.9914,2.023,1.254,0.194,1.816,0.382
2018-08-24 17:45:00+0000,10,VALID,validation,1.225,765,51,12,4,False,-0.1951,-0.9808,1.54,2.023,0.205,1.726,0.398
2018-08-24 18:00:00+0000,10,VALID,validation,1.706,780,52,13,4,False,-0.2588,-0.9659,1.225,1.54,0.195,1.51,0.37
2018-08-24 18:15:00+0000,10,VALID,validation,1.951,795,53,13,4,False,-0.3214,-0.9469,1.706,1.225,0.2,1.624,0.333
2018-08-24 18:30:00+0000,10,VALID,validation,1.283,810,54,13,4,False,-0.3827,-0.9239,1.951,1.706,0.197,1.606,0.305
2018-08-24 18:45:00+0000,10,VALID,validation,1.295,825,55,13,4,False,-0.4423,-0.8969,1.283,1.951,0.195,1.541,0.347
2018-08-24 19:00:00+0000,10,VALID,validation,2.339,840,56,14,4,False,-0.5,-0.866,1.295,1.283,0.202,1.559,0.327
2018-08-24 19:15:00+0000,10,VALID,validation,2.116,855,57,14,4,False,-0.5556,-0.8315,2.339,1.295,0.191,1.717,0.519
2018-08-24 19:30:00+0000,10,VALID,validation,1.443,870,58,14,4,False,-0.6088,-0.7934,2.116,2.339,0.2,1.758,0.549
2018-08-24 19:45:00+0000,10,VALID,validation,2.534,885,59,14,4,False,-0.6593,-0.7518,1.443,2.116,0.195,1.798,0.508
2018-08-24 20:00:00+0000,10,VALID,validation,1.361,900,60,15,4,False,-0.7071,-0.7071,2.534,1.443,0.196,2.108,0.475
2018-08-24 20:15:00+0000,10,VALID,validation,2.196,915,61,15,4,False,-0.7518,-0.6593,1.361,2.534,0.199,1.864,0.561
2018-08-24 20:30:00+0000,10,VALID,validation,1.919,930,62,15,4,False,-0.7934,-0.6088,2.196,1.361,0.193,1.884,0.574
2018-08-24 20:45:00+0000,10,VALID,validation,1.85,945,63,15,4,False,-0.8315,-0.5556,1.919,2.196,0.204,2.002,0.496
2018-08-24 21:00:00+0000,10,VALID,validation,2.983,960,64,16,4,False,-0.866,-0.5,1.85,1.919,0.194,1.832,0.347
2018-08-24 21:15:00+0000,10,VALID,validation,1.775,975,65,16,4,False,-0.8969,-0.4423,2.983,1.85,2.184,2.237,0.519
2018-08-24 21:30:00+0000,10,VALID,validation,2.502,990,66,16,4,False,-0.9239,-0.3827,1.775,2.983,2.418,2.132,0.571
2018-08-24 21:45:00+0000,10,VALID,validation,1.688,1005,67,16,4,False,-0.9469,-0.3214,2.502,1.775,2.41,2.278,0.573
2018-08-24 22:00:00+0000,10,VALID,validation,2.604,1020,68,17,4,False,-0.9659,-0.2588,1.688,2.502,2.401,2.237,0.617
2018-08-24 22:15:00+0000,10,VALID,validation,1.704,1035,69,17,4,False,-0.9808,-0.1951,2.604,1.688,2.396,2.142,0.477
2018-08-24 22:30:00+0000,10,VALID,validation,2.05,1050,70,17,4,False,-0.9914,-0.1305,1.704,2.604,2.372,2.124,0.497
2018-08-24 22:45:00+0000,10,VALID,validation,0.377,1065,71,17,4,False,-0.9979,-0.0654,2.05,1.704,1.356,2.011,0.429
2018-08-24 23:00:00+0000,10,VALID,validation,1.711,1080,72,18,4,False,-1.0,-0.0,0.377,2.05,2.327,1.684,0.947
2018-08-24 23:15:00+0000,10,VALID,validation,2.488,1095,73,18,4,False,-0.9979,0.0654,1.711,0.377,2.329,1.46,0.74
2018-08-24 23:30:00+0000,10,VALID,validation,3.283,1110,74,18,4,False,-0.9914,0.1305,2.488,1.711,1.467,1.656,0.91
2018-08-24 23:45:00+0000,10,VALID,validation,3.496,1125,75,18,4,False,-0.9808,0.1951,3.283,2.488,2.306,1.965,1.238
2018-08-25 00:00:00+0000,10,VALID,holdout,1.566,1140,76,19,4,False,-0.9659,0.2588,3.496,3.283,1.96,2.744,0.814
2018-08-25 00:15:00+0000,10,VALID,holdout,1.767,1155,77,19,4,False,-0.9469,0.3214,1.566,3.496,1.539,2.708,0.876
2018-08-25 00:30:00+0000,10,VALID,holdout,2.657,1170,78,19,4,False,-0.9239,0.3827,1.767,1.566,2.077,2.528,1.002
2018-08-25 00:45:00+0000,10,VALID,holdout,1.08,1185,79,19,4,False,-0.8969,0.4423,2.657,1.767,1.804,2.372,0.887
2018-08-25 01:00:00+0000,10,VALID,holdout,1.786,1200,80,20,4,False,-0.866,0.5,1.08,2.657,2.071,1.767,0.659
2018-08-25 01:15:00+0000,10,VALID,holdout,2.024,1215,81,20,4,False,-0.8315,0.5556,1.786,1.08,2.557,1.822,0.646
2018-08-25 01:30:00+0000,10,VALID,holdout,1.384,1230,82,20,4,False,-0.7934,0.6088,2.024,1.786,1.784,1.887,0.651
2018-08-25 01:45:00+0000,10,VALID,holdout,1.379,1245,83,20,4,False,-0.7518,0.6593,1.384,2.024,2.626,1.568,0.419
2018-08-25 02:00:00+0000,10,VALID,holdout,2.058,1260,84,21,4,False,-0.7071,0.7071,1.379,1.384,1.733,1.643,0.317
2018-08-25 02:15:00+0000,10,VALID,holdout,1.171,1275,85,21,4,False,-0.6593,0.7518,2.058,1.379,1.373,1.711,0.381
2018-08-25 02:30:00+0000,10,VALID,holdout,1.307,1290,86,21,4,False,-0.6088,0.7934,1.171,2.058,2.178,1.498,0.386
2018-08-25 02:45:00+0000,10,VALID,holdout,1.729,1305,87,21,4,False,-0.5556,0.8315,1.307,1.171,1.545,1.479,0.396
2018-08-25 03:00:00+0000,10,VALID,holdout,0.609,1320,88,22,4,False,-0.5,0.866,1.729,1.307,1.351,1.566,0.405
2018-08-25 03:15:00+0000,10,VALID,holdout,1.875,1335,89,22,4,False,-0.4423,0.8969,0.609,1.729,2.317,1.204,0.462
2018-08-25 03:30:00+0000,10,VALID,holdout,0.988,1350,90,22,4,False,-0.3827,0.9239,1.875,0.609,2.9,1.38,0.568
2018-08-25 03:45:00+0000,10,VALID,holdout,1.3,1365,91,22,4,False,-0.3214,0.9469,0.988,1.875,1.399,1.3,0.603
2018-08-25 04:00:00+0000,10,VALID,holdout,2.279,1380,92,23,4,False,-0.2588,0.9659,1.3,0.988,2.883,1.193,0.535
2018-08-25 04:15:00+0000,10,VALID,holdout,1.285,1395,93,23,4,False,-0.1951,0.9808,2.279,1.3,3.55,1.61,0.578
2018-08-25 04:30:00+0000,10,VALID,holdout,2.004,1410,94,23,4,False,-0.1305,0.9914,1.285,2.279,3.395,1.463,0.563
2018-08-25 04:45:00+0000,10,VALID,holdout,1.559,1425,95,23,4,False,-0.0654,0.9979,2.004,1.285,2.994,1.717,0.503
2018-08-25 05:00:00+0000,10,VALID,holdout,1.35,0,0,0,5,True,0.0,1.0,1.559,2.004,1.893,1.782,0.445
2018-08-25 05:15:00+0000,10,VALID,holdout,1.546,15,1,0,5,True,0.0654,0.9979,1.35,1.559,1.942,1.55,0.325
2018-08-25 05:30:00+0000,10,VALID,holdout,1.123,30,2,0,5,True,0.1305,0.9914,1.546,1.35,2.021,1.615,0.277
2018-08-25 05:45:00+0000,10,VALID,holdout,0.83,45,3,0,5,True,0.1951,0.9808,1.123,1.546,1.826,1.394,0.205
2018-08-25 06:00:00+0000,10,VALID,holdout,1.528,60,4,1,5,True,0.2588,0.9659,0.83,1.123,1.978,1.212,0.308
2018-08-25 06:15:00+0000,10,VALID,holdout,0.452,75,5,1,5,True,0.3214,0.9469,1.528,0.83,2.319,1.257,0.345
2018-08-25 06:30:00+0000,10,VALID,holdout,1.265,90,6,1,5,True,0.3827,0.9239,0.452,1.528,1.685,0.983,0.455
2018-08-25 06:45:00+0000,10,VALID,holdout,0.9,105,7,1,5,True,0.4423,0.8969,1.265,0.452,1.433,1.019,0.475
2018-08-25 07:00:00+0000,10,VALID,holdout,0.911,120,8,2,5,True,0.5,0.866,0.9,1.265,1.94,1.036,0.467
2018-08-25 07:15:00+0000,10,VALID,holdout,0.94,135,9,2,5,True,0.5556,0.8315,0.911,0.9,1.44,0.882,0.333
2018-08-25 07:30:00+0000,10,VALID,holdout,0.832,150,10,2,5,True,0.6088,0.7934,0.94,0.911,0.661,1.004,0.175
2018-08-25 07:45:00+0000,10,VALID,holdout,0.883,165,11,2,5,True,0.6593,0.7518,0.832,0.94,1.069,0.896,0.046
2018-08-25 08:00:00+0000,10,VALID,holdout,0.819,180,12,3,5,True,0.7071,0.7071,0.883,0.832,1.383,0.892,0.046
2018-08-25 08:15:00+0000,10,VALID,holdout,0.79,195,13,3,5,True,0.7518,0.6593,0.819,0.883,0.347,0.868,0.055
2018-08-25 08:30:00+0000,10,VALID,holdout,0.813,210,14,3,5,True,0.7934,0.6088,0.79,0.819,1.382,0.831,0.039
2018-08-25 08:45:00+0000,10,VALID,holdout,0.447,225,15,3,5,True,0.8315,0.5556,0.813,0.79,0.499,0.826,0.04
2018-08-25 09:00:00+0000,10,VALID,holdout,1.006,240,16,4,5,True,0.866,0.5,0.447,0.813,1.258,0.717,0.181
2018-08-25 09:15:00+0000,10,VALID,holdout,0.327,255,17,4,5,True,0.8969,0.4423,1.006,0.447,0.411,0.764,0.232
2018-08-25 09:30:00+0000,10,VALID,holdout,1.122,270,18,4,5,True,0.9239,0.3827,0.327,1.006,1.3,0.648,0.316
2018-08-25 09:45:00+0000,10,VALID,holdout,0.32,285,19,4,5,True,0.9469,0.3214,1.122,0.327,0.496,0.726,0.397
2018-08-25 10:00:00+0000,10,VALID,holdout,0.917,300,20,5,5,True,0.9659,0.2588,0.32,1.122,1.294,0.694,0.43
2018-08-25 10:15:00+0000,10,VALID,holdout,0.485,315,21,5,5,True,0.9808,0.1951,0.917,0.32,0.33,0.672,0.41
2018-08-25 10:30:00+0000,10,VALID,holdout,0.325,330,22,5,5,True,0.9914,0.1305,0.485,0.917,1.162,0.711,0.372
2018-08-25 10:45:00+0000,10,VALID,holdout,1.081,345,23,5,5,True,0.9979,0.0654,0.325,0.485,0.334,0.512,0.281
2018-08-25 11:00:00+0000,10,VALID,holdout,0.321,360,24,6,5,True,1.0,0.0,1.081,0.325,1.168,0.702,0.355
2018-08-25 11:15:00+0000,10,VALID,holdout,1.082,375,25,6,5,True,0.9979,-0.0654,0.321,1.081,0.449,0.553,0.36
2018-08-25 11:30:00+0000,10,VALID,holdout,0.325,390,26,6,5,True,0.9914,-0.1305,1.082,0.321,0.332,0.702,0.438
2018-08-25 11:45:00+0000,10,VALID,holdout,0.813,405,27,6,5,True,0.9808,-0.1951,0.325,1.082,1.195,0.702,0.438
2018-08-25 12:00:00+0000,10,VALID,holdout,0.616,420,28,7,5,True,0.9659,-0.2588,0.813,0.325,0.336,0.635,0.377
2018-08-25 12:15:00+0000,10,VALID,holdout,0.32,435,29,7,5,True,0.9469,-0.3214,0.616,0.813,0.73,0.709,0.319
2018-08-25 12:30:00+0000,10,VALID,holdout,1.067,450,30,7,5,True,0.9239,-0.3827,0.32,0.616,0.681,0.518,0.24
2018-08-25 12:45:00+0000,10,VALID,holdout,0.297,465,31,7,5,True,0.8969,-0.4423,1.067,0.32,0.297,0.704,0.316
2018-08-25 13:00:00+0000,10,VALID,holdout,1.182,480,32,8,5,True,0.866,-0.5,0.297,1.067,0.285,0.575,0.359
2018-08-25 13:15:00+0000,10,VALID,holdout,0.504,495,33,8,5,True,0.8315,-0.5556,1.182,0.297,0.293,0.716,0.474
2018-08-25 13:30:00+0000,10,VALID,holdout,1.234,510,34,8,5,True,0.7934,-0.6088,0.504,1.182,0.932,0.762,0.429
2018-08-25 13:45:00+0000,10,VALID,holdout,0.695,525,35,8,5,True,0.7518,-0.6593,1.234,0.504,0.533,0.804,0.474
2018-08-25 14:00:00+0000,10,VALID,holdout,0.282,540,36,9,5,True,0.7071,-0.7071,0.695,1.234,0.745,0.904,0.36
2018-08-25 14:15:00+0000,10,VALID,holdout,1.103,555,37,9,5,True,0.6593,-0.7518,0.282,0.695,1.536,0.679,0.407
2018-08-25 14:30:00+0000,10,VALID,holdout,0.28,570,38,9,5,True,0.6088,-0.7934,1.103,0.282,0.637,0.828,0.431
2018-08-25 14:45:00+0000,10,VALID,holdout,1.286,585,39,9,5,True,0.5556,-0.8315,0.28,1.103,1.491,0.59,0.394
2018-08-25 15:00:00+0000,10,VALID,holdout,0.279,600,40,10,5,True,0.5,-0.866,1.286,0.28,2.578,0.738,0.533
2018-08-25 15:15:00+0000,10,VALID,holdout,1.442,615,41,10,5,True,0.4423,-0.8969,0.279,1.286,1.523,0.737,0.534
2018-08-25 15:30:00+0000,10,VALID,holdout,0.37,630,42,10,5,True,0.3827,-0.9239,1.442,0.279,1.624,0.822,0.629
2018-08-25 15:45:00+0000,10,VALID,holdout,1.293,645,43,10,5,True,0.3214,-0.9469,0.37,1.442,1.914,0.844,0.605
2018-08-25 16:00:00+0000,10,VALID,holdout,1.332,660,44,11,5,True,0.2588,-0.9659,1.293,0.37,1.96,0.846,0.606
2018-08-25 16:15:00+0000,10,VALID,holdout,0.349,675,45,11,5,True,0.1951,-0.9808,1.332,1.293,1.267,1.109,0.497
2018-08-25 16:30:00+0000,10,VALID,holdout,0.301,690,46,11,5,True,0.1305,-0.9914,0.349,1.332,1.898,0.836,0.551
2018-08-25 16:45:00+0000,10,VALID,holdout,0.314,705,47,11,5,True,0.0654,-0.9979,0.301,0.349,2.087,0.819,0.571
2018-08-25 17:00:00+0000,10,VALID,holdout,0.312,720,48,12,5,True,0.0,-1.0,0.314,0.301,1.254,0.574,0.506
2018-08-25 17:15:00+0000,10,VALID,holdout,0.337,735,49,12,5,True,-0.0654,-0.9979,0.312,0.314,2.023,0.319,0.021
2018-08-25 17:30:00+0000,10,VALID,holdout,0.327,750,50,12,5,True,-0.1305,-0.9914,0.337,0.312,1.54,0.316,0.015
2018-08-25 17:45:00+0000,10,VALID,holdout,0.337,765,51,12,5,True,-0.1951,-0.9808,0.327,0.337,1.225,0.322,0.012
2018-08-25 18:00:00+0000,10,VALID,holdout,0.329,780,52,13,5,True,-0.2588,-0.9659,0.337,0.327,1.706,0.328,0.012
2018-08-25 18:15:00+0000,10,VALID,holdout,0.352,795,53,13,5,True,-0.3214,-0.9469,0.329,0.337,1.951,0.332,0.005
2018-08-25 18:30:00+0000,10,VALID,holdout,0.387,810,54,13,5,True,-0.3827,-0.9239,0.352,0.329,1.283,0.336,0.011
2018-08-25 18:45:00+0000,10,VALID,holdout,1.103,825,55,13,5,True,-0.4423,-0.8969,0.387,0.352,1.295,0.351,0.026
2018-08-25 19:00:00+0000,10,VALID,holdout,1.275,840,56,14,5,True,-0.5,-0.866,1.103,0.387,2.339,0.543,0.374
2018-08-25 19:15:00+0000,10,VALID,holdout,0.44,855,57,14,5,True,-0.5556,-0.8315,1.275,1.103,2.116,0.779,0.479
2018-08-25 19:30:00+0000,10,VALID,holdout,1.315,870,58,14,5,True,-0.6088,-0.7934,0.44,1.275,1.443,0.801,0.454
2018-08-25 19:45:00+0000,10,VALID,holdout,0.483,885,59,14,5,True,-0.6593,-0.7518,1.315,0.44,2.534,1.033,0.406
2018-08-25 20:00:00+0000,10,VALID,holdout,1.327,900,60,15,5,True,-0.7071,-0.7071,0.483,1.315,1.361,0.878,0.482
2018-08-25 20:15:00+0000,10,VALID,holdout,0.303,915,61,15,5,True,-0.7518,-0.6593,1.327,0.483,2.196,0.891,0.497
2018-08-25 20:30:00+0000,10,VALID,holdout,1.442,930,62,15,5,True,-0.7934,-0.6088,0.303,1.327,1.919,0.857,0.541
2018-08-25 20:45:00+0000,10,VALID,holdout,1.148,945,63,15,5,True,-0.8315,-0.5556,1.442,0.303,1.85,0.889,0.579
2018-08-25 21:00:00+0000,10,VALID,holdout,0.82,960,64,16,5,True,-0.866,-0.5,1.148,1.442,2.983,1.055,0.516
2018-08-25 21:15:00+0000,10,VALID,holdout,1.736,975,65,16,5,True,-0.8969,-0.4423,0.82,1.148,1.775,0.928,0.488
2018-08-25 21:30:00+0000,10,VALID,holdout,1.958,990,66,16,5,True,-0.9239,-0.3827,1.736,0.82,2.502,1.286,0.393
2018-08-25 21:45:00+0000,10,VALID,holdout,2.672,1005,67,16,5,True,-0.9469,-0.3214,1.958,1.736,1.688,1.416,0.524
2018-08-25 22:00:00+0000,10,VALID,holdout,2.687,1020,68,17,5,True,-0.9659,-0.2588,2.672,1.958,2.604,1.796,0.764
2018-08-25 22:15:00+0000,10,VALID,holdout,2.563,1035,69,17,5,True,-0.9808,-0.1951,2.687,2.672,1.704,2.263,0.489
2018-08-25 22:30:00+0000,10,VALID,holdout,1.852,1050,70,17,5,True,-0.9914,-0.1305,2.563,2.687,2.05,2.47,0.346
2018-08-25 22:45:00+0000,10,VALID,holdout,2.728,1065,71,17,5,True,-0.9979,-0.0654,1.852,2.563,0.377,2.444,0.398
2018-08-25 23:00:00+0000,10,VALID,holdout,0.641,1080,72,18,5,True,-1.0,-0.0,2.728,1.852,1.711,2.458,0.41
2018-08-25 23:15:00+0000,10,VALID,holdout,2.345,1095,73,18,5,True,-0.9979,0.0654,0.641,2.728,2.488,1.946,0.949
2018-08-25 23:30:00+0000,10,VALID,holdout,0.876,1110,74,18,5,True,-0.9914,0.1305,2.345,0.641,3.283,1.892,0.908
2018-08-25 23:45:00+0000,10,VALID,holdout,1.659,1125,75,18,5,True,-0.9808,0.1951,0.876,2.345,3.496,1.648,1.043
2018-08-26 00:00:00+0000,10,MISSING,holdout,,1140,76,19,5,True,-0.9659,0.2588,1.659,0.876,1.566,1.38,0.777
