sample_id,grid_id,scenario_type,split_set,is_near_limit,solar_kw,load_kw,battery_power_kw,solar_curtailment_kw,net_solar_kw,net_imbalance_kw,is_alternative_topology,battery_soc_percent,installed_solar_capacity_kw,transformer_rating_kva,total_loss_kw,tx_loading_percent,has_overvoltage,has_undervoltage,has_feeder_overload,has_tx_overload,is_safe,violations_count,solver_success,voltage_B1,voltage_B2,voltage_B3,voltage_B4,loading_F_01,loading_F_LINE_12,loading_F_02,loading_F_03,loading_F_04
default-grid_000000,default-grid,bess_injection_discharging,validation,0,52.3,172.2,59.0,0.0,52.3,-60.89999999999999,0,76.9,250.0,500.0,9.4,32.4,0,0,0,0,1,0,1,1.02,1.004,1.044,0.986,81.6,70.2,58.7,0.0,63.5
default-grid_000001,default-grid,diurnal_normal_weekday,train,0,207.9,188.1,-4.7,0.0,207.9,15.100000000000023,0,46.7,250.0,500.0,12.2,23.1,0,0,0,0,1,0,1,1.02,1.017,1.041,0.984,94.0,96.0,97.9,0.0,66.6
default-grid_000002,default-grid,evening_peak_demand,test,0,3.2,284.4,8.5,0.0,3.2,-272.7,0,83.7,250.0,500.0,8.6,75.6,0,0,1,0,0,1,1,1.02,1.0,0.97,0.976,100.5,77.5,54.6,0.0,85.3
default-grid_000003,default-grid,bess_injection_discharging,test,0,3.3,178.7,46.7,0.0,3.3,-128.7,0,76.0,250.0,500.0,8.6,46.2,0,0,0,0,1,0,1,1.02,1.0,1.019,0.985,79.9,64.9,49.9,0.0,64.7
default-grid_000004,default-grid,diurnal_normal_weekend,train,0,125.0,45.4,-9.7,0.0,125.0,69.9,0,51.1,250.0,500.0,10.8,34.3,0,0,0,0,1,0,1,1.02,1.01,1.03,0.996,61.3,70.2,79.1,0.0,38.8
default-grid_000005,default-grid,nighttime_low_load,validation,0,0.0,38.7,0.0,0.0,0.0,-38.7,0,42.5,250.0,500.0,8.5,27.9,0,0,0,0,1,0,1,1.02,1.0,1.0,0.997,52.5,53.8,55.0,0.0,37.5
default-grid_000006,default-grid,solar_curtailment_active,validation,0,259.7,40.9,-23.8,42.5,217.2,152.49999999999997,0,43.0,250.0,500.0,12.4,51.1,0,0,0,0,1,0,1,1.02,1.017,0.988,0.997,66.0,67.8,69.6,0.0,38.0
default-grid_000007,default-grid,nighttime_low_load,train,0,0.0,33.6,0.0,0.0,0.0,-33.6,0,52.7,250.0,500.0,8.5,26.9,0,0,0,0,1,0,1,1.02,1.0,1.0,0.997,51.5,53.2,55.0,0.0,36.5
default-grid_000008,default-grid,diurnal_normal_weekday,train,0,157.6,172.9,-1.4,0.0,157.6,-16.700000000000017,0,51.2,250.0,500.0,11.3,23.4,0,0,0,0,1,0,1,1.02,1.013,1.031,0.986,88.1,88.1,88.1,0.0,63.6
default-grid_000009,default-grid,diurnal_normal_weekend,train,0,172.5,78.4,1.6,0.0,172.5,95.69999999999999,0,49.7,250.0,500.0,11.6,39.5,1,0,0,0,0,1,1,1.02,1.014,1.052,0.993,70.6,81.0,91.4,0.0,45.2
default-grid_000010,default-grid,diurnal_normal_weekday,train,0,202.7,185.0,1.9,0.0,202.7,19.599999999999994,0,43.2,250.0,500.0,12.1,24.0,0,0,0,0,1,0,1,1.02,1.016,1.044,0.985,93.1,95.4,97.7,0.0,66.0
default-grid_000011,default-grid,solar_curtailment_active,train,0,207.9,86.3,-20.1,65.4,142.5,36.10000000000001,0,31.0,250.0,500.0,11.1,27.4,0,1,0,0,0,1,1,1.02,1.011,0.936,0.993,70.3,55.6,40.9,0.0,46.8
default-grid_000012,default-grid,diurnal_normal_weekday,train,0,172.2,145.9,0.9,0.0,172.2,27.19999999999999,0,50.1,250.0,500.0,11.6,25.5,0,0,0,0,1,0,1,1.02,1.014,1.042,0.988,83.7,87.6,91.4,0.0,58.4
default-grid_000013,default-grid,diurnal_normal_weekday,validation,0,218.7,143.0,11.1,0.0,218.7,86.79999999999998,0,73.3,250.0,500.0,12.4,37.7,1,0,0,0,0,1,1,1.02,1.017,1.064,0.988,85.9,93.0,100.0,0.0,57.8
default-grid_000014,default-grid,bess_absorption_charging,train,0,159.6,124.8,-40.9,0.0,159.6,-6.1000000000000085,0,35.1,250.0,500.0,11.4,21.2,0,0,0,0,1,0,1,1.02,1.013,1.013,0.99,78.8,78.7,78.6,0.0,54.3
default-grid_000015,default-grid,evening_peak_demand,train,0,3.8,280.2,10.4,0.0,3.8,-266.0,0,68.2,250.0,500.0,8.6,74.3,0,0,0,0,1,0,1,1.02,1.0,0.973,0.977,99.7,77.1,54.5,0.0,84.5
default-grid_000016,default-grid,nighttime_low_load,train,0,0.0,24.9,0.0,0.0,0.0,-24.9,0,49.8,250.0,500.0,8.5,25.1,0,0,0,0,1,0,1,1.02,1.0,1.0,0.998,49.8,52.4,55.0,0.0,34.8
default-grid_000017,default-grid,diurnal_normal_weekday,train,0,92.8,196.4,-0.6,0.0,92.8,-104.2,0,56.4,250.0,500.0,10.2,41.3,0,0,0,0,1,0,1,1.02,1.007,1.008,0.984,88.8,81.7,74.5,0.0,68.2
default-grid_000018,default-grid,evening_peak_demand,train,0,2.4,287.0,2.0,0.0,2.4,-282.6,0,61.9,250.0,500.0,8.5,77.6,0,0,1,0,0,1,1,1.02,1.0,0.965,0.976,100.9,78.1,55.3,0.0,85.8
default-grid_000019,default-grid,near_limit_undervoltage,validation,1,6.7,260.9,0.2,0.0,6.7,-253.99999999999997,0,51.3,250.0,500.0,8.6,71.8,0,0,0,0,1,0,1,1.02,1.001,0.97,0.978,96.1,76.2,56.4,0.0,80.7
default-grid_000020,default-grid,solar_overvoltage_moderate,train,0,232.3,38.4,-5.4,0.0,232.3,188.5,0,67.2,250.0,500.0,12.7,58.4,1,0,1,0,0,2,1,1.02,1.019,1.065,0.997,66.4,84.7,102.9,0.0,37.5
default-grid_000021,default-grid,nighttime_low_load,train,0,0.0,39.3,0.0,0.0,0.0,-39.3,0,60.7,250.0,500.0,8.5,28.0,0,0,0,0,1,0,1,1.02,1.0,1.0,0.997,52.6,53.8,55.0,0.0,37.6
default-grid_000022,default-grid,near_limit_overvoltage,test,1,190.2,50.5,5.9,0.0,190.2,145.6,0,31.7,250.0,500.0,11.9,49.7,1,0,0,0,0,1,1,1.02,1.015,1.061,0.996,66.2,80.4,94.6,0.0,39.8
default-grid_000023,default-grid,solar_curtailment_active,train,0,225.5,70.2,-1.5,47.4,178.1,106.39999999999999,0,72.9,250.0,500.0,11.7,41.7,0,0,0,0,1,0,1,1.02,1.014,0.985,0.994,69.3,66.6,63.9,0.0,43.6
default-grid_000024,default-grid,diurnal_normal_weekday,train,0,214.2,193.7,8.8,0.0,214.2,29.30000000000001,0,74.7,250.0,500.0,12.4,26.0,1,0,0,0,0,1,1,1.02,1.017,1.051,0.984,95.5,97.4,99.3,0.0,67.7
default-grid_000025,default-grid,diurnal_normal_weekend,train,0,134.7,41.2,-1.6,0.0,134.7,91.89999999999999,0,59.8,250.0,500.0,10.9,38.7,0,0,0,0,1,0,1,1.02,1.011,1.039,0.997,61.1,72.2,83.2,0.0,38.0
default-grid_000026,default-grid,near_limit_undervoltage,test,1,20.8,251.3,-3.8,0.0,20.8,-234.3,0,35.5,250.0,500.0,8.9,67.8,0,0,0,0,1,0,1,1.02,1.002,0.973,0.979,95.1,76.8,58.5,0.0,78.9
default-grid_000027,default-grid,evening_peak_demand,train,0,1.6,286.5,23.3,0.0,1.6,-261.6,0,62.5,250.0,500.0,8.5,73.4,0,0,1,0,0,1,1,1.02,1.0,0.98,0.976,100.8,76.6,52.4,0.0,85.7
default-grid_000028,default-grid,diurnal_normal_weekday,train,0,158.1,162.5,2.8,0.0,158.1,-1.5999999999999943,0,35.9,250.0,500.0,11.3,20.3,0,0,0,0,1,0,1,1.02,1.013,1.036,0.986,86.1,87.2,88.2,0.0,61.6
default-grid_000029,default-grid,diurnal_normal_weekday,test,0,191.6,132.1,-14.3,0.0,191.6,45.19999999999999,0,62.2,250.0,500.0,11.9,29.2,0,0,0,0,1,0,1,1.02,1.015,1.04,0.989,82.2,87.1,92.0,0.0,55.7
default-grid_000030,default-grid,solar_overvoltage_moderate,test,0,220.6,87.3,-8.6,0.0,220.6,124.7,0,52.0,250.0,500.0,12.5,45.4,1,0,0,0,0,1,1,1.02,1.018,1.059,0.993,75.2,87.4,99.6,0.0,47.0
default-grid_000031,default-grid,diurnal_normal_weekday,train,0,129.9,155.4,11.0,0.0,129.9,-14.5,0,58.5,250.0,500.0,10.8,23.0,0,0,0,0,1,0,1,1.02,1.01,1.035,0.987,83.0,82.1,81.2,0.0,60.2
default-grid_000032,default-grid,near_limit_undervoltage,test,1,19.6,244.0,-4.7,0.0,19.6,-229.1,0,51.0,250.0,500.0,8.9,66.7,0,0,0,0,1,0,1,1.02,1.002,0.974,0.98,93.6,75.8,58.0,0.0,77.4
default-grid_000033,default-grid,solar_curtailment_active,train,0,246.4,77.3,-9.5,100.9,145.5,58.7,0,40.5,250.0,500.0,11.1,32.0,0,1,0,0,0,1,1,1.02,1.012,0.895,0.994,68.8,45.8,22.9,0.0,45.0
default-grid_000034,default-grid,solar_overvoltage_moderate,train,0,230.9,57.2,-9.0,0.0,230.9,164.7,0,59.3,250.0,500.0,12.7,53.6,1,0,1,0,0,2,1,1.02,1.018,1.062,0.995,70.0,85.8,101.7,0.0,41.1
default-grid_000035,default-grid,bess_injection_discharging,train,0,5.0,226.2,24.1,0.0,5.0,-197.1,0,80.4,250.0,500.0,8.6,60.2,0,0,0,0,1,0,1,1.02,1.0,0.994,0.981,89.3,71.2,53.0,0.0,74.0
default-grid_000036,default-grid,diurnal_normal_weekday,train,0,167.0,133.9,-14.5,0.0,167.0,18.599999999999994,0,37.4,250.0,500.0,11.5,23.8,0,0,0,0,1,0,1,1.02,1.013,1.032,0.989,81.1,83.9,86.8,0.0,56.0
default-grid_000037,default-grid,diurnal_normal_weekday,train,0,210.1,153.4,-8.5,0.0,210.1,48.19999999999999,0,32.4,250.0,500.0,12.3,29.8,0,0,0,0,1,0,1,1.02,1.017,1.045,0.987,87.4,92.4,97.4,0.0,59.8
default-grid_000038,default-grid,reconfiguration_alternate,train,0,150.0,74.0,-15.0,0.0,150.0,61.0,1,32.0,250.0,500.0,11.2,32.4,0,0,0,0,1,0,1,1.02,1.012,1.012,0.994,68.4,69.6,70.7,46.0,44.4
default-grid_000039,default-grid,solar_overvoltage_moderate,train,0,213.7,36.1,-2.0,0.0,213.7,175.6,0,46.8,250.0,500.0,12.3,55.8,1,0,0,0,0,1,1,1.02,1.017,1.062,0.997,64.8,82.3,99.8,0.0,37.0
default-grid_000040,default-grid,near_limit_overvoltage,test,1,207.6,74.2,5.4,0.0,207.6,138.8,0,68.0,250.0,500.0,12.2,48.3,1,0,0,0,0,1,1,1.02,1.017,1.065,0.994,71.9,85.1,98.3,0.0,44.4
default-grid_000041,default-grid,bess_injection_discharging,train,0,10.1,219.9,39.6,0.0,10.1,-170.2,0,82.2,250.0,500.0,8.7,54.7,0,0,0,0,1,0,1,1.02,1.001,1.008,0.982,88.4,70.3,52.2,0.0,72.8
default-grid_000042,default-grid,solar_overvoltage_moderate,train,0,194.5,58.7,-7.0,0.0,194.5,128.8,0,42.0,250.0,500.0,12.0,46.3,1,0,0,0,0,1,1,1.02,1.016,1.052,0.995,68.1,81.3,94.5,0.0,41.4
default-grid_000043,default-grid,solar_overvoltage_moderate,test,0,206.5,71.1,-8.4,0.0,206.5,127.0,0,44.7,250.0,500.0,12.2,45.9,1,0,0,0,0,1,1,1.02,1.017,1.055,0.994,71.2,84.0,96.7,0.0,43.8
default-grid_000044,default-grid,near_limit_overvoltage,test,1,189.3,69.1,2.7,0.0,189.3,122.9,0,44.8,250.0,500.0,11.9,45.1,1,0,0,0,0,1,1,1.02,1.015,1.058,0.994,69.8,82.3,94.8,0.0,43.4
default-grid_000045,default-grid,solar_curtailment_active,test,0,225.2,87.3,-7.3,42.7,182.5,87.89999999999999,0,58.5,250.0,500.0,11.8,37.9,0,0,0,0,1,0,1,1.02,1.015,0.989,0.993,72.9,69.6,66.2,0.0,47.0
default-grid_000046,default-grid,diurnal_normal_weekday,train,0,190.8,128.3,10.1,0.0,190.8,72.6,0,34.3,250.0,500.0,11.9,34.8,1,0,0,0,0,1,1,1.02,1.015,1.058,0.989,81.4,87.8,94.2,0.0,54.9
default-grid_000047,default-grid,near_limit_feeder_overload,validation,1,248.9,53.9,0.0,0.0,248.9,195.0,0,56.7,250.0,500.0,13.0,59.8,1,0,1,0,0,2,1,1.02,1.02,1.074,0.996,70.4,89.1,107.8,0.0,40.5
default-grid_000048,default-grid,near_limit_undervoltage,test,1,2.4,276.3,-3.9,0.0,2.4,-277.8,0,56.6,250.0,500.0,8.5,76.7,0,0,0,0,1,0,1,1.02,1.0,0.963,0.977,98.9,76.7,54.5,0.0,83.7
default-grid_000049,default-grid,evening_peak_demand,train,0,2.6,285.0,19.2,0.0,2.6,-263.2,0,62.1,250.0,500.0,8.5,73.7,0,0,1,0,0,1,1,1.02,1.0,0.978,0.976,100.6,76.9,53.2,0.0,85.4
default-grid_000050,default-grid,near_limit_undervoltage,test,1,2.2,278.5,-1.0,0.0,2.2,-277.3,0,35.3,250.0,500.0,8.5,76.6,0,0,0,0,1,0,1,1.02,1.0,0.964,0.977,99.3,77.2,55.2,0.0,84.2
default-grid_000051,default-grid,bess_injection_discharging,train,0,67.4,244.4,29.4,0.0,67.4,-147.6,0,55.0,250.0,500.0,9.7,50.1,0,0,0,0,1,0,1,1.02,1.005,1.012,0.98,96.6,81.1,65.6,0.0,77.5
default-grid_000052,default-grid,diurnal_normal_weekday,test,0,192.2,180.6,-1.4,0.0,192.2,10.199999999999989,0,72.1,250.0,500.0,12.0,22.1,0,0,0,0,1,0,1,1.02,1.015,1.04,0.985,91.6,93.5,95.4,0.0,65.1
default-grid_000053,default-grid,bess_injection_discharging,test,0,74.0,239.5,58.0,0.0,74.0,-107.5,0,41.5,250.0,500.0,9.8,41.9,0,0,0,0,1,0,1,1.02,1.006,1.036,0.98,96.0,79.7,63.4,0.0,76.6
default-grid_000054,default-grid,nighttime_low_load,train,0,0.0,38.4,0.0,0.0,0.0,-38.4,0,30.5,250.0,500.0,8.5,27.8,0,0,0,0,1,0,1,1.02,1.0,1.0,0.997,52.5,53.8,55.0,0.0,37.5
default-grid_000055,default-grid,solar_curtailment_active,train,0,238.7,53.6,-5.2,105.4,133.29999999999998,74.5,0,50.6,250.0,500.0,10.9,35.2,0,1,0,0,0,1,1,1.02,1.011,0.888,0.996,63.4,41.0,18.7,0.0,40.4
default-grid_000056,default-grid,extreme_stress_holdout,test,1,327.3,19.3,0.0,37.5,289.8,270.5,0,18.0,250.0,500.0,13.7,75.2,0,0,0,0,1,0,1,1.02,1.023,1.033,0.998,66.1,80.0,93.9,0.0,33.8
default-grid_000057,default-grid,nighttime_low_load,train,0,0.0,42.8,0.0,0.0,0.0,-42.8,0,31.2,250.0,500.0,8.5,28.7,0,0,0,0,1,0,1,1.02,1.0,1.0,0.996,53.3,54.1,55.0,0.0,38.3
default-grid_000058,default-grid,diurnal_normal_weekday,train,0,187.1,124.4,-17.8,0.0,187.1,44.89999999999998,0,38.9,250.0,500.0,11.9,29.2,0,0,0,0,1,0,1,1.02,1.015,1.038,0.99,80.4,85.3,90.2,0.0,54.2
default-grid_000059,default-grid,evening_peak_demand,validation,0,4.2,208.7,19.2,0.0,4.2,-185.29999999999998,0,81.8,250.0,500.0,8.6,57.8,0,0,0,0,1,0,1,1.02,1.0,0.993,0.983,85.8,69.7,53.5,0.0,70.6
default-grid_000060,default-grid,bess_absorption_charging,train,0,170.2,43.1,-38.8,0.0,170.2,88.29999999999998,0,62.3,250.0,500.0,11.6,38.0,0,0,0,0,1,0,1,1.02,1.014,1.022,0.996,63.6,72.5,81.4,0.0,38.4
default-grid_000061,default-grid,reconfiguration_alternate,test,0,151.5,80.4,12.6,0.0,151.5,83.69999999999999,1,63.1,250.0,500.0,11.2,37.1,0,0,0,0,1,0,1,1.02,1.012,1.032,0.993,69.7,71.3,72.9,46.0,45.6
default-grid_000062,default-grid,evening_peak_demand,train,0,0.2,298.0,17.0,0.0,0.2,-280.8,0,47.8,250.0,500.0,8.5,77.3,0,0,1,0,0,1,1,1.02,1.0,0.973,0.975,103.0,78.0,52.9,0.0,87.9
default-grid_000063,default-grid,diurnal_normal_weekday,train,0,112.0,173.0,-0.8,0.0,112.0,-61.8,0,50.6,250.0,500.0,10.5,32.6,0,0,0,0,1,0,1,1.02,1.009,1.018,0.986,85.4,82.0,78.5,0.0,63.6
default-grid_000064,default-grid,near_limit_undervoltage,test,1,17.5,278.1,5.3,0.0,17.5,-255.3,0,56.0,250.0,500.0,8.8,72.1,0,0,1,0,0,1,1,1.02,1.001,0.973,0.977,100.1,79.0,58.0,0.0,84.1
default-grid_000065,default-grid,diurnal_normal_weekday,train,0,91.2,132.4,-9.7,0.0,91.2,-50.900000000000006,0,48.2,250.0,500.0,10.1,30.4,0,0,0,0,1,0,1,1.02,1.007,1.013,0.989,76.2,74.1,71.9,0.0,55.7
default-grid_000066,default-grid,solar_overvoltage_moderate,train,0,208.1,54.5,-9.4,0.0,208.1,144.2,0,58.6,250.0,500.0,12.2,49.4,1,0,0,0,0,1,1,1.02,1.017,1.055,0.995,68.1,82.4,96.8,0.0,40.6
default-grid_000067,default-grid,diurnal_normal_weekend,train,0,191.3,56.7,-6.8,0.0,191.3,127.8,0,48.8,250.0,500.0,11.9,46.1,1,0,0,0,0,1,1,1.02,1.015,1.052,0.995,67.5,80.7,93.9,0.0,41.0
default-grid_000068,default-grid,bess_absorption_charging,train,0,181.6,112.7,-36.9,0.0,181.6,31.999999999999986,0,46.6,250.0,500.0,11.8,26.5,0,0,0,0,1,0,1,1.02,1.015,1.024,0.991,77.8,81.0,84.3,0.0,51.9
default-grid_000069,default-grid,solar_overvoltage_moderate,train,0,231.8,85.3,-6.0,0.0,231.8,140.5,0,63.2,250.0,500.0,12.7,48.7,1,0,1,0,0,2,1,1.02,1.019,1.064,0.993,75.5,89.0,102.6,0.0,46.6
default-grid_000070,default-grid,bess_injection_discharging,train,0,37.1,174.5,21.0,0.0,37.1,-116.4,0,81.3,250.0,500.0,9.2,43.7,0,0,0,0,1,0,1,1.02,1.003,1.011,0.985,81.2,70.7,60.2,0.0,63.9
default-grid_000071,default-grid,diurnal_normal_weekend,test,0,210.8,31.7,0.8,0.0,210.8,179.90000000000003,0,37.8,250.0,500.0,12.3,56.7,1,0,0,0,0,1,1,1.02,1.017,1.063,0.997,63.8,81.7,99.6,0.0,36.2
default-grid_000072,default-grid,solar_overvoltage_moderate,test,0,193.5,51.9,-0.5,0.0,193.5,141.1,0,57.0,250.0,500.0,12.0,48.8,1,0,0,0,0,1,1,1.02,1.015,1.057,0.996,66.7,81.3,95.9,0.0,40.1
default-grid_000073,default-grid,bess_injection_discharging,train,0,52.9,203.9,44.9,0.0,52.9,-106.10000000000001,0,35.6,250.0,500.0,9.5,41.6,0,0,0,0,1,0,1,1.02,1.004,1.027,0.983,87.8,74.2,60.6,0.0,69.6
default-grid_000074,default-grid,solar_overvoltage_severe,train,0,289.8,41.8,0.0,0.0,289.8,248.0,0,37.5,250.0,500.0,13.7,70.6,1,0,1,0,0,2,1,1.02,1.023,1.086,0.997,70.5,93.5,116.4,0.0,38.1
default-grid_000075,default-grid,solar_curtailment_active,train,0,239.2,60.6,-5.9,32.0,207.2,140.7,0,36.4,250.0,500.0,12.2,48.7,0,0,0,0,1,0,1,1.02,1.017,1.012,0.995,69.2,73.8,78.3,0.0,41.8
default-grid_000076,default-grid,solar_overvoltage_moderate,train,0,232.9,32.7,-9.2,0.0,232.9,191.0,0,38.1,250.0,500.0,12.7,59.0,1,0,1,0,0,2,1,1.02,1.019,1.062,0.997,65.3,83.7,102.1,0.0,36.4
default-grid_000077,default-grid,solar_overvoltage_severe,validation,0,242.8,28.4,0.0,0.0,242.8,214.4,0,52.2,250.0,500.0,12.9,63.7,1,0,1,0,0,2,1,1.02,1.019,1.072,0.998,65.1,85.8,106.5,0.0,35.5
default-grid_000078,default-grid,nighttime_low_load,train,0,0.0,40.0,0.0,0.0,0.0,-40.0,0,32.3,250.0,500.0,8.5,28.2,0,0,0,0,1,0,1,1.02,1.0,1.0,0.997,52.8,53.9,55.0,0.0,37.8
default-grid_000079,default-grid,solar_overvoltage_severe,test,0,267.7,37.8,0.0,0.0,267.7,229.89999999999998,0,68.0,250.0,500.0,13.3,66.9,1,0,1,0,0,2,1,1.02,1.021,1.079,0.997,68.4,90.1,111.8,0.0,37.4
default-grid_000080,default-grid,solar_overvoltage_severe,train,0,290.6,30.1,0.0,0.0,290.6,260.5,0,56.4,250.0,500.0,13.7,73.1,1,0,1,0,0,2,1,1.02,1.023,1.086,0.997,68.3,92.4,116.6,0.0,35.9
default-grid_000081,default-grid,solar_overvoltage_severe,train,0,294.8,35.4,0.0,0.0,294.8,259.40000000000003,0,47.9,250.0,500.0,13.8,72.9,1,0,1,0,0,2,1,1.02,1.024,1.087,0.997,69.6,93.5,117.5,0.0,36.9
default-grid_000082,default-grid,diurnal_normal_weekend,train,0,224.2,83.1,-14.8,0.0,224.2,126.29999999999998,0,31.1,250.0,500.0,12.5,45.8,1,0,0,0,0,1,1,1.02,1.018,1.056,0.993,74.6,86.7,98.8,0.0,46.2
default-grid_000083,default-grid,diurnal_normal_weekday,validation,0,228.3,171.7,-3.7,0.0,228.3,52.900000000000034,0,61.6,250.0,500.0,12.6,30.8,1,0,1,0,0,2,1,1.02,1.018,1.051,0.986,92.1,97.3,102.5,0.0,63.4
default-grid_000084,default-grid,near_limit_overvoltage,test,1,201.6,69.8,-6.9,0.0,201.6,124.89999999999999,0,73.3,250.0,500.0,12.1,45.5,1,0,0,0,0,1,1,1.02,1.016,1.055,0.994,70.7,83.3,96.0,0.0,43.6
default-grid_000085,default-grid,bess_absorption_charging,validation,0,215.4,131.8,-18.6,0.0,215.4,65.0,0,39.4,250.0,500.0,12.4,33.3,0,0,0,0,1,0,1,1.02,1.017,1.044,0.989,83.6,89.8,96.0,0.0,55.6
default-grid_000086,default-grid,bess_injection_discharging,train,0,3.1,246.0,38.6,0.0,3.1,-204.3,0,89.2,250.0,500.0,8.6,61.7,0,0,0,0,1,0,1,1.02,1.0,1.0,0.98,93.0,71.9,50.8,0.0,77.8
default-grid_000087,default-grid,near_limit_tx_overload,validation,1,4.2,307.5,0.0,0.0,4.2,-303.3,0,65.7,250.0,500.0,8.6,81.9,0,0,1,0,0,1,1,1.02,1.0,0.96,0.974,105.0,80.5,55.9,0.0,89.8
default-grid_000088,default-grid,solar_curtailment_active,train,0,203.2,59.1,-21.4,29.3,173.89999999999998,93.39999999999998,0,67.0,250.0,500.0,11.6,39.0,0,0,0,0,1,0,1,1.02,1.014,0.995,0.995,66.9,67.9,68.9,0.0,41.5
default-grid_000089,default-grid,bess_absorption_charging,train,0,223.9,114.1,-57.9,0.0,223.9,51.900000000000006,0,36.7,250.0,500.0,12.5,30.6,0,0,0,0,1,0,1,1.02,1.018,1.021,0.99,80.6,84.3,88.0,0.0,52.2
default-grid_000090,default-grid,reconfiguration_alternate,test,0,218.1,35.5,-5.9,0.0,218.1,176.7,1,53.2,250.0,500.0,12.4,56.0,0,0,0,0,1,0,1,1.02,1.017,1.029,0.997,65.0,75.0,85.0,46.0,36.9
default-grid_000091,default-grid,nighttime_low_load,train,0,0.0,31.3,0.0,0.0,0.0,-31.3,0,64.1,250.0,500.0,8.5,26.4,0,0,0,0,1,0,1,1.02,1.0,1.0,0.997,51.1,53.0,55.0,0.0,36.1
default-grid_000092,default-grid,evening_peak_demand,validation,0,4.4,222.8,2.0,0.0,4.4,-216.4,0,55.4,250.0,500.0,8.6,64.1,0,0,0,0,1,0,1,1.02,1.0,0.978,0.981,88.6,72.2,55.7,0.0,73.3
default-grid_000093,default-grid,solar_curtailment_active,validation,0,235.7,40.7,-0.1,75.3,160.39999999999998,119.59999999999998,0,43.3,250.0,500.0,11.4,44.4,0,1,0,0,0,1,1,1.02,1.013,0.942,0.997,62.5,53.1,43.8,0.0,37.9
default-grid_000094,default-grid,evening_peak_demand,train,0,2.5,217.0,8.8,0.0,2.5,-205.7,0,43.0,250.0,500.0,8.5,62.0,0,0,0,0,1,0,1,1.02,1.0,0.984,0.982,87.3,70.8,54.4,0.0,72.2
default-grid_000095,default-grid,diurnal_normal_weekday,validation,0,170.1,155.6,10.8,0.0,170.1,25.30000000000001,0,58.6,250.0,500.0,11.6,25.2,0,0,0,0,1,0,1,1.02,1.014,1.047,0.987,85.5,87.6,89.7,0.0,60.3
default-grid_000096,default-grid,solar_overvoltage_severe,test,0,252.2,29.9,0.0,0.0,252.2,222.29999999999998,0,70.4,250.0,500.0,13.0,65.3,1,0,1,0,0,2,1,1.02,1.02,1.075,0.998,65.9,87.2,108.5,0.0,35.8
default-grid_000097,default-grid,solar_overvoltage_severe,train,0,278.3,29.4,0.0,0.0,278.3,248.9,0,56.6,250.0,500.0,13.5,70.8,1,0,1,0,0,2,1,1.02,1.022,1.082,0.998,67.4,90.7,114.0,0.0,35.7
default-grid_000098,default-grid,diurnal_normal_weekend,train,0,144.7,123.8,-0.5,0.0,144.7,20.39999999999999,0,69.3,250.0,500.0,11.1,24.2,0,0,0,0,1,0,1,1.02,1.012,1.038,0.99,77.8,81.7,85.6,0.0,54.1
default-grid_000099,default-grid,solar_overvoltage_severe,validation,0,288.4,40.2,0.0,0.0,288.4,248.2,0,60.4,250.0,500.0,13.7,70.6,1,0,1,0,0,2,1,1.02,1.023,1.085,0.997,70.1,93.1,116.1,0.0,37.8
default-grid_000100,default-grid,diurnal_normal_weekday,train,0,208.5,198.9,-2.6,0.0,208.5,7.0,0,34.6,250.0,500.0,12.3,21.4,0,0,0,0,1,0,1,1.02,1.017,1.04,0.983,96.2,97.4,98.6,0.0,68.7
default-grid_000101,default-grid,diurnal_normal_weekday,train,0,190.4,126.8,-4.3,0.0,190.4,59.3,0,34.6,250.0,500.0,11.9,32.1,0,0,0,0,1,0,1,1.02,1.015,1.048,0.989,81.1,87.7,94.3,0.0,54.7
default-grid_000102,default-grid,diurnal_normal_weekend,train,0,135.3,37.2,-3.1,0.0,135.3,95.00000000000001,0,35.0,250.0,500.0,10.9,39.4,0,0,0,0,1,0,1,1.02,1.011,1.038,0.997,60.4,71.7,82.9,0.0,37.2
default-grid_000103,default-grid,diurnal_normal_weekend,train,0,120.8,132.2,-24.0,0.0,120.8,-35.39999999999999,0,48.7,250.0,500.0,10.7,27.2,0,0,0,0,1,0,1,1.02,1.01,1.012,0.989,78.0,76.3,74.6,0.0,55.7
default-grid_000104,default-grid,solar_overvoltage_severe,train,0,286.3,39.1,0.0,0.0,286.3,247.20000000000002,0,49.4,250.0,500.0,13.7,70.4,1,0,1,0,0,2,1,1.02,1.023,1.085,0.997,69.8,92.8,115.7,0.0,37.6
default-grid_000105,default-grid,diurnal_normal_weekend,test,0,151.1,57.0,-14.1,0.0,151.1,80.0,0,51.6,250.0,500.0,11.2,36.3,0,0,0,0,1,0,1,1.02,1.012,1.035,0.995,65.1,74.3,83.5,0.0,41.1
default-grid_000106,default-grid,diurnal_normal_weekday,train,0,171.9,132.7,9.6,0.0,171.9,48.80000000000001,0,62.0,250.0,500.0,11.6,30.0,1,0,0,0,0,1,1,1.02,1.014,1.051,0.989,81.1,85.7,90.2,0.0,55.8
default-grid_000107,default-grid,diurnal_normal_weekday,train,0,206.5,141.1,-0.9,0.0,206.5,64.5,0,35.0,250.0,500.0,12.2,33.2,1,0,0,0,0,1,1,1.02,1.017,1.052,0.988,84.8,91.7,98.6,0.0,57.4
default-grid_000108,default-grid,solar_curtailment_active,train,0,254.2,42.7,-3.5,92.6,161.6,115.39999999999999,0,68.4,250.0,500.0,11.4,43.5,0,1,0,0,0,1,1,1.02,1.013,0.916,0.996,63.0,47.9,32.8,0.0,38.3
default-grid_000109,default-grid,near_limit_overvoltage,validation,1,211.7,50.1,5.6,0.0,211.7,167.2,0,57.2,250.0,500.0,12.3,54.1,1,0,0,0,0,1,1,1.02,1.017,1.067,0.996,67.4,83.3,99.2,0.0,39.7
default-grid_000110,default-grid,diurnal_normal_weekend,train,0,187.0,67.6,-21.7,0.0,187.0,97.70000000000002,0,57.0,250.0,500.0,11.9,39.9,0,0,0,0,1,0,1,1.02,1.015,1.04,0.994,69.4,79.3,89.2,0.0,43.1
default-grid_000111,default-grid,diurnal_normal_weekend,train,0,153.4,113.9,-1.8,0.0,153.4,37.69999999999999,0,37.4,250.0,500.0,11.3,27.7,0,0,0,0,1,0,1,1.02,1.012,1.041,0.991,76.4,81.8,87.1,0.0,52.1
default-grid_000112,default-grid,reconfiguration_alternate,train,0,144.8,158.9,-19.6,0.0,144.8,-33.69999999999999,1,35.7,250.0,500.0,11.1,26.9,0,0,0,0,1,0,1,1.02,1.012,0.996,0.987,84.6,76.7,68.8,46.0,60.9
default-grid_000113,default-grid,extreme_stress_holdout,test,1,337.1,25.0,0.0,4.8,332.3,307.3,0,96.0,250.0,500.0,14.5,82.7,1,0,1,0,0,2,1,1.02,1.027,1.092,0.998,69.8,96.2,122.6,0.0,34.9
default-grid_000114,default-grid,reconfiguration_alternate,train,0,162.6,39.4,5.7,0.0,162.6,128.89999999999998,1,58.0,250.0,500.0,11.4,46.3,0,0,0,0,1,0,1,1.02,1.013,1.029,0.997,62.4,69.0,75.6,46.0,37.7
default-grid_000115,default-grid,nighttime_low_load,test,0,0.0,36.5,0.0,0.0,0.0,-36.5,0,39.3,250.0,500.0,8.5,27.4,0,0,0,0,1,0,1,1.02,1.0,1.0,0.997,52.1,53.5,55.0,0.0,37.1
default-grid_000116,default-grid,diurnal_normal_weekend,train,0,135.9,110.3,-2.2,0.0,135.9,23.40000000000002,0,54.9,250.0,500.0,10.9,24.8,0,0,0,0,1,0,1,1.02,1.011,1.037,0.991,74.6,78.9,83.3,0.0,51.4
default-grid_000117,default-grid,bess_injection_discharging,train,0,38.6,163.3,51.4,0.0,38.6,-73.30000000000001,0,63.6,250.0,500.0,9.2,35.0,0,0,0,0,1,0,1,1.02,1.003,1.036,0.986,79.1,67.9,56.8,0.0,61.8
default-grid_000118,default-grid,diurnal_normal_weekday,train,0,178.1,199.4,-12.6,0.0,178.1,-33.900000000000006,0,47.8,250.0,500.0,11.7,26.9,0,0,0,0,1,0,1,1.02,1.014,1.024,0.983,94.5,92.0,89.6,0.0,68.8
default-grid_000119,default-grid,reconfiguration_alternate,train,0,189.6,166.4,22.7,0.0,189.6,45.89999999999998,1,39.5,250.0,500.0,11.9,29.4,0,0,0,0,1,0,1,1.02,1.015,1.032,0.986,88.7,83.7,78.7,46.0,62.4
default-grid_000120,default-grid,solar_overvoltage_severe,train,0,286.4,34.3,0.0,0.0,286.4,252.09999999999997,0,62.9,250.0,500.0,13.7,71.4,1,0,1,0,0,2,1,1.02,1.023,1.085,0.997,68.9,92.3,115.7,0.0,36.7
default-grid_000121,default-grid,near_limit_overvoltage,validation,1,167.5,44.0,4.4,0.0,167.5,127.9,0,65.9,250.0,500.0,11.5,46.1,1,0,0,0,0,1,1,1.02,1.013,1.053,0.996,63.6,76.8,90.0,0.0,38.6
default-grid_000122,default-grid,diurnal_normal_weekday,train,0,190.5,193.4,-6.2,0.0,190.5,-9.099999999999994,0,47.0,250.0,500.0,11.9,21.9,0,0,0,0,1,0,1,1.02,1.015,1.033,0.984,94.0,93.9,93.8,0.0,67.6
default-grid_000123,default-grid,evening_peak_demand,train,0,3.0,303.5,11.2,0.0,3.0,-289.3,0,48.9,250.0,500.0,8.6,79.0,0,0,1,0,0,1,1,1.02,1.0,0.968,0.975,104.2,79.2,54.2,0.0,89.0
default-grid_000124,default-grid,solar_overvoltage_moderate,train,0,221.7,50.4,-0.5,0.0,221.7,170.79999999999998,0,37.3,250.0,500.0,12.5,54.8,1,0,1,0,0,2,1,1.02,1.018,1.065,0.996,68.1,85.0,101.9,0.0,39.8
default-grid_000125,default-grid,diurnal_normal_weekday,train,0,187.6,136.5,-2.3,0.0,187.6,48.79999999999998,0,69.6,250.0,500.0,11.9,30.0,0,0,0,0,1,0,1,1.02,1.015,1.047,0.989,82.8,88.5,94.2,0.0,56.5
default-grid_000126,default-grid,diurnal_normal_weekend,train,0,226.5,107.3,-9.1,0.0,226.5,110.10000000000001,0,51.7,250.0,500.0,12.6,42.5,1,0,1,0,0,2,1,1.02,1.018,1.059,0.991,79.5,90.1,100.7,0.0,50.9
default-grid_000127,default-grid,diurnal_normal_weekend,test,0,222.3,146.7,5.5,0.0,222.3,81.10000000000002,0,64.4,250.0,500.0,12.5,36.5,1,0,1,0,0,2,1,1.02,1.018,1.06,0.988,86.9,94.2,101.4,0.0,58.5
default-grid_000128,default-grid,diurnal_normal_weekday,train,0,104.8,129.4,7.4,0.0,104.8,-17.200000000000003,0,43.7,250.0,500.0,10.4,23.5,0,0,0,0,1,0,1,1.02,1.008,1.031,0.989,76.4,76.3,76.3,0.0,55.2
default-grid_000129,default-grid,solar_overvoltage_severe,train,0,247.5,39.3,0.0,0.0,247.5,208.2,0,41.4,250.0,500.0,13.0,62.5,1,0,1,0,0,2,1,1.02,1.02,1.073,0.997,67.5,87.5,107.5,0.0,37.6
default-grid_000130,default-grid,bess_absorption_charging,test,0,190.5,109.8,-27.6,0.0,190.5,53.10000000000001,0,35.3,250.0,500.0,11.9,30.8,0,0,0,0,1,0,1,1.02,1.015,1.034,0.991,77.8,83.2,88.5,0.0,51.3
default-grid_000131,default-grid,diurnal_normal_weekday,train,0,227.9,136.0,-5.6,0.0,227.9,86.30000000000001,0,34.5,250.0,500.0,12.6,37.6,1,0,1,0,0,2,1,1.02,1.018,1.056,0.989,85.1,93.5,101.9,0.0,56.4
default-grid_000132,default-grid,diurnal_normal_weekday,train,0,221.8,149.0,-2.1,0.0,221.8,70.70000000000002,0,68.3,250.0,500.0,12.5,34.4,1,0,1,0,0,2,1,1.02,1.018,1.054,0.988,87.3,94.4,101.5,0.0,59.0
default-grid_000133,default-grid,diurnal_normal_weekday,train,0,193.6,163.4,-3.3,0.0,193.6,26.899999999999977,0,72.3,250.0,500.0,12.0,25.5,0,0,0,0,1,0,1,1.02,1.015,1.042,0.986,88.4,91.8,95.2,0.0,61.8
default-grid_000134,default-grid,solar_overvoltage_severe,train,0,245.4,41.1,0.0,0.0,245.4,204.3,0,35.9,250.0,500.0,12.9,61.7,1,0,1,0,0,2,1,1.02,1.02,1.073,0.997,67.7,87.3,107.0,0.0,38.0
default-grid_000135,default-grid,near_limit_feeder_overload,validation,1,213.0,37.6,0.0,0.0,213.0,175.4,0,54.9,250.0,500.0,12.3,55.8,1,0,1,0,0,2,1,1.02,1.017,1.063,0.997,65.1,82.7,100.2,0.0,37.3
default-grid_000136,default-grid,diurnal_normal_weekday,train,0,97.5,170.8,-4.0,0.0,97.5,-77.30000000000001,0,71.3,250.0,500.0,10.3,35.8,0,0,0,0,1,0,1,1.02,1.008,1.012,0.986,84.1,79.4,74.7,0.0,63.2
default-grid_000137,default-grid,solar_overvoltage_severe,train,0,288.6,37.3,0.0,0.0,288.6,251.3,0,74.5,250.0,500.0,13.7,71.3,1,0,1,0,0,2,1,1.02,1.023,1.085,0.997,69.6,92.9,116.2,0.0,37.3
default-grid_000138,default-grid,diurnal_normal_weekday,validation,0,189.7,185.9,0.7,0.0,189.7,4.499999999999972,0,45.4,250.0,500.0,11.9,20.9,0,0,0,0,1,0,1,1.02,1.015,1.039,0.985,92.5,93.8,95.1,0.0,66.1
default-grid_000139,default-grid,bess_injection_discharging,train,0,32.8,231.0,18.1,0.0,32.8,-180.1,0,89.6,250.0,500.0,9.1,56.7,0,0,0,0,1,0,1,1.02,1.003,0.997,0.981,91.9,75.8,59.7,0.0,74.9
default-grid_000140,default-grid,diurnal_normal_weekday,test,0,159.8,172.7,-6.2,0.0,159.8,-19.099999999999966,0,35.8,250.0,500.0,11.4,23.9,0,0,0,0,1,0,1,1.02,1.013,1.028,0.986,88.2,87.8,87.3,0.0,63.6
default-grid_000141,default-grid,diurnal_normal_weekend,train,0,200.4,86.0,4.5,0.0,200.4,118.9,0,50.7,250.0,500.0,12.1,44.3,1,0,0,0,0,1,1,1.02,1.016,1.063,0.993,73.7,85.3,96.9,0.0,46.7
default-grid_000142,default-grid,diurnal_normal_weekday,validation,0,153.7,157.9,8.8,0.0,153.7,4.599999999999994,0,68.1,250.0,500.0,11.3,20.9,0,0,0,0,1,0,1,1.02,1.012,1.04,0.987,84.9,85.7,86.5,0.0,60.7
default-grid_000143,default-grid,extreme_stress_holdout,test,1,293.9,29.4,0.0,13.7,280.2,250.79999999999998,0,96.0,250.0,500.0,13.5,71.2,1,0,1,0,0,2,1,1.02,1.022,1.064,0.998,67.5,86.8,106.2,0.0,35.7
default-grid_000144,default-grid,solar_overvoltage_moderate,train,0,212.9,84.4,-7.0,0.0,212.9,121.5,0,62.4,250.0,500.0,12.3,44.8,1,0,0,0,0,1,1,1.02,1.017,1.058,0.993,74.2,86.3,98.4,0.0,46.4
default-grid_000145,default-grid,diurnal_normal_weekend,train,0,166.1,40.9,-4.0,0.0,166.1,121.19999999999999,0,49.8,250.0,500.0,11.5,44.7,0,0,0,0,1,0,1,1.02,1.013,1.046,0.997,62.9,76.0,89.2,0.0,38.0
default-grid_000146,default-grid,nighttime_low_load,test,0,0.0,28.2,0.0,0.0,0.0,-28.2,0,61.1,250.0,500.0,8.5,25.8,0,0,0,0,1,0,1,1.02,1.0,1.0,0.998,50.5,52.8,55.0,0.0,35.5
default-grid_000147,default-grid,diurnal_normal_weekday,test,0,91.8,144.5,2.2,0.0,91.8,-50.5,0,35.8,250.0,500.0,10.2,30.3,0,0,0,0,1,0,1,1.02,1.007,1.02,0.988,78.6,76.4,74.2,0.0,58.1
default-grid_000148,default-grid,diurnal_normal_weekday,train,0,226.6,170.9,-10.3,0.0,226.6,45.39999999999998,0,61.6,250.0,500.0,12.6,29.3,0,0,1,0,0,1,1,1.02,1.018,1.045,0.986,91.8,96.2,100.5,0.0,63.2
default-grid_000149,default-grid,diurnal_normal_weekend,train,0,158.6,77.4,2.3,0.0,158.6,83.5,0,48.0,250.0,500.0,11.4,37.0,0,0,0,0,1,0,1,1.02,1.013,1.049,0.994,69.6,78.9,88.3,0.0,45.1
default-grid_000150,default-grid,solar_overvoltage_moderate,train,0,203.6,62.7,-6.1,0.0,203.6,134.8,0,68.4,250.0,500.0,12.2,47.5,1,0,0,0,0,1,1,1.02,1.016,1.056,0.995,69.4,83.0,96.6,0.0,42.2
default-grid_000151,default-grid,diurnal_normal_weekend,validation,0,223.9,129.9,5.3,0.0,223.9,99.30000000000001,0,71.1,250.0,500.0,12.5,40.3,1,0,1,0,0,2,1,1.02,1.018,1.064,0.989,83.7,92.8,101.8,0.0,55.3
default-grid_000152,default-grid,bess_injection_discharging,train,0,34.2,187.9,45.1,0.0,34.2,-108.6,0,50.9,250.0,500.0,9.1,42.2,0,0,0,0,1,0,1,1.02,1.003,1.025,0.984,83.6,70.1,56.6,0.0,66.5
default-grid_000153,default-grid,evening_peak_demand,train,0,4.1,295.4,4.0,0.0,4.1,-287.29999999999995,0,40.3,250.0,500.0,8.6,78.6,0,0,1,0,0,1,1,1.02,1.0,0.965,0.975,102.7,79.0,55.4,0.0,87.4
default-grid_000154,default-grid,bess_injection_discharging,train,0,58.1,174.5,34.4,0.0,58.1,-82.0,0,89.9,250.0,500.0,9.5,36.7,0,0,0,0,1,0,1,1.02,1.005,1.027,0.985,82.4,72.7,63.0,0.0,63.9
default-grid_000155,default-grid,diurnal_normal_weekday,validation,0,118.2,127.1,-13.9,0.0,118.2,-22.799999999999997,0,57.9,250.0,500.0,10.6,24.7,0,0,0,0,1,0,1,1.02,1.009,1.019,0.989,76.8,76.7,76.6,0.0,54.7
default-grid_000156,default-grid,diurnal_normal_weekend,train,0,120.8,128.7,-18.7,0.0,120.8,-26.599999999999994,0,59.9,250.0,500.0,10.7,25.4,0,0,0,0,1,0,1,1.02,1.01,1.016,0.989,77.3,76.6,75.9,0.0,55.0
default-grid_000157,default-grid,evening_peak_demand,train,0,3.3,309.6,24.0,0.0,3.3,-282.3,0,63.2,250.0,500.0,8.6,77.6,0,0,1,0,0,1,1,1.02,1.0,0.976,0.974,105.4,79.1,52.7,0.0,90.2
default-grid_000158,default-grid,bess_absorption_charging,train,0,196.1,74.6,-57.8,0.0,196.1,63.70000000000002,0,58.6,250.0,500.0,12.0,33.0,0,0,0,0,1,0,1,1.02,1.016,1.016,0.994,71.3,76.7,82.1,0.0,44.5
default-grid_000159,default-grid,bess_injection_discharging,train,0,31.2,196.7,49.5,0.0,31.2,-115.99999999999999,0,79.1,250.0,500.0,9.1,43.7,0,0,0,0,1,0,1,1.02,1.002,1.026,0.984,85.1,70.2,55.4,0.0,68.2
default-grid_000160,default-grid,reconfiguration_alternate,train,0,138.2,58.6,2.0,0.0,138.2,81.6,1,69.6,250.0,500.0,11.0,36.6,0,0,0,0,1,0,1,1.02,1.011,1.022,0.995,64.7,68.2,71.6,46.0,41.4
default-grid_000161,default-grid,diurnal_normal_weekday,train,0,125.3,174.3,6.7,0.0,125.3,-42.30000000000001,0,49.6,250.0,500.0,10.8,28.6,0,0,0,0,1,0,1,1.02,1.01,1.027,0.985,86.4,83.6,80.7,0.0,63.9
default-grid_000162,default-grid,diurnal_normal_weekday,train,0,147.6,187.9,-15.2,0.0,147.6,-55.5,0,67.0,250.0,500.0,11.2,31.3,0,0,0,0,1,0,1,1.02,1.012,1.015,0.984,90.4,86.5,82.5,0.0,66.5
default-grid_000163,default-grid,bess_absorption_charging,train,0,200.4,108.8,-40.5,0.0,200.4,51.10000000000001,0,43.4,250.0,500.0,12.1,30.4,0,0,0,0,1,0,1,1.02,1.016,1.028,0.991,78.2,82.8,87.4,0.0,51.2
default-grid_000164,default-grid,diurnal_normal_weekday,train,0,131.5,135.7,6.7,0.0,131.5,2.5,0,35.4,250.0,500.0,10.9,20.5,0,0,0,0,1,0,1,1.02,1.011,1.037,0.989,79.3,80.7,82.0,0.0,56.4
default-grid_000165,default-grid,extreme_stress_holdout,test,1,303.0,22.7,0.0,32.8,270.2,247.5,0,18.0,250.0,500.0,13.4,70.5,0,0,0,0,1,0,1,1.02,1.022,1.034,0.998,65.6,79.1,92.6,0.0,34.4
default-grid_000166,default-grid,near_limit_tx_overload,test,1,11.0,314.3,0.0,0.0,11.0,-303.3,0,38.7,250.0,500.0,8.7,81.9,0,0,1,0,0,1,1,1.02,1.001,0.96,0.974,106.8,82.0,57.3,0.0,91.1
default-grid_000167,default-grid,diurnal_normal_weekend,train,0,217.0,114.2,-23.2,0.0,217.0,79.60000000000001,0,55.5,250.0,500.0,12.4,36.2,0,0,0,0,1,0,1,1.02,1.017,1.045,0.99,80.2,87.7,95.2,0.0,52.2
default-grid_000168,default-grid,evening_peak_demand,train,0,2.1,284.4,19.8,0.0,2.1,-262.5,0,65.3,250.0,500.0,8.5,73.5,0,0,1,0,0,1,1,1.02,1.0,0.978,0.976,100.4,76.7,53.0,0.0,85.3
default-grid_000169,default-grid,diurnal_normal_weekend,train,0,197.8,110.2,-22.0,0.0,197.8,65.60000000000001,0,44.2,250.0,500.0,12.1,33.4,0,0,0,0,1,0,1,1.02,1.016,1.041,0.991,78.3,84.8,91.4,0.0,51.4
default-grid_000170,default-grid,diurnal_normal_weekday,test,0,163.1,159.6,-3.7,0.0,163.1,-0.19999999999998863,0,59.1,250.0,500.0,11.4,20.0,0,0,0,0,1,0,1,1.02,1.013,1.034,0.987,85.8,87.2,88.7,0.0,61.0
default-grid_000171,default-grid,diurnal_normal_weekday,train,0,180.8,176.5,-11.6,0.0,180.8,-7.299999999999983,0,56.4,250.0,500.0,11.8,21.5,0,0,0,0,1,0,1,1.02,1.014,1.03,0.985,90.2,90.3,90.4,0.0,64.3
default-grid_000172,default-grid,diurnal_normal_weekday,train,0,198.1,147.5,-7.2,0.0,198.1,43.400000000000006,0,37.9,250.0,500.0,12.1,28.9,0,0,0,0,1,0,1,1.02,1.016,1.044,0.988,85.6,90.4,95.2,0.0,58.7
default-grid_000173,default-grid,solar_overvoltage_moderate,train,0,197.8,83.3,-0.8,0.0,197.8,113.7,0,57.5,250.0,500.0,12.1,43.2,1,0,0,0,0,1,1,1.02,1.016,1.058,0.993,73.1,84.9,96.7,0.0,46.2
default-grid_000174,default-grid,diurnal_normal_weekday,validation,0,158.2,190.5,4.6,0.0,158.2,-27.700000000000017,0,57.9,250.0,500.0,11.3,25.6,0,0,0,0,1,0,1,1.02,1.013,1.032,0.984,91.5,89.8,88.0,0.0,67.0
default-grid_000175,default-grid,solar_overvoltage_severe,test,0,262.6,29.8,0.0,0.0,262.6,232.8,0,32.0,250.0,500.0,13.2,67.5,1,0,1,0,0,2,1,1.02,1.021,1.078,0.998,66.6,88.7,110.7,0.0,35.8
default-grid_000176,default-grid,evening_peak_demand,train,0,4.9,256.4,11.8,0.0,4.9,-239.7,0,83.7,250.0,500.0,8.6,68.9,0,0,0,0,1,0,1,1.02,1.0,0.979,0.979,95.1,74.8,54.6,0.0,79.9
default-grid_000177,default-grid,solar_overvoltage_moderate,test,0,203.6,41.6,-10.8,0.0,203.6,151.2,0,35.8,250.0,500.0,12.2,50.8,1,0,0,0,0,1,1,1.02,1.016,1.052,0.997,65.3,80.4,95.5,0.0,38.1
default-grid_000178,default-grid,evening_peak_demand,train,0,2.2,270.9,22.2,0.0,2.2,-246.49999999999997,0,82.0,250.0,500.0,8.5,70.3,0,0,0,0,1,0,1,1.02,1.0,0.983,0.977,97.8,75.2,52.7,0.0,82.7
default-grid_000179,default-grid,diurnal_normal_weekend,train,0,204.7,95.7,-14.4,0.0,204.7,94.59999999999998,0,55.6,250.0,500.0,12.2,39.3,0,0,0,0,1,0,1,1.02,1.016,1.05,0.992,75.9,85.3,94.8,0.0,48.6
default-grid_000180,default-grid,solar_overvoltage_moderate,train,0,223.7,53.3,-9.4,0.0,223.7,161.0,0,37.5,250.0,500.0,12.5,52.8,1,0,1,0,0,2,1,1.02,1.018,1.059,0.996,68.8,84.4,100.1,0.0,40.4
default-grid_000181,default-grid,bess_injection_discharging,test,0,69.6,226.5,46.1,0.0,69.6,-110.80000000000001,0,37.9,250.0,500.0,9.8,42.6,0,0,0,0,1,0,1,1.02,1.006,1.029,0.981,93.2,78.6,64.0,0.0,74.0
default-grid_000182,default-grid,solar_overvoltage_moderate,train,0,187.7,32.3,-3.8,0.0,187.7,151.59999999999997,0,56.1,250.0,500.0,11.9,50.9,1,0,0,0,0,1,1,1.02,1.015,1.053,0.997,62.5,78.2,93.8,0.0,36.3
default-grid_000183,default-grid,diurnal_normal_weekday,validation,0,199.0,159.2,-17.8,0.0,199.0,22.0,0,68.3,250.0,500.0,12.1,24.5,0,0,0,0,1,0,1,1.02,1.016,1.034,0.987,87.9,90.3,92.7,0.0,61.0
default-grid_000184,default-grid,diurnal_normal_weekend,train,0,129.2,49.0,-0.8,0.0,129.2,79.39999999999998,0,46.8,250.0,500.0,10.8,36.2,0,0,0,0,1,0,1,1.02,1.01,1.038,0.996,62.3,72.2,82.2,0.0,39.5
default-grid_000185,default-grid,solar_overvoltage_severe,train,0,291.0,27.4,0.0,0.0,291.0,263.6,0,73.4,250.0,500.0,13.7,73.8,1,0,1,0,0,2,1,1.02,1.023,1.086,0.998,67.8,92.2,116.7,0.0,35.3
default-grid_000186,default-grid,reconfiguration_alternate,test,0,236.5,119.6,3.9,0.0,236.5,120.80000000000001,1,34.5,250.0,500.0,12.8,44.6,0,0,0,0,1,0,1,1.02,1.019,1.035,0.99,82.4,85.8,89.1,46.0,53.3
default-grid_000187,default-grid,evening_peak_demand,train,0,2.1,215.3,19.1,0.0,2.1,-194.10000000000002,0,77.7,250.0,500.0,8.5,59.6,0,0,0,0,1,0,1,1.02,1.0,0.991,0.982,87.0,70.0,53.1,0.0,71.9
default-grid_000188,default-grid,diurnal_normal_weekend,train,0,194.7,84.9,-3.3,0.0,194.7,106.49999999999997,0,31.1,250.0,500.0,12.0,41.7,1,0,0,0,0,1,1,1.02,1.016,1.055,0.993,73.2,84.3,95.5,0.0,46.5
default-grid_000189,default-grid,nighttime_low_load,train,0,0.0,24.8,0.0,0.0,0.0,-24.8,0,48.5,250.0,500.0,8.5,25.1,0,0,0,0,1,0,1,1.02,1.0,1.0,0.998,49.8,52.4,55.0,0.0,34.8
default-grid_000190,default-grid,diurnal_normal_weekday,validation,0,174.9,198.2,-5.9,0.0,174.9,-29.19999999999999,0,38.5,250.0,500.0,11.6,26.0,0,0,0,0,1,0,1,1.02,1.014,1.028,0.983,94.0,92.3,90.6,0.0,68.5
default-grid_000191,default-grid,near_limit_tx_overload,validation,1,43.6,312.8,0.0,0.0,43.6,-269.2,0,59.3,250.0,500.0,9.3,74.9,0,0,1,0,0,1,1,1.02,1.003,0.97,0.974,108.4,86.3,64.2,0.0,90.8
default-grid_000192,default-grid,solar_overvoltage_moderate,train,0,214.2,89.6,-0.5,0.0,214.2,124.1,0,31.6,250.0,500.0,12.4,45.3,1,0,1,0,0,2,1,1.02,1.017,1.063,0.993,75.3,87.8,100.3,0.0,47.4
default-grid_000193,default-grid,bess_absorption_charging,train,0,154.5,128.3,-24.8,0.0,154.5,1.3999999999999773,0,30.9,250.0,500.0,11.3,20.3,0,0,0,0,1,0,1,1.02,1.012,1.022,0.989,79.2,80.4,81.6,0.0,54.9
default-grid_000194,default-grid,solar_curtailment_active,train,0,280.1,74.3,-13.3,59.8,220.3,132.7,0,54.1,250.0,500.0,12.5,47.1,0,0,0,0,1,0,1,1.02,1.018,0.972,0.994,72.7,67.6,62.5,0.0,44.4
default-grid_000195,default-grid,near_limit_feeder_overload,validation,1,217.9,58.9,0.0,0.0,217.9,159.0,0,38.5,250.0,500.0,12.4,52.4,1,0,1,0,0,2,1,1.02,1.017,1.064,0.995,69.5,85.3,101.2,0.0,41.5
default-grid_000196,default-grid,diurnal_normal_weekday,test,0,226.9,200.5,7.3,0.0,226.9,33.70000000000002,0,61.9,250.0,500.0,12.6,26.9,1,0,1,0,0,2,1,1.02,1.018,1.052,0.983,97.6,99.9,102.2,0.0,69.0
default-grid_000197,default-grid,diurnal_normal_weekday,train,0,231.2,200.2,3.1,0.0,231.2,34.099999999999994,0,54.6,250.0,500.0,12.7,27.0,1,0,1,0,0,3,1,1.02,1.018,1.051,0.983,97.8,100.7,103.6,0.0,68.9
default-grid_000198,default-grid,solar_overvoltage_moderate,validation,0,207.1,35.4,-11.1,0.0,207.1,160.6,0,46.3,250.0,500.0,12.2,52.8,1,0,0,0,0,1,1,1.02,1.017,1.053,0.997,64.3,80.2,96.1,0.0,36.9
default-grid_000199,default-grid,solar_overvoltage_moderate,test,0,189.3,39.5,-9.5,0.0,189.3,140.3,0,57.5,250.0,500.0,11.9,48.6,0,0,0,0,1,0,1,1.02,1.015,1.049,0.997,64.0,78.4,92.8,0.0,37.7
default-grid_000200,default-grid,diurnal_normal_weekday,train,0,228.0,140.6,-16.5,0.0,228.0,70.9,0,72.1,250.0,500.0,12.6,34.5,0,0,0,0,1,0,1,1.02,1.018,1.047,0.988,86.0,92.6,99.2,0.0,57.3
default-grid_000201,default-grid,diurnal_normal_weekday,validation,0,208.6,172.2,-11.9,0.0,208.6,24.5,0,55.6,250.0,500.0,12.3,25.0,0,0,0,0,1,0,1,1.02,1.017,1.039,0.986,91.0,93.6,96.2,0.0,63.5
default-grid_000202,default-grid,evening_peak_demand,test,0,1.7,212.3,5.4,0.0,1.7,-205.20000000000002,0,59.7,250.0,500.0,8.5,61.9,0,0,0,0,1,0,1,1.02,1.0,0.982,0.982,86.4,70.6,54.7,0.0,71.3
default-grid_000203,default-grid,solar_overvoltage_moderate,train,0,196.6,49.2,-4.2,0.0,196.6,143.2,0,54.3,250.0,500.0,12.0,49.2,1,0,0,0,0,1,1,1.02,1.016,1.055,0.996,66.4,81.0,95.6,0.0,39.6
default-grid_000204,default-grid,solar_overvoltage_moderate,train,0,195.9,86.2,-9.7,0.0,195.9,100.00000000000001,0,62.5,250.0,500.0,12.0,40.4,1,0,0,0,0,1,1,1.02,1.016,1.051,0.993,73.5,83.8,94.1,0.0,46.8
default-grid_000205,default-grid,solar_overvoltage_severe,train,0,264.8,41.9,0.0,0.0,264.8,222.9,0,52.9,250.0,500.0,13.3,65.5,1,0,1,0,0,2,1,1.02,1.021,1.078,0.997,69.0,90.0,111.1,0.0,38.1
default-grid_000206,default-grid,solar_overvoltage_severe,train,0,274.6,28.1,0.0,0.0,274.6,246.50000000000003,0,33.0,250.0,500.0,13.4,70.3,1,0,1,0,0,2,1,1.02,1.022,1.081,0.998,66.9,90.1,113.2,0.0,35.5
default-grid_000207,default-grid,diurnal_normal_weekday,validation,0,115.5,160.0,-16.2,0.0,115.5,-60.7,0,51.1,250.0,500.0,10.6,32.4,0,0,0,0,1,0,1,1.02,1.009,1.01,0.987,83.0,79.2,75.4,0.0,61.1
default-grid_000208,default-grid,nighttime_low_load,train,0,0.0,37.4,0.0,0.0,0.0,-37.4,0,64.2,250.0,500.0,8.5,27.6,0,0,0,0,1,0,1,1.02,1.0,1.0,0.997,52.3,53.6,55.0,0.0,37.3
default-grid_000209,default-grid,diurnal_normal_weekend,train,0,134.6,80.4,0.4,0.0,134.6,54.599999999999994,0,60.2,250.0,500.0,10.9,31.1,0,0,0,0,1,0,1,1.02,1.011,1.04,0.993,68.7,76.1,83.5,0.0,45.6
default-grid_000210,default-grid,bess_absorption_charging,validation,0,224.5,43.8,-51.7,0.0,224.5,129.0,0,56.3,250.0,500.0,12.5,46.3,0,0,0,0,1,0,1,1.02,1.018,1.029,0.996,67.0,78.3,89.7,0.0,38.5
default-grid_000211,default-grid,reconfiguration_alternate,train,0,256.5,58.7,-18.1,0.0,256.5,179.7,1,35.0,250.0,500.0,13.1,56.7,0,0,0,0,1,0,1,1.02,1.021,1.026,0.995,71.8,80.5,89.3,46.0,41.4
default-grid_000212,default-grid,solar_overvoltage_severe,train,0,281.8,27.2,0.0,0.0,281.8,254.60000000000002,0,64.2,250.0,500.0,13.6,71.9,1,0,1,0,0,2,1,1.02,1.023,1.083,0.998,67.2,91.0,114.7,0.0,35.3
default-grid_000213,default-grid,solar_overvoltage_severe,train,0,256.8,26.3,0.0,0.0,256.8,230.5,0,42.3,250.0,500.0,13.1,67.0,1,0,1,0,0,2,1,1.02,1.021,1.076,0.998,65.5,87.5,109.4,0.0,35.1
default-grid_000214,default-grid,bess_absorption_charging,validation,0,228.2,108.5,-25.8,0.0,228.2,93.89999999999998,0,47.4,250.0,500.0,12.6,39.2,0,0,0,0,1,0,1,1.02,1.018,1.047,0.991,79.8,88.3,96.9,0.0,51.1
default-grid_000215,default-grid,diurnal_normal_weekday,validation,0,102.1,153.3,-10.8,0.0,102.1,-62.000000000000014,0,37.9,250.0,500.0,10.3,32.6,0,0,0,0,1,0,1,1.02,1.008,1.012,0.987,80.9,77.4,73.9,0.0,59.8
default-grid_000216,default-grid,diurnal_normal_weekend,validation,0,131.0,73.8,-16.9,0.0,131.0,40.3,0,35.9,250.0,500.0,10.9,28.2,0,0,0,0,1,0,1,1.02,1.01,1.027,0.994,67.2,72.8,78.5,0.0,44.4
default-grid_000217,default-grid,near_limit_undervoltage,validation,1,21.7,296.9,1.4,0.0,21.7,-273.79999999999995,0,58.9,250.0,500.0,8.9,75.8,0,0,1,0,0,1,1,1.02,1.002,0.968,0.975,104.0,81.7,59.4,0.0,87.7
default-grid_000218,default-grid,reconfiguration_alternate,train,0,188.4,45.1,-29.1,0.0,188.4,114.20000000000002,1,65.6,250.0,500.0,11.9,43.3,0,0,0,0,1,0,1,1.02,1.015,1.008,0.996,65.1,69.9,74.7,46.0,38.8
default-grid_000219,default-grid,solar_overvoltage_severe,train,0,272.0,39.1,0.0,0.0,272.0,232.9,0,55.6,250.0,500.0,13.4,67.5,1,0,1,0,0,2,1,1.02,1.022,1.081,0.997,68.9,90.8,112.7,0.0,37.6
default-grid_000220,default-grid,diurnal_normal_weekday,train,0,229.1,192.2,8.7,0.0,229.1,45.599999999999994,0,68.2,250.0,500.0,12.6,29.3,1,0,1,0,0,2,1,1.02,1.018,1.056,0.984,96.1,99.3,102.5,0.0,67.4
default-grid_000221,default-grid,solar_overvoltage_moderate,train,0,234.4,50.7,-5.3,0.0,234.4,178.39999999999998,0,57.3,250.0,500.0,12.7,56.4,1,0,1,0,0,2,1,1.02,1.019,1.066,0.996,68.9,86.2,103.4,0.0,39.9
default-grid_000222,default-grid,diurnal_normal_weekday,train,0,173.4,189.1,2.4,0.0,173.4,-13.299999999999983,0,32.6,250.0,500.0,11.6,22.7,0,0,0,0,1,0,1,1.02,1.014,1.035,0.984,92.2,91.8,91.5,0.0,66.8
default-grid_000223,default-grid,diurnal_normal_weekday,validation,0,116.0,132.8,2.3,0.0,116.0,-14.500000000000014,0,41.9,250.0,500.0,10.6,23.0,0,0,0,0,1,0,1,1.02,1.009,1.029,0.989,77.8,78.5,79.3,0.0,55.8
default-grid_000224,default-grid,diurnal_normal_weekday,validation,0,195.0,156.5,-10.4,0.0,195.0,28.099999999999994,0,73.4,250.0,500.0,12.0,25.7,0,0,0,0,1,0,1,1.02,1.016,1.039,0.987,87.1,90.4,93.7,0.0,60.4
default-grid_000225,default-grid,bess_injection_discharging,train,0,16.0,162.5,42.0,0.0,16.0,-104.5,0,89.7,250.0,500.0,8.8,41.3,0,0,0,0,1,0,1,1.02,1.001,1.023,0.986,77.6,65.3,53.1,0.0,61.6
default-grid_000226,default-grid,diurnal_normal_weekday,train,0,174.4,153.5,4.4,0.0,174.4,25.30000000000001,0,66.4,250.0,500.0,11.6,25.2,0,0,0,0,1,0,1,1.02,1.014,1.044,0.987,85.3,88.3,91.4,0.0,59.8
default-grid_000227,default-grid,diurnal_normal_weekday,test,0,221.1,173.5,2.7,0.0,221.1,50.29999999999998,0,48.5,250.0,500.0,12.5,30.3,1,0,1,0,0,2,1,1.02,1.018,1.053,0.986,92.0,96.8,101.5,0.0,63.7
default-grid_000228,default-grid,solar_overvoltage_moderate,train,0,199.8,73.8,-2.9,0.0,199.8,123.10000000000001,0,71.6,250.0,500.0,12.1,45.1,1,0,0,0,0,1,1,1.02,1.016,1.057,0.994,71.3,83.9,96.6,0.0,44.4
default-grid_000229,default-grid,solar_overvoltage_moderate,test,0,210.7,47.4,-2.4,0.0,210.7,160.89999999999998,0,38.3,250.0,500.0,12.3,52.8,1,0,0,0,0,1,1,1.02,1.017,1.061,0.996,66.9,83.0,99.1,0.0,39.2
default-grid_000230,default-grid,solar_curtailment_active,train,0,222.3,40.5,-14.4,107.6,114.70000000000002,59.80000000000001,0,42.3,250.0,500.0,10.6,32.2,0,1,0,0,0,1,1,1.02,1.009,0.873,0.997,59.8,35.5,11.2,0.0,37.9
default-grid_000231,default-grid,solar_curtailment_active,test,0,214.2,79.9,-18.9,93.5,120.69999999999999,21.899999999999977,0,31.6,250.0,500.0,10.7,24.5,0,1,0,0,0,1,1,1.02,1.01,0.891,0.993,67.8,43.8,19.8,0.0,45.5
default-grid_000232,default-grid,reconfiguration_alternate,train,0,131.9,191.3,-11.7,0.0,131.9,-71.10000000000001,1,40.2,250.0,500.0,10.9,34.5,0,0,0,0,1,0,1,1.02,1.011,0.993,0.984,90.1,79.2,68.2,46.0,67.2
default-grid_000233,default-grid,bess_injection_discharging,train,0,70.4,240.7,36.5,0.0,70.4,-133.79999999999998,0,83.2,250.0,500.0,9.8,47.3,0,0,0,0,1,0,1,1.02,1.006,1.019,0.98,96.0,80.7,65.4,0.0,76.8
default-grid_000234,default-grid,bess_injection_discharging,train,0,21.6,174.7,28.0,0.0,21.6,-125.1,0,62.7,250.0,500.0,8.9,45.5,0,0,0,0,1,0,1,1.02,1.002,1.012,0.985,80.3,68.2,56.1,0.0,64.0
default-grid_000235,default-grid,evening_peak_demand,train,0,4.6,229.1,17.7,0.0,4.6,-206.8,0,70.5,250.0,500.0,8.6,62.2,0,0,0,0,1,0,1,1.02,1.0,0.988,0.981,89.8,71.8,53.8,0.0,74.5
default-grid_000236,default-grid,diurnal_normal_weekday,train,0,212.6,195.8,11.5,0.0,212.6,28.299999999999983,0,73.2,250.0,500.0,12.3,25.8,1,0,0,0,0,1,1,1.02,1.017,1.052,0.984,95.8,97.2,98.6,0.0,68.1
default-grid_000237,default-grid,nighttime_low_load,test,0,0.0,26.0,0.0,0.0,0.0,-26.0,0,46.5,250.0,500.0,8.5,25.3,0,0,0,0,1,0,1,1.02,1.0,1.0,0.998,50.1,52.5,55.0,0.0,35.1
default-grid_000238,default-grid,diurnal_normal_weekend,train,0,221.0,65.7,-0.9,0.0,221.0,154.39999999999998,0,47.2,250.0,500.0,12.5,51.5,1,0,1,0,0,2,1,1.02,1.018,1.065,0.995,71.0,86.3,101.6,0.0,42.8
default-grid_000239,default-grid,evening_peak_demand,train,0,0.1,226.3,17.1,0.0,0.1,-209.10000000000002,0,65.4,250.0,500.0,8.5,62.6,0,0,0,0,1,0,1,1.02,1.0,0.987,0.981,89.0,71.0,52.9,0.0,74.0
default-grid_000240,default-grid,diurnal_normal_weekday,train,0,88.5,153.6,10.4,0.0,88.5,-54.69999999999999,0,68.9,250.0,500.0,10.1,31.2,0,0,0,0,1,0,1,1.02,1.007,1.023,0.987,80.2,76.3,72.5,0.0,59.9
default-grid_000241,default-grid,bess_injection_discharging,validation,0,56.0,257.7,27.1,0.0,56.0,-174.6,0,64.2,250.0,500.0,9.5,55.6,0,0,0,0,1,0,1,1.02,1.004,1.005,0.979,98.5,81.0,63.5,0.0,80.1
default-grid_000242,default-grid,diurnal_normal_weekday,train,0,219.4,173.0,4.3,0.0,219.4,50.70000000000002,0,31.2,250.0,500.0,12.4,30.3,1,0,1,0,0,2,1,1.02,1.018,1.053,0.986,91.8,96.4,101.0,0.0,63.6
default-grid_000243,default-grid,solar_overvoltage_severe,validation,0,250.1,40.0,0.0,0.0,250.1,210.1,0,58.8,250.0,500.0,13.0,62.9,1,0,1,0,0,2,1,1.02,1.02,1.074,0.997,67.8,87.9,108.0,0.0,37.8
default-grid_000244,default-grid,diurnal_normal_weekend,train,0,166.5,137.0,3.7,0.0,166.5,33.19999999999999,0,36.3,250.0,500.0,11.5,26.8,0,0,0,0,1,0,1,1.02,1.013,1.045,0.989,81.6,85.7,89.8,0.0,56.6
default-grid_000245,default-grid,diurnal_normal_weekday,train,0,173.3,201.7,-15.8,0.0,173.3,-44.19999999999999,0,34.1,250.0,500.0,11.6,29.0,0,0,0,0,1,0,1,1.02,1.014,1.02,0.983,94.6,91.2,87.8,0.0,69.2
default-grid_000246,default-grid,solar_curtailment_active,validation,0,255.2,98.8,-11.5,80.9,174.29999999999998,63.999999999999986,0,64.8,250.0,500.0,11.6,33.1,0,1,0,0,0,1,1,1.02,1.014,0.93,0.992,74.7,57.6,40.5,0.0,49.2
default-grid_000247,default-grid,solar_overvoltage_moderate,train,0,196.0,77.8,-8.9,0.0,196.0,109.3,0,51.0,250.0,500.0,12.0,42.3,1,0,0,0,0,1,1,1.02,1.016,1.052,0.994,71.9,83.1,94.3,0.0,45.1
default-grid_000248,default-grid,diurnal_normal_weekday,validation,0,188.7,190.9,-15.7,0.0,188.7,-17.900000000000006,0,44.9,250.0,500.0,11.9,23.7,0,0,0,0,1,0,1,1.02,1.015,1.026,0.984,93.4,92.2,91.1,0.0,67.1
default-grid_000249,default-grid,diurnal_normal_weekend,train,0,178.3,97.4,-15.3,0.0,178.3,65.6,0,61.0,250.0,500.0,11.7,33.4,0,0,0,0,1,0,1,1.02,1.014,1.042,0.992,74.6,81.8,89.0,0.0,48.9
default-grid_000250,default-grid,evening_peak_demand,train,0,0.7,277.4,16.2,0.0,0.7,-260.5,0,70.7,250.0,500.0,8.5,73.1,0,0,0,0,1,0,1,1.02,1.0,0.976,0.977,99.0,76.0,53.1,0.0,83.9
default-grid_000251,default-grid,solar_overvoltage_moderate,train,0,198.6,56.5,-3.1,0.0,198.6,139.0,0,33.9,250.0,500.0,12.1,48.4,1,0,0,0,0,1,1,1.02,1.016,1.057,0.995,67.9,82.1,96.3,0.0,41.0
default-grid_000252,default-grid,solar_curtailment_active,train,0,241.3,68.9,-1.7,79.2,162.10000000000002,91.50000000000003,0,64.2,250.0,500.0,11.4,38.7,0,1,0,0,0,1,1,1.02,1.013,0.936,0.994,68.1,54.8,41.4,0.0,43.4
default-grid_000253,default-grid,solar_overvoltage_severe,train,0,242.0,33.3,0.0,0.0,242.0,208.7,0,63.2,250.0,500.0,12.9,62.6,1,0,1,0,0,2,1,1.02,1.019,1.072,0.997,66.0,86.2,106.3,0.0,36.5
default-grid_000254,default-grid,near_limit_overvoltage,test,1,210.6,53.6,-5.7,0.0,210.6,151.3,0,51.1,250.0,500.0,12.3,50.9,1,0,0,0,0,1,1,1.02,1.017,1.058,0.996,68.1,83.2,98.2,0.0,40.4
default-grid_000255,default-grid,diurnal_normal_weekday,train,0,101.0,183.8,4.0,0.0,101.0,-78.80000000000001,0,30.0,250.0,500.0,10.3,36.1,0,0,0,0,1,0,1,1.02,1.008,1.016,0.985,86.8,81.3,75.9,0.0,65.7
default-grid_000256,default-grid,evening_peak_demand,train,0,0.8,270.2,7.8,0.0,0.8,-261.59999999999997,0,68.9,250.0,500.0,8.5,73.4,0,0,0,0,1,0,1,1.02,1.0,0.972,0.977,97.6,75.9,54.2,0.0,82.5
default-grid_000257,default-grid,bess_injection_discharging,train,0,37.5,243.7,53.7,0.0,37.5,-152.5,0,89.9,250.0,500.0,9.2,51.1,0,0,0,0,1,0,1,1.02,1.003,1.021,0.98,94.6,75.4,56.2,0.0,77.4
default-grid_000258,default-grid,diurnal_normal_weekend,train,0,228.9,147.3,-8.2,0.0,228.9,73.4,0,41.8,250.0,500.0,12.6,35.0,1,0,1,0,0,2,1,1.02,1.018,1.052,0.988,87.4,94.5,101.5,0.0,58.6
default-grid_000259,default-grid,reconfiguration_alternate,train,0,197.7,184.9,-11.8,0.0,197.7,0.9999999999999716,1,39.2,250.0,500.0,12.1,20.2,0,0,0,0,1,0,1,1.02,1.016,1.005,0.985,92.8,86.4,80.0,46.0,66.0
default-grid_000260,default-grid,extreme_stress_holdout,test,1,324.9,21.2,0.0,12.0,312.9,291.7,0,96.0,250.0,500.0,14.1,79.5,1,0,1,0,0,2,1,1.02,1.025,1.076,0.998,67.9,91.0,114.1,0.0,34.1
default-grid_000261,default-grid,solar_overvoltage_severe,validation,0,277.3,31.3,0.0,0.0,277.3,246.0,0,52.7,250.0,500.0,13.5,70.2,1,0,1,0,0,2,1,1.02,1.022,1.082,0.997,67.7,90.8,113.8,0.0,36.1
default-grid_000262,default-grid,diurnal_normal_weekend,validation,0,218.6,82.9,-17.2,0.0,218.6,118.5,0,35.7,250.0,500.0,12.4,44.2,1,0,0,0,0,1,1,1.02,1.017,1.052,0.993,74.2,85.6,97.0,0.0,46.1
default-grid_000263,default-grid,evening_peak_demand,train,0,0.9,273.3,6.6,0.0,0.9,-265.8,0,42.9,250.0,500.0,8.5,74.2,0,0,0,0,1,0,1,1.02,1.0,0.97,0.977,98.2,76.3,54.4,0.0,83.1
default-grid_000264,default-grid,evening_peak_demand,train,0,0.8,268.0,10.7,0.0,0.8,-256.5,0,59.9,250.0,500.0,8.5,72.3,0,0,0,0,1,0,1,1.02,1.0,0.974,0.978,97.2,75.5,53.8,0.0,82.1
default-grid_000265,default-grid,solar_curtailment_active,train,0,215.6,100.5,-20.4,73.1,142.5,21.599999999999994,0,30.5,250.0,500.0,11.1,24.4,0,1,0,0,0,1,1,1.02,1.011,0.925,0.992,73.1,54.6,36.2,0.0,49.5
default-grid_000266,default-grid,nighttime_low_load,train,0,0.0,44.0,0.0,0.0,0.0,-44.0,0,49.8,250.0,500.0,8.5,29.0,0,0,0,0,1,0,1,1.02,1.0,1.0,0.996,53.6,54.3,55.0,0.0,38.6
default-grid_000267,default-grid,solar_overvoltage_severe,validation,0,240.4,30.3,0.0,0.0,240.4,210.1,0,40.1,250.0,500.0,12.8,62.9,1,0,1,0,0,2,1,1.02,1.019,1.071,0.997,65.3,85.7,106.0,0.0,35.9
default-grid_000268,default-grid,diurnal_normal_weekday,validation,0,205.9,184.4,6.3,0.0,205.9,27.80000000000001,0,59.0,250.0,500.0,12.2,25.7,0,0,0,0,1,0,1,1.02,1.016,1.049,0.985,93.2,95.6,97.9,0.0,65.9
default-grid_000269,default-grid,diurnal_normal_weekday,train,0,153.9,139.6,-4.4,0.0,153.9,9.900000000000006,0,57.2,250.0,500.0,11.3,22.0,0,0,0,0,1,0,1,1.02,1.012,1.034,0.988,81.4,84.0,86.5,0.0,57.1
default-grid_000270,default-grid,diurnal_normal_weekday,test,0,181.2,196.8,-17.5,0.0,181.2,-33.10000000000002,0,71.7,250.0,500.0,11.8,26.8,0,0,0,0,1,0,1,1.02,1.014,1.022,0.984,94.1,91.5,89.0,0.0,68.3
default-grid_000271,default-grid,near_limit_feeder_overload,validation,1,260.6,57.2,0.0,0.0,260.6,203.40000000000003,0,64.3,250.0,500.0,13.2,61.5,1,0,1,0,0,2,1,1.02,1.021,1.077,0.995,71.8,91.0,110.2,0.0,41.1
default-grid_000272,default-grid,near_limit_tx_overload,test,1,42.5,311.4,0.0,0.0,42.5,-268.9,0,33.5,250.0,500.0,9.3,74.8,0,0,1,0,0,1,1,1.02,1.003,0.97,0.974,108.1,86.0,64.0,0.0,90.5
default-grid_000273,default-grid,evening_peak_demand,validation,0,0.8,282.4,1.8,0.0,0.8,-279.79999999999995,0,72.8,250.0,500.0,8.5,77.1,0,0,0,0,1,0,1,1.02,1.0,0.965,0.976,100.0,77.5,54.9,0.0,84.9
default-grid_000274,default-grid,solar_overvoltage_severe,train,0,298.1,37.2,0.0,0.0,298.1,260.90000000000003,0,44.0,250.0,500.0,13.9,73.2,1,0,1,0,0,2,1,1.02,1.024,1.088,0.997,70.1,94.2,118.2,0.0,37.2
default-grid_000275,default-grid,diurnal_normal_weekday,train,0,191.3,138.9,7.8,0.0,191.3,60.20000000000002,0,50.9,250.0,500.0,11.9,32.3,1,0,0,0,0,1,1,1.02,1.015,1.054,0.988,83.5,89.0,94.6,0.0,57.0
default-grid_000276,default-grid,reconfiguration_alternate,test,0,252.4,78.0,11.6,0.0,252.4,186.0,1,57.8,250.0,500.0,13.0,57.9,0,0,0,0,1,0,1,1.02,1.02,1.047,0.994,75.3,83.2,91.2,46.0,45.2
default-grid_000277,default-grid,diurnal_normal_weekday,validation,0,98.1,127.3,-3.7,0.0,98.1,-32.900000000000006,0,60.3,250.0,500.0,10.3,26.7,0,0,0,0,1,0,1,1.02,1.008,1.021,0.989,75.6,75.2,74.9,0.0,54.8
default-grid_000278,default-grid,diurnal_normal_weekend,train,0,218.0,82.9,4.6,0.0,218.0,139.7,0,68.1,250.0,500.0,12.4,48.5,1,0,1,0,0,2,1,1.02,1.017,1.068,0.993,74.2,87.4,100.6,0.0,46.1
default-grid_000279,default-grid,diurnal_normal_weekday,train,0,177.6,133.9,2.6,0.0,177.6,46.29999999999998,0,52.0,250.0,500.0,11.7,29.4,0,0,0,0,1,0,1,1.02,1.014,1.048,0.989,81.7,87.0,92.3,0.0,56.0
default-grid_000280,default-grid,diurnal_normal_weekend,train,0,194.8,63.1,-23.0,0.0,194.8,108.70000000000002,0,49.8,250.0,500.0,12.0,42.2,0,0,0,0,1,0,1,1.02,1.016,1.041,0.995,69.0,79.8,90.5,0.0,42.3
default-grid_000281,default-grid,solar_overvoltage_moderate,train,0,188.2,44.9,-6.5,0.0,188.2,136.79999999999998,0,34.9,250.0,500.0,11.9,47.9,1,0,0,0,0,1,1,1.02,1.015,1.051,0.996,65.0,79.2,93.3,0.0,38.7
default-grid_000282,default-grid,solar_curtailment_active,train,0,251.9,31.7,-15.7,70.1,181.8,134.40000000000003,0,53.9,250.0,500.0,11.8,47.4,0,1,0,0,0,1,1,1.02,1.015,0.944,0.997,62.1,54.9,47.6,0.0,36.2
default-grid_000283,default-grid,diurnal_normal_weekday,train,0,176.4,170.2,4.9,0.0,176.4,11.100000000000023,0,72.4,250.0,500.0,11.7,22.3,0,0,0,0,1,0,1,1.02,1.014,1.042,0.986,88.7,90.2,91.8,0.0,63.1
default-grid_000284,default-grid,bess_injection_discharging,train,0,73.6,166.6,36.7,0.0,73.6,-56.3,0,65.1,250.0,500.0,9.8,31.5,0,0,0,0,1,0,1,1.02,1.006,1.035,0.986,81.8,73.9,66.0,0.0,62.4
default-grid_000285,default-grid,diurnal_normal_weekend,test,0,159.6,68.4,-9.6,0.0,159.6,81.6,0,30.7,250.0,500.0,11.4,36.6,0,0,0,0,1,0,1,1.02,1.013,1.04,0.994,67.9,77.2,86.4,0.0,43.3
default-grid_000286,default-grid,solar_overvoltage_severe,train,0,296.6,28.8,0.0,0.0,296.6,267.8,0,32.3,250.0,500.0,13.8,74.6,1,0,1,0,0,2,1,1.02,1.024,1.088,0.998,68.4,93.2,117.9,0.0,35.6
default-grid_000287,default-grid,diurnal_normal_weekday,train,0,199.4,200.2,-10.2,0.0,199.4,-10.999999999999972,0,71.9,250.0,500.0,12.1,22.2,0,0,0,0,1,0,1,1.02,1.016,1.032,0.983,95.9,95.3,94.7,0.0,68.9
default-grid_000288,default-grid,reconfiguration_alternate,test,0,242.6,102.5,1.8,0.0,242.6,141.9,1,42.6,250.0,500.0,12.9,48.9,0,0,0,0,1,0,1,1.02,1.019,1.038,0.991,79.5,85.0,90.5,46.0,49.9
default-grid_000289,default-grid,diurnal_normal_weekday,train,0,187.5,176.6,-12.6,0.0,187.5,-1.6999999999999886,0,31.4,250.0,500.0,11.9,20.3,0,0,0,0,1,0,1,1.02,1.015,1.031,0.985,90.6,91.1,91.6,0.0,64.3
default-grid_000290,default-grid,diurnal_normal_weekend,test,0,208.9,85.3,-13.2,0.0,208.9,110.40000000000002,0,45.7,250.0,500.0,12.3,42.5,1,0,0,0,0,1,1,1.02,1.017,1.052,0.993,74.1,85.0,96.0,0.0,46.6
default-grid_000291,default-grid,evening_peak_demand,train,0,1.7,206.7,11.9,0.0,1.7,-193.1,0,45.6,250.0,500.0,8.5,59.4,0,0,0,0,1,0,1,1.02,1.0,0.988,0.983,85.3,69.6,53.9,0.0,70.2
default-grid_000292,default-grid,bess_injection_discharging,test,0,70.3,227.5,47.8,0.0,70.3,-109.4,0,74.2,250.0,500.0,9.8,42.3,0,0,0,0,1,0,1,1.02,1.006,1.03,0.981,93.5,78.7,63.9,0.0,74.2
default-grid_000293,default-grid,diurnal_normal_weekend,test,0,124.3,102.7,-23.6,0.0,124.3,-2.000000000000014,0,53.4,250.0,500.0,10.7,20.4,0,0,0,0,1,0,1,1.02,1.01,1.019,0.991,72.4,74.0,75.5,0.0,50.0
default-grid_000294,default-grid,diurnal_normal_weekend,train,0,174.4,62.5,-23.0,0.0,174.4,88.9,0,34.9,250.0,500.0,11.6,38.1,0,0,0,0,1,0,1,1.02,1.014,1.035,0.995,67.6,76.9,86.2,0.0,42.2
default-grid_000295,default-grid,diurnal_normal_weekday,train,0,97.7,128.8,-17.2,0.0,97.7,-48.30000000000001,0,47.3,250.0,500.0,10.3,29.9,0,0,0,0,1,0,1,1.02,1.008,1.011,0.989,75.9,73.7,71.4,0.0,55.0
default-grid_000296,default-grid,bess_injection_discharging,validation,0,37.8,219.4,31.2,0.0,37.8,-150.4,0,77.6,250.0,500.0,9.2,50.7,0,0,0,0,1,0,1,1.02,1.003,1.01,0.982,89.9,74.5,59.1,0.0,72.7
default-grid_000297,default-grid,solar_curtailment_active,train,0,267.1,92.9,-1.7,52.0,215.10000000000002,120.50000000000003,0,49.5,250.0,500.0,12.4,44.6,0,0,0,0,1,0,1,1.02,1.017,0.99,0.992,76.0,72.5,69.0,0.0,48.1
default-grid_000298,default-grid,extreme_stress_holdout,test,1,316.0,18.4,0.0,28.9,287.1,268.70000000000005,0,18.0,250.0,500.0,13.7,74.8,0,0,0,0,1,0,1,1.02,1.023,1.045,0.998,65.8,82.2,98.5,0.0,33.6
default-grid_000299,default-grid,bess_injection_discharging,train,0,7.3,191.8,35.4,0.0,7.3,-149.10000000000002,0,37.3,250.0,500.0,8.6,50.4,0,0,0,0,1,0,1,1.02,1.001,1.009,0.984,82.7,67.4,52.1,0.0,67.3
default-grid_000300,default-grid,diurnal_normal_weekend,train,0,129.2,135.9,-11.2,0.0,129.2,-17.90000000000002,0,49.1,250.0,500.0,10.8,23.7,0,0,0,0,1,0,1,1.02,1.01,1.023,0.989,79.2,79.4,79.6,0.0,56.4
default-grid_000301,default-grid,solar_overvoltage_severe,train,0,268.9,26.7,0.0,0.0,268.9,242.2,0,41.6,250.0,500.0,13.3,69.4,1,0,1,0,0,2,1,1.02,1.022,1.08,0.998,66.3,89.2,112.0,0.0,35.2
default-grid_000302,default-grid,evening_peak_demand,validation,0,1.3,307.2,18.8,0.0,1.3,-287.09999999999997,0,83.5,250.0,500.0,8.5,78.6,0,0,1,0,0,1,1,1.02,1.0,0.973,0.974,104.8,78.8,52.9,0.0,89.7
default-grid_000303,default-grid,diurnal_normal_weekday,test,0,113.1,168.8,-10.1,0.0,113.1,-65.80000000000001,0,37.6,250.0,500.0,10.5,33.4,0,0,0,0,1,0,1,1.02,1.009,1.012,0.986,84.6,80.5,76.5,0.0,62.8
default-grid_000304,default-grid,diurnal_normal_weekday,train,0,205.1,187.6,-16.0,0.0,205.1,1.5,0,62.4,250.0,500.0,12.2,20.3,0,0,0,0,1,0,1,1.02,1.016,1.032,0.984,93.8,94.2,94.5,0.0,66.5
default-grid_000305,default-grid,diurnal_normal_weekend,train,0,164.6,136.0,-18.4,0.0,164.6,10.199999999999989,0,35.3,250.0,500.0,11.5,22.1,0,0,0,0,1,0,1,1.02,1.013,1.028,0.989,81.3,83.3,85.3,0.0,56.4
default-grid_000306,default-grid,evening_peak_demand,test,0,0.8,213.7,24.0,0.0,0.8,-188.89999999999998,0,60.5,250.0,500.0,8.5,58.5,0,0,0,0,1,0,1,1.02,1.0,0.995,0.982,86.6,69.4,52.2,0.0,71.6
default-grid_000307,default-grid,solar_overvoltage_severe,test,0,244.6,40.7,0.0,0.0,244.6,203.89999999999998,0,33.9,250.0,500.0,12.9,61.6,1,0,1,0,0,2,1,1.02,1.02,1.072,0.997,67.6,87.2,106.9,0.0,37.9
default-grid_000308,default-grid,diurnal_normal_weekend,validation,0,170.7,136.5,-16.4,0.0,170.7,17.799999999999983,0,50.4,250.0,500.0,11.6,23.6,0,0,0,0,1,0,1,1.02,1.014,1.031,0.989,81.8,84.4,87.1,0.0,56.5
default-grid_000309,default-grid,diurnal_normal_weekday,test,0,196.2,174.6,-15.2,0.0,196.2,6.400000000000006,0,59.4,250.0,500.0,12.0,21.3,0,0,0,0,1,0,1,1.02,1.016,1.032,0.985,90.7,91.8,92.8,0.0,63.9
default-grid_000310,default-grid,bess_injection_discharging,train,0,24.0,201.8,40.6,0.0,24.0,-137.20000000000002,0,51.3,250.0,500.0,8.9,48.0,0,0,0,0,1,0,1,1.02,1.002,1.016,0.983,85.7,70.3,55.0,0.0,69.2
default-grid_000311,default-grid,solar_overvoltage_moderate,train,0,197.3,45.7,-4.5,0.0,197.3,147.10000000000002,0,47.4,250.0,500.0,12.1,50.0,1,0,0,0,0,1,1,1.02,1.016,1.055,0.996,65.7,80.7,95.7,0.0,38.9
default-grid_000312,default-grid,diurnal_normal_weekend,test,0,146.1,144.5,-8.3,0.0,146.1,-6.700000000000017,0,64.7,250.0,500.0,11.1,21.4,0,0,0,0,1,0,1,1.02,1.012,1.028,0.988,81.9,82.9,83.9,0.0,58.1
default-grid_000313,default-grid,bess_injection_discharging,train,0,52.4,268.6,37.3,0.0,52.4,-178.90000000000003,0,40.1,250.0,500.0,9.4,56.5,0,0,1,0,0,1,1,1.02,1.004,1.009,0.978,100.4,80.9,61.4,0.0,82.2
default-grid_000314,default-grid,diurnal_normal_weekday,train,0,220.2,191.9,0.9,0.0,220.2,29.19999999999999,0,52.8,250.0,500.0,12.5,26.0,0,0,1,0,0,1,1,1.02,1.018,1.047,0.984,95.5,98.5,101.6,0.0,67.3
default-grid_000315,default-grid,bess_injection_discharging,train,0,2.7,222.1,27.1,0.0,2.7,-192.29999999999998,0,82.3,250.0,500.0,8.5,59.2,0,0,0,0,1,0,1,1.02,1.0,0.996,0.981,88.3,70.2,52.2,0.0,73.2
default-grid_000316,default-grid,solar_overvoltage_moderate,test,0,222.7,42.3,-10.9,0.0,222.7,169.5,0,45.3,250.0,500.0,12.5,54.6,1,0,0,0,0,1,1,1.02,1.018,1.058,0.996,66.6,83.0,99.5,0.0,38.2
default-grid_000317,default-grid,bess_injection_discharging,train,0,72.9,238.5,43.6,0.0,72.9,-122.0,0,51.9,250.0,500.0,9.8,44.9,0,0,0,0,1,0,1,1.02,1.006,1.025,0.98,95.7,80.3,65.0,0.0,76.4
default-grid_000318,default-grid,diurnal_normal_weekday,train,0,110.3,198.4,4.7,0.0,110.3,-83.4,0,31.9,250.0,500.0,10.5,37.0,0,0,0,0,1,0,1,1.02,1.009,1.016,0.983,90.2,84.0,77.8,0.0,68.6
default-grid_000319,default-grid,solar_overvoltage_severe,train,0,270.1,31.8,0.0,0.0,270.1,238.3,0,44.6,250.0,500.0,13.4,68.6,1,0,1,0,0,2,1,1.02,1.022,1.08,0.997,67.4,89.8,112.3,0.0,36.2
default-grid_000320,default-grid,reconfiguration_alternate,train,0,177.9,63.6,-8.9,0.0,177.9,105.4,1,33.5,250.0,500.0,11.7,41.5,0,0,0,0,1,0,1,1.02,1.014,1.021,0.995,68.0,72.5,77.1,46.0,42.4
default-grid_000321,default-grid,diurnal_normal_weekday,train,0,201.3,124.1,-16.0,0.0,201.3,61.20000000000002,0,52.3,250.0,500.0,12.1,32.5,0,0,0,0,1,0,1,1.02,1.016,1.043,0.99,81.2,87.5,93.7,0.0,54.1
default-grid_000322,default-grid,diurnal_normal_weekday,train,0,187.4,168.0,-3.1,0.0,187.4,16.30000000000001,0,74.4,250.0,500.0,11.9,23.3,0,0,0,0,1,0,1,1.02,1.015,1.04,0.986,88.9,91.5,94.0,0.0,62.7
default-grid_000323,default-grid,solar_overvoltage_moderate,train,0,208.9,71.4,-1.6,0.0,208.9,135.9,0,36.2,250.0,500.0,12.3,47.7,1,0,0,0,0,1,1,1.02,1.017,1.061,0.994,71.4,85.2,98.9,0.0,43.9
default-grid_000324,default-grid,evening_peak_demand,train,0,0.3,281.1,6.9,0.0,0.3,-273.90000000000003,0,72.6,250.0,500.0,8.5,75.9,0,0,0,0,1,0,1,1.02,1.0,0.969,0.977,99.7,77.0,54.2,0.0,84.7
default-grid_000325,default-grid,reconfiguration_alternate,train,0,128.3,40.5,21.2,0.0,128.3,109.0,1,34.0,250.0,500.0,10.8,42.2,0,0,0,0,1,0,1,1.02,1.01,1.035,0.997,60.6,64.2,67.8,46.0,37.9
default-grid_000326,default-grid,solar_overvoltage_severe,test,0,268.1,33.0,0.0,0.0,268.1,235.10000000000002,0,65.8,250.0,500.0,13.3,68.0,1,0,1,0,0,2,1,1.02,1.021,1.079,0.997,67.5,89.7,111.8,0.0,36.4
default-grid_000327,default-grid,diurnal_normal_weekday,train,0,197.9,193.3,2.0,0.0,197.9,6.599999999999994,0,32.3,250.0,500.0,12.1,21.3,0,0,0,0,1,0,1,1.02,1.016,1.041,0.984,94.5,95.6,96.7,0.0,67.6
default-grid_000328,default-grid,diurnal_normal_weekend,train,0,190.4,68.7,-14.8,0.0,190.4,106.89999999999999,0,46.5,250.0,500.0,11.9,41.8,0,0,0,0,1,0,1,1.02,1.015,1.046,0.994,69.8,80.8,91.7,0.0,43.4
default-grid_000329,default-grid,solar_overvoltage_moderate,validation,0,217.6,38.0,-3.7,0.0,217.6,175.9,0,69.2,250.0,500.0,12.4,55.9,1,0,1,0,0,2,1,1.02,1.017,1.062,0.997,65.4,82.8,100.2,0.0,37.4
default-grid_000330,default-grid,diurnal_normal_weekday,train,0,171.9,183.2,11.6,0.0,171.9,0.30000000000001137,0,30.4,250.0,500.0,11.6,20.1,0,0,0,0,1,0,1,1.02,1.014,1.043,0.985,90.9,90.5,90.0,0.0,65.6
default-grid_000331,default-grid,bess_injection_discharging,test,0,56.7,200.8,18.5,0.0,56.7,-125.60000000000001,0,67.7,250.0,500.0,9.5,45.6,0,0,0,0,1,0,1,1.02,1.005,1.01,0.983,87.4,76.1,64.7,0.0,69.0
default-grid_000332,default-grid,diurnal_normal_weekend,test,0,200.2,123.9,-1.4,0.0,200.2,74.89999999999998,0,35.6,250.0,500.0,12.1,35.3,1,0,0,0,0,1,1,1.02,1.016,1.053,0.99,81.1,89.1,97.1,0.0,54.1
default-grid_000333,default-grid,solar_curtailment_active,test,0,226.0,55.7,-7.6,106.5,119.5,56.2,0,55.0,250.0,500.0,10.7,31.5,0,1,0,0,0,1,1,1.02,1.01,0.881,0.995,63.0,38.8,14.5,0.0,40.8
default-grid_000334,default-grid,solar_overvoltage_moderate,train,0,192.9,44.2,-5.7,0.0,192.9,143.0,0,51.9,250.0,500.0,12.0,49.2,1,0,0,0,0,1,1,1.02,1.015,1.053,0.996,65.2,79.8,94.5,0.0,38.6
default-grid_000335,default-grid,near_limit_undervoltage,validation,1,19.1,248.2,4.8,0.0,19.1,-224.29999999999998,0,38.9,250.0,500.0,8.8,65.7,0,0,0,0,1,0,1,1.02,1.002,0.979,0.979,94.4,76.4,58.4,0.0,78.3
default-grid_000336,default-grid,bess_absorption_charging,train,0,213.2,109.5,-25.2,0.0,213.2,78.5,0,60.9,250.0,500.0,12.3,36.0,0,0,0,0,1,0,1,1.02,1.017,1.043,0.991,79.1,86.5,93.9,0.0,51.3
default-grid_000337,default-grid,diurnal_normal_weekend,validation,0,199.5,108.7,-10.9,0.0,199.5,79.89999999999999,0,73.1,250.0,500.0,12.1,36.3,0,0,0,0,1,0,1,1.02,1.016,1.049,0.991,78.1,86.3,94.6,0.0,51.1
default-grid_000338,default-grid,extreme_stress_holdout,test,1,308.7,23.8,0.0,21.4,287.3,263.5,0,18.0,250.0,500.0,13.7,73.7,1,0,1,0,0,2,1,1.02,1.023,1.055,0.998,66.9,85.0,103.1,0.0,34.6
default-grid_000339,default-grid,solar_overvoltage_moderate,validation,0,220.4,73.2,-4.3,0.0,220.4,142.89999999999998,0,56.3,250.0,500.0,12.5,49.1,1,0,1,0,0,2,1,1.02,1.018,1.062,0.994,72.5,86.5,100.6,0.0,44.2
default-grid_000340,default-grid,evening_peak_demand,train,0,0.5,232.0,12.7,0.0,0.5,-218.8,0,79.3,250.0,500.0,8.5,64.6,0,0,0,0,1,0,1,1.02,1.0,0.983,0.981,90.1,71.8,53.5,0.0,75.1
default-grid_000341,default-grid,diurnal_normal_weekday,train,0,191.3,188.5,-0.2,0.0,191.3,2.6000000000000227,0,40.0,250.0,500.0,11.9,20.5,0,0,0,0,1,0,1,1.02,1.015,1.039,0.984,93.1,94.3,95.5,0.0,66.7
default-grid_000342,default-grid,diurnal_normal_weekend,train,0,142.5,73.6,-22.5,0.0,142.5,46.400000000000006,0,68.9,250.0,500.0,11.1,29.5,0,0,0,0,1,0,1,1.02,1.011,1.026,0.994,67.9,73.8,79.6,0.0,44.3
default-grid_000343,default-grid,diurnal_normal_weekday,train,0,146.1,140.5,-14.8,0.0,146.1,-9.200000000000017,0,72.5,250.0,500.0,11.1,21.9,0,0,0,0,1,0,1,1.02,1.012,1.024,0.988,81.1,81.7,82.3,0.0,57.3
default-grid_000344,default-grid,solar_curtailment_active,train,0,270.2,38.6,-1.0,78.3,191.89999999999998,152.29999999999998,0,64.8,250.0,500.0,12.0,51.1,0,1,0,0,0,1,1,1.02,1.015,0.946,0.997,64.0,56.2,48.5,0.0,37.5
default-grid_000345,default-grid,diurnal_normal_weekday,train,0,181.4,138.7,6.6,0.0,181.4,49.30000000000001,0,69.8,250.0,500.0,11.8,30.1,1,0,0,0,0,1,1,1.02,1.015,1.051,0.988,82.9,87.8,92.6,0.0,57.0
default-grid_000346,default-grid,diurnal_normal_weekday,test,0,219.1,144.0,-16.4,0.0,219.1,58.69999999999999,0,72.8,250.0,500.0,12.4,32.0,0,0,0,0,1,0,1,1.02,1.018,1.044,0.988,86.1,91.7,97.3,0.0,58.0
default-grid_000347,default-grid,near_limit_undervoltage,validation,1,11.6,265.7,-4.6,0.0,11.6,-258.7,0,58.9,250.0,500.0,8.7,72.8,0,0,0,0,1,0,1,1.02,1.001,0.967,0.978,97.4,76.8,56.3,0.0,81.7
default-grid_000348,default-grid,diurnal_normal_weekday,train,0,189.2,165.9,-11.5,0.0,189.2,11.799999999999983,0,67.6,250.0,500.0,11.9,22.4,0,0,0,0,1,0,1,1.02,1.015,1.034,0.986,88.6,90.4,92.2,0.0,62.3
default-grid_000349,default-grid,evening_peak_demand,validation,0,4.6,218.8,21.9,0.0,4.6,-192.3,0,80.6,250.0,500.0,8.6,59.2,0,0,0,0,1,0,1,1.02,1.0,0.993,0.982,87.8,70.5,53.2,0.0,72.5
default-grid_000350,default-grid,nighttime_low_load,test,0,0.0,38.5,0.0,0.0,0.0,-38.5,0,30.7,250.0,500.0,8.5,27.9,0,0,0,0,1,0,1,1.02,1.0,1.0,0.997,52.5,53.8,55.0,0.0,37.5
default-grid_000351,default-grid,evening_peak_demand,train,0,0.1,257.6,12.2,0.0,0.1,-245.3,0,59.7,250.0,500.0,8.5,70.0,0,0,0,0,1,0,1,1.02,1.0,0.977,0.979,95.1,74.3,53.5,0.0,80.1
default-grid_000352,default-grid,diurnal_normal_weekday,train,0,227.6,135.5,-8.4,0.0,227.6,83.69999999999999,0,46.9,250.0,500.0,12.6,37.1,1,0,1,0,0,2,1,1.02,1.018,1.054,0.989,85.0,93.1,101.2,0.0,56.3
default-grid_000353,default-grid,solar_overvoltage_severe,train,0,296.9,29.1,0.0,0.0,296.9,267.79999999999995,0,59.0,250.0,500.0,13.8,74.6,1,0,1,0,0,2,1,1.02,1.024,1.088,0.998,68.5,93.2,117.9,0.0,35.7
default-grid_000354,default-grid,diurnal_normal_weekday,train,0,106.8,176.4,4.4,0.0,106.8,-65.2,0,50.9,250.0,500.0,10.4,33.3,0,0,0,0,1,0,1,1.02,1.009,1.02,0.985,85.7,81.4,77.1,0.0,64.3
default-grid_000355,default-grid,evening_peak_demand,train,0,0.5,273.2,23.9,0.0,0.5,-248.79999999999998,0,40.7,250.0,500.0,8.5,70.7,0,0,0,0,1,0,1,1.02,1.0,0.983,0.977,98.2,75.2,52.1,0.0,83.1
default-grid_000356,default-grid,bess_injection_discharging,test,0,46.5,237.2,54.1,0.0,46.5,-136.6,0,41.7,250.0,500.0,9.3,47.9,0,0,0,0,1,0,1,1.02,1.004,1.026,0.98,93.9,76.0,58.1,0.0,76.1
default-grid_000357,default-grid,diurnal_normal_weekday,train,0,162.1,121.8,-4.6,0.0,162.1,35.7,0,33.5,250.0,500.0,11.4,27.3,0,0,0,0,1,0,1,1.02,1.013,1.04,0.99,78.4,83.3,88.2,0.0,53.7
default-grid_000358,default-grid,diurnal_normal_weekday,train,0,163.2,174.4,-14.3,0.0,163.2,-25.50000000000003,0,48.1,250.0,500.0,11.4,25.2,0,0,0,0,1,0,1,1.02,1.013,1.023,0.985,88.7,87.3,86.0,0.0,63.9
default-grid_000359,default-grid,near_limit_overvoltage,validation,1,209.6,73.1,-1.6,0.0,209.6,134.9,0,48.3,250.0,500.0,12.3,47.5,1,0,0,0,0,1,1,1.02,1.017,1.061,0.994,71.8,85.4,99.0,0.0,44.2
default-grid_000360,default-grid,nighttime_low_load,train,0,0.0,24.7,0.0,0.0,0.0,-24.7,0,35.8,250.0,500.0,8.5,25.0,0,0,0,0,1,0,1,1.02,1.0,1.0,0.998,49.8,52.4,55.0,0.0,34.8
default-grid_000361,default-grid,diurnal_normal_weekday,validation,0,162.9,187.9,-3.2,0.0,162.9,-28.19999999999999,0,45.8,250.0,500.0,11.4,25.8,0,0,0,0,1,0,1,1.02,1.013,1.028,0.984,91.3,90.0,88.7,0.0,66.5
default-grid_000362,default-grid,diurnal_normal_weekend,test,0,216.6,136.9,2.3,0.0,216.6,82.0,0,38.9,250.0,500.0,12.4,36.7,1,0,1,0,0,2,1,1.02,1.017,1.058,0.989,84.6,92.6,100.6,0.0,56.6
default-grid_000363,default-grid,diurnal_normal_weekday,train,0,100.7,166.9,-7.7,0.0,100.7,-73.9,0,55.7,250.0,500.0,10.3,35.1,0,0,0,0,1,0,1,1.02,1.008,1.011,0.986,83.5,79.0,74.4,0.0,62.5
default-grid_000364,default-grid,diurnal_normal_weekday,train,0,151.6,163.7,-5.1,0.0,151.6,-17.19999999999999,0,52.3,250.0,500.0,11.2,23.5,0,0,0,0,1,0,1,1.02,1.012,1.028,0.986,85.9,85.9,85.9,0.0,61.8
default-grid_000365,default-grid,diurnal_normal_weekday,test,0,109.9,183.1,-0.8,0.0,109.9,-73.99999999999999,0,38.9,250.0,500.0,10.5,35.1,0,0,0,0,1,0,1,1.02,1.009,1.015,0.985,87.2,82.7,78.1,0.0,65.6
default-grid_000366,default-grid,diurnal_normal_weekend,train,0,150.1,130.3,5.8,0.0,150.1,25.599999999999994,0,62.8,250.0,500.0,11.2,25.2,0,0,0,0,1,0,1,1.02,1.012,1.043,0.989,79.3,82.7,86.1,0.0,55.3
default-grid_000367,default-grid,solar_curtailment_active,train,0,281.1,60.8,-21.5,74.5,206.60000000000002,124.30000000000003,0,50.4,250.0,500.0,12.2,45.4,0,1,0,0,0,1,1,1.02,1.017,0.941,0.995,69.2,59.0,48.7,0.0,41.8
default-grid_000368,default-grid,solar_curtailment_active,train,0,221.5,68.3,-2.5,95.5,126.0,55.2,0,47.7,250.0,500.0,10.8,31.3,0,1,0,0,0,1,1,1.02,1.01,0.902,0.994,65.8,44.8,23.8,0.0,43.3
default-grid_000369,default-grid,evening_peak_demand,train,0,2.2,245.6,11.3,0.0,2.2,-232.1,0,66.2,250.0,500.0,8.5,67.3,0,0,0,0,1,0,1,1.02,1.0,0.98,0.98,92.9,73.5,54.1,0.0,77.8
default-grid_000370,default-grid,solar_overvoltage_severe,test,0,258.8,38.4,0.0,0.0,258.8,220.4,0,63.6,250.0,500.0,13.2,65.0,1,0,1,0,0,2,1,1.02,1.021,1.077,0.997,68.0,89.0,109.9,0.0,37.5
default-grid_000371,default-grid,diurnal_normal_weekday,train,0,156.4,140.8,2.1,0.0,156.4,17.69999999999999,0,42.8,250.0,500.0,11.3,23.6,0,0,0,0,1,0,1,1.02,1.013,1.04,0.988,81.8,84.8,87.9,0.0,57.4
default-grid_000372,default-grid,solar_overvoltage_severe,test,0,292.2,41.8,0.0,0.0,292.2,250.39999999999998,0,47.2,250.0,500.0,13.8,71.1,1,0,1,0,0,2,1,1.02,1.023,1.086,0.997,70.7,93.8,116.9,0.0,38.1
default-grid_000373,default-grid,diurnal_normal_weekday,train,0,114.7,177.3,-2.0,0.0,114.7,-64.60000000000001,0,31.4,250.0,500.0,10.6,33.2,0,0,0,0,1,0,1,1.02,1.009,1.017,0.985,86.4,82.6,78.8,0.0,64.5
default-grid_000374,default-grid,solar_curtailment_active,test,0,278.1,47.9,-8.6,39.9,238.20000000000002,181.70000000000002,0,51.1,250.0,500.0,12.8,57.1,0,0,0,0,1,0,1,1.02,1.019,1.008,0.996,68.6,74.0,79.4,0.0,39.3
default-grid_000375,default-grid,diurnal_normal_weekday,test,0,228.8,139.8,-2.9,0.0,228.8,86.1,0,36.3,250.0,500.0,12.6,37.6,1,0,1,0,0,2,1,1.02,1.018,1.058,0.988,85.9,94.3,102.8,0.0,57.2
default-grid_000376,default-grid,diurnal_normal_weekday,validation,0,98.6,154.7,-13.0,0.0,98.6,-69.1,0,53.1,250.0,500.0,10.3,34.1,0,0,0,0,1,0,1,1.02,1.008,1.009,0.987,81.0,76.8,72.7,0.0,60.1
default-grid_000377,default-grid,bess_injection_discharging,train,0,67.0,162.3,30.5,0.0,67.0,-64.80000000000001,0,65.5,250.0,500.0,9.7,33.2,0,0,0,0,1,0,1,1.02,1.005,1.029,0.986,80.6,73.0,65.4,0.0,61.6
default-grid_000378,default-grid,diurnal_normal_weekend,train,0,143.0,113.7,-6.7,0.0,143.0,22.60000000000001,0,38.2,250.0,500.0,11.1,24.6,0,0,0,0,1,0,1,1.02,1.011,1.035,0.991,75.7,79.7,83.6,0.0,52.1
default-grid_000379,default-grid,solar_curtailment_active,train,0,231.5,91.1,-19.5,43.0,188.5,77.9,0,64.4,250.0,500.0,11.9,35.9,0,0,0,0,1,0,1,1.02,1.015,0.981,0.992,74.0,69.2,64.3,0.0,47.7
default-grid_000380,default-grid,diurnal_normal_weekday,test,0,173.9,192.9,5.9,0.0,173.9,-13.099999999999994,0,62.6,250.0,500.0,11.6,22.7,0,0,0,0,1,0,1,1.02,1.014,1.037,0.984,92.9,92.0,91.1,0.0,67.5
default-grid_000381,default-grid,bess_absorption_charging,train,0,215.3,126.5,-55.8,0.0,215.3,33.0,0,40.8,250.0,500.0,12.4,26.7,0,0,0,0,1,0,1,1.02,1.017,1.018,0.989,82.5,84.6,86.7,0.0,54.6
default-grid_000382,default-grid,near_limit_undervoltage,test,1,21.0,296.5,-4.1,0.0,21.0,-279.6,0,60.4,250.0,500.0,8.9,77.0,0,0,1,0,0,1,1,1.02,1.002,0.964,0.975,103.9,81.2,58.4,0.0,87.7
default-grid_000383,default-grid,bess_injection_discharging,train,0,56.6,200.3,45.2,0.0,56.6,-98.5,0,63.3,250.0,500.0,9.5,40.1,0,0,0,0,1,0,1,1.02,1.005,1.029,0.983,87.3,74.3,61.3,0.0,68.9
default-grid_000384,default-grid,diurnal_normal_weekday,train,0,151.9,150.0,-11.5,0.0,151.9,-9.599999999999994,0,34.6,250.0,500.0,11.2,22.0,0,0,0,0,1,0,1,1.02,1.012,1.027,0.988,83.3,83.8,84.3,0.0,59.2
default-grid_000385,default-grid,bess_absorption_charging,test,0,188.5,117.8,-56.8,0.0,188.5,13.899999999999991,0,62.0,250.0,500.0,11.9,22.8,0,0,0,0,1,0,1,1.02,1.015,1.011,0.99,79.2,80.0,80.8,0.0,52.9
default-grid_000386,default-grid,solar_curtailment_active,train,0,230.9,83.0,-0.0,92.4,138.5,55.5,0,58.2,250.0,500.0,11.0,31.3,0,1,0,0,0,1,1,1.02,1.011,0.912,0.993,69.4,49.2,28.9,0.0,46.1
default-grid_000387,default-grid,diurnal_normal_weekday,train,0,188.9,180.7,-12.5,0.0,188.9,-4.299999999999983,0,35.4,250.0,500.0,11.9,20.9,0,0,0,0,1,0,1,1.02,1.015,1.031,0.985,91.5,91.7,91.9,0.0,65.1
default-grid_000388,default-grid,diurnal_normal_weekday,train,0,171.4,123.8,-1.2,0.0,171.4,46.40000000000002,0,61.2,250.0,500.0,11.6,29.5,0,0,0,0,1,0,1,1.02,1.014,1.045,0.99,79.4,85.2,91.0,0.0,54.1
default-grid_000389,default-grid,evening_peak_demand,test,0,1.4,275.8,1.3,0.0,1.4,-273.1,0,83.0,250.0,500.0,8.5,75.7,0,0,0,0,1,0,1,1.02,1.0,0.966,0.977,98.7,76.9,55.1,0.0,83.6
default-grid_000390,default-grid,bess_absorption_charging,train,0,231.3,107.3,-50.7,0.0,231.3,73.30000000000003,0,47.6,250.0,500.0,12.7,35.0,0,0,0,0,1,0,1,1.02,1.019,1.03,0.991,79.7,85.6,91.4,0.0,50.9
default-grid_000391,default-grid,solar_curtailment_active,validation,0,256.9,51.1,-22.9,57.5,199.39999999999998,125.39999999999998,0,58.9,250.0,500.0,12.1,45.6,0,0,0,0,1,0,1,1.02,1.016,0.962,0.996,66.9,62.0,57.0,0.0,39.9
default-grid_000392,default-grid,solar_overvoltage_moderate,train,0,198.0,65.3,-9.2,0.0,198.0,123.50000000000001,0,41.0,250.0,500.0,12.1,45.2,1,0,0,0,0,1,1,1.02,1.016,1.052,0.995,69.6,82.2,94.7,0.0,42.7
default-grid_000393,default-grid,bess_injection_discharging,test,0,32.3,250.0,31.5,0.0,32.3,-186.2,0,76.7,250.0,500.0,9.1,58.0,0,0,0,0,1,0,1,1.02,1.003,1.002,0.979,95.5,76.7,57.9,0.0,78.6
default-grid_000394,default-grid,nighttime_low_load,train,0,0.0,33.6,0.0,0.0,0.0,-33.6,0,46.6,250.0,500.0,8.5,26.9,0,0,0,0,1,0,1,1.02,1.0,1.0,0.997,51.5,53.2,55.0,0.0,36.5
default-grid_000395,default-grid,diurnal_normal_weekend,train,0,136.7,96.0,3.9,0.0,136.7,44.599999999999994,0,48.7,250.0,500.0,11.0,29.1,0,0,0,0,1,0,1,1.02,1.011,1.043,0.992,71.9,77.7,83.5,0.0,48.7
default-grid_000396,default-grid,evening_peak_demand,train,0,1.2,215.3,5.2,0.0,1.2,-208.9,0,52.4,250.0,500.0,8.5,62.6,0,0,0,0,1,0,1,1.02,1.0,0.981,0.982,86.9,70.8,54.6,0.0,71.9
default-grid_000397,default-grid,solar_overvoltage_severe,train,0,243.3,33.9,0.0,0.0,243.3,209.4,0,37.3,250.0,500.0,12.9,62.7,1,0,1,0,0,2,1,1.02,1.019,1.072,0.997,66.2,86.4,106.6,0.0,36.6
default-grid_000398,default-grid,solar_overvoltage_severe,train,0,296.3,25.9,0.0,0.0,296.3,270.40000000000003,0,31.1,250.0,500.0,13.8,75.2,1,0,1,0,0,2,1,1.02,1.024,1.088,0.998,67.8,92.8,117.8,0.0,35.0
default-grid_000399,default-grid,diurnal_normal_weekday,test,0,184.6,201.4,-15.3,0.0,184.6,-32.10000000000002,0,57.8,250.0,500.0,11.8,26.5,0,0,0,0,1,0,1,1.02,1.015,1.023,0.983,95.2,92.8,90.3,0.0,69.2
default-grid_000400,default-grid,diurnal_normal_weekday,train,0,202.0,133.6,11.9,0.0,202.0,80.30000000000001,0,48.9,250.0,500.0,12.1,36.4,1,0,0,0,0,1,1,1.02,1.016,1.062,0.989,83.1,89.7,96.3,0.0,56.0
default-grid_000401,default-grid,nighttime_low_load,validation,0,0.0,43.4,0.0,0.0,0.0,-43.4,0,52.7,250.0,500.0,8.5,28.9,0,0,0,0,1,0,1,1.02,1.0,1.0,0.996,53.4,54.2,55.0,0.0,38.4
default-grid_000402,default-grid,diurnal_normal_weekday,test,0,203.5,134.1,-10.7,0.0,203.5,58.70000000000002,0,60.3,250.0,500.0,12.2,32.0,0,0,0,0,1,0,1,1.02,1.016,1.046,0.989,83.3,89.4,95.5,0.0,56.1
default-grid_000403,default-grid,diurnal_normal_weekday,train,0,178.8,176.1,-16.2,0.0,178.8,-13.499999999999972,0,75.0,250.0,500.0,11.7,22.8,0,0,0,0,1,0,1,1.02,1.014,1.026,0.985,90.0,89.5,88.9,0.0,64.2
default-grid_000404,default-grid,bess_absorption_charging,test,0,219.7,92.4,-51.3,0.0,219.7,75.99999999999997,0,53.2,250.0,500.0,12.5,35.5,0,0,0,0,1,0,1,1.02,1.018,1.028,0.992,76.1,82.4,88.8,0.0,48.0
default-grid_000405,default-grid,nighttime_low_load,train,0,0.0,25.8,0.0,0.0,0.0,-25.8,0,39.8,250.0,500.0,8.5,25.3,0,0,0,0,1,0,1,1.02,1.0,1.0,0.998,50.0,52.5,55.0,0.0,35.0
default-grid_000406,default-grid,extreme_stress_holdout,test,1,285.5,21.4,0.0,15.7,269.8,248.4,0,18.0,250.0,500.0,13.4,70.7,1,0,1,0,0,2,1,1.02,1.022,1.058,0.998,65.3,84.0,102.8,0.0,34.2
default-grid_000407,default-grid,diurnal_normal_weekend,test,0,168.1,122.0,-19.6,0.0,168.1,26.5,0,73.1,250.0,500.0,11.5,25.4,0,0,0,0,1,0,1,1.02,1.013,1.031,0.99,78.8,82.2,85.7,0.0,53.7
default-grid_000408,default-grid,solar_overvoltage_severe,test,0,238.2,28.5,0.0,0.0,238.2,209.7,0,37.1,250.0,500.0,12.8,62.8,1,0,1,0,0,2,1,1.02,1.019,1.071,0.998,64.8,85.2,105.5,0.0,35.5
default-grid_000409,default-grid,bess_injection_discharging,train,0,44.4,189.8,40.8,0.0,44.4,-104.60000000000002,0,52.6,250.0,500.0,9.3,41.3,0,0,0,0,1,0,1,1.02,1.004,1.025,0.984,84.6,71.9,59.3,0.0,66.9
default-grid_000410,default-grid,evening_peak_demand,validation,0,3.3,216.3,22.3,0.0,3.3,-190.70000000000002,0,62.8,250.0,500.0,8.6,58.9,0,0,0,0,1,0,1,1.02,1.0,0.994,0.982,87.3,70.1,52.9,0.0,72.1
default-grid_000411,default-grid,nighttime_low_load,train,0,0.0,42.4,0.0,0.0,0.0,-42.4,0,54.5,250.0,500.0,8.5,28.6,0,0,0,0,1,0,1,1.02,1.0,1.0,0.996,53.2,54.1,55.0,0.0,38.2
default-grid_000412,default-grid,diurnal_normal_weekday,train,0,95.0,126.4,-1.5,0.0,95.0,-32.900000000000006,0,33.0,250.0,500.0,10.2,26.7,0,0,0,0,1,0,1,1.02,1.008,1.022,0.989,75.3,75.0,74.8,0.0,54.6
default-grid_000413,default-grid,evening_peak_demand,train,0,1.5,261.8,13.5,0.0,1.5,-246.8,0,61.3,250.0,500.0,8.5,70.3,0,0,0,0,1,0,1,1.02,1.0,0.978,0.978,96.0,74.8,53.6,0.0,80.9
default-grid_000414,default-grid,diurnal_normal_weekday,train,0,183.7,141.3,4.4,0.0,183.7,46.79999999999998,0,34.4,250.0,500.0,11.8,29.5,0,0,0,0,1,0,1,1.02,1.015,1.049,0.988,83.5,88.5,93.4,0.0,57.5
default-grid_000415,default-grid,bess_injection_discharging,validation,0,6.0,243.1,30.3,0.0,6.0,-206.8,0,83.9,250.0,500.0,8.6,62.2,0,0,0,0,1,0,1,1.02,1.0,0.995,0.98,92.6,72.5,52.5,0.0,77.3
default-grid_000416,default-grid,bess_absorption_charging,train,0,244.8,39.6,-46.3,0.0,244.8,158.9,0,36.7,250.0,500.0,12.9,52.4,0,0,0,0,1,0,1,1.02,1.02,1.039,0.997,67.4,81.3,95.3,0.0,37.7
default-grid_000417,default-grid,bess_injection_discharging,train,0,23.6,177.3,29.2,0.0,23.6,-124.50000000000001,0,82.3,250.0,500.0,8.9,45.4,0,0,0,0,1,0,1,1.02,1.002,1.013,0.985,80.9,68.7,56.4,0.0,64.5
default-grid_000418,default-grid,solar_overvoltage_moderate,validation,0,200.2,43.8,-0.2,0.0,200.2,156.2,0,32.9,250.0,500.0,12.1,51.9,1,0,0,0,0,1,1,1.02,1.016,1.059,0.996,65.5,81.5,97.4,0.0,38.5
default-grid_000419,default-grid,evening_peak_demand,train,0,3.2,243.5,22.2,0.0,3.2,-218.1,0,74.4,250.0,500.0,8.6,64.5,0,0,0,0,1,0,1,1.02,1.0,0.988,0.98,92.5,72.7,52.9,0.0,77.3
default-grid_000420,default-grid,bess_injection_discharging,train,0,48.2,261.2,28.4,0.0,48.2,-184.6,0,83.8,250.0,500.0,9.4,57.7,0,0,0,0,1,0,1,1.02,1.004,1.003,0.978,98.7,80.2,61.7,0.0,80.8
default-grid_000421,default-grid,nighttime_low_load,train,0,0.0,34.4,0.0,0.0,0.0,-34.4,0,54.7,250.0,500.0,8.5,27.0,0,0,0,0,1,0,1,1.02,1.0,1.0,0.997,51.7,53.4,55.0,0.0,36.7
default-grid_000422,default-grid,diurnal_normal_weekday,train,0,143.3,141.3,8.5,0.0,143.3,10.5,0,56.9,250.0,500.0,11.1,22.1,0,0,0,0,1,0,1,1.02,1.011,1.04,0.988,81.1,82.7,84.3,0.0,57.5
default-grid_000423,default-grid,solar_overvoltage_moderate,test,0,224.1,56.9,-11.8,0.0,224.1,155.39999999999998,0,38.2,250.0,500.0,12.5,51.7,1,0,0,0,0,1,1,1.02,1.018,1.058,0.995,69.5,84.5,99.6,0.0,41.1
default-grid_000424,default-grid,solar_curtailment_active,train,0,279.3,56.3,-9.4,78.5,200.8,135.10000000000002,0,69.1,250.0,500.0,12.1,47.6,0,1,0,0,0,1,1,1.02,1.016,0.943,0.995,68.0,58.0,48.1,0.0,40.9
default-grid_000425,default-grid,diurnal_normal_weekday,train,0,222.6,147.1,-11.8,0.0,222.6,63.69999999999999,0,59.7,250.0,500.0,12.5,33.0,0,0,0,0,1,0,1,1.02,1.018,1.048,0.988,87.0,93.1,99.2,0.0,58.6
default-grid_000426,default-grid,solar_overvoltage_severe,test,0,294.8,39.3,0.0,0.0,294.8,255.5,0,69.4,250.0,500.0,13.8,72.1,1,0,1,0,0,2,1,1.02,1.024,1.087,0.997,70.3,93.9,117.5,0.0,37.6
default-grid_000427,default-grid,solar_overvoltage_moderate,test,0,207.0,45.5,-10.0,0.0,207.0,151.5,0,33.8,250.0,500.0,12.2,50.9,1,0,0,0,0,1,1,1.02,1.017,1.054,0.996,66.3,81.3,96.4,0.0,38.8
default-grid_000428,default-grid,diurnal_normal_weekday,train,0,152.1,176.3,-8.1,0.0,152.1,-32.30000000000001,0,64.2,250.0,500.0,11.2,26.6,0,0,0,0,1,0,1,1.02,1.012,1.024,0.985,88.4,86.8,85.2,0.0,64.3
default-grid_000429,default-grid,diurnal_normal_weekday,train,0,190.0,174.7,-4.5,0.0,190.0,10.800000000000011,0,43.6,250.0,500.0,11.9,22.2,0,0,0,0,1,0,1,1.02,1.015,1.038,0.985,90.4,92.3,94.2,0.0,64.0
default-grid_000430,default-grid,diurnal_normal_weekday,train,0,185.5,134.6,-8.0,0.0,185.5,42.900000000000006,0,42.2,250.0,500.0,11.8,28.7,0,0,0,0,1,0,1,1.02,1.015,1.042,0.989,82.3,87.3,92.3,0.0,56.2
default-grid_000431,default-grid,solar_overvoltage_moderate,test,0,214.6,37.7,-3.7,0.0,214.6,173.2,0,38.7,250.0,500.0,12.4,55.3,1,0,0,0,0,1,1,1.02,1.017,1.061,0.997,65.2,82.4,99.6,0.0,37.3
default-grid_000432,default-grid,solar_overvoltage_moderate,validation,0,189.6,73.3,-2.9,0.0,189.6,113.39999999999999,0,34.4,250.0,500.0,11.9,43.1,1,0,0,0,0,1,1,1.02,1.015,1.054,0.994,70.6,82.5,94.5,0.0,44.3
default-grid_000433,default-grid,diurnal_normal_weekday,validation,0,160.9,202.2,-16.1,0.0,160.9,-57.39999999999998,0,46.9,250.0,500.0,11.4,31.7,0,0,0,0,1,0,1,1.02,1.013,1.016,0.983,94.0,89.5,85.1,0.0,69.3
default-grid_000434,default-grid,nighttime_low_load,train,0,0.0,42.0,0.0,0.0,0.0,-42.0,0,37.4,250.0,500.0,8.5,28.6,0,0,0,0,1,0,1,1.02,1.0,1.0,0.997,53.2,54.1,55.0,0.0,38.2
default-grid_000435,default-grid,evening_peak_demand,test,0,0.9,238.3,1.7,0.0,0.9,-235.70000000000002,0,42.6,250.0,500.0,8.5,68.1,0,0,0,0,1,0,1,1.02,1.0,0.974,0.98,91.4,73.2,55.0,0.0,76.3
default-grid_000436,default-grid,diurnal_normal_weekend,train,0,167.3,114.7,-6.0,0.0,167.3,46.60000000000001,0,73.4,250.0,500.0,11.5,29.5,0,0,0,0,1,0,1,1.02,1.013,1.042,0.99,77.3,83.2,89.0,0.0,52.3
default-grid_000437,default-grid,diurnal_normal_weekday,test,0,167.3,175.9,3.3,0.0,167.3,-5.299999999999983,0,33.4,250.0,500.0,11.5,21.1,0,0,0,0,1,0,1,1.02,1.013,1.037,0.985,89.2,89.7,90.1,0.0,64.2
default-grid_000438,default-grid,nighttime_low_load,train,0,0.0,31.7,0.0,0.0,0.0,-31.7,0,30.2,250.0,500.0,8.5,26.5,0,0,0,0,1,0,1,1.02,1.0,1.0,0.997,51.2,53.1,55.0,0.0,36.2
default-grid_000439,default-grid,near_limit_undervoltage,validation,1,4.3,246.1,-5.0,0.0,4.3,-246.79999999999998,0,52.1,250.0,500.0,8.6,70.3,0,0,0,0,1,0,1,1.02,1.0,0.968,0.979,93.1,73.9,54.7,0.0,77.9
default-grid_000440,default-grid,bess_absorption_charging,train,0,178.8,50.5,-58.9,0.0,178.8,69.4,0,52.7,250.0,500.0,11.7,34.2,0,0,0,0,1,0,1,1.02,1.014,1.01,0.996,65.5,71.8,78.2,0.0,39.8
default-grid_000441,default-grid,nighttime_low_load,test,0,0.0,26.0,0.0,0.0,0.0,-26.0,0,36.2,250.0,500.0,8.5,25.3,0,0,0,0,1,0,1,1.02,1.0,1.0,0.998,50.1,52.5,55.0,0.0,35.1
default-grid_000442,default-grid,bess_injection_discharging,train,0,48.7,262.2,35.5,0.0,48.7,-178.0,0,35.2,250.0,500.0,9.4,56.3,0,0,0,0,1,0,1,1.02,1.004,1.008,0.978,98.9,79.9,60.9,0.0,81.0
default-grid_000443,default-grid,diurnal_normal_weekday,train,0,189.5,185.5,-0.3,0.0,189.5,3.6999999999999886,0,45.8,250.0,500.0,11.9,20.8,0,0,0,0,1,0,1,1.02,1.015,1.039,0.985,92.4,93.8,95.1,0.0,66.1
default-grid_000444,default-grid,bess_injection_discharging,validation,0,21.0,197.7,29.5,0.0,21.0,-147.2,0,79.7,250.0,500.0,8.9,50.0,0,0,0,0,1,0,1,1.02,1.002,1.008,0.984,84.7,70.2,55.8,0.0,68.4
default-grid_000445,default-grid,bess_absorption_charging,train,0,217.7,50.5,-32.8,0.0,217.7,134.39999999999998,0,49.2,250.0,500.0,12.4,47.4,0,0,0,0,1,0,1,1.02,1.017,1.041,0.996,67.9,80.5,93.0,0.0,39.8
default-grid_000446,default-grid,diurnal_normal_weekday,train,0,177.0,198.8,-9.5,0.0,177.0,-31.30000000000001,0,34.5,250.0,500.0,11.7,26.4,0,0,0,0,1,0,1,1.02,1.014,1.026,0.983,94.3,92.2,90.1,0.0,68.7
default-grid_000447,default-grid,diurnal_normal_weekend,train,0,163.7,65.5,-20.6,0.0,163.7,77.6,0,55.3,250.0,500.0,11.4,35.8,0,0,0,0,1,0,1,1.02,1.013,1.034,0.995,67.6,76.1,84.6,0.0,42.7
default-grid_000448,default-grid,diurnal_normal_weekend,train,0,227.3,95.5,-15.9,0.0,227.3,115.9,0,69.6,250.0,500.0,12.6,43.6,1,0,0,0,0,1,1,1.02,1.018,1.056,0.992,77.2,88.2,99.2,0.0,48.6
default-grid_000449,default-grid,diurnal_normal_weekday,train,0,187.7,167.3,-16.7,0.0,187.7,3.6999999999999886,0,34.6,250.0,500.0,11.9,20.8,0,0,0,0,1,0,1,1.02,1.015,1.03,0.986,88.8,89.7,90.6,0.0,62.5
default-grid_000450,default-grid,bess_absorption_charging,test,0,183.9,53.9,-52.1,0.0,183.9,77.9,0,63.2,250.0,500.0,11.8,35.9,0,0,0,0,1,0,1,1.02,1.015,1.017,0.996,66.5,73.8,81.0,0.0,40.5
default-grid_000451,default-grid,diurnal_normal_weekday,train,0,211.9,178.5,6.6,0.0,211.9,40.0,0,56.8,250.0,500.0,12.3,28.2,1,0,0,0,0,1,1,1.02,1.017,1.052,0.985,92.4,95.8,99.1,0.0,64.7
default-grid_000452,default-grid,solar_overvoltage_severe,train,0,279.0,24.6,0.0,0.0,279.0,254.4,0,34.7,250.0,500.0,13.5,71.9,1,0,1,0,0,2,1,1.02,1.022,1.083,0.998,66.5,90.3,114.1,0.0,34.8
default-grid_000453,default-grid,diurnal_normal_weekday,train,0,185.6,155.6,-15.3,0.0,185.6,14.699999999999989,0,58.7,250.0,500.0,11.8,23.0,0,0,0,0,1,0,1,1.02,1.015,1.033,0.987,86.4,88.5,90.5,0.0,60.3
default-grid_000454,default-grid,solar_overvoltage_moderate,validation,0,212.1,59.2,-0.4,0.0,212.1,152.5,0,56.1,250.0,500.0,12.3,51.1,1,0,0,0,0,1,1,1.02,1.017,1.062,0.995,69.2,84.6,99.9,0.0,41.5
default-grid_000455,default-grid,solar_overvoltage_severe,train,0,296.4,29.7,0.0,0.0,296.4,266.7,0,31.2,250.0,500.0,13.8,74.4,1,0,1,0,0,2,1,1.02,1.024,1.088,0.998,68.6,93.2,117.8,0.0,35.8
default-grid_000456,default-grid,extreme_stress_holdout,test,1,278.9,18.3,0.0,22.5,256.4,238.09999999999997,0,18.0,250.0,500.0,13.1,68.6,0,0,0,0,1,0,1,1.02,1.021,1.044,0.998,63.9,79.9,95.9,0.0,33.6
default-grid_000457,default-grid,near_limit_undervoltage,validation,1,15.4,258.8,-5.2,0.0,15.4,-248.60000000000002,0,54.6,250.0,500.0,8.8,70.7,0,0,0,0,1,0,1,1.02,1.001,0.969,0.978,96.2,76.6,57.0,0.0,80.3
default-grid_000458,default-grid,bess_absorption_charging,validation,0,181.1,31.3,-41.8,0.0,181.1,108.00000000000001,0,60.4,250.0,500.0,11.8,42.0,0,0,0,0,1,0,1,1.02,1.014,1.023,0.997,62.0,72.5,82.9,0.0,36.1
default-grid_000459,default-grid,evening_peak_demand,train,0,4.2,257.2,5.4,0.0,4.2,-247.6,0,82.5,250.0,500.0,8.6,70.5,0,0,0,0,1,0,1,1.02,1.0,0.974,0.979,95.3,75.2,55.2,0.0,80.0
default-grid_000460,default-grid,diurnal_normal_weekday,train,0,170.6,164.0,8.5,0.0,170.6,15.099999999999994,0,46.5,250.0,500.0,11.6,23.1,0,0,0,0,1,0,1,1.02,1.014,1.044,0.986,87.1,88.6,90.1,0.0,61.9
default-grid_000461,default-grid,solar_overvoltage_severe,train,0,247.4,25.9,0.0,0.0,247.4,221.5,0,67.0,250.0,500.0,13.0,65.2,1,0,1,0,0,2,1,1.02,1.02,1.073,0.998,64.9,86.2,107.4,0.0,35.0
default-grid_000462,default-grid,nighttime_low_load,train,0,0.0,40.3,0.0,0.0,0.0,-40.3,0,45.7,250.0,500.0,8.5,28.2,0,0,0,0,1,0,1,1.02,1.0,1.0,0.997,52.8,53.9,55.0,0.0,37.8
default-grid_000463,default-grid,diurnal_normal_weekday,train,0,190.5,166.9,-3.6,0.0,190.5,20.0,0,44.8,250.0,500.0,11.9,24.1,0,0,0,0,1,0,1,1.02,1.015,1.04,0.986,88.9,91.7,94.5,0.0,62.5
default-grid_000464,default-grid,nighttime_low_load,train,0,0.0,36.3,0.0,0.0,0.0,-36.3,0,53.9,250.0,500.0,8.5,27.4,0,0,0,0,1,0,1,1.02,1.0,1.0,0.997,52.1,53.5,55.0,0.0,37.1
default-grid_000465,default-grid,diurnal_normal_weekend,train,0,166.7,82.3,2.8,0.0,166.7,87.2,0,59.1,250.0,500.0,11.5,37.8,1,0,0,0,0,1,1,1.02,1.013,1.051,0.993,71.0,80.5,90.0,0.0,46.0
default-grid_000466,default-grid,reconfiguration_alternate,train,0,183.3,31.9,24.9,0.0,183.3,176.3,1,52.8,250.0,500.0,11.8,56.0,0,0,0,0,1,0,1,1.02,1.015,1.046,0.997,62.2,69.8,77.3,46.0,36.2
default-grid_000467,default-grid,near_limit_feeder_overload,validation,1,257.6,46.7,0.0,0.0,257.6,210.90000000000003,0,69.0,250.0,500.0,13.1,63.0,1,0,1,0,0,2,1,1.02,1.021,1.076,0.996,69.5,89.5,109.6,0.0,39.1
default-grid_000468,default-grid,diurnal_normal_weekday,train,0,101.2,143.2,-13.9,0.0,101.2,-55.89999999999999,0,54.7,250.0,500.0,10.3,31.4,0,0,0,0,1,0,1,1.02,1.008,1.011,0.988,78.9,76.0,73.0,0.0,57.8
default-grid_000469,default-grid,near_limit_tx_overload,validation,1,46.3,275.0,0.0,0.0,46.3,-228.7,0,63.3,250.0,500.0,9.3,66.6,0,0,1,0,0,1,1,1.02,1.004,0.979,0.977,101.3,83.0,64.8,0.0,83.5
default-grid_000470,default-grid,diurnal_normal_weekday,test,0,89.7,189.1,-2.3,0.0,89.7,-101.69999999999999,0,59.2,250.0,500.0,10.1,40.7,0,0,0,0,1,0,1,1.02,1.007,1.007,0.984,87.2,80.3,73.4,0.0,66.8
default-grid_000471,default-grid,reconfiguration_alternate,train,0,159.6,124.1,-24.0,0.0,159.6,11.5,1,53.2,250.0,500.0,11.4,22.3,0,0,0,0,1,0,1,1.02,1.013,1.002,0.99,78.7,74.7,70.6,46.0,54.1
default-grid_000472,default-grid,diurnal_normal_weekday,train,0,183.0,171.7,5.6,0.0,183.0,16.900000000000006,0,32.4,250.0,500.0,11.8,23.4,0,0,0,0,1,0,1,1.02,1.015,1.044,0.986,89.4,91.2,93.1,0.0,63.4
default-grid_000473,default-grid,reconfiguration_alternate,train,0,215.6,104.9,-20.7,0.0,215.6,90.0,1,45.4,250.0,500.0,12.4,38.4,0,0,0,0,1,0,1,1.02,1.017,1.017,0.991,78.3,79.8,81.4,46.0,50.4
default-grid_000474,default-grid,diurnal_normal_weekday,test,0,226.4,167.1,-1.3,0.0,226.4,58.0,0,71.6,250.0,500.0,12.6,31.8,1,0,1,0,0,2,1,1.02,1.018,1.053,0.986,91.1,96.9,102.7,0.0,62.5
default-grid_000475,default-grid,diurnal_normal_weekday,train,0,97.6,122.1,-0.1,0.0,97.6,-24.599999999999994,0,55.3,250.0,500.0,10.3,25.0,0,0,0,0,1,0,1,1.02,1.008,1.024,0.99,74.6,75.2,75.7,0.0,53.7
default-grid_000476,default-grid,diurnal_normal_weekday,validation,0,229.9,148.8,2.4,0.0,229.9,83.5,0,46.4,250.0,500.0,12.6,37.0,1,0,1,0,0,2,1,1.02,1.018,1.06,0.988,87.7,95.6,103.4,0.0,58.9
default-grid_000477,default-grid,diurnal_normal_weekend,validation,0,115.0,34.2,5.7,0.0,115.0,86.5,0,61.1,250.0,500.0,10.6,37.6,0,0,0,0,1,0,1,1.02,1.009,1.038,0.997,58.5,68.6,78.7,0.0,36.6
default-grid_000478,default-grid,near_limit_undervoltage,test,1,19.8,267.4,3.5,0.0,19.8,-244.09999999999997,0,30.9,250.0,500.0,8.9,69.8,0,0,0,0,1,0,1,1.02,1.002,0.975,0.978,98.2,78.5,58.8,0.0,82.0
default-grid_000479,default-grid,diurnal_normal_weekday,train,0,216.9,171.7,-9.0,0.0,216.9,36.20000000000002,0,63.8,250.0,500.0,12.4,27.4,0,0,0,0,1,0,1,1.02,1.017,1.043,0.986,91.4,95.1,98.7,0.0,63.4
default-grid_000480,default-grid,near_limit_feeder_overload,test,1,234.5,42.3,0.0,0.0,234.5,192.2,0,50.1,250.0,500.0,12.7,59.2,1,0,1,0,0,2,1,1.02,1.019,1.069,0.996,67.3,86.0,104.7,0.0,38.2
default-grid_000481,default-grid,evening_peak_demand,validation,0,4.5,303.2,13.5,0.0,4.5,-285.2,0,59.9,250.0,500.0,8.6,78.2,0,0,1,0,0,1,1,1.02,1.0,0.97,0.975,104.2,79.2,54.3,0.0,89.0
default-grid_000482,default-grid,solar_curtailment_active,train,0,265.6,82.8,-19.0,90.3,175.3,73.50000000000001,0,61.5,250.0,500.0,11.7,35.0,0,1,0,0,0,1,1,1.02,1.014,0.912,0.993,71.6,52.4,33.2,0.0,46.1
default-grid_000483,default-grid,evening_peak_demand,validation,0,3.1,216.4,19.6,0.0,3.1,-193.7,0,72.3,250.0,500.0,8.6,59.5,0,0,0,0,1,0,1,1.02,1.0,0.992,0.982,87.3,70.2,53.2,0.0,72.1
default-grid_000484,default-grid,solar_overvoltage_moderate,validation,0,216.0,30.0,-4.3,0.0,216.0,181.7,0,48.6,250.0,500.0,12.4,57.1,1,0,0,0,0,1,1,1.02,1.017,1.061,0.998,63.8,81.8,99.7,0.0,35.8
default-grid_000485,default-grid,evening_peak_demand,test,0,3.4,232.5,23.0,0.0,3.4,-206.1,0,71.8,250.0,500.0,8.6,62.0,0,0,0,0,1,0,1,1.02,1.0,0.991,0.981,90.4,71.6,52.8,0.0,75.2
default-grid_000486,default-grid,near_limit_tx_overload,test,1,30.5,281.6,0.0,0.0,30.5,-251.10000000000002,0,64.0,250.0,500.0,9.0,71.2,0,0,1,0,0,1,1,1.02,1.002,0.973,0.977,101.6,81.5,61.5,0.0,84.8
default-grid_000487,default-grid,solar_overvoltage_severe,train,0,291.8,26.0,0.0,0.0,291.8,265.8,0,53.4,250.0,500.0,13.8,74.2,1,0,1,0,0,2,1,1.02,1.023,1.086,0.998,67.6,92.2,116.9,0.0,35.1
default-grid_000488,default-grid,solar_overvoltage_severe,train,0,247.1,39.1,0.0,0.0,247.1,208.0,0,34.9,250.0,500.0,12.9,62.4,1,0,1,0,0,2,1,1.02,1.02,1.073,0.997,67.4,87.4,107.4,0.0,37.6
default-grid_000489,default-grid,diurnal_normal_weekday,train,0,189.7,185.9,-11.2,0.0,189.7,-7.400000000000006,0,51.3,250.0,500.0,11.9,21.5,0,0,0,0,1,0,1,1.02,1.015,1.031,0.985,92.5,92.5,92.4,0.0,66.1
default-grid_000490,default-grid,diurnal_normal_weekday,train,0,201.9,193.3,-11.2,0.0,201.9,-2.5999999999999943,0,70.0,250.0,500.0,12.1,20.5,0,0,0,0,1,0,1,1.02,1.016,1.033,0.984,94.7,94.8,95.0,0.0,67.6
default-grid_000491,default-grid,solar_overvoltage_severe,test,0,244.7,39.3,0.0,0.0,244.7,205.39999999999998,0,74.9,250.0,500.0,12.9,61.9,1,0,1,0,0,2,1,1.02,1.02,1.072,0.997,67.3,87.1,106.9,0.0,37.6
default-grid_000492,default-grid,evening_peak_demand,train,0,1.5,288.8,12.0,0.0,1.5,-275.3,0,81.7,250.0,500.0,8.5,76.2,0,0,1,0,0,1,1,1.02,1.0,0.971,0.976,101.2,77.5,53.8,0.0,86.2
default-grid_000493,default-grid,solar_overvoltage_severe,test,0,294.0,27.3,0.0,0.0,294.0,266.7,0,52.7,250.0,500.0,13.8,74.4,1,0,1,0,0,2,1,1.02,1.024,1.087,0.998,67.9,92.6,117.3,0.0,35.3
default-grid_000494,default-grid,solar_curtailment_active,train,0,273.3,53.9,-20.6,91.7,181.60000000000002,107.10000000000002,0,51.7,250.0,500.0,11.8,41.8,0,1,0,0,0,1,1,1.02,1.015,0.91,0.996,66.4,49.9,33.3,0.0,40.5
default-grid_000495,default-grid,solar_overvoltage_moderate,train,0,228.5,45.4,-3.1,0.0,228.5,180.0,0,47.4,250.0,500.0,12.6,56.7,1,0,1,0,0,2,1,1.02,1.018,1.065,0.996,67.5,85.1,102.7,0.0,38.8
default-grid_000496,default-grid,bess_injection_discharging,train,0,54.2,260.8,51.6,0.0,54.2,-155.0,0,56.5,250.0,500.0,9.5,51.6,0,0,0,0,1,0,1,1.02,1.004,1.021,0.978,99.0,79.5,60.0,0.0,80.7
default-grid_000497,default-grid,bess_injection_discharging,test,0,24.6,249.0,21.6,0.0,24.6,-202.8,0,37.4,250.0,500.0,8.9,61.4,0,0,0,0,1,0,1,1.02,1.002,0.993,0.979,94.9,76.2,57.5,0.0,78.4
default-grid_000498,default-grid,reconfiguration_alternate,train,0,185.3,83.4,-22.2,0.0,185.3,79.70000000000002,1,72.8,250.0,500.0,11.8,36.3,0,0,0,0,1,0,1,1.02,1.015,1.012,0.993,72.3,73.9,75.6,46.0,46.2
default-grid_000499,default-grid,diurnal_normal_weekday,train,0,183.9,137.6,-11.2,0.0,183.9,35.10000000000002,0,30.2,250.0,500.0,11.8,27.2,0,0,0,0,1,0,1,1.02,1.015,1.039,0.989,82.8,87.0,91.2,0.0,56.8
default-grid_000500,default-grid,diurnal_normal_weekend,train,0,146.9,112.3,-13.0,0.0,146.9,21.60000000000001,0,70.1,250.0,500.0,11.1,24.4,0,0,0,0,1,0,1,1.02,1.012,1.032,0.991,75.7,79.3,82.9,0.0,51.8
default-grid_000501,default-grid,diurnal_normal_weekend,train,0,138.8,129.0,-3.9,0.0,138.8,5.900000000000006,0,58.0,250.0,500.0,11.0,21.2,0,0,0,0,1,0,1,1.02,1.011,1.032,0.989,78.4,81.0,83.5,0.0,55.1
default-grid_000502,default-grid,reconfiguration_alternate,train,0,151.1,49.8,27.9,0.0,151.1,129.2,1,58.9,250.0,500.0,11.2,46.4,0,0,0,0,1,0,1,1.02,1.012,1.043,0.996,63.7,67.5,71.2,46.0,39.7
default-grid_000503,default-grid,solar_overvoltage_moderate,train,0,228.6,43.0,-2.3,0.0,228.6,183.29999999999998,0,32.8,250.0,500.0,12.6,57.4,1,0,1,0,0,2,1,1.02,1.018,1.066,0.996,67.1,85.0,102.9,0.0,38.4
default-grid_000504,default-grid,diurnal_normal_weekend,train,0,169.7,36.1,-1.3,0.0,169.7,132.29999999999998,0,66.7,250.0,500.0,11.6,47.0,0,0,0,0,1,0,1,1.02,1.014,1.049,0.997,62.2,76.5,90.7,0.0,37.0
default-grid_000505,default-grid,solar_overvoltage_moderate,train,0,202.4,42.6,-8.3,0.0,202.4,151.5,0,68.7,250.0,500.0,12.1,50.9,1,0,0,0,0,1,1,1.02,1.016,1.054,0.996,65.4,80.6,95.8,0.0,38.3
default-grid_000506,default-grid,diurnal_normal_weekend,test,0,161.5,36.8,-17.6,0.0,161.5,107.10000000000001,0,37.1,250.0,500.0,11.4,41.8,0,0,0,0,1,0,1,1.02,1.013,1.035,0.997,61.8,73.3,84.8,0.0,37.2
default-grid_000507,default-grid,reconfiguration_alternate,train,0,182.7,69.3,-22.3,0.0,182.7,91.09999999999998,1,40.8,250.0,500.0,11.8,38.6,0,0,0,0,1,0,1,1.02,1.015,1.012,0.994,69.4,72.2,75.1,46.0,43.5
default-grid_000508,default-grid,evening_peak_demand,train,0,1.5,239.9,19.0,0.0,1.5,-219.4,0,79.5,250.0,500.0,8.5,64.7,0,0,0,0,1,0,1,1.02,1.0,0.986,0.98,91.7,72.3,52.9,0.0,76.6
default-grid_000509,default-grid,evening_peak_demand,train,0,3.7,221.0,10.2,0.0,3.7,-207.1,0,61.9,250.0,500.0,8.6,62.2,0,0,0,0,1,0,1,1.02,1.0,0.984,0.982,88.2,71.3,54.5,0.0,73.0
default-grid_000510,default-grid,diurnal_normal_weekday,train,0,213.4,152.4,-16.8,0.0,213.4,44.19999999999999,0,72.9,250.0,500.0,12.3,29.0,0,0,0,0,1,0,1,1.02,1.017,1.041,0.987,87.4,91.7,96.0,0.0,59.6
default-grid_000511,default-grid,diurnal_normal_weekday,train,0,96.9,125.3,-17.3,0.0,96.9,-45.69999999999999,0,63.8,250.0,500.0,10.2,29.3,0,0,0,0,1,0,1,1.02,1.008,1.011,0.99,75.2,73.2,71.2,0.0,54.4
default-grid_000512,default-grid,reconfiguration_alternate,train,0,219.1,41.3,-20.8,0.0,219.1,157.0,1,55.8,250.0,500.0,12.4,52.0,0,0,0,0,1,0,1,1.02,1.018,1.018,0.997,66.2,74.1,82.0,46.0,38.0
default-grid_000513,default-grid,nighttime_low_load,test,0,0.0,42.2,0.0,0.0,0.0,-42.2,0,60.3,250.0,500.0,8.5,28.6,0,0,0,0,1,0,1,1.02,1.0,1.0,0.996,53.2,54.1,55.0,0.0,38.2
default-grid_000514,default-grid,bess_injection_discharging,train,0,54.8,248.6,57.3,0.0,54.8,-136.5,0,61.1,250.0,500.0,9.5,47.8,0,0,0,0,1,0,1,1.02,1.004,1.028,0.979,96.6,78.0,59.5,0.0,78.3
default-grid_000515,default-grid,solar_overvoltage_severe,test,0,288.7,38.4,0.0,0.0,288.7,250.29999999999998,0,49.4,250.0,500.0,13.7,71.1,1,0,1,0,0,2,1,1.02,1.023,1.085,0.997,69.8,93.0,116.2,0.0,37.5
default-grid_000516,default-grid,diurnal_normal_weekday,train,0,233.5,195.0,-0.8,0.0,233.5,37.69999999999999,0,64.1,250.0,500.0,12.7,27.7,0,0,1,0,0,2,1,1.02,1.019,1.05,0.984,96.9,100.6,104.3,0.0,67.9
default-grid_000517,default-grid,diurnal_normal_weekday,train,0,217.1,157.2,-11.7,0.0,217.1,48.20000000000002,0,41.5,250.0,500.0,12.4,29.8,0,0,0,0,1,0,1,1.02,1.017,1.044,0.987,88.6,93.3,98.1,0.0,60.6
default-grid_000518,default-grid,reconfiguration_alternate,train,0,223.6,76.5,22.6,0.0,223.6,169.7,1,34.1,250.0,500.0,12.5,54.6,0,0,0,0,1,0,1,1.02,1.018,1.05,0.994,73.3,79.0,84.8,46.0,44.9
default-grid_000519,default-grid,diurnal_normal_weekday,train,0,143.7,182.4,-4.1,0.0,143.7,-42.80000000000001,0,53.0,250.0,500.0,11.1,28.7,0,0,0,0,1,0,1,1.02,1.011,1.023,0.985,89.1,86.8,84.4,0.0,65.5
default-grid_000520,default-grid,diurnal_normal_weekend,train,0,167.3,68.7,-21.3,0.0,167.3,77.3,0,71.8,250.0,500.0,11.5,35.8,0,0,0,0,1,0,1,1.02,1.013,1.034,0.994,68.4,76.8,85.1,0.0,43.4
default-grid_000521,default-grid,diurnal_normal_weekday,test,0,189.4,175.1,0.9,0.0,189.4,15.200000000000017,0,53.1,250.0,500.0,11.9,23.1,0,0,0,0,1,0,1,1.02,1.015,1.042,0.985,90.4,92.7,95.0,0.0,64.0
default-grid_000522,default-grid,near_limit_feeder_overload,test,1,249.5,44.7,0.0,0.0,249.5,204.8,0,66.8,250.0,500.0,13.0,61.8,1,0,1,0,0,2,1,1.02,1.02,1.074,0.996,68.7,88.3,107.9,0.0,38.7
default-grid_000523,default-grid,bess_absorption_charging,train,0,246.2,38.9,-24.9,0.0,246.2,182.39999999999998,0,71.6,250.0,500.0,12.9,57.2,1,0,1,0,0,2,1,1.02,1.02,1.055,0.997,67.3,84.2,101.0,0.0,37.6
default-grid_000524,default-grid,solar_overvoltage_severe,train,0,245.5,30.3,0.0,0.0,245.5,215.2,0,73.2,250.0,500.0,12.9,63.9,1,0,1,0,0,2,1,1.02,1.02,1.073,0.997,65.6,86.3,107.0,0.0,35.9
default-grid_000525,default-grid,diurnal_normal_weekday,validation,0,148.6,174.4,1.5,0.0,148.6,-24.30000000000001,0,31.0,250.0,500.0,11.2,25.0,0,0,0,0,1,0,1,1.02,1.012,1.03,0.985,87.8,87.0,86.3,0.0,63.9
default-grid_000526,default-grid,solar_overvoltage_moderate,train,0,197.8,48.7,-9.9,0.0,197.8,139.2,0,30.7,250.0,500.0,12.1,48.4,1,0,0,0,0,1,1,1.02,1.016,1.051,0.996,66.3,80.4,94.5,0.0,39.5
default-grid_000527,default-grid,diurnal_normal_weekday,train,0,225.5,186.2,-1.0,0.0,225.5,38.30000000000001,0,58.3,250.0,500.0,12.6,27.8,0,0,1,0,0,1,1,1.02,1.018,1.049,0.984,94.7,98.7,102.6,0.0,66.2
default-grid_000528,default-grid,evening_peak_demand,validation,0,2.0,248.7,6.7,0.0,2.0,-240.0,0,70.9,250.0,500.0,8.5,69.0,0,0,0,0,1,0,1,1.02,1.0,0.976,0.979,93.5,74.0,54.6,0.0,78.4
default-grid_000529,default-grid,bess_injection_discharging,train,0,2.3,240.1,40.9,0.0,2.3,-196.9,0,49.9,250.0,500.0,8.5,60.2,0,0,0,0,1,0,1,1.02,1.0,1.002,0.98,91.8,71.1,50.4,0.0,76.7
default-grid_000530,default-grid,near_limit_undervoltage,test,1,15.5,265.3,-0.4,0.0,15.5,-250.20000000000002,0,51.4,250.0,500.0,8.8,71.0,0,0,0,0,1,0,1,1.02,1.001,0.971,0.978,97.5,77.8,58.2,0.0,81.6
default-grid_000531,default-grid,diurnal_normal_weekend,train,0,157.1,63.5,-3.5,0.0,157.1,90.1,0,60.9,250.0,500.0,11.3,38.4,0,0,0,0,1,0,1,1.02,1.013,1.044,0.995,66.8,77.1,87.4,0.0,42.3
default-grid_000532,default-grid,nighttime_low_load,validation,0,0.0,34.7,0.0,0.0,0.0,-34.7,0,59.3,250.0,500.0,8.5,27.1,0,0,0,0,1,0,1,1.02,1.0,1.0,0.997,51.7,53.4,55.0,0.0,36.7
default-grid_000533,default-grid,diurnal_normal_weekday,train,0,166.6,151.2,-6.3,0.0,166.6,9.099999999999994,0,49.1,250.0,500.0,11.5,21.9,0,0,0,0,1,0,1,1.02,1.013,1.035,0.987,84.4,86.6,88.7,0.0,59.4
default-grid_000534,default-grid,diurnal_normal_weekday,train,0,156.0,159.6,-17.2,0.0,156.0,-20.799999999999983,0,49.7,250.0,500.0,11.3,24.2,0,0,0,0,1,0,1,1.02,1.012,1.022,0.987,85.4,84.6,83.8,0.0,61.0
default-grid_000535,default-grid,diurnal_normal_weekend,train,0,197.8,60.5,-5.4,0.0,197.8,131.9,0,44.6,250.0,500.0,12.1,46.9,1,0,0,0,0,1,1,1.02,1.016,1.055,0.995,68.6,82.1,95.6,0.0,41.8
default-grid_000536,default-grid,solar_overvoltage_moderate,train,0,193.5,89.9,-7.1,0.0,193.5,96.5,0,35.0,250.0,500.0,12.0,39.7,1,0,0,0,0,1,1,1.02,1.015,1.052,0.993,74.1,84.2,94.2,0.0,47.5
default-grid_000537,default-grid,near_limit_feeder_overload,validation,1,244.8,57.4,0.0,0.0,244.8,187.4,0,48.8,250.0,500.0,12.9,58.2,1,0,1,0,0,2,1,1.02,1.02,1.072,0.995,70.8,88.8,106.9,0.0,41.2
default-grid_000538,default-grid,bess_absorption_charging,train,0,153.9,133.6,-24.3,0.0,153.9,-4.0,0,71.4,250.0,500.0,11.3,20.8,0,0,0,0,1,0,1,1.02,1.012,1.021,0.989,80.2,80.9,81.6,0.0,56.0
default-grid_000539,default-grid,diurnal_normal_weekday,train,0,201.6,171.7,-8.7,0.0,201.6,21.200000000000017,0,53.2,250.0,500.0,12.1,24.3,0,0,0,0,1,0,1,1.02,1.016,1.039,0.986,90.5,93.0,95.6,0.0,63.4
default-grid_000540,default-grid,diurnal_normal_weekday,train,0,218.0,178.6,-2.1,0.0,218.0,37.30000000000001,0,36.5,250.0,500.0,12.4,27.6,0,0,1,0,0,1,1,1.02,1.017,1.047,0.985,92.8,96.8,100.7,0.0,64.7
default-grid_000541,default-grid,nighttime_low_load,train,0,0.0,35.5,0.0,0.0,0.0,-35.5,0,62.8,250.0,500.0,8.5,27.2,0,0,0,0,1,0,1,1.02,1.0,1.0,0.997,51.9,53.5,55.0,0.0,36.9
default-grid_000542,default-grid,solar_overvoltage_severe,train,0,262.2,29.5,0.0,0.0,262.2,232.7,0,47.4,250.0,500.0,13.2,67.5,1,0,1,0,0,2,1,1.02,1.021,1.078,0.998,66.5,88.5,110.6,0.0,35.7
default-grid_000543,default-grid,solar_overvoltage_severe,train,0,251.1,39.6,0.0,0.0,251.1,211.5,0,49.4,250.0,500.0,13.0,63.1,1,0,1,0,0,2,1,1.02,1.02,1.074,0.997,67.8,88.0,108.2,0.0,37.7
default-grid_000544,default-grid,near_limit_overvoltage,test,1,189.3,68.3,-6.5,0.0,189.3,114.50000000000001,0,55.2,250.0,500.0,11.9,43.4,1,0,0,0,0,1,1,1.02,1.015,1.051,0.994,69.6,81.5,93.5,0.0,43.3
default-grid_000545,default-grid,near_limit_overvoltage,validation,1,188.0,37.4,-0.1,0.0,188.0,150.5,0,56.4,250.0,500.0,11.9,50.7,1,0,0,0,0,1,1,1.02,1.015,1.056,0.997,63.6,79.2,94.8,0.0,37.3
default-grid_000546,default-grid,diurnal_normal_weekend,train,0,163.7,38.7,-18.4,0.0,163.7,106.59999999999998,0,59.2,250.0,500.0,11.4,41.7,0,0,0,0,1,0,1,1.02,1.013,1.035,0.997,62.3,73.7,85.1,0.0,37.5
default-grid_000547,default-grid,evening_peak_demand,train,0,1.0,212.3,21.0,0.0,1.0,-190.3,0,53.3,250.0,500.0,8.5,58.8,0,0,0,0,1,0,1,1.02,1.0,0.993,0.982,86.3,69.5,52.6,0.0,71.3
default-grid_000548,default-grid,near_limit_feeder_overload,test,1,204.3,47.8,0.0,0.0,204.3,156.5,0,62.2,250.0,500.0,12.2,51.9,1,0,0,0,0,1,1,1.02,1.016,1.06,0.996,66.6,82.4,98.3,0.0,39.3
default-grid_000549,default-grid,extreme_stress_holdout,test,1,299.7,21.8,0.0,4.9,294.8,273.0,0,18.0,250.0,500.0,13.8,75.7,1,0,1,0,0,2,1,1.02,1.024,1.08,0.998,66.9,90.8,114.6,0.0,34.2
default-grid_000550,default-grid,bess_absorption_charging,train,0,159.0,82.3,-53.4,0.0,159.0,23.299999999999997,0,46.6,250.0,500.0,11.4,24.8,0,0,0,0,1,0,1,1.02,1.013,1.008,0.993,70.5,73.0,75.4,0.0,46.0
default-grid_000551,default-grid,near_limit_feeder_overload,validation,1,212.3,32.3,0.0,0.0,212.3,180.0,0,53.5,250.0,500.0,12.3,56.7,1,0,0,0,0,1,1,1.02,1.017,1.063,0.997,64.0,82.0,100.0,0.0,36.3
default-grid_000552,default-grid,diurnal_normal_weekday,train,0,186.8,128.6,-4.8,0.0,186.8,53.400000000000006,0,36.3,250.0,500.0,11.9,30.9,0,0,0,0,1,0,1,1.02,1.015,1.046,0.989,81.2,87.3,93.4,0.0,55.0
default-grid_000553,default-grid,diurnal_normal_weekday,test,0,182.3,159.3,11.7,0.0,182.3,34.69999999999999,0,33.2,250.0,500.0,11.8,27.1,1,0,0,0,0,1,1,1.02,1.015,1.051,0.987,86.9,89.6,92.2,0.0,61.0
default-grid_000554,default-grid,near_limit_tx_overload,test,1,16.2,286.0,0.0,0.0,16.2,-269.8,0,33.6,250.0,500.0,8.8,75.0,0,0,1,0,0,1,1,1.02,1.001,0.968,0.976,101.6,80.0,58.4,0.0,85.6
default-grid_000555,default-grid,diurnal_normal_weekday,test,0,131.7,179.5,-7.3,0.0,131.7,-55.10000000000001,0,50.4,250.0,500.0,10.9,31.2,0,0,0,0,1,0,1,1.02,1.011,1.018,0.985,87.8,84.4,81.1,0.0,64.9
default-grid_000556,default-grid,diurnal_normal_weekday,train,0,206.0,133.8,-13.2,0.0,206.0,59.0,0,38.3,250.0,500.0,12.2,32.0,0,0,0,0,1,0,1,1.02,1.016,1.045,0.989,83.4,89.4,95.4,0.0,56.0
default-grid_000557,default-grid,diurnal_normal_weekend,train,0,197.9,95.0,-16.5,0.0,197.9,86.4,0,71.8,250.0,500.0,12.1,37.6,0,0,0,0,1,0,1,1.02,1.016,1.047,0.992,75.3,84.0,92.8,0.0,48.5
default-grid_000558,default-grid,diurnal_normal_weekday,validation,0,162.0,147.0,9.1,0.0,162.0,24.099999999999994,0,40.0,250.0,500.0,11.4,24.9,0,0,0,0,1,0,1,1.02,1.013,1.045,0.988,83.3,85.8,88.2,0.0,58.6
default-grid_000559,default-grid,near_limit_undervoltage,validation,1,12.0,291.9,0.1,0.0,12.0,-279.79999999999995,0,59.8,250.0,500.0,8.7,77.1,0,0,1,0,0,1,1,1.02,1.001,0.965,0.976,102.5,80.0,57.5,0.0,86.8
default-grid_000560,default-grid,solar_overvoltage_moderate,validation,0,193.7,53.6,-8.2,0.0,193.7,131.9,0,54.6,250.0,500.0,12.0,46.9,1,0,0,0,0,1,1,1.02,1.015,1.051,0.996,67.0,80.5,94.0,0.0,40.4
default-grid_000561,default-grid,solar_overvoltage_moderate,train,0,225.2,38.1,-0.9,0.0,225.2,186.2,0,49.9,250.0,500.0,12.6,58.0,1,0,1,0,0,2,1,1.02,1.018,1.066,0.997,65.9,84.2,102.5,0.0,37.4
default-grid_000562,default-grid,diurnal_normal_weekend,train,0,208.9,142.5,-3.9,0.0,208.9,62.5,0,41.9,250.0,500.0,12.3,32.7,1,0,0,0,0,1,1,1.02,1.017,1.051,0.988,85.2,91.8,98.3,0.0,57.7
default-grid_000563,default-grid,solar_overvoltage_moderate,validation,0,202.2,87.2,-7.3,0.0,202.2,107.69999999999997,0,68.2,250.0,500.0,12.1,42.0,1,0,0,0,0,1,1,1.02,1.016,1.055,0.993,74.1,85.0,96.0,0.0,47.0
default-grid_000564,default-grid,near_limit_feeder_overload,test,1,236.6,33.6,0.0,0.0,236.6,203.0,0,37.3,250.0,500.0,12.8,61.4,1,0,1,0,0,2,1,1.02,1.019,1.07,0.997,65.7,85.5,105.2,0.0,36.5
default-grid_000565,default-grid,bess_injection_discharging,train,0,68.3,181.5,34.5,0.0,68.3,-78.7,0,70.6,250.0,500.0,9.7,36.1,0,0,0,0,1,0,1,1.02,1.005,1.029,0.985,84.4,74.8,65.2,0.0,65.3
default-grid_000566,default-grid,diurnal_normal_weekday,train,0,215.6,168.0,-13.3,0.0,215.6,34.29999999999998,0,48.3,250.0,500.0,12.4,27.0,0,0,0,0,1,0,1,1.02,1.017,1.041,0.986,90.6,94.0,97.4,0.0,62.7
default-grid_000567,default-grid,solar_overvoltage_moderate,train,0,203.0,62.4,-0.9,0.0,203.0,139.7,0,62.8,250.0,500.0,12.2,48.5,1,0,0,0,0,1,1,1.02,1.016,1.059,0.995,69.3,83.5,97.8,0.0,42.1
default-grid_000568,default-grid,evening_peak_demand,train,0,0.5,285.1,20.1,0.0,0.5,-264.5,0,48.4,250.0,500.0,8.5,73.9,0,0,1,0,0,1,1,1.02,1.0,0.978,0.976,100.5,76.5,52.6,0.0,85.4
default-grid_000569,default-grid,diurnal_normal_weekend,train,0,222.5,65.0,-4.2,0.0,222.5,153.3,0,58.0,250.0,500.0,12.5,51.3,1,0,1,0,0,2,1,1.02,1.018,1.063,0.995,71.0,86.0,101.1,0.0,42.6
default-grid_000570,default-grid,diurnal_normal_weekend,train,0,208.5,116.3,3.5,0.0,208.5,95.7,0,34.3,250.0,500.0,12.3,39.5,1,0,0,0,0,1,1,1.02,1.017,1.061,0.99,80.1,89.4,98.8,0.0,52.6
default-grid_000571,default-grid,diurnal_normal_weekend,test,0,212.6,61.7,-6.3,0.0,212.6,144.59999999999997,0,64.7,250.0,500.0,12.3,49.5,1,0,0,0,0,1,1,1.02,1.017,1.058,0.995,69.8,84.2,98.5,0.0,42.0
default-grid_000572,default-grid,diurnal_normal_weekend,test,0,214.8,135.1,-12.4,0.0,214.8,67.30000000000001,0,72.8,250.0,500.0,12.4,33.7,0,0,0,0,1,0,1,1.02,1.017,1.048,0.989,84.2,90.8,97.4,0.0,56.3
default-grid_000573,default-grid,diurnal_normal_weekday,train,0,223.9,180.7,0.8,0.0,223.9,44.00000000000003,0,51.6,250.0,500.0,12.5,29.0,1,0,1,0,0,2,1,1.02,1.018,1.051,0.985,93.6,98.0,102.4,0.0,65.1
default-grid_000574,default-grid,solar_overvoltage_severe,validation,0,268.9,39.4,0.0,0.0,268.9,229.49999999999997,0,30.9,250.0,500.0,13.3,66.8,1,0,1,0,0,2,1,1.02,1.022,1.08,0.997,68.8,90.4,112.0,0.0,37.7
default-grid_000575,default-grid,bess_injection_discharging,train,0,2.5,203.4,37.9,0.0,2.5,-163.0,0,49.0,250.0,500.0,8.5,53.2,0,0,0,0,1,0,1,1.02,1.0,1.008,0.983,84.7,67.8,50.8,0.0,69.6
default-grid_000576,default-grid,bess_absorption_charging,train,0,175.0,86.5,-41.6,0.0,175.0,46.900000000000006,0,48.7,250.0,500.0,11.7,29.6,0,0,0,0,1,0,1,1.02,1.014,1.022,0.993,72.3,77.0,81.7,0.0,46.8
default-grid_000577,default-grid,diurnal_normal_weekday,train,0,143.7,138.3,-2.3,0.0,143.7,3.099999999999966,0,33.2,250.0,500.0,11.1,20.6,0,0,0,0,1,0,1,1.02,1.011,1.033,0.988,80.5,82.7,84.9,0.0,56.9
default-grid_000578,default-grid,reconfiguration_alternate,train,0,159.2,33.6,-5.8,0.0,159.2,119.79999999999998,1,58.7,250.0,500.0,11.4,44.4,0,0,0,0,1,0,1,1.02,1.013,1.02,0.997,61.1,67.8,74.4,46.0,36.5
default-grid_000579,default-grid,solar_overvoltage_moderate,train,0,237.3,47.7,-2.5,0.0,237.3,187.10000000000002,0,61.8,250.0,500.0,12.8,58.2,1,0,1,0,0,2,1,1.02,1.019,1.068,0.996,68.5,86.6,104.7,0.0,39.3
default-grid_000580,default-grid,evening_peak_demand,train,0,4.5,280.9,3.1,0.0,4.5,-273.29999999999995,0,71.5,250.0,500.0,8.6,75.7,0,0,0,0,1,0,1,1.02,1.0,0.967,0.977,99.9,77.8,55.6,0.0,84.6
default-grid_000581,default-grid,near_limit_overvoltage,validation,1,169.2,38.7,-0.1,0.0,169.2,130.39999999999998,0,34.7,250.0,500.0,11.5,46.6,0,0,0,0,1,0,1,1.02,1.014,1.05,0.997,62.7,76.8,90.8,0.0,37.5
default-grid_000582,default-grid,diurnal_normal_weekday,test,0,166.7,163.6,-14.5,0.0,166.7,-11.400000000000006,0,54.9,250.0,500.0,11.5,22.3,0,0,0,0,1,0,1,1.02,1.013,1.026,0.986,86.8,86.8,86.7,0.0,61.8
default-grid_000583,default-grid,diurnal_normal_weekday,validation,0,159.4,130.1,0.4,0.0,159.4,29.700000000000017,0,39.2,250.0,500.0,11.4,26.1,0,0,0,0,1,0,1,1.02,1.013,1.041,0.989,79.9,84.3,88.7,0.0,55.3
default-grid_000584,default-grid,bess_injection_discharging,train,0,33.7,183.9,47.4,0.0,33.7,-102.80000000000001,0,54.6,250.0,500.0,9.1,41.0,0,0,0,0,1,0,1,1.02,1.003,1.028,0.985,82.8,69.5,56.2,0.0,65.8
default-grid_000585,default-grid,diurnal_normal_weekday,train,0,155.4,200.5,2.5,0.0,155.4,-42.599999999999994,0,38.3,250.0,500.0,11.3,28.7,0,0,0,0,1,0,1,1.02,1.012,1.028,0.983,93.3,90.4,87.6,0.0,69.0
default-grid_000586,default-grid,diurnal_normal_weekday,train,0,163.4,192.2,0.1,0.0,163.4,-28.69999999999999,0,36.9,250.0,500.0,11.4,25.9,0,0,0,0,1,0,1,1.02,1.013,1.03,0.984,92.2,90.9,89.6,0.0,67.4
default-grid_000587,default-grid,evening_peak_demand,train,0,0.2,281.6,18.6,0.0,0.2,-262.8,0,43.0,250.0,500.0,8.5,73.6,0,0,0,0,1,0,1,1.02,1.0,0.977,0.977,99.8,76.2,52.7,0.0,84.8
default-grid_000588,default-grid,solar_overvoltage_moderate,train,0,220.3,77.0,-2.1,0.0,220.3,141.20000000000002,0,54.2,250.0,500.0,12.5,48.8,1,0,1,0,0,2,1,1.02,1.018,1.064,0.994,73.2,87.2,101.2,0.0,45.0
default-grid_000589,default-grid,solar_overvoltage_severe,train,0,290.9,24.4,0.0,0.0,290.9,266.5,0,41.9,250.0,500.0,13.7,74.4,1,0,1,0,0,2,1,1.02,1.023,1.086,0.998,67.2,92.0,116.7,0.0,34.7
default-grid_000590,default-grid,solar_curtailment_active,train,0,216.3,71.4,-22.3,99.0,117.30000000000001,23.60000000000001,0,36.7,250.0,500.0,10.6,24.8,0,1,0,0,0,1,1,1.02,1.009,0.88,0.994,65.9,40.4,14.9,0.0,43.9
default-grid_000591,default-grid,solar_overvoltage_moderate,validation,0,235.5,83.3,-8.6,0.0,235.5,143.60000000000002,0,42.6,250.0,500.0,12.7,49.3,1,0,1,0,0,2,1,1.02,1.019,1.063,0.993,75.3,89.0,102.8,0.0,46.2
default-grid_000592,default-grid,bess_absorption_charging,train,0,231.6,113.3,-28.2,0.0,231.6,90.10000000000001,0,74.9,250.0,500.0,12.7,38.4,0,0,0,0,1,0,1,1.02,1.019,1.045,0.991,80.9,89.0,97.0,0.0,52.0
default-grid_000593,default-grid,solar_curtailment_active,validation,0,203.7,61.6,-17.1,100.0,103.69999999999999,24.999999999999993,0,39.5,250.0,500.0,10.4,25.1,0,1,0,0,0,1,1,1.02,1.008,0.878,0.995,63.2,38.0,12.7,0.0,42.0
default-grid_000594,default-grid,diurnal_normal_weekday,train,0,163.4,134.2,9.3,0.0,163.4,38.50000000000003,0,57.7,250.0,500.0,11.4,27.9,0,0,0,0,1,0,1,1.02,1.013,1.048,0.989,80.9,84.7,88.5,0.0,56.1
default-grid_000595,default-grid,extreme_stress_holdout,test,1,279.1,18.9,0.0,22.1,257.0,238.1,0,18.0,250.0,500.0,13.1,68.6,0,0,0,0,1,0,1,1.02,1.021,1.045,0.998,64.1,80.2,96.2,0.0,33.7
default-grid_000596,default-grid,solar_curtailment_active,validation,0,251.6,71.6,-12.7,85.2,166.39999999999998,82.1,0,50.0,250.0,500.0,11.5,36.7,0,1,0,0,0,1,1,1.02,1.013,0.921,0.994,68.9,52.5,36.0,0.0,43.9
default-grid_000597,default-grid,extreme_stress_holdout,test,1,282.9,24.6,0.0,12.9,270.0,245.4,0,96.0,250.0,500.0,13.4,70.1,1,0,1,0,0,2,1,1.02,1.022,1.062,0.998,66.0,85.2,104.5,0.0,34.8
default-grid_000598,default-grid,evening_peak_demand,test,0,1.3,291.0,0.1,0.0,1.3,-289.6,0,67.9,250.0,500.0,8.5,79.1,0,0,1,0,0,1,1,1.02,1.0,0.962,0.976,101.7,78.5,55.3,0.0,86.6
default-grid_000599,default-grid,bess_injection_discharging,train,0,61.8,221.5,44.0,0.0,61.8,-115.7,0,38.2,250.0,500.0,9.6,43.6,0,0,0,0,1,0,1,1.02,1.005,1.026,0.982,91.8,77.2,62.6,0.0,73.1
default-grid_000600,default-grid,evening_peak_demand,train,0,4.2,301.9,2.4,0.0,4.2,-295.29999999999995,0,82.3,250.0,500.0,8.6,80.2,0,0,1,0,0,1,1,1.02,1.0,0.963,0.975,104.0,79.8,55.6,0.0,88.7
default-grid_000601,default-grid,solar_overvoltage_severe,train,0,238.6,24.4,0.0,0.0,238.6,214.2,0,33.2,250.0,500.0,12.8,63.7,1,0,1,0,0,2,1,1.02,1.019,1.071,0.998,64.1,84.8,105.6,0.0,34.7
default-grid_000602,default-grid,solar_curtailment_active,validation,0,249.7,48.3,-1.2,88.9,160.79999999999998,111.3,0,35.6,250.0,500.0,11.4,42.7,0,1,0,0,0,1,1,1.02,1.013,0.922,0.996,64.0,49.7,35.4,0.0,39.4
default-grid_000603,default-grid,reconfiguration_alternate,train,0,150.1,42.7,9.4,0.0,150.1,116.8,1,67.5,250.0,500.0,11.2,43.8,0,0,0,0,1,0,1,1.02,1.012,1.03,0.996,62.3,67.7,73.0,46.0,38.3
default-grid_000604,default-grid,reconfiguration_alternate,train,0,168.2,120.4,14.5,0.0,168.2,62.29999999999998,1,72.8,250.0,500.0,11.5,32.7,0,0,0,0,1,0,1,1.02,1.013,1.032,0.99,78.5,77.1,75.7,46.0,53.4
default-grid_000605,default-grid,solar_overvoltage_severe,train,0,284.0,26.1,0.0,0.0,284.0,257.9,0,74.0,250.0,500.0,13.6,72.6,1,0,1,0,0,2,1,1.02,1.023,1.084,0.998,67.1,91.2,115.2,0.0,35.1
default-grid_000606,default-grid,evening_peak_demand,train,0,1.4,215.3,12.3,0.0,1.4,-201.60000000000002,0,47.5,250.0,500.0,8.5,61.1,0,0,0,0,1,0,1,1.02,1.0,0.986,0.982,86.9,70.3,53.8,0.0,71.9
default-grid_000607,default-grid,diurnal_normal_weekday,train,0,115.5,123.6,-2.3,0.0,115.5,-10.399999999999991,0,38.8,250.0,500.0,10.6,22.1,0,0,0,0,1,0,1,1.02,1.009,1.028,0.99,76.0,77.5,78.9,0.0,54.0
default-grid_000608,default-grid,diurnal_normal_weekday,train,0,187.3,134.0,3.6,0.0,187.3,56.900000000000006,0,67.9,250.0,500.0,11.9,31.6,1,0,0,0,0,1,1,1.02,1.015,1.051,0.989,82.3,88.3,94.3,0.0,56.1
default-grid_000609,default-grid,diurnal_normal_weekday,train,0,107.9,150.6,-4.8,0.0,107.9,-47.499999999999986,0,53.4,250.0,500.0,10.4,29.7,0,0,0,0,1,0,1,1.02,1.009,1.018,0.987,80.8,78.8,76.7,0.0,59.3
default-grid_000610,default-grid,bess_injection_discharging,train,0,59.9,242.6,18.8,0.0,59.9,-163.89999999999998,0,50.0,250.0,500.0,9.6,53.4,0,0,0,0,1,0,1,1.02,1.005,1.003,0.98,95.8,80.5,65.3,0.0,77.2
default-grid_000611,default-grid,evening_peak_demand,validation,0,4.4,220.2,8.9,0.0,4.4,-206.89999999999998,0,42.4,250.0,500.0,8.6,62.2,0,0,0,0,1,0,1,1.02,1.0,0.984,0.982,88.1,71.4,54.8,0.0,72.8
default-grid_000612,default-grid,diurnal_normal_weekday,train,0,87.9,121.7,-2.7,0.0,87.9,-36.5,0,64.9,250.0,500.0,10.1,27.4,0,0,0,0,1,0,1,1.02,1.007,1.02,0.99,73.9,73.5,73.0,0.0,53.7
default-grid_000613,default-grid,diurnal_normal_weekday,train,0,204.8,152.2,-12.4,0.0,204.8,40.20000000000002,0,40.3,250.0,500.0,12.2,28.2,0,0,0,0,1,0,1,1.02,1.016,1.041,0.987,86.9,91.1,95.3,0.0,59.6
default-grid_000614,default-grid,diurnal_normal_weekday,train,0,160.5,151.6,-0.7,0.0,160.5,8.200000000000017,0,43.9,250.0,500.0,11.4,21.7,0,0,0,0,1,0,1,1.02,1.013,1.037,0.987,84.1,86.5,88.9,0.0,59.5
default-grid_000615,default-grid,solar_curtailment_active,test,0,226.4,33.2,-2.9,52.5,173.9,137.8,0,43.3,250.0,500.0,11.6,48.1,0,0,0,0,1,0,1,1.02,1.014,0.976,0.997,61.9,60.8,59.6,0.0,36.5
default-grid_000616,default-grid,diurnal_normal_weekday,validation,0,102.8,166.4,-17.4,0.0,102.8,-81.0,0,47.2,250.0,500.0,10.4,36.5,0,0,0,0,1,0,1,1.02,1.008,1.005,0.986,83.5,78.0,72.4,0.0,62.4
default-grid_000617,default-grid,near_limit_tx_overload,validation,1,26.4,292.6,0.0,0.0,26.4,-266.20000000000005,0,59.7,250.0,500.0,9.0,74.3,0,0,1,0,0,1,1,1.02,1.002,0.969,0.976,103.5,82.0,60.6,0.0,86.9
default-grid_000618,default-grid,diurnal_normal_weekday,test,0,174.3,155.1,-8.2,0.0,174.3,11.000000000000028,0,32.0,250.0,500.0,11.6,22.2,0,0,0,0,1,0,1,1.02,1.014,1.035,0.987,85.6,87.8,89.9,0.0,60.2
default-grid_000619,default-grid,diurnal_normal_weekday,test,0,152.8,201.8,-10.9,0.0,152.8,-59.900000000000006,0,37.4,250.0,500.0,11.3,32.2,0,0,0,0,1,0,1,1.02,1.012,1.017,0.983,93.4,89.1,84.7,0.0,69.2
default-grid_000620,default-grid,diurnal_normal_weekend,validation,0,149.6,93.6,-16.9,0.0,149.6,39.099999999999994,0,31.8,250.0,500.0,11.2,28.0,0,0,0,0,1,0,1,1.02,1.012,1.032,0.992,72.2,77.3,82.5,0.0,48.2
default-grid_000621,default-grid,near_limit_tx_overload,validation,1,39.5,286.3,0.0,0.0,39.5,-246.8,0,58.6,250.0,500.0,9.2,70.3,0,0,1,0,0,1,1,1.02,1.003,0.974,0.976,103.0,83.2,63.4,0.0,85.7
default-grid_000622,default-grid,reconfiguration_alternate,train,0,140.4,83.6,2.0,0.0,140.4,58.80000000000001,1,64.9,250.0,500.0,11.0,32.0,0,0,0,0,1,0,1,1.02,1.011,1.023,0.993,69.7,70.8,72.0,46.0,46.3
default-grid_000623,default-grid,reconfiguration_alternate,train,0,162.3,96.5,-1.3,0.0,162.3,64.5,1,34.8,250.0,500.0,11.4,33.2,0,0,0,0,1,0,1,1.02,1.013,1.024,0.992,73.5,74.7,75.9,46.0,48.8
default-grid_000624,default-grid,reconfiguration_alternate,train,0,187.6,145.0,-2.4,0.0,187.6,40.19999999999999,1,30.8,250.0,500.0,11.9,28.2,0,0,0,0,1,0,1,1.02,1.015,1.018,0.988,84.5,82.3,80.2,46.0,58.2
default-grid_000625,default-grid,solar_overvoltage_moderate,train,0,225.3,49.3,-4.9,0.0,225.3,171.10000000000002,0,38.4,250.0,500.0,12.6,54.9,1,0,1,0,0,2,1,1.02,1.018,1.063,0.996,68.1,84.8,101.5,0.0,39.6
default-grid_000626,default-grid,reconfiguration_alternate,validation,0,166.3,110.2,-12.1,0.0,166.3,44.000000000000014,1,35.1,250.0,500.0,11.5,29.0,0,0,0,0,1,0,1,1.02,1.013,1.014,0.991,76.4,75.3,74.3,46.0,51.4
default-grid_000627,default-grid,diurnal_normal_weekday,train,0,215.7,190.4,4.0,0.0,215.7,29.299999999999983,0,48.6,250.0,500.0,12.4,26.0,0,0,1,0,0,1,1,1.02,1.017,1.049,0.984,95.0,97.6,100.2,0.0,67.0
default-grid_000628,default-grid,bess_absorption_charging,train,0,205.1,110.9,-46.7,0.0,205.1,47.49999999999997,0,57.7,250.0,500.0,12.2,29.7,0,0,0,0,1,0,1,1.02,1.016,1.025,0.991,78.9,82.8,86.8,0.0,51.6
default-grid_000629,default-grid,solar_overvoltage_severe,train,0,291.6,26.5,0.0,0.0,291.6,265.1,0,60.0,250.0,500.0,13.7,74.1,1,0,1,0,0,2,1,1.02,1.023,1.086,0.998,67.6,92.2,116.8,0.0,35.2
default-grid_000630,default-grid,diurnal_normal_weekday,train,0,170.8,143.8,11.4,0.0,170.8,38.400000000000006,0,74.5,250.0,500.0,11.6,27.8,0,0,0,0,1,0,1,1.02,1.014,1.05,0.988,83.2,86.5,89.8,0.0,58.0
default-grid_000631,default-grid,bess_absorption_charging,validation,0,218.3,30.2,-31.6,0.0,218.3,156.50000000000003,0,37.5,250.0,500.0,12.4,51.9,0,0,0,0,1,0,1,1.02,1.017,1.042,0.997,64.0,78.7,93.4,0.0,35.9
default-grid_000632,default-grid,bess_injection_discharging,validation,0,52.8,268.9,28.2,0.0,52.8,-187.89999999999998,0,50.1,250.0,500.0,9.5,58.3,0,0,1,0,0,1,1,1.02,1.004,1.002,0.978,100.5,81.6,62.7,0.0,82.3
default-grid_000633,default-grid,diurnal_normal_weekday,train,0,171.3,166.4,-0.7,0.0,171.3,4.200000000000017,0,64.0,250.0,500.0,11.6,20.9,0,0,0,0,1,0,1,1.02,1.014,1.037,0.986,87.6,89.3,91.1,0.0,62.4
default-grid_000634,default-grid,reconfiguration_alternate,train,0,241.7,65.5,19.3,0.0,241.7,195.5,1,46.4,250.0,500.0,12.9,59.9,1,0,0,0,0,1,1,1.02,1.019,1.051,0.995,72.2,80.3,88.4,46.0,42.7
default-grid_000635,default-grid,solar_overvoltage_severe,test,0,286.9,39.3,0.0,0.0,286.9,247.59999999999997,0,60.5,250.0,500.0,13.7,70.5,1,0,1,0,0,2,1,1.02,1.023,1.085,0.997,69.9,92.8,115.8,0.0,37.6
default-grid_000636,default-grid,nighttime_low_load,test,0,0.0,43.2,0.0,0.0,0.0,-43.2,0,55.8,250.0,500.0,8.5,28.8,0,0,0,0,1,0,1,1.02,1.0,1.0,0.996,53.4,54.2,55.0,0.0,38.4
default-grid_000637,default-grid,diurnal_normal_weekday,train,0,163.0,200.7,-5.0,0.0,163.0,-42.69999999999999,0,62.8,250.0,500.0,11.4,28.7,0,0,0,0,1,0,1,1.02,1.013,1.024,0.983,93.8,91.0,88.3,0.0,69.0
default-grid_000638,default-grid,diurnal_normal_weekend,train,0,163.9,146.9,-4.4,0.0,163.9,12.599999999999994,0,58.0,250.0,500.0,11.5,22.6,0,0,0,0,1,0,1,1.02,1.013,1.036,0.988,83.4,86.0,88.6,0.0,58.6
default-grid_000639,default-grid,diurnal_normal_weekend,train,0,227.5,132.4,-14.9,0.0,227.5,80.19999999999999,0,39.8,250.0,500.0,12.6,36.4,0,0,0,0,1,0,1,1.02,1.018,1.05,0.989,84.4,92.0,99.5,0.0,55.7
default-grid_000640,default-grid,solar_overvoltage_moderate,train,0,194.3,63.0,-6.6,0.0,194.3,124.70000000000002,0,42.9,250.0,500.0,12.0,45.4,1,0,0,0,0,1,1,1.02,1.016,1.053,0.995,68.9,81.7,94.5,0.0,42.2
default-grid_000641,default-grid,diurnal_normal_weekday,validation,0,200.2,130.4,0.7,0.0,200.2,70.49999999999997,0,58.7,250.0,500.0,12.1,34.4,1,0,0,0,0,1,1,1.02,1.016,1.054,0.989,82.4,89.9,97.4,0.0,55.4
default-grid_000642,default-grid,diurnal_normal_weekend,train,0,189.4,68.6,-15.9,0.0,189.4,104.9,0,41.9,250.0,500.0,11.9,41.4,0,0,0,0,1,0,1,1.02,1.015,1.045,0.994,69.7,80.5,91.2,0.0,43.3
default-grid_000643,default-grid,diurnal_normal_weekday,train,0,179.7,139.4,-12.0,0.0,179.7,28.299999999999983,0,61.0,250.0,500.0,11.7,25.8,0,0,0,0,1,0,1,1.02,1.014,1.037,0.988,82.9,86.5,90.1,0.0,57.1
default-grid_000644,default-grid,solar_overvoltage_severe,train,0,299.7,40.5,0.0,0.0,299.7,259.2,0,42.3,250.0,500.0,13.9,72.9,1,0,1,0,0,2,1,1.02,1.024,1.089,0.997,70.9,94.7,118.5,0.0,37.9
default-grid_000645,default-grid,diurnal_normal_weekend,test,0,166.1,44.7,-11.5,0.0,166.1,109.89999999999999,0,68.0,250.0,500.0,11.5,42.4,0,0,0,0,1,0,1,1.02,1.013,1.041,0.996,63.7,75.5,87.3,0.0,38.7
default-grid_000646,default-grid,reconfiguration_alternate,train,0,146.4,157.6,25.0,0.0,146.4,13.800000000000011,1,55.8,250.0,500.0,11.1,22.8,0,0,0,0,1,0,1,1.02,1.012,1.029,0.987,84.4,77.5,70.6,46.0,60.6
default-grid_000647,default-grid,diurnal_normal_weekday,train,0,159.6,149.1,8.2,0.0,159.6,18.69999999999999,0,48.4,250.0,500.0,11.4,23.8,0,0,0,0,1,0,1,1.02,1.013,1.043,0.988,83.6,85.7,87.8,0.0,59.0
default-grid_000648,default-grid,diurnal_normal_weekday,train,0,152.9,133.0,-14.7,0.0,152.9,5.200000000000017,0,31.6,250.0,500.0,11.3,21.1,0,0,0,0,1,0,1,1.02,1.012,1.028,0.989,80.0,81.8,83.7,0.0,55.9
default-grid_000649,default-grid,diurnal_normal_weekday,test,0,171.8,183.1,4.1,0.0,171.8,-7.199999999999989,0,72.5,250.0,500.0,11.6,21.5,0,0,0,0,1,0,1,1.02,1.014,1.037,0.985,90.9,90.9,90.9,0.0,65.6
default-grid_000650,default-grid,diurnal_normal_weekend,validation,0,209.7,85.9,-16.7,0.0,209.7,107.1,0,50.4,250.0,500.0,12.3,41.8,0,0,0,0,1,0,1,1.02,1.017,1.05,0.993,74.3,84.8,95.3,0.0,46.7
default-grid_000651,default-grid,reconfiguration_alternate,validation,0,180.0,119.0,1.5,0.0,180.0,62.5,1,60.1,250.0,500.0,11.7,32.7,0,0,0,0,1,0,1,1.02,1.014,1.025,0.99,78.9,79.1,79.2,46.0,53.1
default-grid_000652,default-grid,near_limit_tx_overload,test,1,18.7,279.0,0.0,0.0,18.7,-260.3,0,45.4,250.0,500.0,8.8,73.1,0,0,1,0,0,1,1,1.02,1.001,0.97,0.977,100.4,79.7,59.0,0.0,84.2
default-grid_000653,default-grid,diurnal_normal_weekend,train,0,123.8,71.0,-0.2,0.0,123.8,52.599999999999994,0,49.3,250.0,500.0,10.7,30.7,0,0,0,0,1,0,1,1.02,1.01,1.036,0.994,66.2,73.7,81.2,0.0,43.8
default-grid_000654,default-grid,evening_peak_demand,train,0,1.0,239.7,14.2,0.0,1.0,-224.5,0,62.8,250.0,500.0,8.5,65.8,0,0,0,0,1,0,1,1.02,1.0,0.983,0.98,91.7,72.5,53.4,0.0,76.6
default-grid_000655,default-grid,solar_overvoltage_moderate,validation,0,218.1,34.2,-8.0,0.0,218.1,175.89999999999998,0,42.0,250.0,500.0,12.4,55.9,1,0,0,0,0,1,1,1.02,1.017,1.059,0.997,64.7,82.0,99.2,0.0,36.6
default-grid_000656,default-grid,diurnal_normal_weekend,test,0,163.5,70.7,-16.9,0.0,163.5,75.89999999999999,0,48.5,250.0,500.0,11.4,35.5,0,0,0,0,1,0,1,1.02,1.013,1.036,0.994,68.6,77.0,85.4,0.0,43.7
default-grid_000657,default-grid,bess_injection_discharging,validation,0,9.8,230.9,26.8,0.0,9.8,-194.3,0,47.4,250.0,500.0,8.7,59.6,0,0,0,0,1,0,1,1.02,1.001,0.996,0.981,90.5,72.1,53.7,0.0,74.9
default-grid_000658,default-grid,diurnal_normal_weekend,train,0,189.1,103.1,2.1,0.0,189.1,88.1,0,31.6,250.0,500.0,11.9,38.0,1,0,0,0,0,1,1,1.02,1.015,1.057,0.991,76.4,85.6,94.8,0.0,50.0
default-grid_000659,default-grid,diurnal_normal_weekday,test,0,224.8,165.6,-5.5,0.0,224.8,53.70000000000002,0,46.4,250.0,500.0,12.5,31.0,0,0,1,0,0,1,1,1.02,1.018,1.049,0.986,90.7,96.0,101.3,0.0,62.2
default-grid_000660,default-grid,diurnal_normal_weekday,train,0,199.4,196.2,-2.8,0.0,199.4,0.4000000000000057,0,52.6,250.0,500.0,12.1,20.1,0,0,0,0,1,0,1,1.02,1.016,1.038,0.984,95.1,95.8,96.6,0.0,68.1
default-grid_000661,default-grid,diurnal_normal_weekend,train,0,208.4,106.3,-12.1,0.0,208.4,90.00000000000001,0,55.6,250.0,500.0,12.3,38.4,1,0,0,0,0,1,1,1.02,1.017,1.052,0.991,78.2,87.2,96.2,0.0,50.7
default-grid_000662,default-grid,solar_overvoltage_moderate,train,0,209.0,34.9,-8.7,0.0,209.0,165.4,0,33.4,250.0,500.0,12.3,53.7,1,0,0,0,0,1,1,1.02,1.017,1.056,0.997,64.3,80.7,97.1,0.0,36.8
default-grid_000663,default-grid,diurnal_normal_weekend,train,0,145.9,144.6,2.0,0.0,145.9,3.3000000000000114,0,71.2,250.0,500.0,11.1,20.7,0,0,0,0,1,0,1,1.02,1.012,1.036,0.988,81.9,83.8,85.7,0.0,58.1
default-grid_000664,default-grid,bess_injection_discharging,train,0,36.8,163.8,29.5,0.0,36.8,-97.50000000000001,0,87.5,250.0,500.0,9.2,39.9,0,0,0,0,1,0,1,1.02,1.003,1.02,0.986,79.1,69.1,59.1,0.0,61.9
default-grid_000665,default-grid,diurnal_normal_weekday,train,0,192.6,156.9,-11.7,0.0,192.6,24.0,0,51.6,250.0,500.0,12.0,24.9,0,0,0,0,1,0,1,1.02,1.015,1.037,0.987,87.1,90.0,92.9,0.0,60.5
default-grid_000666,default-grid,solar_overvoltage_moderate,train,0,207.9,65.7,-6.8,0.0,207.9,135.39999999999998,0,62.8,250.0,500.0,12.2,47.6,1,0,0,0,0,1,1,1.02,1.017,1.057,0.995,70.2,83.8,97.4,0.0,42.8
default-grid_000667,default-grid,solar_overvoltage_severe,train,0,296.3,31.7,0.0,0.0,296.3,264.6,0,52.8,250.0,500.0,13.8,74.0,1,0,1,0,0,2,1,1.02,1.024,1.088,0.997,68.9,93.3,117.8,0.0,36.2
default-grid_000668,default-grid,diurnal_normal_weekday,train,0,148.2,179.4,-9.8,0.0,148.2,-41.00000000000003,0,54.3,250.0,500.0,11.2,28.4,0,0,0,0,1,0,1,1.02,1.012,1.021,0.985,88.8,86.4,84.0,0.0,64.9
default-grid_000669,default-grid,bess_absorption_charging,train,0,167.9,73.5,-27.0,0.0,167.9,67.4,0,70.4,250.0,500.0,11.5,33.7,0,0,0,0,1,0,1,1.02,1.013,1.03,0.994,69.4,76.6,83.8,0.0,44.3
default-grid_000670,default-grid,diurnal_normal_weekend,train,0,158.7,38.7,-23.7,0.0,158.7,96.3,0,63.3,250.0,500.0,11.4,39.6,0,0,0,0,1,0,1,1.02,1.013,1.03,0.997,62.0,72.3,82.7,0.0,37.5
default-grid_000671,default-grid,diurnal_normal_weekday,train,0,192.2,156.3,-6.2,0.0,192.2,29.69999999999999,0,49.1,250.0,500.0,12.0,26.1,0,0,0,0,1,0,1,1.02,1.015,1.041,0.987,86.9,90.6,94.2,0.0,60.4
default-grid_000672,default-grid,diurnal_normal_weekday,train,0,132.7,180.7,6.2,0.0,132.7,-41.80000000000001,0,36.1,250.0,500.0,10.9,28.5,0,0,0,0,1,0,1,1.02,1.011,1.028,0.985,88.1,85.2,82.4,0.0,65.1
default-grid_000673,default-grid,diurnal_normal_weekday,train,0,151.6,123.4,-9.6,0.0,151.6,18.599999999999994,0,50.8,250.0,500.0,11.2,23.8,0,0,0,0,1,0,1,1.02,1.012,1.033,0.99,78.1,81.4,84.7,0.0,54.0
default-grid_000674,default-grid,reconfiguration_alternate,train,0,216.1,51.4,-12.4,0.0,216.1,152.29999999999998,1,64.9,250.0,500.0,12.4,51.1,0,0,0,0,1,0,1,1.02,1.017,1.024,0.996,68.0,75.6,83.2,46.0,40.0
default-grid_000675,default-grid,solar_overvoltage_moderate,train,0,199.7,71.8,-5.0,0.0,199.7,122.89999999999999,0,49.5,250.0,500.0,12.1,45.1,1,0,0,0,0,1,1,1.02,1.016,1.055,0.994,70.9,83.5,96.1,0.0,44.0
default-grid_000676,default-grid,evening_peak_demand,train,0,1.9,241.8,3.6,0.0,1.9,-236.3,0,66.9,250.0,500.0,8.5,68.2,0,0,0,0,1,0,1,1.02,1.0,0.975,0.98,92.1,73.5,55.0,0.0,77.0
default-grid_000677,default-grid,diurnal_normal_weekend,train,0,151.8,76.7,6.0,0.0,151.8,81.10000000000001,0,68.0,250.0,500.0,11.2,36.5,0,0,0,0,1,0,1,1.02,1.012,1.049,0.994,69.0,77.7,86.4,0.0,44.9
default-grid_000678,default-grid,diurnal_normal_weekend,train,0,151.6,87.0,-17.4,0.0,151.6,47.19999999999999,0,42.1,250.0,500.0,11.2,29.6,0,0,0,0,1,0,1,1.02,1.012,1.032,0.993,71.0,76.9,82.8,0.0,46.9
default-grid_000679,default-grid,reconfiguration_alternate,validation,0,164.7,63.5,22.7,0.0,164.7,123.89999999999998,1,52.4,250.0,500.0,11.5,45.3,0,0,0,0,1,0,1,1.02,1.013,1.041,0.995,67.2,70.7,74.2,46.0,42.3
default-grid_000680,default-grid,evening_peak_demand,train,0,3.4,225.9,2.9,0.0,3.4,-219.6,0,61.0,250.0,500.0,8.6,64.8,0,0,0,0,1,0,1,1.02,1.0,0.978,0.981,89.1,72.2,55.4,0.0,73.9
default-grid_000681,default-grid,near_limit_undervoltage,validation,1,18.7,279.1,5.0,0.0,18.7,-255.40000000000003,0,66.7,250.0,500.0,8.8,72.1,0,0,1,0,0,1,1,1.02,1.001,0.973,0.977,100.4,79.3,58.3,0.0,84.3
default-grid_000682,default-grid,solar_overvoltage_moderate,train,0,201.3,82.8,-6.3,0.0,201.3,112.2,0,37.2,250.0,500.0,12.1,42.9,1,0,0,0,0,1,1,1.02,1.016,1.055,0.993,73.2,84.7,96.1,0.0,46.1
default-grid_000683,default-grid,diurnal_normal_weekday,train,0,222.4,172.5,5.6,0.0,222.4,55.5,0,62.2,250.0,500.0,12.5,31.3,1,0,1,0,0,2,1,1.02,1.018,1.055,0.986,91.9,96.7,101.4,0.0,63.5
default-grid_000684,default-grid,nighttime_low_load,train,0,0.0,39.2,0.0,0.0,0.0,-39.2,0,55.3,250.0,500.0,8.5,28.0,0,0,0,0,1,0,1,1.02,1.0,1.0,0.997,52.6,53.8,55.0,0.0,37.6
default-grid_000685,default-grid,reconfiguration_alternate,train,0,260.3,128.9,18.0,0.0,260.3,149.4,1,56.8,250.0,500.0,13.2,50.5,0,0,0,0,1,0,1,1.02,1.021,1.047,0.989,85.7,88.8,91.9,46.0,55.1
default-grid_000686,default-grid,bess_injection_discharging,train,0,17.1,242.1,28.0,0.0,17.1,-197.0,0,88.9,250.0,500.0,8.8,60.2,0,0,0,0,1,0,1,1.02,1.001,0.997,0.98,93.1,74.1,55.1,0.0,77.1
default-grid_000687,default-grid,diurnal_normal_weekday,train,0,197.6,179.4,-13.2,0.0,197.6,5.0,0,40.9,250.0,500.0,12.1,21.0,0,0,0,0,1,0,1,1.02,1.016,1.033,0.985,91.7,92.7,93.6,0.0,64.9
default-grid_000688,default-grid,solar_overvoltage_severe,train,0,238.1,30.7,0.0,0.0,238.1,207.4,0,40.6,250.0,500.0,12.8,62.3,1,0,1,0,0,2,1,1.02,1.019,1.07,0.997,65.3,85.4,105.5,0.0,36.0
default-grid_000689,default-grid,diurnal_normal_weekday,train,0,137.8,192.2,-0.5,0.0,137.8,-54.89999999999998,0,58.2,250.0,500.0,11.0,31.2,0,0,0,0,1,0,1,1.02,1.011,1.022,0.984,90.6,87.3,84.1,0.0,67.4
default-grid_000690,default-grid,solar_overvoltage_moderate,train,0,233.2,84.6,-9.3,0.0,233.2,139.29999999999998,0,66.5,250.0,500.0,12.7,48.4,1,0,1,0,0,2,1,1.02,1.019,1.062,0.993,75.4,88.8,102.1,0.0,46.5
default-grid_000691,default-grid,diurnal_normal_weekday,train,0,185.8,136.9,9.6,0.0,185.8,58.5,0,45.0,250.0,500.0,11.8,31.9,1,0,0,0,0,1,1,1.02,1.015,1.055,0.989,82.8,88.0,93.2,0.0,56.6
default-grid_000692,default-grid,diurnal_normal_weekday,train,0,205.0,139.6,-12.9,0.0,205.0,52.5,0,61.7,250.0,500.0,12.2,30.7,0,0,0,0,1,0,1,1.02,1.016,1.043,0.988,84.4,89.8,95.2,0.0,57.1
default-grid_000693,default-grid,solar_overvoltage_moderate,train,0,220.6,76.0,-10.0,0.0,220.6,134.6,0,39.8,250.0,500.0,12.5,47.5,1,0,0,0,0,1,1,1.02,1.018,1.058,0.994,73.0,86.2,99.3,0.0,44.8
default-grid_000694,default-grid,solar_overvoltage_moderate,train,0,222.6,54.2,-9.2,0.0,222.6,159.2,0,59.3,250.0,500.0,12.5,52.5,1,0,0,0,0,1,1,1.02,1.018,1.059,0.995,68.9,84.4,99.9,0.0,40.5
default-grid_000695,default-grid,diurnal_normal_weekday,train,0,193.2,162.5,-3.4,0.0,193.2,27.299999999999983,0,38.9,250.0,500.0,12.0,25.6,0,0,0,0,1,0,1,1.02,1.015,1.042,0.986,88.2,91.7,95.1,0.0,61.6
default-grid_000696,default-grid,solar_overvoltage_moderate,train,0,231.5,67.8,-4.4,0.0,231.5,159.3,0,67.8,250.0,500.0,12.7,52.5,1,0,1,0,0,2,1,1.02,1.019,1.065,0.994,72.1,87.5,103.0,0.0,43.2
default-grid_000697,default-grid,solar_overvoltage_moderate,train,0,188.8,30.4,-1.8,0.0,188.8,156.6,0,56.6,250.0,500.0,11.9,51.9,1,0,0,0,0,1,1,1.02,1.015,1.055,0.997,62.2,78.4,94.6,0.0,35.9
default-grid_000698,default-grid,solar_overvoltage_severe,test,0,293.5,27.4,0.0,0.0,293.5,266.1,0,38.9,250.0,500.0,13.8,74.3,1,0,1,0,0,2,1,1.02,1.023,1.087,0.998,67.9,92.6,117.2,0.0,35.3
default-grid_000699,default-grid,bess_injection_discharging,train,0,23.7,205.0,28.3,0.0,23.7,-153.0,0,89.9,250.0,500.0,8.9,51.2,0,0,0,0,1,0,1,1.02,1.002,1.007,0.983,86.3,71.4,56.5,0.0,69.9
default-grid_000700,default-grid,solar_curtailment_active,validation,0,219.7,62.9,-21.1,73.9,145.79999999999998,61.79999999999999,0,74.1,250.0,500.0,11.1,32.6,0,1,0,0,0,1,1,1.02,1.012,0.924,0.995,66.0,51.1,36.3,0.0,42.2
default-grid_000701,default-grid,diurnal_normal_weekend,train,0,117.8,50.0,-19.2,0.0,117.8,48.599999999999994,0,54.7,250.0,500.0,10.6,29.9,0,0,0,0,1,0,1,1.02,1.009,1.021,0.996,61.8,68.5,75.2,0.0,39.7
default-grid_000702,default-grid,diurnal_normal_weekday,train,0,185.3,150.5,-9.7,0.0,185.3,25.100000000000023,0,53.1,250.0,500.0,11.8,25.1,0,0,0,0,1,0,1,1.02,1.015,1.038,0.987,85.4,88.7,91.9,0.0,59.3
default-grid_000703,default-grid,diurnal_normal_weekend,train,0,167.1,56.5,-9.4,0.0,167.1,101.19999999999999,0,50.4,250.0,500.0,11.5,40.6,0,0,0,0,1,0,1,1.02,1.013,1.043,0.995,66.0,77.0,88.1,0.0,41.0
default-grid_000704,default-grid,diurnal_normal_weekend,test,0,199.1,79.4,-22.5,0.0,199.1,97.19999999999999,0,37.9,250.0,500.0,12.1,39.8,0,0,0,0,1,0,1,1.02,1.016,1.043,0.993,72.4,82.0,91.6,0.0,45.4
default-grid_000705,default-grid,solar_overvoltage_moderate,validation,0,234.4,47.4,-7.1,0.0,234.4,179.9,0,48.7,250.0,500.0,12.7,56.7,1,0,1,0,0,2,1,1.02,1.019,1.064,0.996,68.3,85.6,102.9,0.0,39.2
default-grid_000706,default-grid,diurnal_normal_weekend,test,0,151.5,106.3,0.8,0.0,151.5,46.000000000000014,0,74.8,250.0,500.0,11.2,29.4,0,0,0,0,1,0,1,1.02,1.012,1.044,0.991,74.8,80.9,87.0,0.0,50.7
default-grid_000707,default-grid,evening_peak_demand,train,0,3.1,291.7,10.8,0.0,3.1,-277.8,0,47.4,250.0,500.0,8.6,76.7,0,0,1,0,0,1,1,1.02,1.0,0.97,0.976,101.9,78.1,54.3,0.0,86.7
default-grid_000708,default-grid,solar_overvoltage_severe,test,0,275.8,37.6,0.0,0.0,275.8,238.20000000000002,0,37.7,250.0,500.0,13.5,68.6,1,0,1,0,0,2,1,1.02,1.022,1.082,0.997,68.9,91.2,113.5,0.0,37.3
default-grid_000709,default-grid,diurnal_normal_weekday,train,0,215.3,125.9,-2.8,0.0,215.3,86.6,0,57.1,250.0,500.0,12.4,37.7,1,0,0,0,0,1,1,1.02,1.017,1.057,0.99,82.4,91.2,99.9,0.0,54.5
default-grid_000710,default-grid,diurnal_normal_weekend,test,0,117.1,82.1,-17.6,0.0,117.1,17.400000000000006,0,54.9,250.0,500.0,10.6,23.5,0,0,0,0,1,0,1,1.02,1.009,1.022,0.993,68.0,71.7,75.4,0.0,46.0
default-grid_000711,default-grid,near_limit_tx_overload,validation,1,11.0,302.2,0.0,0.0,11.0,-291.2,0,37.9,250.0,500.0,8.7,79.4,0,0,1,0,0,1,1,1.02,1.001,0.963,0.975,104.4,80.8,57.3,0.0,88.8
default-grid_000712,default-grid,reconfiguration_alternate,train,0,130.5,72.3,20.6,0.0,130.5,78.8,1,32.5,250.0,500.0,10.8,36.1,0,0,0,0,1,0,1,1.02,1.01,1.035,0.994,66.9,67.6,68.2,46.0,44.1
default-grid_000713,default-grid,evening_peak_demand,test,0,1.7,292.7,21.5,0.0,1.7,-269.5,0,61.8,250.0,500.0,8.5,75.0,0,0,1,0,0,1,1,1.02,1.0,0.978,0.976,102.0,77.3,52.7,0.0,86.9
default-grid_000714,default-grid,diurnal_normal_weekend,train,0,191.3,55.8,-22.1,0.0,191.3,113.40000000000002,0,34.0,250.0,500.0,11.9,43.1,0,0,0,0,1,0,1,1.02,1.015,1.041,0.995,67.3,78.7,90.0,0.0,40.9
default-grid_000715,default-grid,diurnal_normal_weekend,train,0,167.5,141.3,-20.2,0.0,167.5,6.0,0,50.5,250.0,500.0,11.5,21.2,0,0,0,0,1,0,1,1.02,1.013,1.027,0.988,82.5,84.0,85.5,0.0,57.5
default-grid_000716,default-grid,nighttime_low_load,train,0,0.0,39.7,0.0,0.0,0.0,-39.7,0,35.0,250.0,500.0,8.5,28.1,0,0,0,0,1,0,1,1.02,1.0,1.0,0.997,52.7,53.9,55.0,0.0,37.7
default-grid_000717,default-grid,bess_absorption_charging,train,0,154.7,48.3,-58.0,0.0,154.7,48.39999999999999,0,34.6,250.0,500.0,11.3,29.9,0,0,0,0,1,0,1,1.02,1.012,1.004,0.996,63.7,68.5,73.3,0.0,39.4
default-grid_000718,default-grid,solar_overvoltage_severe,train,0,261.6,24.1,0.0,0.0,261.6,237.50000000000003,0,59.6,250.0,500.0,13.2,68.4,1,0,1,0,0,2,1,1.02,1.021,1.077,0.998,65.4,88.0,110.5,0.0,34.7
default-grid_000719,default-grid,diurnal_normal_weekday,train,0,208.2,194.0,-0.8,0.0,208.2,13.399999999999977,0,31.0,250.0,500.0,12.2,22.7,0,0,0,0,1,0,1,1.02,1.017,1.042,0.984,95.2,97.1,98.9,0.0,67.7
default-grid_000720,default-grid,bess_absorption_charging,validation,0,238.0,132.3,-41.4,0.0,238.0,64.29999999999998,0,42.2,250.0,500.0,12.8,33.1,0,0,0,0,1,0,1,1.02,1.019,1.034,0.989,85.0,90.0,95.1,0.0,55.7
default-grid_000721,default-grid,solar_overvoltage_severe,train,0,248.1,32.3,0.0,0.0,248.1,215.8,0,37.7,250.0,500.0,13.0,64.0,1,0,1,0,0,2,1,1.02,1.02,1.073,0.997,66.2,86.9,107.6,0.0,36.3
default-grid_000722,default-grid,diurnal_normal_weekday,test,0,173.5,158.0,-10.6,0.0,173.5,4.900000000000006,0,71.8,250.0,500.0,11.6,21.0,0,0,0,0,1,0,1,1.02,1.014,1.032,0.987,86.1,87.6,89.1,0.0,60.7
default-grid_000723,default-grid,near_limit_overvoltage,validation,1,181.3,37.5,-3.7,0.0,181.3,140.10000000000002,0,50.2,250.0,500.0,11.8,48.6,1,0,0,0,0,1,1,1.02,1.015,1.051,0.997,63.2,77.8,92.5,0.0,37.3
default-grid_000724,default-grid,diurnal_normal_weekday,train,0,156.9,129.8,-3.6,0.0,156.9,23.5,0,55.2,250.0,500.0,11.3,24.8,0,0,0,0,1,0,1,1.02,1.013,1.038,0.989,79.7,83.6,87.4,0.0,55.2
default-grid_000725,default-grid,diurnal_normal_weekday,train,0,194.9,195.7,-5.8,0.0,194.9,-6.599999999999994,0,38.7,250.0,500.0,12.0,21.3,0,0,0,0,1,0,1,1.02,1.016,1.034,0.984,94.7,94.8,94.9,0.0,68.1
default-grid_000726,default-grid,bess_absorption_charging,train,0,160.8,75.9,-36.3,0.0,160.8,48.60000000000001,0,31.9,250.0,500.0,11.4,29.9,0,0,0,0,1,0,1,1.02,1.013,1.021,0.994,69.4,74.7,80.0,0.0,44.8
default-grid_000727,default-grid,diurnal_normal_weekend,train,0,149.5,90.4,-18.0,0.0,149.5,41.099999999999994,0,50.7,250.0,500.0,11.2,28.4,0,0,0,0,1,0,1,1.02,1.012,1.031,0.992,71.5,76.8,82.2,0.0,47.6
default-grid_000728,default-grid,solar_curtailment_active,train,0,222.6,92.7,-3.0,90.8,131.8,36.10000000000001,0,32.8,250.0,500.0,10.9,27.4,0,1,0,0,0,1,1,1.02,1.011,0.91,0.992,70.9,49.3,27.7,0.0,48.0
default-grid_000729,default-grid,solar_overvoltage_moderate,test,0,220.0,65.1,-10.1,0.0,220.0,144.8,0,38.7,250.0,500.0,12.5,49.5,1,0,0,0,0,1,1,1.02,1.018,1.058,0.995,70.9,85.0,99.1,0.0,42.7
default-grid_000730,default-grid,solar_overvoltage_moderate,test,0,231.0,85.0,-6.1,0.0,231.0,139.9,0,44.8,250.0,500.0,12.7,48.5,1,0,1,0,0,2,1,1.02,1.018,1.064,0.993,75.4,88.9,102.4,0.0,46.5
default-grid_000731,default-grid,reconfiguration_alternate,validation,0,177.5,170.7,4.6,0.0,177.5,11.400000000000006,1,68.7,250.0,500.0,11.7,22.3,0,0,0,0,1,0,1,1.02,1.014,1.016,0.986,88.8,83.6,78.4,46.0,63.2
default-grid_000732,default-grid,diurnal_normal_weekday,train,0,236.6,152.1,-12.0,0.0,236.6,72.5,0,73.1,250.0,500.0,12.8,34.8,1,0,1,0,0,2,1,1.02,1.019,1.051,0.987,88.8,95.5,102.2,0.0,59.6
default-grid_000733,default-grid,bess_injection_discharging,train,0,45.6,197.9,36.8,0.0,45.6,-115.5,0,82.4,250.0,500.0,9.3,43.6,0,0,0,0,1,0,1,1.02,1.004,1.021,0.984,86.2,73.2,60.1,0.0,68.5
default-grid_000734,default-grid,bess_injection_discharging,train,0,18.1,190.3,21.9,0.0,18.1,-150.3,0,65.5,250.0,500.0,8.8,50.7,0,0,0,0,1,0,1,1.02,1.001,1.003,0.984,83.1,69.6,56.1,0.0,67.0
default-grid_000735,default-grid,bess_absorption_charging,train,0,213.2,134.9,-47.6,0.0,213.2,30.69999999999999,0,34.2,250.0,500.0,12.3,26.3,0,0,0,0,1,0,1,1.02,1.017,1.022,0.989,84.0,86.2,88.3,0.0,56.2
default-grid_000736,default-grid,solar_overvoltage_moderate,train,0,219.4,50.7,-7.2,0.0,219.4,161.5,0,45.6,250.0,500.0,12.4,52.9,1,0,0,0,0,1,1,1.02,1.018,1.06,0.996,68.0,83.8,99.7,0.0,39.9
default-grid_000737,default-grid,near_limit_overvoltage,validation,1,166.8,60.7,6.5,0.0,166.8,112.60000000000001,0,44.8,250.0,500.0,11.5,43.0,1,0,0,0,0,1,1,1.02,1.013,1.054,0.995,66.8,78.2,89.5,0.0,41.8
default-grid_000738,default-grid,diurnal_normal_weekday,train,0,212.6,196.1,-4.9,0.0,212.6,11.599999999999994,0,36.6,250.0,500.0,12.3,22.4,0,0,0,0,1,0,1,1.02,1.017,1.04,0.984,95.9,97.3,98.8,0.0,68.1
default-grid_000739,default-grid,bess_injection_discharging,train,0,12.1,200.6,50.6,0.0,12.1,-137.89999999999998,0,73.2,250.0,500.0,8.7,48.1,0,0,0,0,1,0,1,1.02,1.001,1.02,0.983,84.7,68.0,51.2,0.0,69.0
default-grid_000740,default-grid,solar_curtailment_active,train,0,203.7,97.8,-16.8,76.0,127.69999999999999,13.099999999999994,0,45.3,250.0,500.0,10.8,22.7,0,1,0,0,0,1,1,1.02,1.01,0.919,0.992,71.7,52.0,32.3,0.0,49.0
default-grid_000741,default-grid,bess_absorption_charging,train,0,170.4,125.9,-28.4,0.0,170.4,16.099999999999994,0,57.9,250.0,500.0,11.6,23.3,0,0,0,0,1,0,1,1.02,1.014,1.025,0.99,79.7,81.8,84.0,0.0,54.5
default-grid_000742,default-grid,near_limit_overvoltage,test,1,183.3,50.2,5.7,0.0,183.3,138.8,0,56.8,250.0,500.0,11.8,48.3,1,0,0,0,0,1,1,1.02,1.015,1.058,0.996,65.8,79.4,93.1,0.0,39.8
default-grid_000743,default-grid,nighttime_low_load,test,0,0.0,42.9,0.0,0.0,0.0,-42.9,0,65.4,250.0,500.0,8.5,28.7,0,0,0,0,1,0,1,1.02,1.0,1.0,0.996,53.3,54.1,55.0,0.0,38.3
default-grid_000744,default-grid,solar_overvoltage_moderate,train,0,203.3,38.7,-0.0,0.0,203.3,164.60000000000002,0,67.3,250.0,500.0,12.2,53.6,1,0,0,0,0,1,1,1.02,1.016,1.06,0.997,64.7,81.4,98.1,0.0,37.5
default-grid_000745,default-grid,evening_peak_demand,train,0,1.3,280.4,5.2,0.0,1.3,-273.9,0,77.3,250.0,500.0,8.5,75.9,0,0,0,0,1,0,1,1.02,1.0,0.968,0.977,99.6,77.1,54.6,0.0,84.5
default-grid_000746,default-grid,bess_absorption_charging,train,0,173.8,111.8,-56.4,0.0,173.8,5.6000000000000085,0,34.5,250.0,500.0,11.6,21.1,0,0,0,0,1,0,1,1.02,1.014,1.008,0.991,77.2,77.5,77.7,0.0,51.7
default-grid_000747,default-grid,near_limit_undervoltage,validation,1,24.5,268.0,-0.8,0.0,24.5,-244.3,0,47.4,250.0,500.0,8.9,69.8,0,0,0,0,1,0,1,1.02,1.002,0.973,0.978,98.6,79.3,60.0,0.0,82.1
default-grid_000748,default-grid,solar_overvoltage_moderate,train,0,221.9,32.5,-3.8,0.0,221.9,185.6,0,44.7,250.0,500.0,12.5,57.9,1,0,1,0,0,2,1,1.02,1.018,1.063,0.997,64.6,82.8,101.1,0.0,36.3
default-grid_000749,default-grid,solar_overvoltage_moderate,train,0,224.0,51.3,-10.0,0.0,224.0,162.7,0,54.9,250.0,500.0,12.5,53.2,1,0,0,0,0,1,1,1.02,1.018,1.059,0.996,68.4,84.2,100.0,0.0,40.0
default-grid_000750,default-grid,solar_curtailment_active,train,0,229.0,44.7,-12.8,88.6,140.4,82.9,0,64.9,250.0,500.0,11.0,36.9,0,1,0,0,0,1,1,1.02,1.011,0.908,0.996,62.1,45.2,28.4,0.0,38.7
default-grid_000751,default-grid,near_limit_feeder_overload,validation,1,224.0,44.7,0.0,0.0,224.0,179.3,0,45.9,250.0,500.0,12.5,56.6,1,0,1,0,0,2,1,1.02,1.018,1.066,0.996,67.1,84.8,102.5,0.0,38.7
default-grid_000752,default-grid,bess_injection_discharging,train,0,48.4,264.7,52.3,0.0,48.4,-164.0,0,86.0,250.0,500.0,9.4,53.4,0,0,0,0,1,0,1,1.02,1.004,1.019,0.978,99.4,79.1,58.7,0.0,81.5
default-grid_000753,default-grid,solar_overvoltage_moderate,validation,0,208.8,73.9,-10.9,0.0,208.8,124.0,0,59.6,250.0,500.0,12.3,45.3,1,0,0,0,0,1,1,1.02,1.017,1.054,0.994,71.9,84.2,96.5,0.0,44.4
default-grid_000754,default-grid,diurnal_normal_weekday,test,0,195.5,187.8,4.2,0.0,195.5,11.899999999999977,0,37.0,250.0,500.0,12.0,22.4,0,0,0,0,1,0,1,1.02,1.016,1.043,0.984,93.2,94.6,95.9,0.0,66.5
default-grid_000755,default-grid,diurnal_normal_weekend,train,0,143.4,82.8,-23.8,0.0,143.4,36.80000000000001,0,45.8,250.0,500.0,11.1,27.5,0,0,0,0,1,0,1,1.02,1.011,1.025,0.993,69.7,74.6,79.5,0.0,46.1
default-grid_000756,default-grid,bess_injection_discharging,train,0,39.8,181.3,45.1,0.0,39.8,-96.4,0,45.6,250.0,500.0,9.2,39.7,0,0,0,0,1,0,1,1.02,1.003,1.028,0.985,82.6,70.2,57.8,0.0,65.3
default-grid_000757,default-grid,bess_absorption_charging,train,0,224.0,35.8,-26.0,0.0,224.0,162.2,0,64.8,250.0,500.0,12.5,53.1,0,0,0,0,1,0,1,1.02,1.018,1.047,0.997,65.4,80.7,96.0,0.0,37.0
default-grid_000758,default-grid,solar_overvoltage_severe,train,0,241.4,41.0,0.0,0.0,241.4,200.4,0,58.5,250.0,500.0,12.8,60.9,1,0,1,0,0,2,1,1.02,1.019,1.071,0.997,67.5,86.8,106.2,0.0,38.0
default-grid_000759,default-grid,bess_absorption_charging,train,0,195.1,90.2,-18.0,0.0,195.1,86.89999999999999,0,26.3,250.0,500.0,12.0,37.7,0,0,0,0,1,0,1,1.02,1.016,1.045,0.992,74.2,83.1,91.9,0.0,47.5
default-grid_000760,default-grid,solar_overvoltage_moderate,train,0,233.1,82.8,-10.3,0.0,233.1,140.0,0,69.8,250.0,500.0,12.7,48.6,1,0,1,0,0,2,1,1.02,1.019,1.062,0.993,75.1,88.4,101.8,0.0,46.1
default-grid_000761,default-grid,bess_injection_discharging,test,0,17.8,196.9,54.1,0.0,17.8,-125.0,0,48.8,250.0,500.0,8.8,45.5,0,0,0,0,1,0,1,1.02,1.001,1.025,0.984,84.4,68.2,52.0,0.0,68.3
default-grid_000762,default-grid,diurnal_normal_weekend,test,0,141.8,43.4,-5.2,0.0,141.8,93.20000000000002,0,41.5,250.0,500.0,11.1,39.0,0,0,0,0,1,0,1,1.02,1.011,1.038,0.996,61.9,72.8,83.8,0.0,38.4
default-grid_000763,default-grid,solar_overvoltage_moderate,train,0,226.8,65.5,-10.8,0.0,226.8,150.5,0,48.0,250.0,500.0,12.6,50.7,1,0,1,0,0,2,1,1.02,1.018,1.059,0.995,71.3,85.8,100.4,0.0,42.7
default-grid_000764,default-grid,solar_overvoltage_moderate,train,0,236.6,40.6,-9.7,0.0,236.6,186.3,0,35.0,250.0,500.0,12.8,58.0,1,0,1,0,0,2,1,1.02,1.019,1.063,0.997,67.1,84.9,102.7,0.0,37.9
default-grid_000765,default-grid,evening_peak_demand,train,0,2.1,275.2,6.8,0.0,2.1,-266.3,0,81.2,250.0,500.0,8.5,74.3,0,0,0,0,1,0,1,1.02,1.0,0.971,0.977,98.6,76.6,54.6,0.0,83.5
default-grid_000766,default-grid,diurnal_normal_weekday,train,0,189.8,189.7,-2.4,0.0,189.8,-2.299999999999983,0,66.5,250.0,500.0,11.9,20.5,0,0,0,0,1,0,1,1.02,1.015,1.037,0.984,93.3,93.9,94.6,0.0,66.9
default-grid_000767,default-grid,solar_curtailment_active,train,0,253.1,58.8,-0.9,25.1,228.0,168.3,0,43.4,250.0,500.0,12.6,54.3,0,0,0,0,1,0,1,1.02,1.018,1.032,0.995,70.1,79.1,88.1,0.0,41.4
default-grid_000768,default-grid,evening_peak_demand,train,0,1.5,307.4,14.9,0.0,1.5,-291.0,0,70.2,250.0,500.0,8.5,79.4,0,0,1,0,0,1,1,1.02,1.0,0.97,0.974,104.9,79.2,53.5,0.0,89.8
default-grid_000769,default-grid,diurnal_normal_weekend,train,0,204.9,134.2,-14.9,0.0,204.9,55.80000000000001,0,45.8,250.0,500.0,12.2,31.4,0,0,0,0,1,0,1,1.02,1.016,1.043,0.989,83.4,89.1,94.7,0.0,56.1
default-grid_000770,default-grid,nighttime_low_load,train,0,0.0,31.6,0.0,0.0,0.0,-31.6,0,34.0,250.0,500.0,8.5,26.4,0,0,0,0,1,0,1,1.02,1.0,1.0,0.997,51.1,53.0,55.0,0.0,36.1
default-grid_000771,default-grid,near_limit_undervoltage,validation,1,3.9,253.5,4.6,0.0,3.9,-245.0,0,59.8,250.0,500.0,8.6,70.0,0,0,0,0,1,0,1,1.02,1.0,0.974,0.979,94.5,74.9,55.3,0.0,79.3
default-grid_000772,default-grid,diurnal_normal_weekday,test,0,221.1,147.9,-14.2,0.0,221.1,59.0,0,52.6,250.0,500.0,12.5,32.0,0,0,0,0,1,0,1,1.02,1.018,1.046,0.988,87.0,92.7,98.3,0.0,58.8
default-grid_000773,default-grid,nighttime_low_load,train,0,0.0,38.7,0.0,0.0,0.0,-38.7,0,45.4,250.0,500.0,8.5,27.9,0,0,0,0,1,0,1,1.02,1.0,1.0,0.997,52.5,53.8,55.0,0.0,37.5
default-grid_000774,default-grid,bess_absorption_charging,train,0,206.9,60.9,-39.4,0.0,206.9,106.6,0,55.7,250.0,500.0,12.2,41.7,0,0,0,0,1,0,1,1.02,1.017,1.033,0.995,69.3,79.2,89.0,0.0,41.8
default-grid_000775,default-grid,bess_injection_discharging,train,0,42.7,230.4,56.4,0.0,42.7,-131.3,0,57.8,250.0,500.0,9.3,46.8,0,0,0,0,1,0,1,1.02,1.003,1.027,0.981,92.4,74.7,57.0,0.0,74.8
default-grid_000776,default-grid,solar_overvoltage_severe,train,0,293.6,40.4,0.0,0.0,293.6,253.20000000000002,0,33.0,250.0,500.0,13.8,71.6,1,0,1,0,0,2,1,1.02,1.023,1.087,0.997,70.5,93.8,117.2,0.0,37.9
default-grid_000777,default-grid,evening_peak_demand,train,0,2.1,279.1,1.1,0.0,2.1,-275.90000000000003,0,72.0,250.0,500.0,8.5,76.3,0,0,0,0,1,0,1,1.02,1.0,0.966,0.977,99.4,77.3,55.3,0.0,84.3
default-grid_000778,default-grid,nighttime_low_load,train,0,0.0,33.2,0.0,0.0,0.0,-33.2,0,63.4,250.0,500.0,8.5,26.8,0,0,0,0,1,0,1,1.02,1.0,1.0,0.997,51.5,53.2,55.0,0.0,36.5
default-grid_000779,default-grid,diurnal_normal_weekday,validation,0,206.1,122.3,0.2,0.0,206.1,83.99999999999999,0,44.0,250.0,500.0,12.2,37.1,1,0,0,0,0,1,1,1.02,1.016,1.057,0.99,81.1,89.9,98.7,0.0,53.8
default-grid_000780,default-grid,bess_injection_discharging,train,0,31.6,181.4,35.7,0.0,31.6,-114.1,0,38.9,250.0,500.0,9.1,43.3,0,0,0,0,1,0,1,1.02,1.003,1.019,0.985,82.2,69.7,57.2,0.0,65.3
default-grid_000781,default-grid,nighttime_low_load,train,0,0.0,25.0,0.0,0.0,0.0,-25.0,0,52.5,250.0,500.0,8.5,25.1,0,0,0,0,1,0,1,1.02,1.0,1.0,0.998,49.9,52.5,55.0,0.0,34.9
default-grid_000782,default-grid,bess_injection_discharging,train,0,46.7,186.6,42.4,0.0,46.7,-97.5,0,39.5,250.0,500.0,9.3,39.9,0,0,0,0,1,0,1,1.02,1.004,1.027,0.984,84.1,71.8,59.6,0.0,66.3
default-grid_000783,default-grid,diurnal_normal_weekday,train,0,183.5,150.7,-9.3,0.0,183.5,23.5,0,50.0,250.0,500.0,11.8,24.8,0,0,0,0,1,0,1,1.02,1.015,1.037,0.987,85.3,88.4,91.6,0.0,59.3
default-grid_000784,default-grid,near_limit_overvoltage,test,1,199.8,52.3,-8.7,0.0,199.8,138.8,0,36.0,250.0,500.0,12.1,48.3,1,0,0,0,0,1,1,1.02,1.016,1.053,0.996,67.2,81.2,95.2,0.0,40.2
default-grid_000785,default-grid,solar_overvoltage_severe,test,0,281.0,28.6,0.0,0.0,281.0,252.4,0,39.4,250.0,500.0,13.6,71.5,1,0,1,0,0,2,1,1.02,1.022,1.083,0.998,67.4,91.0,114.6,0.0,35.6
default-grid_000786,default-grid,nighttime_low_load,train,0,0.0,42.2,0.0,0.0,0.0,-42.2,0,44.5,250.0,500.0,8.5,28.6,0,0,0,0,1,0,1,1.02,1.0,1.0,0.996,53.2,54.1,55.0,0.0,38.2
default-grid_000787,default-grid,solar_overvoltage_severe,train,0,273.6,37.6,0.0,0.0,273.6,236.00000000000003,0,37.4,250.0,500.0,13.4,68.1,1,0,1,0,0,2,1,1.02,1.022,1.081,0.997,68.7,90.8,113.0,0.0,37.3
default-grid_000788,default-grid,reconfiguration_alternate,train,0,205.3,108.2,-29.1,0.0,205.3,68.00000000000001,1,37.8,250.0,500.0,12.2,33.9,0,0,0,0,1,0,1,1.02,1.016,1.008,0.991,78.4,78.1,77.7,46.0,51.0
default-grid_000789,default-grid,diurnal_normal_weekday,validation,0,175.4,164.8,7.7,0.0,175.4,18.299999999999983,0,70.1,250.0,500.0,11.7,23.7,0,0,0,0,1,0,1,1.02,1.014,1.045,0.986,87.6,89.4,91.2,0.0,62.0
default-grid_000790,default-grid,diurnal_normal_weekend,train,0,218.8,36.4,0.7,0.0,218.8,183.1,0,70.5,250.0,500.0,12.4,57.3,1,0,1,0,0,2,1,1.02,1.018,1.065,0.997,65.2,83.2,101.3,0.0,37.1
default-grid_000791,default-grid,diurnal_normal_weekday,train,0,200.5,189.5,-16.3,0.0,200.5,-5.300000000000011,0,54.1,250.0,500.0,12.1,21.1,0,0,0,0,1,0,1,1.02,1.016,1.03,0.984,93.9,93.7,93.4,0.0,66.8
default-grid_000792,default-grid,bess_injection_discharging,test,0,51.5,173.2,26.3,0.0,51.5,-95.39999999999999,0,80.4,250.0,500.0,9.4,39.5,0,0,0,0,1,0,1,1.02,1.004,1.02,0.986,81.8,72.2,62.6,0.0,63.7
default-grid_000793,default-grid,diurnal_normal_weekday,validation,0,179.0,127.1,8.7,0.0,179.0,60.599999999999994,0,64.4,250.0,500.0,11.7,32.4,1,0,0,0,0,1,1,1.02,1.014,1.054,0.989,80.5,86.2,91.9,0.0,54.7
default-grid_000794,default-grid,reconfiguration_alternate,test,0,249.6,85.6,-13.5,0.0,249.6,150.5,1,44.5,250.0,500.0,13.0,50.7,0,0,0,0,1,0,1,1.02,1.02,1.028,0.993,76.6,82.8,89.0,46.0,46.6
default-grid_000795,default-grid,bess_absorption_charging,train,0,245.2,94.3,-31.9,0.0,245.2,118.99999999999999,0,70.7,250.0,500.0,12.9,44.3,0,0,0,0,1,0,1,1.02,1.02,1.049,0.992,78.0,88.5,99.0,0.0,48.3
default-grid_000796,default-grid,bess_absorption_charging,test,0,239.7,101.4,-57.2,0.0,239.7,81.1,0,34.2,250.0,500.0,12.8,36.5,0,0,0,0,1,0,1,1.02,1.019,1.029,0.992,79.1,85.3,91.5,0.0,49.7
default-grid_000797,default-grid,near_limit_feeder_overload,validation,1,223.9,52.8,0.0,0.0,223.9,171.10000000000002,0,31.7,250.0,500.0,12.5,54.9,1,0,1,0,0,2,1,1.02,1.018,1.066,0.996,68.7,85.6,102.5,0.0,40.3
default-grid_000798,default-grid,bess_injection_discharging,train,0,10.7,215.3,28.1,0.0,10.7,-176.5,0,37.9,250.0,500.0,8.7,56.0,0,0,0,0,1,0,1,1.02,1.001,1.0,0.982,87.5,70.7,53.8,0.0,71.9
default-grid_000799,default-grid,near_limit_overvoltage,validation,1,186.0,52.1,-2.5,0.0,186.0,131.4,0,71.9,250.0,500.0,11.8,46.8,1,0,0,0,0,1,1,1.02,1.015,1.053,0.996,66.3,80.0,93.8,0.0,40.1
default-grid_000800,default-grid,evening_peak_demand,train,0,4.0,297.1,5.8,0.0,4.0,-287.3,0,63.7,250.0,500.0,8.6,78.6,0,0,1,0,0,1,1,1.02,1.0,0.966,0.975,103.0,79.0,55.1,0.0,87.8
default-grid_000801,default-grid,diurnal_normal_weekday,train,0,180.5,202.1,11.8,0.0,180.5,-9.799999999999983,0,54.7,250.0,500.0,11.7,22.0,0,0,0,0,1,0,1,1.02,1.014,1.042,0.983,95.1,93.4,91.8,0.0,69.3
default-grid_000802,default-grid,reconfiguration_alternate,train,0,245.9,181.5,18.7,0.0,245.9,83.10000000000002,1,63.2,250.0,500.0,12.9,36.9,0,0,0,0,1,0,1,1.02,1.02,1.035,0.985,95.0,92.2,89.3,46.0,65.3
default-grid_000803,default-grid,solar_curtailment_active,test,0,210.0,90.2,-11.5,79.7,130.3,28.60000000000001,0,36.0,250.0,500.0,10.8,25.8,0,1,0,0,0,1,1,1.02,1.01,0.919,0.992,70.4,51.2,31.9,0.0,47.5
default-grid_000804,default-grid,nighttime_low_load,train,0,0.0,36.7,0.0,0.0,0.0,-36.7,0,60.4,250.0,500.0,8.5,27.5,0,0,0,0,1,0,1,1.02,1.0,1.0,0.997,52.1,53.5,55.0,0.0,37.1
default-grid_000805,default-grid,solar_overvoltage_severe,validation,0,289.4,25.1,0.0,0.0,289.4,264.29999999999995,0,61.7,250.0,500.0,13.7,73.9,1,0,1,0,0,2,1,1.02,1.023,1.086,0.998,67.2,91.8,116.4,0.0,34.9
default-grid_000806,default-grid,solar_overvoltage_severe,validation,0,282.3,33.4,0.0,0.0,282.3,248.9,0,60.6,250.0,500.0,13.6,70.8,1,0,1,0,0,2,1,1.02,1.023,1.084,0.997,68.4,91.6,114.8,0.0,36.5
default-grid_000807,default-grid,diurnal_normal_weekend,validation,0,186.7,112.5,1.4,0.0,186.7,75.6,0,45.8,250.0,500.0,11.9,35.4,1,0,0,0,0,1,1,1.02,1.015,1.054,0.991,78.1,86.2,94.4,0.0,51.9
default-grid_000808,default-grid,diurnal_normal_weekday,train,0,184.0,164.1,5.8,0.0,184.0,25.700000000000017,0,37.1,250.0,500.0,11.8,25.2,0,0,0,0,1,0,1,1.02,1.015,1.046,0.986,87.9,90.6,93.3,0.0,61.9
default-grid_000809,default-grid,diurnal_normal_weekend,train,0,196.8,41.4,2.2,0.0,196.8,157.6,0,59.4,250.0,500.0,12.0,52.1,1,0,0,0,0,1,1,1.02,1.016,1.06,0.997,64.9,80.7,96.4,0.0,38.0
default-grid_000810,default-grid,solar_overvoltage_severe,train,0,258.3,28.9,0.0,0.0,258.3,229.4,0,47.0,250.0,500.0,13.1,66.8,1,0,1,0,0,2,1,1.02,1.021,1.076,0.998,66.1,87.9,109.8,0.0,35.6
default-grid_000811,default-grid,solar_overvoltage_moderate,test,0,198.5,36.0,-2.6,0.0,198.5,159.9,0,72.4,250.0,500.0,12.1,52.6,1,0,0,0,0,1,1,1.02,1.016,1.057,0.997,63.9,80.2,96.4,0.0,37.0
default-grid_000812,default-grid,reconfiguration_alternate,train,0,131.0,182.7,4.9,0.0,131.0,-46.79999999999998,1,41.3,250.0,500.0,10.9,29.5,0,0,0,0,1,0,1,1.02,1.01,1.007,0.985,88.4,79.2,70.0,46.0,65.5
default-grid_000813,default-grid,evening_peak_demand,train,0,0.2,272.3,17.6,0.0,0.2,-254.5,0,70.3,250.0,500.0,8.5,71.9,0,0,0,0,1,0,1,1.02,1.0,0.978,0.977,98.0,75.4,52.8,0.0,82.9
default-grid_000814,default-grid,solar_curtailment_active,train,0,217.1,79.7,-21.1,50.3,166.8,66.00000000000001,0,35.8,250.0,500.0,11.5,33.5,0,0,0,0,1,0,1,1.02,1.013,0.964,0.993,70.5,62.7,54.9,0.0,45.5
default-grid_000815,default-grid,diurnal_normal_weekday,train,0,212.1,144.3,-8.7,0.0,212.1,59.099999999999994,0,57.3,250.0,500.0,12.3,32.1,0,0,0,0,1,0,1,1.02,1.017,1.048,0.988,85.8,91.8,97.8,0.0,58.1
default-grid_000816,default-grid,bess_injection_discharging,train,0,3.2,190.1,24.6,0.0,3.2,-162.29999999999998,0,81.4,250.0,500.0,8.6,53.1,0,0,0,0,1,0,1,1.02,1.0,1.001,0.984,82.2,67.4,52.6,0.0,67.0
default-grid_000817,default-grid,near_limit_feeder_overload,validation,1,253.0,30.8,0.0,0.0,253.0,222.2,0,53.3,250.0,500.0,13.1,65.3,1,0,1,0,0,2,1,1.02,1.02,1.075,0.997,66.2,87.4,108.6,0.0,36.0
default-grid_000818,default-grid,bess_injection_discharging,train,0,39.7,168.6,53.0,0.0,39.7,-75.89999999999999,0,36.5,250.0,500.0,9.2,35.5,0,0,0,0,1,0,1,1.02,1.003,1.036,0.986,80.2,68.5,56.8,0.0,62.8
default-grid_000819,default-grid,bess_injection_discharging,test,0,47.7,229.3,30.3,0.0,47.7,-151.3,0,42.4,250.0,500.0,9.4,50.9,0,0,0,0,1,0,1,1.02,1.004,1.01,0.981,92.4,76.8,61.3,0.0,74.6
default-grid_000820,default-grid,diurnal_normal_weekday,validation,0,185.0,169.7,5.9,0.0,185.0,21.200000000000017,0,42.3,250.0,500.0,11.8,24.3,0,0,0,0,1,0,1,1.02,1.015,1.045,0.986,89.1,91.3,93.5,0.0,63.0
default-grid_000821,default-grid,reconfiguration_alternate,train,0,126.3,168.9,-11.9,0.0,126.3,-54.500000000000014,1,51.0,250.0,500.0,10.8,31.1,0,0,0,0,1,0,1,1.02,1.01,0.997,0.986,85.4,76.2,67.1,46.0,62.8
default-grid_000822,default-grid,diurnal_normal_weekday,train,0,154.0,201.9,-10.6,0.0,154.0,-58.5,0,66.8,250.0,500.0,11.3,31.9,0,0,0,0,1,0,1,1.02,1.012,1.018,0.983,93.5,89.2,85.0,0.0,69.3
default-grid_000823,default-grid,diurnal_normal_weekday,validation,0,95.0,153.4,1.7,0.0,95.0,-56.7,0,54.9,250.0,500.0,10.2,31.6,0,0,0,0,1,0,1,1.02,1.008,1.019,0.987,80.5,77.7,74.9,0.0,59.8
default-grid_000824,default-grid,bess_absorption_charging,train,0,231.6,33.9,-48.9,0.0,231.6,148.79999999999998,0,27.9,250.0,500.0,12.7,50.3,0,0,0,0,1,0,1,1.02,1.019,1.033,0.997,65.5,78.7,91.9,0.0,36.6
default-grid_000825,default-grid,solar_overvoltage_moderate,train,0,210.3,57.5,-11.5,0.0,210.3,141.3,0,45.6,250.0,500.0,12.3,48.8,1,0,0,0,0,1,1,1.02,1.017,1.054,0.995,68.8,82.8,96.7,0.0,41.2
default-grid_000826,default-grid,nighttime_low_load,train,0,0.0,38.0,0.0,0.0,0.0,-38.0,0,42.4,250.0,500.0,8.5,27.8,0,0,0,0,1,0,1,1.02,1.0,1.0,0.997,52.4,53.7,55.0,0.0,37.4
default-grid_000827,default-grid,diurnal_normal_weekday,train,0,95.0,184.1,-9.4,0.0,95.0,-98.5,0,44.0,250.0,500.0,10.2,40.1,0,0,0,0,1,0,1,1.02,1.008,1.004,0.985,86.5,79.7,72.8,0.0,65.8
default-grid_000828,default-grid,bess_injection_discharging,validation,0,40.2,269.5,58.7,0.0,40.2,-170.6,0,47.2,250.0,500.0,9.2,54.8,0,0,0,0,1,0,1,1.02,1.003,1.021,0.978,99.8,78.0,56.2,0.0,82.4
default-grid_000829,default-grid,diurnal_normal_weekend,train,0,193.2,93.9,0.8,0.0,193.2,100.1,0,60.0,250.0,500.0,12.0,40.4,1,0,0,0,0,1,1,1.02,1.015,1.058,0.992,74.9,85.4,95.9,0.0,48.3
default-grid_000830,default-grid,nighttime_low_load,train,0,0.0,31.9,0.0,0.0,0.0,-31.9,0,68.0,250.0,500.0,8.5,26.5,0,0,0,0,1,0,1,1.02,1.0,1.0,0.997,51.2,53.1,55.0,0.0,36.2
default-grid_000831,default-grid,diurnal_normal_weekday,validation,0,203.6,152.0,-0.6,0.0,203.6,51.0,0,73.4,250.0,500.0,12.2,30.4,0,0,0,0,1,0,1,1.02,1.016,1.049,0.987,86.8,92.4,98.0,0.0,59.6
default-grid_000832,default-grid,reconfiguration_alternate,train,0,141.3,135.9,-20.6,0.0,141.3,-15.199999999999989,1,50.5,250.0,500.0,11.0,23.1,0,0,0,0,1,0,1,1.02,1.011,0.999,0.989,79.9,74.0,68.0,46.0,56.4
default-grid_000833,default-grid,solar_overvoltage_severe,validation,0,286.4,39.4,0.0,0.0,286.4,246.99999999999997,0,68.4,250.0,500.0,13.7,70.4,1,0,1,0,0,2,1,1.02,1.023,1.085,0.997,69.8,92.8,115.7,0.0,37.7
default-grid_000834,default-grid,bess_absorption_charging,validation,0,162.0,36.2,-53.4,0.0,162.0,72.39999999999999,0,66.2,250.0,500.0,11.4,34.8,0,0,0,0,1,0,1,1.02,1.013,1.009,0.997,61.8,68.9,76.0,0.0,37.0
default-grid_000835,default-grid,near_limit_undervoltage,validation,1,3.3,290.4,4.1,0.0,3.3,-283.0,0,70.2,250.0,500.0,8.6,77.7,0,0,1,0,0,1,1,1.02,1.0,0.966,0.976,101.7,78.5,55.2,0.0,86.5
default-grid_000836,default-grid,reconfiguration_alternate,train,0,252.0,62.3,-7.9,0.0,252.0,181.8,1,35.3,250.0,500.0,13.0,57.1,0,0,0,0,1,0,1,1.02,1.02,1.033,0.995,72.2,81.5,90.7,46.0,42.1
default-grid_000837,default-grid,diurnal_normal_weekday,train,0,114.9,195.4,-9.5,0.0,114.9,-90.0,0,74.7,250.0,500.0,10.6,38.4,0,0,0,0,1,0,1,1.02,1.009,1.008,0.984,89.9,83.5,77.0,0.0,68.0
default-grid_000838,default-grid,solar_overvoltage_moderate,train,0,226.5,89.8,-5.7,0.0,226.5,131.0,0,30.3,250.0,500.0,12.6,46.7,1,0,1,0,0,2,1,1.02,1.018,1.063,0.993,76.1,88.8,101.6,0.0,47.5
default-grid_000839,default-grid,solar_overvoltage_moderate,validation,0,212.6,55.9,-5.5,0.0,212.6,151.2,0,42.0,250.0,500.0,12.3,50.8,1,0,0,0,0,1,1,1.02,1.017,1.059,0.995,68.6,83.7,98.7,0.0,40.9
default-grid_000840,default-grid,diurnal_normal_weekday,train,0,105.3,187.0,8.6,0.0,105.3,-73.10000000000001,0,31.7,250.0,500.0,10.4,34.9,0,0,0,0,1,0,1,1.02,1.008,1.02,0.984,87.7,82.0,76.2,0.0,66.4
default-grid_000841,default-grid,solar_overvoltage_moderate,train,0,204.1,82.2,-6.2,0.0,204.1,115.7,0,48.1,250.0,500.0,12.2,43.6,1,0,0,0,0,1,1,1.02,1.016,1.056,0.993,73.2,85.0,96.7,0.0,46.0
default-grid_000842,default-grid,diurnal_normal_weekend,validation,0,117.6,31.5,-18.5,0.0,117.6,67.6,0,71.3,250.0,500.0,10.6,33.8,0,0,0,0,1,0,1,1.02,1.009,1.021,0.997,58.2,66.8,75.3,0.0,36.1
default-grid_000843,default-grid,solar_overvoltage_severe,train,0,241.8,39.4,0.0,0.0,241.8,202.4,0,46.1,250.0,500.0,12.9,61.3,1,0,1,0,0,2,1,1.02,1.019,1.072,0.997,67.2,86.8,106.3,0.0,37.7
default-grid_000844,default-grid,diurnal_normal_weekday,train,0,112.5,161.3,-10.8,0.0,112.5,-59.60000000000001,0,33.7,250.0,500.0,10.5,32.2,0,0,0,0,1,0,1,1.02,1.009,1.013,0.987,83.1,79.6,76.1,0.0,61.4
default-grid_000845,default-grid,bess_absorption_charging,train,0,211.6,93.7,-19.2,0.0,211.6,98.7,0,43.7,250.0,500.0,12.3,40.1,0,0,0,0,1,0,1,1.02,1.017,1.049,0.992,75.9,85.5,95.1,0.0,48.2
default-grid_000846,default-grid,solar_overvoltage_severe,validation,0,272.1,27.6,0.0,0.0,272.1,244.50000000000003,0,36.3,250.0,500.0,13.4,69.9,1,0,1,0,0,2,1,1.02,1.022,1.081,0.998,66.7,89.7,112.7,0.0,35.4
default-grid_000847,default-grid,solar_curtailment_active,train,0,285.7,40.1,-9.6,57.2,228.5,178.8,0,73.5,250.0,500.0,12.6,56.5,0,0,0,0,1,0,1,1.02,1.018,0.981,0.997,66.5,66.6,66.7,0.0,37.8
default-grid_000848,default-grid,solar_overvoltage_moderate,train,0,208.1,75.8,-7.4,0.0,208.1,124.89999999999999,0,72.8,250.0,500.0,12.2,45.5,1,0,0,0,0,1,1,1.02,1.017,1.056,0.994,72.2,84.8,97.3,0.0,44.7
default-grid_000849,default-grid,reconfiguration_alternate,train,0,175.1,157.8,-9.5,0.0,175.1,7.799999999999983,1,32.5,250.0,500.0,11.7,21.6,0,0,0,0,1,0,1,1.02,1.014,1.008,0.987,86.2,81.3,76.4,46.0,60.7
default-grid_000850,default-grid,diurnal_normal_weekend,train,0,143.3,43.8,-15.4,0.0,143.3,84.10000000000001,0,30.2,250.0,500.0,11.1,37.2,0,0,0,0,1,0,1,1.02,1.011,1.031,0.996,62.1,71.8,81.5,0.0,38.5
default-grid_000851,default-grid,bess_absorption_charging,train,0,174.7,130.5,-52.0,0.0,174.7,-7.800000000000011,0,34.2,250.0,500.0,11.6,21.6,0,0,0,0,1,0,1,1.02,1.014,1.008,0.989,80.9,80.0,79.0,0.0,55.4
default-grid_000852,default-grid,diurnal_normal_weekday,train,0,206.0,174.2,5.2,0.0,206.0,37.0,0,34.3,250.0,500.0,12.2,27.5,0,0,0,0,1,0,1,1.02,1.016,1.05,0.985,91.2,94.6,98.0,0.0,63.9
default-grid_000853,default-grid,near_limit_overvoltage,validation,1,198.5,50.0,-3.9,0.0,198.5,144.6,0,66.2,250.0,500.0,12.1,49.5,1,0,0,0,0,1,1,1.02,1.016,1.056,0.996,66.6,81.3,96.1,0.0,39.7
default-grid_000854,default-grid,solar_overvoltage_moderate,train,0,189.7,30.2,-0.8,0.0,189.7,158.7,0,50.3,250.0,500.0,11.9,52.4,1,0,0,0,0,1,1,1.02,1.015,1.056,0.997,62.3,78.7,95.0,0.0,35.9
default-grid_000855,default-grid,evening_peak_demand,train,0,4.5,273.0,14.5,0.0,4.5,-254.0,0,60.7,250.0,500.0,8.6,71.8,0,0,0,0,1,0,1,1.02,1.0,0.977,0.977,98.4,76.2,54.1,0.0,83.1
default-grid_000856,default-grid,bess_absorption_charging,validation,0,189.2,75.0,-42.1,0.0,189.2,72.1,0,74.5,250.0,500.0,11.9,34.7,0,0,0,0,1,0,1,1.02,1.015,1.025,0.994,70.9,77.8,84.6,0.0,44.6
default-grid_000857,default-grid,solar_overvoltage_moderate,train,0,189.3,61.7,-2.3,0.0,189.3,125.3,0,49.4,250.0,500.0,11.9,45.6,1,0,0,0,0,1,1,1.02,1.015,1.054,0.995,68.4,81.5,94.6,0.0,42.0
default-grid_000858,default-grid,diurnal_normal_weekday,validation,0,165.8,172.0,0.3,0.0,165.8,-5.899999999999977,0,62.4,250.0,500.0,11.5,21.2,0,0,0,0,1,0,1,1.02,1.013,1.035,0.986,88.4,89.2,90.1,0.0,63.4
default-grid_000859,default-grid,diurnal_normal_weekday,train,0,142.1,185.3,-13.5,0.0,142.1,-56.70000000000002,0,51.9,250.0,500.0,11.1,31.6,0,0,0,0,1,0,1,1.02,1.011,1.015,0.985,89.6,85.7,81.8,0.0,66.0
default-grid_000860,default-grid,extreme_stress_holdout,test,1,309.9,20.2,0.0,5.5,304.4,284.2,0,18.0,250.0,500.0,14.0,78.0,1,0,1,0,0,2,1,1.02,1.024,1.082,0.998,67.2,91.7,116.2,0.0,33.9
default-grid_000861,default-grid,nighttime_low_load,train,0,0.0,24.7,0.0,0.0,0.0,-24.7,0,63.8,250.0,500.0,8.5,25.0,0,0,0,0,1,0,1,1.02,1.0,1.0,0.998,49.8,52.4,55.0,0.0,34.8
default-grid_000862,default-grid,bess_injection_discharging,train,0,18.6,178.8,40.4,0.0,18.6,-119.80000000000001,0,73.3,250.0,500.0,8.8,44.4,0,0,0,0,1,0,1,1.02,1.001,1.019,0.985,80.9,67.4,53.9,0.0,64.8
default-grid_000863,default-grid,solar_overvoltage_moderate,train,0,215.8,38.8,-5.9,0.0,215.8,171.10000000000002,0,39.7,250.0,500.0,12.4,54.9,1,0,0,0,0,1,1,1.02,1.017,1.06,0.997,65.5,82.4,99.3,0.0,37.5
default-grid_000864,default-grid,solar_overvoltage_severe,train,0,264.6,40.3,0.0,0.0,264.6,224.3,0,50.4,250.0,500.0,13.3,65.7,1,0,1,0,0,2,1,1.02,1.021,1.078,0.997,68.7,89.9,111.1,0.0,37.8
default-grid_000865,default-grid,solar_curtailment_active,train,0,206.6,62.8,-3.9,83.5,123.1,56.39999999999999,0,45.8,250.0,500.0,10.7,31.5,0,1,0,0,0,1,1,1.02,1.01,0.917,0.995,64.6,47.3,30.0,0.0,42.2
default-grid_000866,default-grid,nighttime_low_load,train,0,0.0,40.6,0.0,0.0,0.0,-40.6,0,36.7,250.0,500.0,8.5,28.3,0,0,0,0,1,0,1,1.02,1.0,1.0,0.997,52.9,54.0,55.0,0.0,37.9
default-grid_000867,default-grid,near_limit_undervoltage,validation,1,9.5,288.0,-3.5,0.0,9.5,-282.0,0,57.7,250.0,500.0,8.7,77.5,0,0,1,0,0,1,1,1.02,1.001,0.963,0.976,101.6,78.8,56.1,0.0,86.0
default-grid_000868,default-grid,solar_overvoltage_moderate,train,0,233.5,69.1,-10.7,0.0,233.5,153.70000000000002,0,71.1,250.0,500.0,12.7,51.3,1,0,1,0,0,2,1,1.02,1.019,1.061,0.994,72.4,87.1,101.8,0.0,43.4
default-grid_000869,default-grid,diurnal_normal_weekday,train,0,189.7,158.2,7.2,0.0,189.7,38.69999999999999,0,36.2,250.0,500.0,11.9,27.9,0,0,0,0,1,0,1,1.02,1.015,1.05,0.987,87.1,90.7,94.3,0.0,60.8
default-grid_000870,default-grid,solar_curtailment_active,train,0,240.4,47.3,-23.4,77.0,163.4,92.7,0,31.3,250.0,500.0,11.4,38.9,0,1,0,0,0,1,1,1.02,1.013,0.924,0.996,64.0,50.8,37.6,0.0,39.2
default-grid_000871,default-grid,bess_absorption_charging,train,0,225.0,36.2,-27.7,0.0,225.0,161.10000000000002,0,38.4,250.0,500.0,12.6,52.9,0,0,0,0,1,0,1,1.02,1.018,1.047,0.997,65.5,80.7,95.8,0.0,37.0
default-grid_000872,default-grid,diurnal_normal_weekday,test,0,178.9,200.0,-8.0,0.0,178.9,-29.099999999999994,0,55.2,250.0,500.0,11.7,25.9,0,0,0,0,1,0,1,1.02,1.014,1.027,0.983,94.6,92.8,90.9,0.0,68.9
default-grid_000873,default-grid,bess_absorption_charging,train,0,249.1,43.8,-26.6,0.0,249.1,178.7,0,65.2,250.0,500.0,13.0,56.4,1,0,1,0,0,2,1,1.02,1.02,1.054,0.996,68.5,84.8,101.2,0.0,38.5
default-grid_000874,default-grid,diurnal_normal_weekend,train,0,142.6,49.2,-2.3,0.0,142.6,91.09999999999998,0,39.2,250.0,500.0,11.1,38.6,0,0,0,0,1,0,1,1.02,1.011,1.041,0.996,63.1,73.9,84.7,0.0,39.6
default-grid_000875,default-grid,bess_absorption_charging,train,0,220.9,46.5,-24.5,0.0,220.9,149.9,0,72.6,250.0,500.0,12.5,50.6,0,0,0,0,1,0,1,1.02,1.018,1.048,0.996,67.3,81.5,95.7,0.0,39.0
default-grid_000876,default-grid,bess_absorption_charging,train,0,220.6,81.3,-34.8,0.0,220.6,104.50000000000001,0,36.5,250.0,500.0,12.5,41.3,0,0,0,0,1,0,1,1.02,1.018,1.04,0.993,74.0,83.5,93.1,0.0,45.8
default-grid_000877,default-grid,reconfiguration_alternate,train,0,150.3,187.5,4.7,0.0,150.3,-32.5,1,56.9,250.0,500.0,11.2,26.6,0,0,0,0,1,0,1,1.02,1.012,1.009,0.984,90.5,82.0,73.5,46.0,66.5
default-grid_000878,default-grid,diurnal_normal_weekday,train,0,199.8,159.5,4.4,0.0,199.8,44.70000000000002,0,73.1,250.0,500.0,12.1,29.1,0,0,0,0,1,0,1,1.02,1.016,1.05,0.987,88.0,92.4,96.8,0.0,61.0
default-grid_000879,default-grid,solar_overvoltage_moderate,test,0,223.2,82.4,-1.1,0.0,223.2,139.7,0,36.8,250.0,500.0,12.5,48.5,1,0,1,0,0,2,1,1.02,1.018,1.065,0.993,74.4,88.2,102.0,0.0,46.0
default-grid_000880,default-grid,solar_overvoltage_moderate,train,0,235.2,73.6,-6.1,0.0,235.2,155.5,0,58.7,250.0,500.0,12.7,51.7,1,0,1,0,0,2,1,1.02,1.019,1.065,0.994,73.4,88.3,103.3,0.0,44.3
default-grid_000881,default-grid,bess_injection_discharging,test,0,32.5,191.5,39.0,0.0,32.5,-120.0,0,53.0,250.0,500.0,9.1,44.5,0,0,0,0,1,0,1,1.02,1.003,1.02,0.984,84.2,70.6,57.0,0.0,67.2
default-grid_000882,default-grid,solar_overvoltage_severe,train,0,277.5,33.4,0.0,0.0,277.5,244.1,0,45.7,250.0,500.0,13.5,69.8,1,0,1,0,0,2,1,1.02,1.022,1.082,0.997,68.1,90.9,113.8,0.0,36.5
default-grid_000883,default-grid,reconfiguration_alternate,test,0,153.3,132.9,12.1,0.0,153.3,32.5,1,49.5,250.0,500.0,11.3,26.6,0,0,0,0,1,0,1,1.02,1.012,1.025,0.989,80.0,76.6,73.2,46.0,55.8
default-grid_000884,default-grid,diurnal_normal_weekday,train,0,132.8,145.5,8.3,0.0,132.8,-4.399999999999977,0,61.7,250.0,500.0,10.9,20.9,0,0,0,0,1,0,1,1.02,1.011,1.036,0.988,81.3,81.7,82.1,0.0,58.3
default-grid_000885,default-grid,solar_overvoltage_moderate,test,0,220.4,75.2,-9.9,0.0,220.4,135.3,0,69.2,250.0,500.0,12.5,47.6,1,0,0,0,0,1,1,1.02,1.018,1.058,0.994,72.8,86.0,99.2,0.0,44.6
default-grid_000886,default-grid,diurnal_normal_weekend,train,0,171.6,46.2,-5.2,0.0,171.6,120.2,0,73.9,250.0,500.0,11.6,44.5,0,0,0,0,1,0,1,1.02,1.014,1.047,0.996,64.3,77.2,90.1,0.0,39.0
default-grid_000887,default-grid,diurnal_normal_weekday,train,0,178.4,166.6,6.4,0.0,178.4,18.200000000000017,0,64.2,250.0,500.0,11.7,23.7,0,0,0,0,1,0,1,1.02,1.014,1.044,0.986,88.1,90.0,92.0,0.0,62.4
default-grid_000888,default-grid,diurnal_normal_weekday,train,0,132.3,180.2,10.9,0.0,132.3,-36.99999999999997,0,53.6,250.0,500.0,10.9,27.5,0,0,0,0,1,0,1,1.02,1.011,1.031,0.985,88.0,84.8,81.7,0.0,65.0
default-grid_000889,default-grid,nighttime_low_load,test,0,0.0,39.9,0.0,0.0,0.0,-39.9,0,47.4,250.0,500.0,8.5,28.1,0,0,0,0,1,0,1,1.02,1.0,1.0,0.997,52.8,53.9,55.0,0.0,37.8
default-grid_000890,default-grid,solar_overvoltage_severe,train,0,250.2,39.8,0.0,0.0,250.2,210.39999999999998,0,50.2,250.0,500.0,13.0,62.9,1,0,1,0,0,2,1,1.02,1.02,1.074,0.997,67.8,87.9,108.0,0.0,37.7
default-grid_000891,default-grid,diurnal_normal_weekend,train,0,162.8,32.7,-20.6,0.0,162.8,109.50000000000001,0,60.1,250.0,500.0,11.4,42.3,0,0,0,0,1,0,1,1.02,1.013,1.033,0.997,61.1,72.8,84.4,0.0,36.4
default-grid_000892,default-grid,solar_overvoltage_moderate,train,0,209.6,36.5,-1.0,0.0,209.6,172.1,0,48.5,250.0,500.0,12.3,55.1,1,0,0,0,0,1,1,1.02,1.017,1.061,0.997,64.7,82.0,99.2,0.0,37.1
default-grid_000893,default-grid,solar_overvoltage_moderate,test,0,230.2,64.5,-6.1,0.0,230.2,159.6,0,44.1,250.0,500.0,12.6,52.6,1,0,1,0,0,2,1,1.02,1.018,1.064,0.995,71.4,86.8,102.3,0.0,42.5
default-grid_000894,default-grid,solar_curtailment_active,validation,0,213.4,83.8,-7.6,66.0,147.4,56.000000000000014,0,40.2,250.0,500.0,11.2,31.4,0,1,0,0,0,1,1,1.02,1.012,0.946,0.993,70.1,57.4,44.7,0.0,46.3
default-grid_000895,default-grid,diurnal_normal_weekend,train,0,129.4,109.1,-1.6,0.0,129.4,18.700000000000017,0,52.1,250.0,500.0,10.8,23.8,0,0,0,0,1,0,1,1.02,1.01,1.035,0.991,74.0,78.0,82.0,0.0,51.2
default-grid_000896,default-grid,bess_absorption_charging,train,0,172.5,107.6,-30.0,0.0,172.5,34.900000000000006,0,38.3,250.0,500.0,11.6,27.1,0,0,0,0,1,0,1,1.02,1.014,1.028,0.991,76.3,80.2,84.1,0.0,50.9
default-grid_000897,default-grid,reconfiguration_alternate,train,0,256.2,191.1,-5.9,0.0,256.2,59.19999999999999,1,63.1,250.0,500.0,13.1,32.1,0,0,0,0,1,0,1,1.02,1.02,1.016,0.984,97.5,94.7,91.9,46.0,67.2
default-grid_000898,default-grid,extreme_stress_holdout,test,1,277.8,27.5,0.0,15.9,261.90000000000003,234.40000000000003,0,18.0,250.0,500.0,13.2,67.8,1,0,1,0,0,2,1,1.02,1.021,1.055,0.998,66.1,83.5,101.0,0.0,35.3
default-grid_000899,default-grid,diurnal_normal_weekend,test,0,161.0,117.1,5.2,0.0,161.0,49.099999999999994,0,50.9,250.0,500.0,11.4,30.0,0,0,0,0,1,0,1,1.02,1.013,1.048,0.99,77.4,83.0,88.5,0.0,52.8
default-grid_000900,default-grid,diurnal_normal_weekend,train,0,175.9,108.8,1.5,0.0,175.9,68.60000000000001,0,30.9,250.0,500.0,11.7,34.0,1,0,0,0,0,1,1,1.02,1.014,1.051,0.991,76.7,84.4,92.1,0.0,51.2
default-grid_000901,default-grid,solar_curtailment_active,train,0,241.3,59.2,-2.0,76.3,165.0,103.8,0,49.9,250.0,500.0,11.5,41.2,0,1,0,0,0,1,1,1.02,1.013,0.941,0.995,66.4,55.1,43.7,0.0,41.5
default-grid_000902,default-grid,evening_peak_demand,train,0,0.2,304.3,1.1,0.0,0.2,-303.0,0,66.5,250.0,500.0,8.5,81.8,0,0,1,0,0,1,1,1.02,1.0,0.96,0.975,104.2,79.5,54.9,0.0,89.2
default-grid_000903,default-grid,bess_injection_discharging,train,0,56.4,178.1,37.7,0.0,56.4,-84.0,0,75.2,250.0,500.0,9.5,37.1,0,0,0,0,1,0,1,1.02,1.005,1.028,0.985,83.0,72.6,62.2,0.0,64.6
default-grid_000904,default-grid,diurnal_normal_weekday,train,0,101.5,125.1,-11.4,0.0,101.5,-35.0,0,73.6,250.0,500.0,10.3,27.1,0,0,0,0,1,0,1,1.02,1.008,1.017,0.99,75.4,74.6,73.7,0.0,54.3
default-grid_000905,default-grid,extreme_stress_holdout,test,1,307.1,19.0,0.0,10.3,296.8,277.8,0,18.0,250.0,500.0,13.8,76.7,1,0,1,0,0,2,1,1.02,1.024,1.073,0.998,66.5,89.1,111.7,0.0,33.7
default-grid_000906,default-grid,bess_absorption_charging,validation,0,167.2,42.9,-35.3,0.0,167.2,88.99999999999997,0,50.3,250.0,500.0,11.5,38.2,0,0,0,0,1,0,1,1.02,1.013,1.024,0.996,63.4,72.5,81.6,0.0,38.3
default-grid_000907,default-grid,reconfiguration_alternate,train,0,196.2,78.1,20.7,0.0,196.2,138.79999999999998,1,71.5,250.0,500.0,12.0,48.3,0,0,0,0,1,0,1,1.02,1.016,1.045,0.993,72.0,76.0,80.1,46.0,45.2
default-grid_000908,default-grid,evening_peak_demand,train,0,4.3,228.5,20.2,0.0,4.3,-204.0,0,43.5,250.0,500.0,8.6,61.6,0,0,0,0,1,0,1,1.02,1.0,0.99,0.981,89.7,71.5,53.4,0.0,74.4
default-grid_000909,default-grid,solar_overvoltage_moderate,train,0,231.3,43.8,-6.6,0.0,231.3,180.90000000000003,0,36.5,250.0,500.0,12.7,56.9,1,0,1,0,0,2,1,1.02,1.019,1.064,0.996,67.4,84.9,102.4,0.0,38.5
default-grid_000910,default-grid,diurnal_normal_weekday,train,0,109.1,168.1,-2.9,0.0,109.1,-61.900000000000006,0,49.7,250.0,500.0,10.5,32.6,0,0,0,0,1,0,1,1.02,1.009,1.017,0.986,84.2,80.8,77.4,0.0,62.7
default-grid_000911,default-grid,reconfiguration_alternate,train,0,213.7,142.8,-4.0,0.0,213.7,66.89999999999998,1,54.0,250.0,500.0,12.3,33.6,0,0,0,0,1,0,1,1.02,1.017,1.021,0.988,85.6,85.1,84.6,46.0,57.8
default-grid_000912,default-grid,solar_overvoltage_moderate,validation,0,235.5,79.2,-4.8,0.0,235.5,151.5,0,73.6,250.0,500.0,12.7,50.9,1,0,1,0,0,2,1,1.02,1.019,1.066,0.993,74.5,89.1,103.7,0.0,45.4
default-grid_000913,default-grid,diurnal_normal_weekday,train,0,227.4,191.5,-2.6,0.0,227.4,33.30000000000001,0,41.6,250.0,500.0,12.6,26.8,0,0,1,0,0,1,1,1.02,1.018,1.047,0.984,95.9,99.2,102.6,0.0,67.2
default-grid_000914,default-grid,bess_absorption_charging,train,0,250.0,66.7,-49.7,0.0,250.0,133.60000000000002,0,38.4,250.0,500.0,13.0,47.2,0,0,0,0,1,0,1,1.02,1.02,1.038,0.994,73.0,84.3,95.6,0.0,43.0
default-grid_000915,default-grid,solar_overvoltage_moderate,train,0,201.1,39.6,-3.2,0.0,201.1,158.3,0,35.1,250.0,500.0,12.1,52.3,1,0,0,0,0,1,1,1.02,1.016,1.057,0.997,64.8,80.8,96.8,0.0,37.7
default-grid_000916,default-grid,reconfiguration_alternate,train,0,126.4,163.0,-14.6,0.0,126.4,-51.19999999999999,1,34.9,250.0,500.0,10.8,30.4,0,0,0,0,1,0,1,1.02,1.01,0.996,0.986,84.3,75.4,66.6,46.0,61.7
default-grid_000917,default-grid,diurnal_normal_weekday,train,0,173.9,190.5,-10.7,0.0,173.9,-27.299999999999983,0,35.6,250.0,500.0,11.6,25.6,0,0,0,0,1,0,1,1.02,1.014,1.026,0.984,92.5,90.8,89.2,0.0,67.0
default-grid_000918,default-grid,solar_curtailment_active,train,0,237.4,31.0,-8.6,104.6,132.8,93.20000000000002,0,30.1,250.0,500.0,10.9,39.0,0,1,0,0,0,1,1,1.02,1.011,0.887,0.997,59.0,38.6,18.2,0.0,36.0
default-grid_000919,default-grid,diurnal_normal_weekday,train,0,199.2,168.4,5.8,0.0,199.2,36.599999999999994,0,60.5,250.0,500.0,12.1,27.5,0,0,0,0,1,0,1,1.02,1.016,1.049,0.986,89.7,93.1,96.5,0.0,62.7
default-grid_000920,default-grid,diurnal_normal_weekday,train,0,172.4,123.4,6.5,0.0,172.4,55.5,0,65.7,250.0,500.0,11.6,31.3,1,0,0,0,0,1,1,1.02,1.014,1.051,0.99,79.3,85.0,90.7,0.0,54.0
default-grid_000921,default-grid,diurnal_normal_weekend,train,0,116.3,138.6,-14.7,0.0,116.3,-37.0,0,34.5,250.0,500.0,10.6,27.5,0,0,0,0,1,0,1,1.02,1.009,1.016,0.988,78.9,77.5,76.0,0.0,57.0
default-grid_000922,default-grid,extreme_stress_holdout,test,1,307.6,22.5,0.0,22.5,285.1,262.6,0,18.0,250.0,500.0,13.6,73.6,1,0,1,0,0,2,1,1.02,1.023,1.053,0.998,66.5,84.2,101.9,0.0,34.4
default-grid_000923,default-grid,near_limit_feeder_overload,validation,1,220.8,56.5,0.0,0.0,220.8,164.3,0,49.1,250.0,500.0,12.5,53.5,1,0,1,0,0,2,1,1.02,1.018,1.065,0.995,69.2,85.5,101.8,0.0,41.0
default-grid_000924,default-grid,diurnal_normal_weekday,validation,0,159.4,160.1,-12.2,0.0,159.4,-12.899999999999977,0,41.5,250.0,500.0,11.4,22.6,0,0,0,0,1,0,1,1.02,1.013,1.026,0.987,85.7,85.7,85.7,0.0,61.1
default-grid_000925,default-grid,solar_overvoltage_moderate,train,0,209.3,71.0,-10.4,0.0,209.3,127.9,0,53.0,250.0,500.0,12.3,46.1,1,0,0,0,0,1,1,1.02,1.017,1.054,0.994,71.4,84.1,96.8,0.0,43.8
default-grid_000926,default-grid,reconfiguration_alternate,validation,0,215.8,195.1,5.6,0.0,215.8,26.30000000000001,1,50.6,250.0,500.0,12.4,25.4,0,0,0,0,1,0,1,1.02,1.017,1.018,0.984,95.9,90.6,85.2,46.0,67.9
default-grid_000927,default-grid,diurnal_normal_weekday,train,0,162.9,166.7,-3.7,0.0,162.9,-7.499999999999972,0,72.4,250.0,500.0,11.4,21.5,0,0,0,0,1,0,1,1.02,1.013,1.032,0.986,87.2,87.9,88.6,0.0,62.4
default-grid_000928,default-grid,diurnal_normal_weekday,validation,0,192.5,149.3,-14.3,0.0,192.5,28.899999999999977,0,66.8,250.0,500.0,12.0,25.9,0,0,0,0,1,0,1,1.02,1.015,1.037,0.988,85.6,88.9,92.2,0.0,59.0
default-grid_000929,default-grid,evening_peak_demand,train,0,4.9,215.7,11.0,0.0,4.9,-199.79999999999998,0,62.2,250.0,500.0,8.6,60.8,0,0,0,0,1,0,1,1.02,1.0,0.986,0.982,87.2,71.0,54.7,0.0,71.9
default-grid_000930,default-grid,solar_overvoltage_severe,train,0,247.2,39.4,0.0,0.0,247.2,207.79999999999998,0,37.1,250.0,500.0,12.9,62.4,1,0,1,0,0,2,1,1.02,1.02,1.073,0.997,67.5,87.5,107.4,0.0,37.7
default-grid_000931,default-grid,nighttime_low_load,train,0,0.0,39.5,0.0,0.0,0.0,-39.5,0,63.6,250.0,500.0,8.5,28.1,0,0,0,0,1,0,1,1.02,1.0,1.0,0.997,52.7,53.9,55.0,0.0,37.7
default-grid_000932,default-grid,solar_overvoltage_moderate,train,0,208.4,37.8,-6.9,0.0,208.4,163.7,0,47.1,250.0,500.0,12.3,53.4,1,0,0,0,0,1,1,1.02,1.017,1.057,0.997,64.9,81.2,97.5,0.0,37.4
default-grid_000933,default-grid,diurnal_normal_weekday,test,0,203.9,186.8,-1.7,0.0,203.9,15.400000000000006,0,63.8,250.0,500.0,12.2,23.1,0,0,0,0,1,0,1,1.02,1.016,1.042,0.984,93.6,95.7,97.8,0.0,66.3
default-grid_000934,default-grid,bess_injection_discharging,train,0,1.1,226.5,51.3,0.0,1.1,-174.1,0,53.3,250.0,500.0,8.5,55.5,0,0,0,0,1,0,1,1.02,1.0,1.012,0.981,89.1,68.9,48.8,0.0,74.0
default-grid_000935,default-grid,solar_overvoltage_moderate,train,0,192.2,35.9,-4.7,0.0,192.2,151.6,0,30.4,250.0,500.0,12.0,50.9,1,0,0,0,0,1,1,1.02,1.015,1.053,0.997,63.5,79.0,94.6,0.0,37.0
default-grid_000936,default-grid,solar_overvoltage_moderate,train,0,201.0,76.6,-1.1,0.0,201.0,123.30000000000001,0,30.8,250.0,500.0,12.1,45.1,1,0,0,0,0,1,1,1.02,1.016,1.059,0.994,72.0,84.7,97.3,0.0,44.9
default-grid_000937,default-grid,diurnal_normal_weekday,test,0,183.7,125.1,-0.3,0.0,183.7,58.29999999999998,0,69.8,250.0,500.0,11.8,31.9,0,0,0,0,1,0,1,1.02,1.015,1.049,0.99,80.3,87.1,93.9,0.0,54.3
default-grid_000938,default-grid,nighttime_low_load,validation,0,0.0,41.5,0.0,0.0,0.0,-41.5,0,49.0,250.0,500.0,8.5,28.5,0,0,0,0,1,0,1,1.02,1.0,1.0,0.997,53.1,54.0,55.0,0.0,38.1
default-grid_000939,default-grid,solar_overvoltage_moderate,train,0,210.7,88.6,-5.8,0.0,210.7,116.29999999999998,0,56.2,250.0,500.0,12.3,43.7,1,0,0,0,0,1,1,1.02,1.017,1.058,0.993,74.9,86.6,98.2,0.0,47.2
default-grid_000940,default-grid,solar_overvoltage_moderate,train,0,223.6,52.8,-7.4,0.0,223.6,163.39999999999998,0,46.0,250.0,500.0,12.5,53.3,1,0,1,0,0,2,1,1.02,1.018,1.061,0.996,68.7,84.7,100.6,0.0,40.3
default-grid_000941,default-grid,diurnal_normal_weekday,validation,0,203.3,179.8,4.7,0.0,203.3,28.19999999999999,0,52.7,250.0,500.0,12.2,25.8,0,0,0,0,1,0,1,1.02,1.016,1.048,0.985,92.2,94.8,97.5,0.0,65.0
default-grid_000942,default-grid,solar_overvoltage_moderate,validation,0,216.6,67.9,-5.3,0.0,216.6,143.39999999999998,0,62.1,250.0,500.0,12.4,49.2,1,0,0,0,0,1,1,1.02,1.017,1.06,0.994,71.2,85.4,99.6,0.0,43.2
default-grid_000943,default-grid,diurnal_normal_weekday,test,0,209.1,161.4,-6.6,0.0,209.1,41.099999999999994,0,37.1,250.0,500.0,12.3,28.4,0,0,0,0,1,0,1,1.02,1.017,1.045,0.987,88.9,93.3,97.7,0.0,61.4
default-grid_000944,default-grid,bess_injection_discharging,train,0,31.8,247.1,25.1,0.0,31.8,-190.2,0,50.7,250.0,500.0,9.1,58.8,0,0,0,0,1,0,1,1.02,1.003,0.998,0.979,95.0,76.8,58.6,0.0,78.0
default-grid_000945,default-grid,diurnal_normal_weekday,test,0,214.6,136.9,-14.3,0.0,214.6,63.39999999999998,0,38.7,250.0,500.0,12.4,32.9,0,0,0,0,1,0,1,1.02,1.017,1.046,0.989,84.5,90.7,96.9,0.0,56.6
default-grid_000946,default-grid,nighttime_low_load,train,0,0.0,24.7,0.0,0.0,0.0,-24.7,0,53.0,250.0,500.0,8.5,25.0,0,0,0,0,1,0,1,1.02,1.0,1.0,0.998,49.8,52.4,55.0,0.0,34.8
default-grid_000947,default-grid,diurnal_normal_weekday,test,0,178.3,171.6,-10.3,0.0,178.3,-3.5999999999999943,0,57.9,250.0,500.0,11.7,20.7,0,0,0,0,1,0,1,1.02,1.014,1.031,0.986,89.1,89.7,90.2,0.0,63.4
default-grid_000948,default-grid,solar_overvoltage_moderate,validation,0,219.3,89.0,-1.3,0.0,219.3,129.0,0,32.5,250.0,500.0,12.4,46.3,1,0,1,0,0,2,1,1.02,1.018,1.064,0.993,75.5,88.3,101.2,0.0,47.3
default-grid_000949,default-grid,extreme_stress_holdout,test,1,312.6,19.0,0.0,8.3,304.3,285.3,0,96.0,250.0,500.0,14.0,78.2,1,0,1,0,0,2,1,1.02,1.024,1.078,0.998,67.0,90.8,114.5,0.0,33.7
default-grid_000950,default-grid,solar_overvoltage_moderate,train,0,237.3,52.3,-3.5,0.0,237.3,181.5,0,72.9,250.0,500.0,12.8,57.0,1,0,1,0,0,2,1,1.02,1.019,1.068,0.996,69.4,86.9,104.4,0.0,40.2
default-grid_000951,default-grid,diurnal_normal_weekday,test,0,182.0,130.6,-11.5,0.0,182.0,39.900000000000006,0,40.5,250.0,500.0,11.8,28.1,0,0,0,0,1,0,1,1.02,1.015,1.039,0.989,81.3,86.0,90.7,0.0,55.4
default-grid_000952,default-grid,diurnal_normal_weekday,train,0,197.2,163.4,-16.7,0.0,197.2,17.099999999999994,0,53.8,250.0,500.0,12.0,23.5,0,0,0,0,1,0,1,1.02,1.016,1.034,0.986,88.6,90.6,92.6,0.0,61.8
default-grid_000953,default-grid,evening_peak_demand,train,0,2.2,240.3,5.4,0.0,2.2,-232.70000000000002,0,62.5,250.0,500.0,8.5,67.5,0,0,0,0,1,0,1,1.02,1.0,0.977,0.98,91.9,73.3,54.8,0.0,76.7
default-grid_000954,default-grid,diurnal_normal_weekend,test,0,149.5,77.1,0.1,0.0,149.5,72.5,0,34.9,250.0,500.0,11.2,34.8,0,0,0,0,1,0,1,1.02,1.012,1.044,0.994,69.0,77.8,86.7,0.0,45.0
default-grid_000955,default-grid,near_limit_feeder_overload,validation,1,238.0,48.8,0.0,0.0,238.0,189.2,0,41.9,250.0,500.0,12.8,58.6,1,0,1,0,0,2,1,1.02,1.019,1.07,0.996,68.8,87.2,105.5,0.0,39.5
default-grid_000956,default-grid,evening_peak_demand,train,0,1.1,219.2,3.0,0.0,1.1,-215.1,0,81.7,250.0,500.0,8.5,63.9,0,0,0,0,1,0,1,1.02,1.0,0.979,0.982,87.7,71.3,54.9,0.0,72.6
default-grid_000957,default-grid,evening_peak_demand,validation,0,2.6,277.6,7.6,0.0,2.6,-267.40000000000003,0,61.5,250.0,500.0,8.5,74.5,0,0,0,0,1,0,1,1.02,1.0,0.971,0.977,99.1,76.8,54.6,0.0,84.0
default-grid_000958,default-grid,bess_injection_discharging,validation,0,27.8,242.7,43.3,0.0,27.8,-171.6,0,71.7,250.0,500.0,9.0,55.0,0,0,0,0,1,0,1,1.02,1.002,1.011,0.98,93.9,74.7,55.5,0.0,77.2
default-grid_000959,default-grid,bess_injection_discharging,validation,0,49.0,192.3,43.0,0.0,49.0,-100.30000000000001,0,76.3,250.0,500.0,9.4,40.5,0,0,0,0,1,0,1,1.02,1.004,1.027,0.984,85.3,72.7,60.0,0.0,67.4
default-grid_000960,default-grid,solar_overvoltage_moderate,train,0,196.0,45.6,-1.1,0.0,196.0,149.3,0,45.0,250.0,500.0,12.0,50.5,1,0,0,0,0,1,1,1.02,1.016,1.057,0.996,65.6,80.9,96.3,0.0,38.9
default-grid_000961,default-grid,near_limit_tx_overload,validation,1,28.7,317.0,0.0,0.0,28.7,-288.3,0,62.5,250.0,500.0,9.0,78.8,0,0,1,0,0,1,1,1.02,1.002,0.965,0.974,108.4,84.8,61.1,0.0,91.6
default-grid_000962,default-grid,nighttime_low_load,train,0,0.0,35.8,0.0,0.0,0.0,-35.8,0,32.7,250.0,500.0,8.5,27.3,0,0,0,0,1,0,1,1.02,1.0,1.0,0.997,52.0,53.5,55.0,0.0,37.0
default-grid_000963,default-grid,bess_absorption_charging,validation,0,209.7,70.2,-27.5,0.0,209.7,111.99999999999999,0,61.2,250.0,500.0,12.3,42.8,0,0,0,0,1,0,1,1.02,1.017,1.042,0.994,71.2,81.9,92.6,0.0,43.6
default-grid_000964,default-grid,bess_absorption_charging,train,0,246.7,42.5,-33.5,0.0,246.7,170.7,0,60.8,250.0,500.0,12.9,54.8,0,0,0,0,1,0,1,1.02,1.02,1.049,0.996,68.1,83.5,98.9,0.0,38.3
default-grid_000965,default-grid,diurnal_normal_weekend,train,0,163.1,72.3,-18.7,0.0,163.1,72.10000000000001,0,46.4,250.0,500.0,11.4,34.7,0,0,0,0,1,0,1,1.02,1.013,1.035,0.994,68.8,76.8,84.9,0.0,44.1
default-grid_000966,default-grid,solar_overvoltage_moderate,train,0,214.4,40.4,-4.8,0.0,214.4,169.2,0,55.4,250.0,500.0,12.4,54.5,1,0,0,0,0,1,1,1.02,1.017,1.06,0.997,65.7,82.5,99.3,0.0,37.9
default-grid_000967,default-grid,bess_injection_discharging,train,0,71.3,222.6,19.1,0.0,71.3,-132.2,0,80.1,250.0,500.0,9.8,47.0,0,0,0,0,1,0,1,1.02,1.006,1.01,0.981,92.6,80.2,67.7,0.0,73.3
default-grid_000968,default-grid,bess_injection_discharging,train,0,72.4,191.6,50.2,0.0,72.4,-68.99999999999999,0,52.4,250.0,500.0,9.8,34.1,0,0,0,0,1,0,1,1.02,1.006,1.04,0.984,86.6,75.3,64.1,0.0,67.3
default-grid_000969,default-grid,evening_peak_demand,train,0,0.3,216.3,6.2,0.0,0.3,-209.8,0,80.8,250.0,500.0,8.5,62.8,0,0,0,0,1,0,1,1.02,1.0,0.981,0.982,87.1,70.7,54.3,0.0,72.1
default-grid_000970,default-grid,bess_injection_discharging,test,0,29.4,255.3,49.2,0.0,29.4,-176.70000000000002,0,75.9,250.0,500.0,9.0,56.0,0,0,0,0,1,0,1,1.02,1.002,1.013,0.979,96.4,75.8,55.1,0.0,79.6
default-grid_000971,default-grid,evening_peak_demand,train,0,2.3,290.1,1.3,0.0,2.3,-286.5,0,40.1,250.0,500.0,8.5,78.4,0,0,1,0,0,1,1,1.02,1.0,0.964,0.976,101.5,78.4,55.3,0.0,86.4
default-grid_000972,default-grid,diurnal_normal_weekday,train,0,190.2,199.9,-6.6,0.0,190.2,-16.30000000000001,0,30.2,250.0,500.0,11.9,23.3,0,0,0,0,1,0,1,1.02,1.015,1.032,0.983,95.3,94.5,93.7,0.0,68.9
default-grid_000973,default-grid,diurnal_normal_weekday,train,0,167.0,148.8,-3.5,0.0,167.0,14.699999999999989,0,74.4,250.0,500.0,11.5,23.0,0,0,0,0,1,0,1,1.02,1.013,1.037,0.988,84.0,86.8,89.5,0.0,58.9
default-grid_000974,default-grid,solar_overvoltage_severe,train,0,275.8,40.2,0.0,0.0,275.8,235.60000000000002,0,41.3,250.0,500.0,13.5,68.1,1,0,1,0,0,2,1,1.02,1.022,1.082,0.997,69.4,91.5,113.5,0.0,37.8
default-grid_000975,default-grid,diurnal_normal_weekday,test,0,206.8,129.8,4.2,0.0,206.8,81.19999999999999,0,35.6,250.0,500.0,12.2,36.6,1,0,0,0,0,1,1,1.02,1.017,1.058,0.989,82.6,90.4,98.3,0.0,55.2
default-grid_000976,default-grid,near_limit_overvoltage,test,1,166.8,45.0,8.3,0.0,166.8,130.10000000000002,0,38.9,250.0,500.0,11.5,46.5,1,0,0,0,0,1,1,1.02,1.013,1.055,0.996,63.8,76.5,89.3,0.0,38.8
default-grid_000977,default-grid,near_limit_feeder_overload,validation,1,231.9,38.8,0.0,0.0,231.9,193.10000000000002,0,44.7,250.0,500.0,12.7,59.4,1,0,1,0,0,2,1,1.02,1.019,1.069,0.997,66.5,85.3,104.2,0.0,37.5
default-grid_000978,default-grid,near_limit_tx_overload,test,1,21.5,278.4,0.0,0.0,21.5,-256.9,0,46.6,250.0,500.0,8.9,72.4,0,0,1,0,0,1,1,1.02,1.002,0.971,0.977,100.4,80.0,59.6,0.0,84.1
default-grid_000979,default-grid,solar_overvoltage_moderate,train,0,216.7,54.4,-10.0,0.0,216.7,152.29999999999998,0,36.3,250.0,500.0,12.4,51.1,1,0,0,0,0,1,1,1.02,1.017,1.057,0.995,68.6,83.5,98.4,0.0,40.6
default-grid_000980,default-grid,diurnal_normal_weekend,train,0,157.9,115.3,4.4,0.0,157.9,47.000000000000014,0,47.0,250.0,500.0,11.3,29.6,0,0,0,0,1,0,1,1.02,1.013,1.047,0.99,76.9,82.4,87.9,0.0,52.4
default-grid_000981,default-grid,bess_absorption_charging,train,0,180.4,85.6,-26.5,0.0,180.4,68.30000000000001,0,48.1,250.0,500.0,11.7,33.9,0,0,0,0,1,0,1,1.02,1.014,1.034,0.993,72.5,79.5,86.6,0.0,46.6
default-grid_000982,default-grid,extreme_stress_holdout,test,1,325.6,28.1,0.0,29.8,295.8,267.7,0,96.0,250.0,500.0,13.8,74.6,0,0,0,0,1,0,1,1.02,1.024,1.046,0.998,68.2,84.0,99.8,0.0,35.5
default-grid_000983,default-grid,nighttime_low_load,train,0,0.0,29.7,0.0,0.0,0.0,-29.7,0,37.2,250.0,500.0,8.5,26.1,0,0,0,0,1,0,1,1.02,1.0,1.0,0.998,50.8,52.9,55.0,0.0,35.8
default-grid_000984,default-grid,solar_overvoltage_severe,train,0,285.6,36.2,0.0,0.0,285.6,249.40000000000003,0,67.7,250.0,500.0,13.6,70.9,1,0,1,0,0,2,1,1.02,1.023,1.085,0.997,69.2,92.3,115.5,0.0,37.0
default-grid_000985,default-grid,solar_overvoltage_severe,train,0,238.1,30.1,0.0,0.0,238.1,208.0,0,40.6,250.0,500.0,12.8,62.4,1,0,1,0,0,2,1,1.02,1.019,1.07,0.997,65.1,85.3,105.5,0.0,35.9
default-grid_000986,default-grid,evening_peak_demand,train,0,0.2,271.8,13.6,0.0,0.2,-258.0,0,55.2,250.0,500.0,8.5,72.6,0,0,0,0,1,0,1,1.02,1.0,0.976,0.977,97.9,75.6,53.3,0.0,82.8
default-grid_000987,default-grid,near_limit_feeder_overload,validation,1,233.2,54.2,0.0,0.0,233.2,179.0,0,60.6,250.0,500.0,12.7,56.5,1,0,1,0,0,2,1,1.02,1.019,1.069,0.995,69.5,87.0,104.4,0.0,40.5
default-grid_000988,default-grid,reconfiguration_alternate,train,0,156.6,151.2,-6.1,0.0,156.6,-0.6999999999999886,1,61.1,250.0,500.0,11.3,20.1,0,0,0,0,1,0,1,1.02,1.013,1.009,0.987,83.8,78.8,73.8,46.0,59.4
default-grid_000989,default-grid,near_limit_feeder_overload,validation,1,262.4,39.5,0.0,0.0,262.4,222.89999999999998,0,43.1,250.0,500.0,13.2,65.5,1,0,1,0,0,2,1,1.02,1.021,1.078,0.997,68.4,89.5,110.6,0.0,37.7
default-grid_000990,default-grid,solar_overvoltage_moderate,train,0,210.0,69.9,-10.4,0.0,210.0,129.7,0,43.7,250.0,500.0,12.3,46.5,1,0,0,0,0,1,1,1.02,1.017,1.055,0.994,71.2,84.1,96.9,0.0,43.6
default-grid_000991,default-grid,diurnal_normal_weekend,train,0,127.2,114.3,-19.3,0.0,127.2,-6.3999999999999915,0,36.1,250.0,500.0,10.8,21.3,0,0,0,0,1,0,1,1.02,1.01,1.021,0.99,74.9,76.0,77.1,0.0,52.2
default-grid_000992,default-grid,bess_absorption_charging,validation,0,235.2,106.0,-45.7,0.0,235.2,83.5,0,63.2,250.0,500.0,12.7,37.0,0,0,0,0,1,0,1,1.02,1.019,1.035,0.991,79.7,86.6,93.4,0.0,50.6
default-grid_000993,default-grid,evening_peak_demand,test,0,5.0,265.0,19.4,0.0,5.0,-240.6,0,73.5,250.0,500.0,8.6,69.1,0,0,0,0,1,0,1,1.02,1.0,0.983,0.978,96.8,75.2,53.6,0.0,81.5
default-grid_000994,default-grid,near_limit_feeder_overload,test,1,236.6,43.5,0.0,0.0,236.6,193.1,0,37.4,250.0,500.0,12.8,59.4,1,0,1,0,0,2,1,1.02,1.019,1.07,0.996,67.7,86.5,105.2,0.0,38.5
default-grid_000995,default-grid,evening_peak_demand,train,0,2.1,280.0,4.7,0.0,2.1,-273.2,0,64.1,250.0,500.0,8.5,75.7,0,0,0,0,1,0,1,1.02,1.0,0.968,0.977,99.6,77.2,54.9,0.0,84.4
default-grid_000996,default-grid,solar_overvoltage_severe,train,0,278.1,30.5,0.0,0.0,278.1,247.60000000000002,0,63.1,250.0,500.0,13.5,70.5,1,0,1,0,0,2,1,1.02,1.022,1.082,0.997,67.6,90.8,114.0,0.0,35.9
default-grid_000997,default-grid,diurnal_normal_weekday,train,0,165.6,156.8,2.7,0.0,165.6,11.499999999999972,0,71.5,250.0,500.0,11.5,22.3,0,0,0,0,1,0,1,1.02,1.013,1.04,0.987,85.4,87.6,89.8,0.0,60.5
default-grid_000998,default-grid,diurnal_normal_weekday,train,0,195.3,134.7,1.8,0.0,195.3,62.400000000000034,0,41.7,250.0,500.0,12.0,32.7,1,0,0,0,0,1,1,1.02,1.016,1.052,0.989,82.9,89.6,96.2,0.0,56.2
default-grid_000999,default-grid,diurnal_normal_weekend,validation,0,226.2,45.5,2.5,0.0,226.2,183.2,0,52.2,250.0,500.0,12.6,57.4,1,0,1,0,0,2,1,1.02,1.018,1.069,0.996,67.4,85.0,102.6,0.0,38.8
default-grid_001000,default-grid,bess_absorption_charging,train,0,150.6,133.1,-34.5,0.0,150.6,-17.0,0,45.1,250.0,500.0,11.2,23.5,0,0,0,0,1,0,1,1.02,1.012,1.013,0.989,79.9,79.1,78.3,0.0,55.9
default-grid_001001,default-grid,diurnal_normal_weekday,train,0,146.5,185.3,1.8,0.0,146.5,-37.0,0,58.1,250.0,500.0,11.1,27.5,0,0,0,0,1,0,1,1.02,1.012,1.028,0.985,89.8,87.8,85.8,0.0,66.0
default-grid_001002,default-grid,solar_curtailment_active,train,0,262.6,51.5,-18.9,42.1,220.50000000000003,150.10000000000002,0,61.1,250.0,500.0,12.5,50.6,0,0,0,0,1,0,1,1.02,1.018,0.993,0.996,68.2,70.0,71.8,0.0,40.0
default-grid_001003,default-grid,solar_overvoltage_severe,train,0,244.1,24.5,0.0,0.0,244.1,219.6,0,59.7,250.0,500.0,12.9,64.8,1,0,1,0,0,2,1,1.02,1.02,1.072,0.998,64.4,85.6,106.7,0.0,34.8
default-grid_001004,default-grid,diurnal_normal_weekday,validation,0,162.2,151.8,0.2,0.0,162.2,10.599999999999966,0,43.6,250.0,500.0,11.4,22.2,0,0,0,0,1,0,1,1.02,1.013,1.038,0.987,84.2,86.8,89.4,0.0,59.5
default-grid_001005,default-grid,solar_overvoltage_moderate,validation,0,229.8,64.1,-8.5,0.0,229.8,157.20000000000002,0,51.7,250.0,500.0,12.6,52.1,1,0,1,0,0,2,1,1.02,1.018,1.062,0.995,71.3,86.4,101.6,0.0,42.5
default-grid_001006,default-grid,solar_curtailment_active,train,0,276.9,45.4,-9.6,93.8,183.09999999999997,128.09999999999997,0,74.4,250.0,500.0,11.8,46.1,0,1,0,0,0,1,1,1.02,1.015,0.916,0.996,64.8,50.0,35.1,0.0,38.8
default-grid_001007,default-grid,solar_overvoltage_severe,train,0,271.1,24.9,0.0,0.0,271.1,246.20000000000002,0,57.5,250.0,500.0,13.4,70.2,1,0,1,0,0,2,1,1.02,1.022,1.08,0.998,66.1,89.3,112.5,0.0,34.8
default-grid_001008,default-grid,near_limit_overvoltage,test,1,206.7,68.2,0.8,0.0,206.7,139.3,0,32.3,250.0,500.0,12.2,48.4,1,0,0,0,0,1,1,1.02,1.017,1.062,0.994,70.7,84.7,98.7,0.0,43.3
default-grid_001009,default-grid,diurnal_normal_weekday,train,0,188.4,172.4,9.4,0.0,188.4,25.400000000000006,0,32.5,250.0,500.0,11.9,25.2,0,0,0,0,1,0,1,1.02,1.015,1.048,0.986,89.8,91.8,93.8,0.0,63.5
default-grid_001010,default-grid,reconfiguration_alternate,train,0,157.9,162.0,15.4,0.0,157.9,11.300000000000011,1,30.9,250.0,500.0,11.3,22.3,0,0,0,0,1,0,1,1.02,1.013,1.023,0.987,86.0,79.8,73.7,46.0,61.5
default-grid_001011,default-grid,nighttime_low_load,train,0,0.0,39.1,0.0,0.0,0.0,-39.1,0,33.4,250.0,500.0,8.5,28.0,0,0,0,0,1,0,1,1.02,1.0,1.0,0.997,52.6,53.8,55.0,0.0,37.6
default-grid_001012,default-grid,diurnal_normal_weekday,train,0,182.3,168.0,-12.4,0.0,182.3,1.9000000000000057,0,71.1,250.0,500.0,11.8,20.4,0,0,0,0,1,0,1,1.02,1.015,1.031,0.986,88.6,89.5,90.5,0.0,62.7
default-grid_001013,default-grid,diurnal_normal_weekend,train,0,149.2,146.6,-3.4,0.0,149.2,-0.8000000000000114,0,36.5,250.0,500.0,11.2,20.2,0,0,0,0,1,0,1,1.02,1.012,1.032,0.988,82.5,84.2,85.8,0.0,58.5
default-grid_001014,default-grid,near_limit_overvoltage,test,1,195.5,70.3,-0.4,0.0,195.5,124.8,0,50.5,250.0,500.0,12.0,45.5,1,0,0,0,0,1,1,1.02,1.016,1.058,0.994,70.4,83.3,96.3,0.0,43.7
default-grid_001015,default-grid,solar_overvoltage_severe,train,0,286.7,26.3,0.0,0.0,286.7,260.4,0,33.3,250.0,500.0,13.7,73.1,1,0,1,0,0,2,1,1.02,1.023,1.085,0.998,67.3,91.5,115.8,0.0,35.1
default-grid_001016,default-grid,solar_overvoltage_moderate,test,0,218.4,48.7,-9.9,0.0,218.4,159.8,0,48.1,250.0,500.0,12.4,52.6,1,0,0,0,0,1,1,1.02,1.017,1.057,0.996,67.6,83.2,98.8,0.0,39.5
default-grid_001017,default-grid,near_limit_tx_overload,validation,1,2.4,272.5,0.0,0.0,2.4,-270.1,0,44.7,250.0,500.0,8.5,75.1,0,0,0,0,1,0,1,1.02,1.0,0.966,0.977,98.1,76.8,55.5,0.0,83.0
default-grid_001018,default-grid,solar_overvoltage_moderate,train,0,205.0,88.1,-6.9,0.0,205.0,110.0,0,62.9,250.0,500.0,12.2,42.4,1,0,0,0,0,1,1,1.02,1.016,1.056,0.993,74.4,85.6,96.7,0.0,47.1
default-grid_001019,default-grid,solar_overvoltage_moderate,test,0,205.6,69.5,-7.3,0.0,205.6,128.79999999999998,0,69.9,250.0,500.0,12.2,46.3,1,0,0,0,0,1,1,1.02,1.016,1.056,0.994,70.8,83.8,96.8,0.0,43.5
default-grid_001020,default-grid,nighttime_low_load,train,0,0.0,42.9,0.0,0.0,0.0,-42.9,0,51.9,250.0,500.0,8.5,28.7,0,0,0,0,1,0,1,1.02,1.0,1.0,0.996,53.3,54.1,55.0,0.0,38.3
default-grid_001021,default-grid,reconfiguration_alternate,train,0,198.8,93.2,-1.4,0.0,198.8,104.2,1,44.1,250.0,500.0,12.1,41.3,0,0,0,0,1,0,1,1.02,1.016,1.029,0.992,75.1,78.8,82.5,46.0,48.1
default-grid_001022,default-grid,diurnal_normal_weekday,validation,0,182.7,161.1,-6.5,0.0,182.7,15.099999999999994,0,37.1,250.0,500.0,11.8,23.1,0,0,0,0,1,0,1,1.02,1.015,1.037,0.987,87.3,89.7,92.1,0.0,61.3
default-grid_001023,default-grid,diurnal_normal_weekday,validation,0,102.5,183.9,8.9,0.0,102.5,-72.5,0,59.5,250.0,500.0,10.3,34.8,0,0,0,0,1,0,1,1.02,1.008,1.02,0.985,86.9,81.2,75.6,0.0,65.8
default-grid_001024,default-grid,diurnal_normal_weekday,validation,0,164.1,196.5,-9.1,0.0,164.1,-41.5,0,37.6,250.0,500.0,11.5,28.5,0,0,0,0,1,0,1,1.02,1.013,1.023,0.984,93.1,90.3,87.5,0.0,68.2
default-grid_001025,default-grid,solar_overvoltage_severe,test,0,246.6,25.4,0.0,0.0,246.6,221.2,0,54.7,250.0,500.0,12.9,65.1,1,0,1,0,0,2,1,1.02,1.02,1.073,0.998,64.7,86.0,107.3,0.0,34.9
default-grid_001026,default-grid,solar_overvoltage_moderate,train,0,206.4,86.7,-11.2,0.0,206.4,108.50000000000001,0,46.0,250.0,500.0,12.2,42.1,1,0,0,0,0,1,1,1.02,1.017,1.053,0.993,74.2,85.1,96.0,0.0,46.9
default-grid_001027,default-grid,bess_injection_discharging,train,0,2.6,186.2,29.0,0.0,2.6,-154.6,0,35.8,250.0,500.0,8.5,51.5,0,0,0,0,1,0,1,1.02,1.0,1.005,0.984,81.4,66.7,51.9,0.0,66.2
default-grid_001028,default-grid,bess_absorption_charging,train,0,189.0,63.5,-18.0,0.0,189.0,107.5,0,63.5,250.0,500.0,11.9,41.9,0,0,0,0,1,0,1,1.02,1.015,1.043,0.995,68.7,79.7,90.6,0.0,42.3
default-grid_001029,default-grid,diurnal_normal_weekend,train,0,143.7,31.6,4.8,0.0,143.7,116.9,0,53.2,250.0,500.0,11.1,43.8,0,0,0,0,1,0,1,1.02,1.011,1.046,0.997,59.8,72.3,84.9,0.0,36.1
default-grid_001030,default-grid,evening_peak_demand,validation,0,3.7,212.8,14.3,0.0,3.7,-194.8,0,69.6,250.0,500.0,8.6,59.7,0,0,0,0,1,0,1,1.02,1.0,0.989,0.982,86.6,70.3,54.0,0.0,71.4
default-grid_001031,default-grid,diurnal_normal_weekday,train,0,175.4,137.5,-9.5,0.0,175.4,28.400000000000006,0,50.8,250.0,500.0,11.7,25.8,0,0,0,0,1,0,1,1.02,1.014,1.038,0.989,82.3,86.0,89.8,0.0,56.7
default-grid_001032,default-grid,bess_injection_discharging,train,0,12.1,226.7,57.0,0.0,12.1,-157.6,0,80.8,250.0,500.0,8.7,52.1,0,0,0,0,1,0,1,1.02,1.001,1.02,0.981,89.8,70.1,50.4,0.0,74.1
default-grid_001033,default-grid,bess_absorption_charging,test,0,193.4,39.4,-45.0,0.0,193.4,109.0,0,36.2,250.0,500.0,12.0,42.2,0,0,0,0,1,0,1,1.02,1.015,1.025,0.997,64.3,74.5,84.8,0.0,37.7
default-grid_001034,default-grid,reconfiguration_alternate,train,0,146.2,39.0,9.2,0.0,146.2,116.39999999999998,1,62.1,250.0,500.0,11.1,43.7,0,0,0,0,1,0,1,1.02,1.012,1.029,0.997,61.4,66.8,72.3,46.0,37.6
default-grid_001035,default-grid,solar_overvoltage_moderate,train,0,199.5,48.8,-7.0,0.0,199.5,143.7,0,52.0,250.0,500.0,12.1,49.3,1,0,0,0,0,1,1,1.02,1.016,1.054,0.996,66.5,81.0,95.5,0.0,39.5
default-grid_001036,default-grid,near_limit_feeder_overload,test,1,250.4,33.4,0.0,0.0,250.4,217.0,0,62.9,250.0,500.0,13.0,64.3,1,0,1,0,0,2,1,1.02,1.02,1.074,0.997,66.5,87.3,108.1,0.0,36.5
default-grid_001037,default-grid,nighttime_low_load,test,0,0.0,24.8,0.0,0.0,0.0,-24.8,0,66.2,250.0,500.0,8.5,25.1,0,0,0,0,1,0,1,1.02,1.0,1.0,0.998,49.8,52.4,55.0,0.0,34.8
default-grid_001038,default-grid,diurnal_normal_weekday,validation,0,193.8,169.9,-12.7,0.0,193.8,11.200000000000017,0,38.1,250.0,500.0,12.0,22.3,0,0,0,0,1,0,1,1.02,1.016,1.034,0.986,89.7,91.3,92.9,0.0,63.0
default-grid_001039,default-grid,solar_overvoltage_moderate,train,0,213.6,58.8,-8.7,0.0,213.6,146.10000000000002,0,47.4,250.0,500.0,12.3,49.8,1,0,0,0,0,1,1,1.02,1.017,1.057,0.995,69.2,83.7,98.1,0.0,41.4
default-grid_001040,default-grid,near_limit_overvoltage,test,1,190.0,66.0,-3.7,0.0,190.0,120.30000000000001,0,71.2,250.0,500.0,11.9,44.5,1,0,0,0,0,1,1,1.02,1.015,1.054,0.995,69.2,81.8,94.4,0.0,42.8
default-grid_001041,default-grid,bess_injection_discharging,validation,0,12.1,164.3,57.8,0.0,12.1,-94.40000000000002,0,90.0,250.0,500.0,8.7,39.3,0,0,0,0,1,0,1,1.02,1.001,1.033,0.986,77.7,64.0,50.3,0.0,61.9
default-grid_001042,default-grid,diurnal_normal_weekday,train,0,103.2,175.1,-17.3,0.0,103.2,-89.19999999999999,0,63.5,250.0,500.0,10.4,38.2,0,0,0,0,1,0,1,1.02,1.008,1.003,0.985,85.2,78.9,72.6,0.0,64.0
default-grid_001043,default-grid,bess_absorption_charging,train,0,203.3,107.2,-19.5,0.0,203.3,76.60000000000001,0,67.4,250.0,500.0,12.2,35.6,0,0,0,0,1,0,1,1.02,1.016,1.045,0.991,78.0,85.6,93.2,0.0,50.8
default-grid_001044,default-grid,evening_peak_demand,test,0,0.3,277.9,17.2,0.0,0.3,-260.4,0,63.1,250.0,500.0,8.5,73.1,0,0,0,0,1,0,1,1.02,1.0,0.977,0.977,99.1,76.0,52.9,0.0,84.0
default-grid_001045,default-grid,nighttime_low_load,train,0,0.0,25.2,0.0,0.0,0.0,-25.2,0,44.1,250.0,500.0,8.5,25.1,0,0,0,0,1,0,1,1.02,1.0,1.0,0.998,49.9,52.5,55.0,0.0,34.9
default-grid_001046,default-grid,diurnal_normal_weekday,train,0,223.8,184.0,-6.5,0.0,223.8,33.30000000000001,0,40.4,250.0,500.0,12.5,26.8,0,0,1,0,0,1,1,1.02,1.018,1.045,0.985,94.2,97.5,100.8,0.0,65.8
default-grid_001047,default-grid,diurnal_normal_weekday,validation,0,169.6,199.4,-2.8,0.0,169.6,-32.60000000000002,0,47.6,250.0,500.0,11.6,26.6,0,0,0,0,1,0,1,1.02,1.014,1.028,0.983,93.9,92.1,90.3,0.0,68.8
default-grid_001048,default-grid,diurnal_normal_weekday,train,0,172.3,174.0,11.3,0.0,172.3,9.600000000000023,0,72.6,250.0,500.0,11.6,22.0,0,0,0,0,1,0,1,1.02,1.014,1.044,0.986,89.2,89.7,90.1,0.0,63.8
default-grid_001049,default-grid,diurnal_normal_weekend,train,0,157.5,134.8,-3.9,0.0,157.5,18.799999999999983,0,32.5,250.0,500.0,11.3,23.8,0,0,0,0,1,0,1,1.02,1.013,1.037,0.989,80.7,84.1,87.4,0.0,56.2
default-grid_001050,default-grid,diurnal_normal_weekday,test,0,167.7,147.5,7.6,0.0,167.7,27.799999999999983,0,71.4,250.0,500.0,11.5,25.7,0,0,0,0,1,0,1,1.02,1.013,1.046,0.988,83.7,86.7,89.6,0.0,58.7
default-grid_001051,default-grid,near_limit_overvoltage,validation,1,184.5,47.5,6.9,0.0,184.5,143.9,0,35.4,250.0,500.0,11.8,49.3,1,0,0,0,0,1,1,1.02,1.015,1.06,0.996,65.3,79.3,93.3,0.0,39.2
default-grid_001052,default-grid,diurnal_normal_weekday,train,0,215.6,198.4,-15.7,0.0,215.6,1.5,0,70.8,250.0,500.0,12.4,20.3,0,0,0,0,1,0,1,1.02,1.017,1.033,0.983,96.5,96.7,96.8,0.0,68.6
default-grid_001053,default-grid,diurnal_normal_weekday,train,0,88.4,123.0,-7.0,0.0,88.4,-41.599999999999994,0,70.6,250.0,500.0,10.1,28.5,0,0,0,0,1,0,1,1.02,1.007,1.016,0.99,74.2,73.1,72.0,0.0,53.9
default-grid_001054,default-grid,solar_curtailment_active,train,0,248.5,59.4,-0.1,37.8,210.7,151.2,0,65.6,250.0,500.0,12.3,50.8,0,0,0,0,1,0,1,1.02,1.017,1.009,0.995,69.2,73.1,77.0,0.0,41.5
default-grid_001055,default-grid,solar_overvoltage_moderate,test,0,228.6,78.7,-4.6,0.0,228.6,145.3,0,70.8,250.0,500.0,12.6,49.6,1,0,1,0,0,2,1,1.02,1.018,1.064,0.993,74.0,88.2,102.3,0.0,45.3
default-grid_001056,default-grid,diurnal_normal_weekend,train,0,229.3,146.7,-8.6,0.0,229.3,74.00000000000003,0,48.2,250.0,500.0,12.6,35.1,1,0,1,0,0,2,1,1.02,1.018,1.052,0.988,87.3,94.4,101.5,0.0,58.5
default-grid_001057,default-grid,reconfiguration_alternate,validation,0,134.0,90.0,23.8,0.0,134.0,67.80000000000001,1,65.0,250.0,500.0,10.9,33.8,0,0,0,0,1,0,1,1.02,1.011,1.038,0.993,70.5,69.5,68.5,46.0,47.5
default-grid_001058,default-grid,bess_injection_discharging,validation,0,30.2,249.4,30.3,0.0,30.2,-188.9,0,72.7,250.0,500.0,9.0,58.5,0,0,0,0,1,0,1,1.02,1.002,1.001,0.979,95.3,76.5,57.6,0.0,78.5
default-grid_001059,default-grid,solar_curtailment_active,test,0,209.3,40.8,-22.7,61.5,147.8,84.30000000000001,0,63.4,250.0,500.0,11.2,37.2,0,1,0,0,0,1,1,1.02,1.012,0.941,0.997,61.8,52.8,43.8,0.0,37.9
default-grid_001060,default-grid,near_limit_overvoltage,test,1,187.9,63.4,7.0,0.0,187.9,131.5,0,67.7,250.0,500.0,11.9,46.8,1,0,0,0,0,1,1,1.02,1.015,1.061,0.995,68.6,81.3,94.0,0.0,42.3
default-grid_001061,default-grid,evening_peak_demand,train,0,2.5,305.0,13.7,0.0,2.5,-288.8,0,56.8,250.0,500.0,8.5,78.9,0,0,1,0,0,1,1,1.02,1.0,0.97,0.975,104.5,79.2,53.8,0.0,89.3
default-grid_001062,default-grid,near_limit_overvoltage,test,1,197.2,45.9,-7.9,0.0,197.2,143.39999999999998,0,61.7,250.0,500.0,12.0,49.2,1,0,0,0,0,1,1,1.02,1.016,1.053,0.996,65.8,80.3,94.8,0.0,38.9
default-grid_001063,default-grid,solar_overvoltage_moderate,train,0,228.5,43.3,-5.7,0.0,228.5,179.5,0,61.5,250.0,500.0,12.6,56.6,1,0,1,0,0,2,1,1.02,1.018,1.064,0.996,67.1,84.5,102.0,0.0,38.4
default-grid_001064,default-grid,diurnal_normal_weekday,train,0,193.6,133.0,-1.5,0.0,193.6,59.099999999999994,0,65.7,250.0,500.0,12.0,32.1,0,0,0,0,1,0,1,1.02,1.015,1.05,0.989,82.5,89.1,95.7,0.0,55.9
default-grid_001065,default-grid,extreme_stress_holdout,test,1,284.1,23.4,0.0,28.9,255.20000000000002,231.8,0,18.0,250.0,500.0,13.1,67.3,0,0,0,0,1,0,1,1.02,1.02,1.035,0.998,64.9,78.3,91.8,0.0,34.5
default-grid_001066,default-grid,nighttime_low_load,train,0,0.0,27.7,0.0,0.0,0.0,-27.7,0,67.4,250.0,500.0,8.5,25.6,0,0,0,0,1,0,1,1.02,1.0,1.0,0.998,50.4,52.7,55.0,0.0,35.4
default-grid_001067,default-grid,solar_overvoltage_moderate,test,0,235.7,84.7,-0.3,0.0,235.7,150.7,0,41.9,250.0,500.0,12.7,50.7,1,0,1,0,0,2,1,1.02,1.019,1.07,0.993,75.6,90.2,104.9,0.0,46.5
default-grid_001068,default-grid,nighttime_low_load,train,0,0.0,24.5,0.0,0.0,0.0,-24.5,0,63.4,250.0,500.0,8.5,25.0,0,0,0,0,1,0,1,1.02,1.0,1.0,0.998,49.8,52.4,55.0,0.0,34.8
default-grid_001069,default-grid,nighttime_low_load,train,0,0.0,24.7,0.0,0.0,0.0,-24.7,0,47.0,250.0,500.0,8.5,25.0,0,0,0,0,1,0,1,1.02,1.0,1.0,0.998,49.8,52.4,55.0,0.0,34.8
default-grid_001070,default-grid,diurnal_normal_weekday,train,0,194.9,188.8,-14.7,0.0,194.9,-8.599999999999994,0,56.3,250.0,500.0,12.0,21.8,0,0,0,0,1,0,1,1.02,1.016,1.029,0.984,93.4,93.0,92.6,0.0,66.7
default-grid_001071,default-grid,diurnal_normal_weekday,train,0,100.9,162.8,-12.6,0.0,100.9,-74.5,0,54.9,250.0,500.0,10.3,35.2,0,0,0,0,1,0,1,1.02,1.008,1.008,0.986,82.7,78.0,73.2,0.0,61.7
default-grid_001072,default-grid,solar_overvoltage_moderate,train,0,226.5,55.6,-9.2,0.0,226.5,161.70000000000002,0,49.6,250.0,500.0,12.6,53.0,1,0,1,0,0,2,1,1.02,1.018,1.06,0.995,69.4,85.1,100.7,0.0,40.8
default-grid_001073,default-grid,diurnal_normal_weekday,test,0,193.2,157.0,-12.1,0.0,193.2,24.099999999999994,0,67.4,250.0,500.0,12.0,24.9,0,0,0,0,1,0,1,1.02,1.015,1.037,0.987,87.1,90.0,92.9,0.0,60.5
default-grid_001074,default-grid,diurnal_normal_weekday,train,0,91.2,143.0,0.0,0.0,91.2,-51.8,0,68.5,250.0,500.0,10.1,30.6,0,0,0,0,1,0,1,1.02,1.007,1.018,0.988,78.3,76.3,74.3,0.0,57.8
default-grid_001075,default-grid,nighttime_low_load,train,0,0.0,29.1,0.0,0.0,0.0,-29.1,0,62.9,250.0,500.0,8.5,25.9,0,0,0,0,1,0,1,1.02,1.0,1.0,0.998,50.7,52.9,55.0,0.0,35.7
default-grid_001076,default-grid,bess_absorption_charging,test,0,194.1,83.3,-40.8,0.0,194.1,70.00000000000001,0,65.8,250.0,500.0,12.0,34.3,0,0,0,0,1,0,1,1.02,1.016,1.028,0.993,72.8,79.3,85.9,0.0,46.2
default-grid_001077,default-grid,bess_injection_discharging,train,0,48.3,193.1,52.1,0.0,48.3,-92.69999999999999,0,82.1,250.0,500.0,9.4,38.9,0,0,0,0,1,0,1,1.02,1.004,1.033,0.984,85.4,72.1,58.7,0.0,67.5
default-grid_001078,default-grid,near_limit_overvoltage,test,1,208.0,40.7,-8.5,0.0,208.0,158.8,0,49.1,250.0,500.0,12.2,52.4,1,0,0,0,0,1,1,1.02,1.017,1.055,0.997,65.4,81.2,97.0,0.0,37.9
default-grid_001079,default-grid,diurnal_normal_weekend,train,0,225.2,60.2,-15.6,0.0,225.2,149.39999999999998,0,45.8,250.0,500.0,12.6,50.5,1,0,0,0,0,1,1,1.02,1.018,1.055,0.995,70.2,84.5,98.8,0.0,41.7
default-grid_001080,default-grid,diurnal_normal_weekday,train,0,210.8,125.7,-15.2,0.0,210.8,69.90000000000002,0,47.0,250.0,500.0,12.3,34.3,0,0,0,0,1,0,1,1.02,1.017,1.046,0.99,82.1,89.0,95.9,0.0,54.4
default-grid_001081,default-grid,near_limit_feeder_overload,validation,1,212.5,56.2,0.0,0.0,212.5,156.3,0,49.2,250.0,500.0,12.3,51.9,1,0,0,0,0,1,1,1.02,1.017,1.063,0.995,68.7,84.3,100.0,0.0,40.9
default-grid_001082,default-grid,diurnal_normal_weekday,train,0,96.7,162.4,-11.3,0.0,96.7,-77.0,0,64.3,250.0,500.0,10.2,35.7,0,0,0,0,1,0,1,1.02,1.008,1.008,0.986,82.4,77.6,72.7,0.0,61.6
default-grid_001083,default-grid,near_limit_feeder_overload,validation,1,233.8,37.2,0.0,0.0,233.8,196.60000000000002,0,68.1,250.0,500.0,12.7,60.1,1,0,1,0,0,2,1,1.02,1.019,1.069,0.997,66.3,85.4,104.6,0.0,37.2
default-grid_001084,default-grid,bess_absorption_charging,test,0,191.2,96.7,-29.1,0.0,191.2,65.39999999999999,0,37.2,250.0,500.0,11.9,33.3,0,0,0,0,1,0,1,1.02,1.015,1.035,0.992,75.3,81.8,88.3,0.0,48.8
default-grid_001085,default-grid,solar_overvoltage_moderate,train,0,227.7,51.2,-6.2,0.0,227.7,170.3,0,38.8,250.0,500.0,12.6,54.7,1,0,1,0,0,2,1,1.02,1.018,1.063,0.996,68.6,85.2,101.7,0.0,40.0
default-grid_001086,default-grid,bess_absorption_charging,validation,0,244.5,33.2,-54.4,0.0,244.5,156.89999999999998,0,54.4,250.0,500.0,12.9,52.0,0,0,0,0,1,0,1,1.02,1.02,1.033,0.997,66.1,79.7,93.2,0.0,36.5
default-grid_001087,default-grid,diurnal_normal_weekend,train,0,149.9,145.3,-10.3,0.0,149.9,-5.700000000000017,0,44.3,250.0,500.0,11.2,21.2,0,0,0,0,1,0,1,1.02,1.012,1.028,0.988,82.2,83.2,84.2,0.0,58.3
default-grid_001088,default-grid,evening_peak_demand,validation,0,4.9,224.8,19.0,0.0,4.9,-200.9,0,46.6,250.0,500.0,8.6,61.0,0,0,0,0,1,0,1,1.02,1.0,0.99,0.981,89.0,71.3,53.7,0.0,73.7
default-grid_001089,default-grid,diurnal_normal_weekday,train,0,174.5,177.6,0.1,0.0,174.5,-3.0,0,60.9,250.0,500.0,11.6,20.6,0,0,0,0,1,0,1,1.02,1.014,1.036,0.985,90.0,91.0,92.0,0.0,64.5
default-grid_001090,default-grid,diurnal_normal_weekend,train,0,220.4,61.9,-21.9,0.0,220.4,136.6,0,63.4,250.0,500.0,12.5,47.9,0,0,0,0,1,0,1,1.02,1.018,1.049,0.995,70.3,83.2,96.2,0.0,42.0
default-grid_001091,default-grid,diurnal_normal_weekday,train,0,192.9,138.9,3.1,0.0,192.9,57.099999999999994,0,52.8,250.0,500.0,12.0,31.6,1,0,0,0,0,1,1,1.02,1.015,1.052,0.988,83.6,89.5,95.5,0.0,57.0
default-grid_001092,default-grid,solar_curtailment_active,validation,0,222.9,91.8,-18.2,42.2,180.7,70.7,0,51.8,250.0,500.0,11.8,34.4,0,0,0,0,1,0,1,1.02,1.014,0.981,0.992,73.7,68.5,63.4,0.0,47.9
default-grid_001093,default-grid,bess_injection_discharging,train,0,9.5,216.0,49.3,0.0,9.5,-157.2,0,60.5,250.0,500.0,8.7,52.1,0,0,0,0,1,0,1,1.02,1.001,1.015,0.982,87.6,69.2,50.9,0.0,72.0
default-grid_001094,default-grid,diurnal_normal_weekday,train,0,88.9,142.7,-15.5,0.0,88.9,-69.29999999999998,0,61.2,250.0,500.0,10.1,34.1,0,0,0,0,1,0,1,1.02,1.007,1.007,0.988,78.1,74.0,70.0,0.0,57.7
default-grid_001095,default-grid,diurnal_normal_weekday,train,0,204.1,198.3,-9.8,0.0,204.1,-4.000000000000028,0,65.0,250.0,500.0,12.2,20.8,0,0,0,0,1,0,1,1.02,1.016,1.034,0.983,95.8,95.8,95.8,0.0,68.6
default-grid_001096,default-grid,diurnal_normal_weekend,train,0,178.6,56.0,-2.8,0.0,178.6,119.79999999999998,0,32.7,250.0,500.0,11.7,44.4,1,0,0,0,0,1,1,1.02,1.014,1.051,0.995,66.6,79.4,92.2,0.0,40.9
default-grid_001097,default-grid,solar_overvoltage_severe,train,0,246.9,30.9,0.0,0.0,246.9,216.0,0,34.6,250.0,500.0,12.9,64.1,1,0,1,0,0,2,1,1.02,1.02,1.073,0.997,65.8,86.5,107.3,0.0,36.0
default-grid_001098,default-grid,evening_peak_demand,train,0,1.5,241.3,15.0,0.0,1.5,-224.8,0,82.5,250.0,500.0,8.5,65.9,0,0,0,0,1,0,1,1.02,1.0,0.983,0.98,92.0,72.7,53.4,0.0,76.9
default-grid_001099,default-grid,near_limit_feeder_overload,validation,1,251.8,45.3,0.0,0.0,251.8,206.5,0,57.8,250.0,500.0,13.0,62.1,1,0,1,0,0,2,1,1.02,1.02,1.075,0.996,68.9,88.7,108.4,0.0,38.8
default-grid_001100,default-grid,solar_overvoltage_moderate,test,0,208.0,82.4,-1.2,0.0,208.0,124.4,0,36.3,250.0,500.0,12.2,45.4,1,0,0,0,0,1,1,1.02,1.017,1.061,0.993,73.5,86.2,98.8,0.0,46.0
default-grid_001101,default-grid,reconfiguration_alternate,validation,0,183.9,151.2,-6.3,0.0,183.9,26.400000000000006,1,71.8,250.0,500.0,11.8,25.4,0,0,0,0,1,0,1,1.02,1.015,1.013,0.987,85.4,82.1,78.7,46.0,59.4
default-grid_001102,default-grid,evening_peak_demand,train,0,0.9,250.1,0.1,0.0,0.9,-249.1,0,71.2,250.0,500.0,8.5,70.8,0,0,0,0,1,0,1,1.02,1.0,0.97,0.979,93.7,74.5,55.2,0.0,78.6
default-grid_001103,default-grid,evening_peak_demand,train,0,3.1,235.5,5.2,0.0,3.1,-227.2,0,50.3,250.0,500.0,8.6,66.3,0,0,0,0,1,0,1,1.02,1.0,0.978,0.98,91.0,73.0,55.0,0.0,75.8
default-grid_001104,default-grid,evening_peak_demand,test,0,3.4,258.0,14.3,0.0,3.4,-240.3,0,51.3,250.0,500.0,8.6,69.0,0,0,0,0,1,0,1,1.02,1.0,0.98,0.979,95.4,74.7,53.9,0.0,80.2
default-grid_001105,default-grid,solar_overvoltage_moderate,train,0,220.3,66.8,-1.4,0.0,220.3,152.10000000000002,0,70.7,250.0,500.0,12.5,51.0,1,0,1,0,0,2,1,1.02,1.018,1.064,0.994,71.2,86.3,101.4,0.0,43.0
default-grid_001106,default-grid,solar_curtailment_active,train,0,222.4,38.2,-20.6,107.3,115.10000000000001,56.3,0,46.2,250.0,500.0,10.6,31.5,0,1,0,0,0,1,1,1.02,1.009,0.869,0.997,59.3,34.6,9.9,0.0,37.4
default-grid_001107,default-grid,bess_absorption_charging,train,0,231.4,83.6,-24.4,0.0,231.4,123.4,0,29.4,250.0,500.0,12.7,45.2,1,0,0,0,0,1,1,1.02,1.019,1.051,0.993,75.1,86.5,98.0,0.0,46.3
default-grid_001108,default-grid,nighttime_low_load,test,0,0.0,24.3,0.0,0.0,0.0,-24.3,0,61.2,250.0,500.0,8.5,25.0,0,0,0,0,1,0,1,1.02,1.0,1.0,0.998,49.7,52.4,55.0,0.0,34.7
default-grid_001109,default-grid,solar_curtailment_active,test,0,238.9,61.1,-1.8,103.4,135.5,72.6,0,70.6,250.0,500.0,10.9,34.8,0,1,0,0,0,1,1,1.02,1.011,0.894,0.995,65.0,43.1,21.2,0.0,41.9
default-grid_001110,default-grid,bess_injection_discharging,test,0,71.0,233.9,54.0,0.0,71.0,-108.9,0,65.9,250.0,500.0,9.8,42.2,0,0,0,0,1,0,1,1.02,1.006,1.033,0.981,94.7,79.0,63.3,0.0,75.5
default-grid_001111,default-grid,diurnal_normal_weekday,train,0,196.2,132.5,-3.6,0.0,196.2,60.099999999999994,0,32.5,250.0,500.0,12.0,32.3,0,0,0,0,1,0,1,1.02,1.016,1.049,0.989,82.5,89.1,95.7,0.0,55.8
default-grid_001112,default-grid,near_limit_feeder_overload,test,1,217.4,30.8,0.0,0.0,217.4,186.6,0,70.4,250.0,500.0,12.4,58.1,1,0,1,0,0,2,1,1.02,1.017,1.064,0.997,64.0,82.5,101.1,0.0,36.0
default-grid_001113,default-grid,bess_injection_discharging,validation,0,61.2,252.7,42.7,0.0,61.2,-148.79999999999998,0,88.1,250.0,500.0,9.6,50.3,0,0,0,0,1,0,1,1.02,1.005,1.019,0.979,97.8,80.2,62.6,0.0,79.1
default-grid_001114,default-grid,nighttime_low_load,validation,0,0.0,29.1,0.0,0.0,0.0,-29.1,0,60.6,250.0,500.0,8.5,25.9,0,0,0,0,1,0,1,1.02,1.0,1.0,0.998,50.7,52.9,55.0,0.0,35.7
default-grid_001115,default-grid,diurnal_normal_weekend,train,0,225.6,79.0,-16.7,0.0,225.6,129.9,0,38.8,250.0,500.0,12.6,46.5,1,0,0,0,0,1,1,1.02,1.018,1.055,0.993,73.9,86.3,98.7,0.0,45.4
default-grid_001116,default-grid,solar_overvoltage_moderate,train,0,217.1,65.5,-7.6,0.0,217.1,144.0,0,73.3,250.0,500.0,12.4,49.4,1,0,0,0,0,1,1,1.02,1.017,1.059,0.995,70.8,84.9,99.1,0.0,42.7
default-grid_001117,default-grid,diurnal_normal_weekend,validation,0,188.1,88.3,-21.5,0.0,188.1,78.3,0,69.0,250.0,500.0,11.9,36.0,0,0,0,0,1,0,1,1.02,1.015,1.04,0.993,73.5,81.5,89.5,0.0,47.2
default-grid_001118,default-grid,diurnal_normal_weekday,test,0,116.6,138.5,3.5,0.0,116.6,-18.400000000000006,0,67.8,250.0,500.0,10.6,23.8,0,0,0,0,1,0,1,1.02,1.009,1.029,0.988,78.9,79.1,79.3,0.0,56.9
default-grid_001119,default-grid,solar_overvoltage_severe,validation,0,284.5,40.4,0.0,0.0,284.5,244.1,0,47.7,250.0,500.0,13.6,69.8,1,0,1,0,0,2,1,1.02,1.023,1.084,0.997,69.9,92.6,115.3,0.0,37.9
default-grid_001120,default-grid,near_limit_undervoltage,test,1,7.6,281.3,4.6,0.0,7.6,-269.1,0,56.0,250.0,500.0,8.6,74.9,0,0,1,0,0,1,1,1.02,1.001,0.969,0.977,100.2,78.1,56.0,0.0,84.7
default-grid_001121,default-grid,nighttime_low_load,train,0,0.0,39.9,0.0,0.0,0.0,-39.9,0,67.6,250.0,500.0,8.5,28.1,0,0,0,0,1,0,1,1.02,1.0,1.0,0.997,52.8,53.9,55.0,0.0,37.8
default-grid_001122,default-grid,diurnal_normal_weekday,train,0,228.2,155.9,-2.0,0.0,228.2,70.29999999999998,0,35.7,250.0,500.0,12.6,34.3,1,0,1,0,0,2,1,1.02,1.018,1.055,0.987,89.0,96.0,102.9,0.0,60.3
default-grid_001123,default-grid,solar_overvoltage_moderate,test,0,187.9,44.6,-0.3,0.0,187.9,143.0,0,52.0,250.0,500.0,11.9,49.2,1,0,0,0,0,1,1,1.02,1.015,1.055,0.996,64.9,79.8,94.8,0.0,38.7
default-grid_001124,default-grid,diurnal_normal_weekday,train,0,158.4,187.8,10.2,0.0,158.4,-19.200000000000017,0,33.5,250.0,500.0,11.4,23.9,0,0,0,0,1,0,1,1.02,1.013,1.037,0.984,91.0,89.2,87.3,0.0,66.5
default-grid_001125,default-grid,solar_overvoltage_moderate,train,0,190.8,45.9,-0.1,0.0,190.8,144.8,0,45.3,250.0,500.0,11.9,49.5,1,0,0,0,0,1,1,1.02,1.015,1.056,0.996,65.4,80.4,95.4,0.0,38.9
default-grid_001126,default-grid,reconfiguration_alternate,train,0,187.2,203.3,-18.1,0.0,187.2,-34.20000000000002,1,53.8,250.0,500.0,11.9,27.0,0,0,0,0,1,0,1,1.02,1.015,0.995,0.983,95.8,86.3,76.8,46.0,69.5
default-grid_001127,default-grid,bess_injection_discharging,train,0,2.0,190.1,53.3,0.0,2.0,-134.8,0,68.0,250.0,500.0,8.5,47.5,0,0,0,0,1,0,1,1.02,1.0,1.021,0.984,82.1,65.4,48.8,0.0,67.0
default-grid_001128,default-grid,diurnal_normal_weekend,train,0,209.7,45.0,4.1,0.0,209.7,168.79999999999998,0,72.6,250.0,500.0,12.3,54.4,1,0,0,0,0,1,1,1.02,1.017,1.065,0.996,66.3,82.6,98.9,0.0,38.8
default-grid_001129,default-grid,diurnal_normal_weekend,test,0,198.9,114.2,-18.1,0.0,198.9,66.60000000000001,0,62.6,250.0,500.0,12.1,33.6,0,0,0,0,1,0,1,1.02,1.016,1.043,0.99,79.1,85.8,92.6,0.0,52.2
default-grid_001130,default-grid,solar_overvoltage_moderate,test,0,217.9,56.4,-4.2,0.0,217.9,157.3,0,61.4,250.0,500.0,12.4,52.1,1,0,1,0,0,2,1,1.02,1.017,1.061,0.995,69.0,84.5,100.1,0.0,41.0
default-grid_001131,default-grid,solar_curtailment_active,train,0,236.7,73.2,-5.5,28.9,207.79999999999998,129.09999999999997,0,41.6,250.0,500.0,12.2,46.3,0,0,0,0,1,0,1,1.02,1.017,1.017,0.994,71.7,76.0,80.3,0.0,44.2
default-grid_001132,default-grid,diurnal_normal_weekend,train,0,181.5,101.7,-6.5,0.0,181.5,73.3,0,42.8,250.0,500.0,11.8,35.0,0,0,0,0,1,0,1,1.02,1.015,1.049,0.992,75.7,83.8,91.9,0.0,49.8
default-grid_001133,default-grid,diurnal_normal_weekday,train,0,179.7,168.0,8.6,0.0,179.7,20.299999999999983,0,34.2,250.0,500.0,11.7,24.1,0,0,0,0,1,0,1,1.02,1.014,1.046,0.986,88.4,90.2,92.0,0.0,62.7
default-grid_001134,default-grid,near_limit_tx_overload,test,1,12.1,293.3,0.0,0.0,12.1,-281.2,0,39.7,250.0,500.0,8.7,77.4,0,0,1,0,0,1,1,1.02,1.001,0.965,0.976,102.8,80.2,57.6,0.0,87.0
default-grid_001135,default-grid,solar_overvoltage_moderate,train,0,198.6,52.9,-3.9,0.0,198.6,141.79999999999998,0,40.5,250.0,500.0,12.1,48.9,1,0,0,0,0,1,1,1.02,1.016,1.056,0.996,67.2,81.7,96.1,0.0,40.3
default-grid_001136,default-grid,near_limit_tx_overload,test,1,48.2,316.6,0.0,0.0,48.2,-268.40000000000003,0,47.7,250.0,500.0,9.4,74.7,0,0,1,0,0,1,1,1.02,1.004,0.971,0.974,109.5,87.3,65.2,0.0,91.6
default-grid_001137,default-grid,evening_peak_demand,train,0,4.5,270.1,13.7,0.0,4.5,-251.90000000000003,0,64.3,250.0,500.0,8.6,71.4,0,0,0,0,1,0,1,1.02,1.0,0.977,0.977,97.8,76.0,54.2,0.0,82.5
default-grid_001138,default-grid,diurnal_normal_weekend,train,0,159.4,77.3,3.9,0.0,159.4,86.00000000000001,0,52.9,250.0,500.0,11.4,37.5,0,0,0,0,1,0,1,1.02,1.013,1.05,0.994,69.6,78.9,88.3,0.0,45.0
default-grid_001139,default-grid,solar_overvoltage_moderate,test,0,220.9,81.0,-10.6,0.0,220.9,129.3,0,66.1,250.0,500.0,12.5,46.4,1,0,0,0,0,1,1,1.02,1.018,1.058,0.993,74.0,86.6,99.2,0.0,45.8
default-grid_001140,default-grid,near_limit_overvoltage,test,1,173.1,53.5,-5.4,0.0,173.1,114.19999999999999,0,58.1,250.0,500.0,11.6,43.3,0,0,0,0,1,0,1,1.02,1.014,1.047,0.996,65.8,78.0,90.3,0.0,40.4
default-grid_001141,default-grid,diurnal_normal_weekday,train,0,167.8,151.5,-6.1,0.0,167.8,10.200000000000017,0,41.7,250.0,500.0,11.5,22.1,0,0,0,0,1,0,1,1.02,1.013,1.035,0.987,84.5,86.8,89.0,0.0,59.5
default-grid_001142,default-grid,nighttime_low_load,train,0,0.0,44.4,0.0,0.0,0.0,-44.4,0,56.7,250.0,500.0,8.5,29.1,0,0,0,0,1,0,1,1.02,1.0,1.0,0.996,53.6,54.3,55.0,0.0,38.6
default-grid_001143,default-grid,diurnal_normal_weekday,train,0,182.6,155.1,6.4,0.0,182.6,33.900000000000006,0,68.3,250.0,500.0,11.8,26.9,0,0,0,0,1,0,1,1.02,1.015,1.048,0.987,86.1,89.5,92.9,0.0,60.2
default-grid_001144,default-grid,bess_injection_discharging,test,0,20.1,176.9,47.3,0.0,20.1,-109.5,0,44.0,250.0,500.0,8.9,42.3,0,0,0,0,1,0,1,1.02,1.002,1.025,0.985,80.6,66.9,53.3,0.0,64.4
default-grid_001145,default-grid,nighttime_low_load,test,0,0.0,43.4,0.0,0.0,0.0,-43.4,0,54.3,250.0,500.0,8.5,28.9,0,0,0,0,1,0,1,1.02,1.0,1.0,0.996,53.4,54.2,55.0,0.0,38.4
default-grid_001146,default-grid,diurnal_normal_weekday,test,0,171.7,126.3,10.7,0.0,171.7,56.09999999999998,0,53.4,250.0,500.0,11.6,31.4,1,0,0,0,0,1,1,1.02,1.014,1.053,0.989,79.9,85.0,90.1,0.0,54.6
default-grid_001147,default-grid,solar_overvoltage_moderate,train,0,195.2,34.4,-7.3,0.0,195.2,153.49999999999997,0,37.5,250.0,500.0,12.0,51.3,1,0,0,0,0,1,1,1.02,1.016,1.052,0.997,63.4,79.0,94.6,0.0,36.7
default-grid_001148,default-grid,solar_overvoltage_moderate,validation,0,229.2,71.3,-9.6,0.0,229.2,148.3,0,62.9,250.0,500.0,12.6,50.2,1,0,1,0,0,2,1,1.02,1.018,1.061,0.994,72.6,86.9,101.2,0.0,43.9
default-grid_001149,default-grid,diurnal_normal_weekday,test,0,171.4,128.3,6.8,0.0,171.4,49.900000000000006,0,55.5,250.0,500.0,11.6,30.2,0,0,0,0,1,0,1,1.02,1.014,1.05,0.989,80.2,85.3,90.5,0.0,54.9
default-grid_001150,default-grid,nighttime_low_load,train,0,0.0,28.1,0.0,0.0,0.0,-28.1,0,59.2,250.0,500.0,8.5,25.7,0,0,0,0,1,0,1,1.02,1.0,1.0,0.998,50.5,52.8,55.0,0.0,35.5
default-grid_001151,default-grid,solar_overvoltage_severe,train,0,282.9,28.8,0.0,0.0,282.9,254.09999999999997,0,73.9,250.0,500.0,13.6,71.8,1,0,1,0,0,2,1,1.02,1.023,1.084,0.998,67.6,91.3,115.0,0.0,35.6
default-grid_001152,default-grid,solar_overvoltage_moderate,train,0,203.6,58.4,-4.9,0.0,203.6,140.29999999999998,0,71.7,250.0,500.0,12.2,48.6,1,0,0,0,0,1,1,1.02,1.016,1.057,0.995,68.6,82.8,96.9,0.0,41.4
default-grid_001153,default-grid,solar_overvoltage_severe,train,0,262.6,40.5,0.0,0.0,262.6,222.10000000000002,0,37.5,250.0,500.0,13.2,65.3,1,0,1,0,0,2,1,1.02,1.021,1.078,0.997,68.6,89.7,110.7,0.0,37.9
default-grid_001154,default-grid,diurnal_normal_weekday,train,0,152.0,177.2,-5.5,0.0,152.0,-30.69999999999999,0,72.7,250.0,500.0,11.2,26.3,0,0,0,0,1,0,1,1.02,1.012,1.026,0.985,88.6,87.2,85.8,0.0,64.5
default-grid_001155,default-grid,diurnal_normal_weekend,train,0,208.0,76.6,-17.4,0.0,208.0,114.0,0,45.5,250.0,500.0,12.2,43.3,0,0,0,0,1,0,1,1.02,1.017,1.049,0.994,72.4,83.6,94.7,0.0,44.9
default-grid_001156,default-grid,bess_injection_discharging,train,0,50.1,202.0,58.8,0.0,50.1,-93.1,0,84.2,250.0,500.0,9.4,39.0,0,0,0,0,1,0,1,1.02,1.004,1.037,0.983,87.3,72.8,58.3,0.0,69.3
default-grid_001157,default-grid,diurnal_normal_weekday,train,0,224.5,192.0,-8.8,0.0,224.5,23.69999999999999,0,39.2,250.0,500.0,12.5,24.8,0,0,1,0,0,1,1,1.02,1.018,1.042,0.984,95.8,98.1,100.4,0.0,67.3
default-grid_001158,default-grid,diurnal_normal_weekday,train,0,225.7,191.7,-11.6,0.0,225.7,22.400000000000006,0,32.9,250.0,500.0,12.6,24.6,0,0,0,0,1,0,1,1.02,1.018,1.04,0.984,95.8,97.8,99.9,0.0,67.3
default-grid_001159,default-grid,evening_peak_demand,train,0,1.0,271.6,1.9,0.0,1.0,-268.70000000000005,0,66.3,250.0,500.0,8.5,74.8,0,0,0,0,1,0,1,1.02,1.0,0.967,0.977,97.9,76.5,55.0,0.0,82.8
default-grid_001160,default-grid,bess_absorption_charging,train,0,190.0,107.0,-53.1,0.0,190.0,29.900000000000006,0,53.3,250.0,500.0,11.9,26.1,0,0,0,0,1,0,1,1.02,1.015,1.016,0.991,77.2,79.6,82.0,0.0,50.8
default-grid_001161,default-grid,solar_overvoltage_moderate,train,0,218.8,38.5,-11.7,0.0,218.8,168.60000000000002,0,53.0,250.0,500.0,12.4,54.4,1,0,0,0,0,1,1,1.02,1.018,1.056,0.997,65.6,82.0,98.5,0.0,37.5
default-grid_001162,default-grid,near_limit_overvoltage,test,1,172.5,56.5,5.3,0.0,172.5,121.30000000000001,0,66.3,250.0,500.0,11.6,44.7,1,0,0,0,0,1,1,1.02,1.014,1.055,0.995,66.3,78.6,90.9,0.0,41.0
default-grid_001163,default-grid,nighttime_low_load,test,0,0.0,27.4,0.0,0.0,0.0,-27.4,0,36.9,250.0,500.0,8.5,25.6,0,0,0,0,1,0,1,1.02,1.0,1.0,0.998,50.3,52.6,55.0,0.0,35.3
default-grid_001164,default-grid,solar_overvoltage_severe,validation,0,298.8,26.2,0.0,0.0,298.8,272.6,0,54.9,250.0,500.0,13.9,75.6,1,0,1,0,0,2,1,1.02,1.024,1.088,0.998,68.0,93.2,118.3,0.0,35.1
default-grid_001165,default-grid,diurnal_normal_weekend,train,0,171.9,78.0,-4.9,0.0,171.9,89.0,0,49.0,250.0,500.0,11.6,38.2,0,0,0,0,1,0,1,1.02,1.014,1.047,0.994,70.5,80.3,90.2,0.0,45.2
default-grid_001166,default-grid,bess_absorption_charging,train,0,192.3,82.2,-36.2,0.0,192.3,73.90000000000002,0,30.4,250.0,500.0,12.0,35.1,0,0,0,0,1,0,1,1.02,1.015,1.031,0.993,72.5,79.6,86.7,0.0,46.0
default-grid_001167,default-grid,diurnal_normal_weekday,train,0,204.2,156.3,-1.0,0.0,204.2,46.89999999999998,0,73.8,250.0,500.0,12.2,29.6,0,0,0,0,1,0,1,1.02,1.016,1.048,0.987,87.6,92.8,98.0,0.0,60.4
default-grid_001168,default-grid,solar_overvoltage_moderate,validation,0,190.5,62.4,-5.4,0.0,190.5,122.69999999999999,0,61.6,250.0,500.0,11.9,45.0,1,0,0,0,0,1,1,1.02,1.015,1.052,0.995,68.6,81.3,94.0,0.0,42.1
default-grid_001169,default-grid,extreme_stress_holdout,test,1,285.6,25.1,0.0,31.3,254.3,229.20000000000002,0,96.0,250.0,500.0,13.1,66.7,0,0,0,0,1,0,1,1.02,1.02,1.031,0.998,65.1,77.6,90.1,0.0,34.9
default-grid_001170,default-grid,solar_curtailment_active,train,0,277.0,83.1,-12.0,85.0,192.0,96.9,0,62.1,250.0,500.0,12.0,39.8,0,1,0,0,0,1,1,1.02,1.015,0.929,0.993,72.7,57.2,41.7,0.0,46.2
default-grid_001171,default-grid,diurnal_normal_weekend,train,0,164.9,131.5,-14.0,0.0,164.9,19.400000000000006,0,67.2,250.0,500.0,11.5,24.0,0,0,0,0,1,0,1,1.02,1.013,1.032,0.989,80.5,83.5,86.5,0.0,55.6
default-grid_001172,default-grid,diurnal_normal_weekend,train,0,181.8,95.3,-0.3,0.0,181.8,86.2,0,59.5,250.0,500.0,11.8,37.6,1,0,0,0,0,1,1,1.02,1.015,1.054,0.992,74.4,84.0,93.5,0.0,48.5
default-grid_001173,default-grid,near_limit_feeder_overload,validation,1,201.6,56.5,0.0,0.0,201.6,145.1,0,30.4,250.0,500.0,12.1,49.6,1,0,0,0,0,1,1,1.02,1.016,1.06,0.995,68.1,82.9,97.7,0.0,41.0
default-grid_001174,default-grid,nighttime_low_load,test,0,0.0,32.8,0.0,0.0,0.0,-32.8,0,61.9,250.0,500.0,8.5,26.7,0,0,0,0,1,0,1,1.02,1.0,1.0,0.997,51.4,53.2,55.0,0.0,36.4
default-grid_001175,default-grid,diurnal_normal_weekday,train,0,97.5,154.9,7.9,0.0,97.5,-49.5,0,43.9,250.0,500.0,10.3,30.1,0,0,0,0,1,0,1,1.02,1.008,1.024,0.987,81.0,77.8,74.7,0.0,60.1
default-grid_001176,default-grid,solar_overvoltage_moderate,train,0,227.1,86.5,-10.9,0.0,227.1,129.7,0,35.0,250.0,500.0,12.6,46.5,1,0,1,0,0,2,1,1.02,1.018,1.059,0.993,75.4,87.9,100.4,0.0,46.8
default-grid_001177,default-grid,near_limit_tx_overload,validation,1,47.6,330.3,0.0,0.0,47.6,-282.7,0,33.6,250.0,500.0,9.4,77.7,0,0,1,0,0,1,1,1.02,1.004,0.968,0.972,112.1,88.6,65.1,0.0,94.2
default-grid_001178,default-grid,nighttime_low_load,validation,0,0.0,37.8,0.0,0.0,0.0,-37.8,0,56.3,250.0,500.0,8.5,27.7,0,0,0,0,1,0,1,1.02,1.0,1.0,0.997,52.4,53.7,55.0,0.0,37.4
default-grid_001179,default-grid,nighttime_low_load,train,0,0.0,34.6,0.0,0.0,0.0,-34.6,0,50.9,250.0,500.0,8.5,27.1,0,0,0,0,1,0,1,1.02,1.0,1.0,0.997,51.7,53.4,55.0,0.0,36.7
default-grid_001180,default-grid,solar_overvoltage_moderate,validation,0,188.8,47.0,-9.2,0.0,188.8,132.60000000000002,0,48.7,250.0,500.0,11.9,47.0,0,0,0,0,1,0,1,1.02,1.015,1.049,0.996,65.5,79.1,92.7,0.0,39.1
default-grid_001181,default-grid,solar_overvoltage_moderate,train,0,188.5,40.5,-2.1,0.0,188.5,145.9,0,66.5,250.0,500.0,11.9,49.8,1,0,0,0,0,1,1,1.02,1.015,1.054,0.997,64.2,79.3,94.4,0.0,37.9
default-grid_001182,default-grid,bess_injection_discharging,test,0,4.8,248.3,47.8,0.0,4.8,-195.70000000000002,0,46.4,250.0,500.0,8.6,59.9,0,0,0,0,1,0,1,1.02,1.0,1.006,0.979,93.6,71.8,50.0,0.0,78.3
default-grid_001183,default-grid,solar_overvoltage_moderate,train,0,213.8,39.6,-1.0,0.0,213.8,173.20000000000002,0,57.2,250.0,500.0,12.3,55.3,1,0,1,0,0,2,1,1.02,1.017,1.063,0.997,65.5,82.8,100.1,0.0,37.7
default-grid_001184,default-grid,diurnal_normal_weekday,train,0,150.2,176.7,-9.6,0.0,150.2,-36.099999999999994,0,65.0,250.0,500.0,11.2,27.4,0,0,0,0,1,0,1,1.02,1.012,1.022,0.985,88.4,86.4,84.4,0.0,64.4
default-grid_001185,default-grid,diurnal_normal_weekday,test,0,186.4,164.3,-3.0,0.0,186.4,19.099999999999994,0,68.7,250.0,500.0,11.9,23.9,0,0,0,0,1,0,1,1.02,1.015,1.04,0.986,88.1,90.9,93.8,0.0,61.9
default-grid_001186,default-grid,solar_overvoltage_moderate,train,0,195.6,63.0,-10.7,0.0,195.6,121.9,0,71.8,250.0,500.0,12.0,44.9,0,0,0,0,1,0,1,1.02,1.016,1.05,0.995,69.0,81.4,93.8,0.0,42.2
default-grid_001187,default-grid,solar_overvoltage_moderate,train,0,194.3,80.0,-2.1,0.0,194.3,112.20000000000002,0,48.7,250.0,500.0,12.0,42.9,1,0,0,0,0,1,1,1.02,1.016,1.056,0.993,72.2,84.0,95.7,0.0,45.6
default-grid_001188,default-grid,bess_injection_discharging,train,0,2.9,183.3,57.2,0.0,2.9,-123.20000000000002,0,75.7,250.0,500.0,8.6,45.1,0,0,0,0,1,0,1,1.02,1.0,1.026,0.985,80.8,64.7,48.5,0.0,65.6
default-grid_001189,default-grid,diurnal_normal_weekday,test,0,180.1,122.1,-8.6,0.0,180.1,49.400000000000006,0,35.0,250.0,500.0,11.7,30.1,0,0,0,0,1,0,1,1.02,1.014,1.043,0.99,79.5,85.2,91.0,0.0,53.7
default-grid_001190,default-grid,diurnal_normal_weekend,train,0,196.9,118.1,-4.2,0.0,196.9,74.60000000000002,0,63.6,250.0,500.0,12.0,35.2,1,0,0,0,0,1,1,1.02,1.016,1.052,0.99,79.8,87.8,95.7,0.0,53.0
default-grid_001191,default-grid,nighttime_low_load,train,0,0.0,40.6,0.0,0.0,0.0,-40.6,0,35.8,250.0,500.0,8.5,28.3,0,0,0,0,1,0,1,1.02,1.0,1.0,0.997,52.9,54.0,55.0,0.0,37.9
default-grid_001192,default-grid,bess_absorption_charging,train,0,180.5,55.6,-23.6,0.0,180.5,101.30000000000001,0,37.4,250.0,500.0,11.7,40.7,0,0,0,0,1,0,1,1.02,1.014,1.036,0.995,66.6,77.0,87.4,0.0,40.8
default-grid_001193,default-grid,solar_overvoltage_moderate,test,0,222.2,77.6,-4.5,0.0,222.2,140.1,0,50.5,250.0,500.0,12.5,48.6,1,0,1,0,0,2,1,1.02,1.018,1.063,0.994,73.4,87.2,101.0,0.0,45.1
default-grid_001194,default-grid,solar_curtailment_active,train,0,245.9,31.8,-9.1,47.8,198.10000000000002,157.20000000000002,0,72.8,250.0,500.0,12.1,52.1,0,0,0,0,1,0,1,1.02,1.016,0.985,0.997,63.1,64.5,66.0,0.0,36.2
default-grid_001195,default-grid,evening_peak_demand,train,0,0.0,294.1,8.7,0.0,0.0,-285.40000000000003,0,46.3,250.0,500.0,8.5,78.2,0,0,1,0,0,1,1,1.02,1.0,0.967,0.975,102.2,78.0,53.9,0.0,87.2
default-grid_001196,default-grid,solar_overvoltage_severe,train,0,240.2,39.7,0.0,0.0,240.2,200.5,0,53.6,250.0,500.0,12.8,60.9,1,0,1,0,0,2,1,1.02,1.019,1.071,0.997,67.1,86.5,105.9,0.0,37.7
default-grid_001197,default-grid,diurnal_normal_weekday,train,0,142.6,154.8,-1.9,0.0,142.6,-14.100000000000023,0,59.7,250.0,500.0,11.1,22.9,0,0,0,0,1,0,1,1.02,1.011,1.03,0.987,83.7,84.2,84.8,0.0,60.1
default-grid_001198,default-grid,diurnal_normal_weekend,train,0,187.3,56.4,-1.6,0.0,187.3,129.3,0,59.8,250.0,500.0,11.9,46.4,1,0,0,0,0,1,1,1.02,1.015,1.054,0.995,67.2,80.8,94.3,0.0,41.0
default-grid_001199,default-grid,diurnal_normal_weekday,train,0,155.3,130.8,1.0,0.0,155.3,25.5,0,62.8,250.0,500.0,11.3,25.2,0,0,0,0,1,0,1,1.02,1.012,1.041,0.989,79.8,83.8,87.8,0.0,55.4
default-grid_001200,default-grid,bess_absorption_charging,train,0,243.6,93.1,-51.8,0.0,243.6,98.70000000000002,0,59.0,250.0,500.0,12.9,40.1,0,0,0,0,1,0,1,1.02,1.019,1.035,0.992,77.7,85.7,93.7,0.0,48.1
default-grid_001201,default-grid,diurnal_normal_weekday,train,0,173.8,191.5,-2.7,0.0,173.8,-20.399999999999977,0,70.8,250.0,500.0,11.6,24.2,0,0,0,0,1,0,1,1.02,1.014,1.031,0.984,92.7,92.0,91.2,0.0,67.2
default-grid_001202,default-grid,diurnal_normal_weekday,train,0,165.6,153.3,-1.9,0.0,165.6,10.399999999999977,0,34.9,250.0,500.0,11.5,22.1,0,0,0,0,1,0,1,1.02,1.013,1.037,0.987,84.7,87.2,89.6,0.0,59.8
default-grid_001203,default-grid,diurnal_normal_weekend,train,0,180.1,68.1,-12.6,0.0,180.1,99.4,0,32.6,250.0,500.0,11.7,40.3,0,0,0,0,1,0,1,1.02,1.014,1.044,0.994,69.0,79.5,90.0,0.0,43.2
default-grid_001204,default-grid,diurnal_normal_weekday,train,0,234.3,200.9,-14.4,0.0,234.3,19.0,0,59.0,250.0,500.0,12.7,23.9,0,0,1,0,0,1,1,1.02,1.019,1.039,0.983,98.1,99.6,101.1,0.0,69.1
default-grid_001205,default-grid,diurnal_normal_weekday,train,0,210.2,156.0,-9.8,0.0,210.2,44.39999999999998,0,52.1,250.0,500.0,12.3,29.1,0,0,0,0,1,0,1,1.02,1.017,1.044,0.987,87.9,92.5,97.1,0.0,60.3
default-grid_001206,default-grid,extreme_stress_holdout,test,1,316.0,23.5,0.0,25.8,290.2,266.7,0,18.0,250.0,500.0,13.7,74.4,0,0,1,0,0,1,1,1.02,1.023,1.05,0.998,67.0,84.0,101.0,0.0,34.6
default-grid_001207,default-grid,reconfiguration_alternate,validation,0,260.5,63.9,-22.4,0.0,260.5,174.2,1,45.7,250.0,500.0,13.2,55.5,0,0,0,0,1,0,1,1.02,1.021,1.023,0.995,73.1,81.1,89.1,46.0,42.4
default-grid_001208,default-grid,bess_injection_discharging,test,0,52.0,176.7,43.5,0.0,52.0,-81.19999999999999,0,77.7,250.0,500.0,9.4,36.6,0,0,0,0,1,0,1,1.02,1.004,1.032,0.985,82.5,71.5,60.6,0.0,64.4
default-grid_001209,default-grid,diurnal_normal_weekday,train,0,165.4,124.1,6.8,0.0,165.4,48.10000000000002,0,65.1,250.0,500.0,11.5,29.8,0,0,0,0,1,0,1,1.02,1.013,1.049,0.99,79.1,84.2,89.2,0.0,54.1
default-grid_001210,default-grid,diurnal_normal_weekend,train,0,140.9,47.7,-13.2,0.0,140.9,80.0,0,31.6,250.0,500.0,11.0,36.3,0,0,0,0,1,0,1,1.02,1.011,1.032,0.996,62.7,72.2,81.6,0.0,39.3
default-grid_001211,default-grid,diurnal_normal_weekday,train,0,133.0,149.3,-3.7,0.0,133.0,-20.0,0,54.7,250.0,500.0,10.9,24.1,0,0,0,0,1,0,1,1.02,1.011,1.027,0.988,82.0,82.2,82.3,0.0,59.0
default-grid_001212,default-grid,diurnal_normal_weekday,validation,0,212.4,132.1,5.6,0.0,212.4,85.9,0,31.6,250.0,500.0,12.3,37.5,1,0,0,0,0,1,1,1.02,1.017,1.061,0.989,83.4,91.3,99.3,0.0,55.7
default-grid_001213,default-grid,diurnal_normal_weekday,validation,0,178.5,164.5,-16.8,0.0,178.5,-2.8000000000000114,0,38.8,250.0,500.0,11.7,20.6,0,0,0,0,1,0,1,1.02,1.014,1.028,0.986,87.7,88.2,88.6,0.0,62.0
default-grid_001214,default-grid,solar_overvoltage_severe,test,0,269.2,40.7,0.0,0.0,269.2,228.5,0,63.8,250.0,500.0,13.3,66.6,1,0,1,0,0,2,1,1.02,1.022,1.08,0.997,69.1,90.6,112.1,0.0,37.9
default-grid_001215,default-grid,solar_overvoltage_moderate,train,0,198.7,61.9,-7.5,0.0,198.7,129.29999999999998,0,46.3,250.0,500.0,12.1,46.4,1,0,0,0,0,1,1,1.02,1.016,1.053,0.995,69.0,82.1,95.2,0.0,42.0
default-grid_001216,default-grid,bess_injection_discharging,train,0,25.1,246.8,44.9,0.0,25.1,-176.8,0,35.5,250.0,500.0,9.0,56.1,0,0,0,0,1,0,1,1.02,1.002,1.011,0.979,94.5,74.6,54.7,0.0,78.0
default-grid_001217,default-grid,diurnal_normal_weekday,train,0,154.4,190.9,5.4,0.0,154.4,-31.099999999999994,0,55.5,250.0,500.0,11.3,26.3,0,0,0,0,1,0,1,1.02,1.012,1.031,0.984,91.4,89.2,87.1,0.0,67.1
default-grid_001218,default-grid,bess_absorption_charging,train,0,232.9,44.4,-50.0,0.0,232.9,138.5,0,38.5,250.0,500.0,12.7,48.2,0,0,0,0,1,0,1,1.02,1.019,1.033,0.996,67.6,79.8,91.9,0.0,38.6
default-grid_001219,default-grid,solar_overvoltage_moderate,train,0,192.6,46.2,-4.0,0.0,192.6,142.39999999999998,0,56.8,250.0,500.0,12.0,49.0,1,0,0,0,0,1,1,1.02,1.015,1.054,0.996,65.5,80.2,94.8,0.0,39.0
default-grid_001220,default-grid,solar_overvoltage_moderate,test,0,215.8,34.7,-10.8,0.0,215.8,170.3,0,74.3,250.0,500.0,12.4,54.7,1,0,0,0,0,1,1,1.02,1.017,1.056,0.997,64.7,81.3,98.0,0.0,36.7
default-grid_001221,default-grid,nighttime_low_load,validation,0,0.0,27.8,0.0,0.0,0.0,-27.8,0,47.9,250.0,500.0,8.5,25.7,0,0,0,0,1,0,1,1.02,1.0,1.0,0.998,50.4,52.7,55.0,0.0,35.4
default-grid_001222,default-grid,reconfiguration_alternate,validation,0,146.6,208.2,-14.9,0.0,146.6,-76.5,1,56.8,250.0,500.0,11.1,35.6,0,0,0,0,1,0,1,1.02,1.012,0.99,0.983,94.3,82.2,70.1,46.0,70.5
default-grid_001223,default-grid,diurnal_normal_weekday,test,0,195.5,187.8,8.6,0.0,195.5,16.299999999999983,0,59.7,250.0,500.0,12.0,23.3,0,0,0,0,1,0,1,1.02,1.016,1.047,0.984,93.2,94.3,95.4,0.0,66.5
default-grid_001224,default-grid,diurnal_normal_weekend,train,0,191.5,101.1,-19.9,0.0,191.5,70.5,0,55.2,250.0,500.0,11.9,34.4,0,0,0,0,1,0,1,1.02,1.015,1.042,0.992,76.1,83.3,90.6,0.0,49.7
default-grid_001225,default-grid,diurnal_normal_weekday,train,0,163.1,184.8,-1.5,0.0,163.1,-23.200000000000017,0,35.8,250.0,500.0,11.4,24.7,0,0,0,0,1,0,1,1.02,1.013,1.03,0.985,90.7,90.0,89.2,0.0,65.9
default-grid_001226,default-grid,bess_injection_discharging,test,0,61.7,269.2,42.6,0.0,61.7,-164.89999999999998,0,87.9,250.0,500.0,9.6,53.6,0,0,1,0,0,1,1,1.02,1.005,1.015,0.978,101.0,81.9,62.8,0.0,82.3
default-grid_001227,default-grid,diurnal_normal_weekend,train,0,162.4,75.5,-12.0,0.0,162.4,74.9,0,65.7,250.0,500.0,11.4,35.3,0,0,0,0,1,0,1,1.02,1.013,1.039,0.994,69.4,77.9,86.4,0.0,44.7
default-grid_001228,default-grid,bess_absorption_charging,train,0,222.1,130.5,-52.5,0.0,222.1,39.099999999999994,0,72.5,250.0,500.0,12.5,28.0,0,0,0,0,1,0,1,1.02,1.018,1.022,0.989,83.7,86.3,89.0,0.0,55.4
default-grid_001229,default-grid,evening_peak_demand,train,0,2.0,211.3,15.6,0.0,2.0,-193.70000000000002,0,72.9,250.0,500.0,8.5,59.5,0,0,0,0,1,0,1,1.02,1.0,0.99,0.982,86.2,69.8,53.5,0.0,71.1
default-grid_001230,default-grid,bess_absorption_charging,validation,0,164.7,92.9,-27.3,0.0,164.7,44.49999999999997,0,54.8,250.0,500.0,11.5,29.1,0,0,0,0,1,0,1,1.02,1.013,1.029,0.992,72.9,78.0,83.1,0.0,48.1
default-grid_001231,default-grid,evening_peak_demand,train,0,2.0,218.7,3.2,0.0,2.0,-213.5,0,66.9,250.0,500.0,8.5,63.5,0,0,0,0,1,0,1,1.02,1.0,0.979,0.982,87.6,71.3,55.0,0.0,72.5
default-grid_001232,default-grid,diurnal_normal_weekday,train,0,134.9,138.3,-11.6,0.0,134.9,-15.0,0,73.1,250.0,500.0,10.9,23.1,0,0,0,0,1,0,1,1.02,1.011,1.024,0.988,80.0,80.3,80.7,0.0,56.9
default-grid_001233,default-grid,reconfiguration_alternate,train,0,190.0,46.8,-5.6,0.0,190.0,137.60000000000002,1,33.0,250.0,500.0,11.9,48.1,0,0,0,0,1,0,1,1.02,1.015,1.025,0.996,65.5,72.8,80.0,46.0,39.1
default-grid_001234,default-grid,nighttime_low_load,train,0,0.0,24.3,0.0,0.0,0.0,-24.3,0,61.0,250.0,500.0,8.5,25.0,0,0,0,0,1,0,1,1.02,1.0,1.0,0.998,49.7,52.4,55.0,0.0,34.7
default-grid_001235,default-grid,diurnal_normal_weekend,train,0,192.5,115.5,4.1,0.0,192.5,81.1,0,61.1,250.0,500.0,12.0,36.5,1,0,0,0,0,1,1,1.02,1.015,1.057,0.99,79.0,87.2,95.3,0.0,52.5
default-grid_001236,default-grid,diurnal_normal_weekday,train,0,171.9,170.0,5.3,0.0,171.9,7.200000000000017,0,36.9,250.0,500.0,11.6,21.5,0,0,0,0,1,0,1,1.02,1.014,1.041,0.986,88.4,89.6,90.8,0.0,63.1
default-grid_001237,default-grid,bess_injection_discharging,train,0,18.4,204.5,23.0,0.0,18.4,-163.1,0,48.1,250.0,500.0,8.8,53.3,0,0,0,0,1,0,1,1.02,1.001,1.001,0.983,85.9,71.0,56.0,0.0,69.8
default-grid_001238,default-grid,diurnal_normal_weekend,train,0,213.8,70.8,4.4,0.0,213.8,147.40000000000003,0,38.5,250.0,500.0,12.3,50.1,1,0,0,0,0,1,1,1.02,1.017,1.066,0.994,71.6,85.7,99.8,0.0,43.8
default-grid_001239,default-grid,solar_overvoltage_moderate,train,0,199.2,52.1,-6.0,0.0,199.2,141.1,0,49.9,250.0,500.0,12.1,48.8,1,0,0,0,0,1,1,1.02,1.016,1.055,0.996,67.1,81.4,95.7,0.0,40.1
default-grid_001240,default-grid,solar_overvoltage_moderate,validation,0,214.3,43.2,-1.6,0.0,214.3,169.5,0,41.9,250.0,500.0,12.4,54.6,1,0,0,0,0,1,1,1.02,1.017,1.062,0.996,66.3,83.2,100.0,0.0,38.4
default-grid_001241,default-grid,solar_overvoltage_moderate,validation,0,204.7,56.4,-6.4,0.0,204.7,141.89999999999998,0,30.3,250.0,500.0,12.2,48.9,1,0,0,0,0,1,1,1.02,1.016,1.056,0.995,68.2,82.5,96.8,0.0,41.0
default-grid_001242,default-grid,near_limit_feeder_overload,test,1,238.2,38.4,0.0,0.0,238.2,199.79999999999998,0,45.8,250.0,500.0,12.8,60.8,1,0,1,0,0,2,1,1.02,1.019,1.071,0.997,66.8,86.2,105.5,0.0,37.5
default-grid_001243,default-grid,diurnal_normal_weekday,train,0,117.5,139.1,-17.5,0.0,117.5,-39.099999999999994,0,66.4,250.0,500.0,10.6,28.0,0,0,0,0,1,0,1,1.02,1.009,1.014,0.988,79.1,77.3,75.5,0.0,57.0
default-grid_001244,default-grid,near_limit_undervoltage,test,1,1.7,284.3,3.4,0.0,1.7,-279.2,0,35.3,250.0,500.0,8.5,76.9,0,0,1,0,0,1,1,1.02,1.0,0.966,0.976,100.4,77.7,54.9,0.0,85.3
default-grid_001245,default-grid,bess_absorption_charging,train,0,194.9,46.6,-47.6,0.0,194.9,100.70000000000002,0,50.1,250.0,500.0,12.0,40.5,0,0,0,0,1,0,1,1.02,1.016,1.023,0.996,65.8,75.1,84.4,0.0,39.1
default-grid_001246,default-grid,near_limit_feeder_overload,test,1,242.1,49.5,0.0,0.0,242.1,192.6,0,46.7,250.0,500.0,12.9,59.3,1,0,1,0,0,2,1,1.02,1.019,1.072,0.996,69.2,87.8,106.3,0.0,39.6
default-grid_001247,default-grid,diurnal_normal_weekday,train,0,109.6,166.6,-6.9,0.0,109.6,-63.900000000000006,0,41.0,250.0,500.0,10.5,33.0,0,0,0,0,1,0,1,1.02,1.009,1.014,0.986,84.0,80.2,76.5,0.0,62.4
default-grid_001248,default-grid,solar_overvoltage_severe,train,0,270.9,39.6,0.0,0.0,270.9,231.29999999999998,0,71.1,250.0,500.0,13.4,67.2,1,0,1,0,0,2,1,1.02,1.022,1.08,0.997,69.0,90.7,112.4,0.0,37.7
default-grid_001249,default-grid,solar_curtailment_active,train,0,206.8,32.5,-6.8,105.4,101.4,62.10000000000001,0,43.4,250.0,500.0,10.3,32.7,0,1,0,0,0,1,1,1.02,1.008,0.878,0.997,57.4,34.5,11.6,0.0,36.3
default-grid_001250,default-grid,solar_overvoltage_severe,validation,0,289.2,34.7,0.0,0.0,289.2,254.5,0,58.7,250.0,500.0,13.7,71.9,1,0,1,0,0,2,1,1.02,1.023,1.086,0.997,69.1,92.7,116.3,0.0,36.7
default-grid_001251,default-grid,diurnal_normal_weekend,train,0,185.0,134.5,-18.6,0.0,185.0,31.900000000000006,0,31.4,250.0,500.0,11.8,26.5,0,0,0,0,1,0,1,1.02,1.015,1.034,0.989,82.3,85.9,89.6,0.0,56.2
default-grid_001252,default-grid,solar_overvoltage_moderate,train,0,229.3,57.8,-0.3,0.0,229.3,171.2,0,72.0,250.0,500.0,12.6,54.9,1,0,1,0,0,2,1,1.02,1.018,1.068,0.995,70.0,86.8,103.5,0.0,41.2
default-grid_001253,default-grid,reconfiguration_alternate,train,0,129.1,31.7,12.3,0.0,129.1,109.7,1,52.0,250.0,500.0,10.8,42.4,0,0,0,0,1,0,1,1.02,1.01,1.029,0.997,58.9,63.9,68.9,46.0,36.2
default-grid_001254,default-grid,solar_overvoltage_severe,test,0,265.5,36.3,0.0,0.0,265.5,229.2,0,31.5,250.0,500.0,13.3,66.7,1,0,1,0,0,2,1,1.02,1.021,1.079,0.997,68.0,89.7,111.3,0.0,37.1
default-grid_001255,default-grid,diurnal_normal_weekend,train,0,135.7,114.3,0.5,0.0,135.7,21.89999999999999,0,68.0,250.0,500.0,10.9,24.5,0,0,0,0,1,0,1,1.02,1.011,1.038,0.99,75.4,79.6,83.7,0.0,52.2
default-grid_001256,default-grid,extreme_stress_holdout,test,1,320.2,24.3,0.0,28.5,291.7,267.4,0,96.0,250.0,500.0,13.8,74.5,0,0,0,0,1,0,1,1.02,1.023,1.046,0.998,67.2,83.5,99.7,0.0,34.7
default-grid_001257,default-grid,solar_curtailment_active,train,0,229.4,101.6,-2.7,59.8,169.60000000000002,65.30000000000004,0,33.6,250.0,500.0,11.6,33.3,0,0,0,0,1,0,1,1.02,1.014,0.964,0.992,74.9,64.7,54.4,0.0,49.8
default-grid_001258,default-grid,diurnal_normal_weekend,train,0,117.3,43.1,-19.8,0.0,117.3,54.4,0,55.2,250.0,500.0,10.6,31.1,0,0,0,0,1,0,1,1.02,1.009,1.02,0.996,60.4,67.7,74.9,0.0,38.4
default-grid_001259,default-grid,evening_peak_demand,train,0,1.3,246.6,23.8,0.0,1.3,-221.5,0,57.7,250.0,500.0,8.5,65.2,0,0,0,0,1,0,1,1.02,1.0,0.988,0.979,93.0,72.7,52.3,0.0,77.9
default-grid_001260,default-grid,evening_peak_demand,train,0,4.2,302.7,15.3,0.0,4.2,-283.2,0,84.8,250.0,500.0,8.6,77.8,0,0,1,0,0,1,1,1.02,1.0,0.972,0.975,104.1,79.0,54.0,0.0,88.9
default-grid_001261,default-grid,solar_curtailment_active,train,0,241.8,91.4,-9.5,42.1,199.70000000000002,98.80000000000001,0,71.3,250.0,500.0,12.1,40.2,0,0,0,0,1,0,1,1.02,1.016,0.993,0.992,74.8,72.2,69.7,0.0,47.8
default-grid_001262,default-grid,evening_peak_demand,validation,0,1.1,237.2,15.9,0.0,1.1,-220.2,0,70.5,250.0,500.0,8.5,64.9,0,0,0,0,1,0,1,1.02,1.0,0.984,0.98,91.2,72.2,53.2,0.0,76.1
default-grid_001263,default-grid,diurnal_normal_weekday,train,0,176.9,148.7,-4.0,0.0,176.9,24.200000000000017,0,61.0,250.0,500.0,11.7,24.9,0,0,0,0,1,0,1,1.02,1.014,1.04,0.988,84.5,88.0,91.5,0.0,58.9
default-grid_001264,default-grid,diurnal_normal_weekday,train,0,166.0,187.9,-2.2,0.0,166.0,-24.099999999999994,0,31.1,250.0,500.0,11.5,24.9,0,0,0,0,1,0,1,1.02,1.013,1.03,0.984,91.5,90.5,89.6,0.0,66.5
default-grid_001265,default-grid,nighttime_low_load,train,0,0.0,28.7,0.0,0.0,0.0,-28.7,0,38.9,250.0,500.0,8.5,25.9,0,0,0,0,1,0,1,1.02,1.0,1.0,0.998,50.6,52.8,55.0,0.0,35.6
default-grid_001266,default-grid,solar_overvoltage_moderate,train,0,236.0,48.9,-5.8,0.0,236.0,181.29999999999998,0,55.0,250.0,500.0,12.7,57.0,1,0,1,0,0,2,1,1.02,1.019,1.066,0.996,68.7,86.2,103.6,0.0,39.5
default-grid_001267,default-grid,bess_absorption_charging,test,0,170.2,77.2,-25.9,0.0,170.2,67.09999999999998,0,44.1,250.0,500.0,11.6,33.7,0,0,0,0,1,0,1,1.02,1.014,1.032,0.994,70.2,77.4,84.6,0.0,45.0
default-grid_001268,default-grid,solar_overvoltage_moderate,train,0,209.2,80.7,-10.1,0.0,209.2,118.39999999999999,0,51.4,250.0,500.0,12.3,44.1,1,0,0,0,0,1,1,1.02,1.017,1.055,0.993,73.2,85.0,96.8,0.0,45.7
default-grid_001269,default-grid,evening_peak_demand,test,0,4.8,296.7,8.4,0.0,4.8,-283.5,0,78.7,250.0,500.0,8.6,77.8,0,0,1,0,0,1,1,1.02,1.0,0.968,0.975,103.0,79.0,55.0,0.0,87.7
default-grid_001270,default-grid,diurnal_normal_weekend,train,0,149.4,41.1,-2.0,0.0,149.4,106.30000000000001,0,42.7,250.0,500.0,11.2,41.7,0,0,0,0,1,0,1,1.02,1.012,1.043,0.997,62.0,74.1,86.2,0.0,38.0
default-grid_001271,default-grid,evening_peak_demand,train,0,2.5,270.0,7.6,0.0,2.5,-259.9,0,46.6,250.0,500.0,8.5,73.0,0,0,0,0,1,0,1,1.02,1.0,0.972,0.978,97.7,76.2,54.6,0.0,82.5
default-grid_001272,default-grid,near_limit_undervoltage,test,1,1.2,281.8,-3.1,0.0,1.2,-283.7,0,60.4,250.0,500.0,8.5,77.9,0,0,0,0,1,0,1,1.02,1.0,0.962,0.977,99.9,77.2,54.5,0.0,84.8
default-grid_001273,default-grid,solar_overvoltage_moderate,test,0,204.8,51.0,-5.7,0.0,204.8,148.10000000000002,0,35.1,250.0,500.0,12.2,50.2,1,0,0,0,0,1,1,1.02,1.016,1.056,0.996,67.2,82.1,97.0,0.0,39.9
default-grid_001274,default-grid,solar_overvoltage_severe,train,0,244.2,28.1,0.0,0.0,244.2,216.1,0,50.8,250.0,500.0,12.9,64.1,1,0,1,0,0,2,1,1.02,1.02,1.072,0.998,65.1,85.9,106.8,0.0,35.5
default-grid_001275,default-grid,diurnal_normal_weekend,train,0,141.0,77.1,-5.6,0.0,141.0,58.30000000000001,0,60.5,250.0,500.0,11.0,31.9,0,0,0,0,1,0,1,1.02,1.011,1.038,0.994,68.5,76.0,83.5,0.0,45.0
default-grid_001276,default-grid,diurnal_normal_weekday,test,0,188.2,123.5,-13.2,0.0,188.2,51.5,0,37.7,250.0,500.0,11.9,30.5,0,0,0,0,1,0,1,1.02,1.015,1.041,0.99,80.3,85.9,91.6,0.0,54.0
default-grid_001277,default-grid,extreme_stress_holdout,test,1,323.3,18.4,0.0,16.0,307.3,288.90000000000003,0,96.0,250.0,500.0,14.0,78.9,1,0,1,0,0,2,1,1.02,1.025,1.069,0.998,67.0,88.8,110.5,0.0,33.6
default-grid_001278,default-grid,solar_overvoltage_moderate,validation,0,236.8,74.8,-4.7,0.0,236.8,157.3,0,63.9,250.0,500.0,12.8,52.1,1,0,1,0,0,2,1,1.02,1.019,1.067,0.994,73.8,88.9,104.0,0.0,44.5
default-grid_001279,default-grid,nighttime_low_load,train,0,0.0,34.9,0.0,0.0,0.0,-34.9,0,40.3,250.0,500.0,8.5,27.1,0,0,0,0,1,0,1,1.02,1.0,1.0,0.997,51.8,53.4,55.0,0.0,36.8
default-grid_001280,default-grid,diurnal_normal_weekday,test,0,167.4,161.9,-13.1,0.0,167.4,-7.599999999999994,0,41.0,250.0,500.0,11.5,21.6,0,0,0,0,1,0,1,1.02,1.013,1.028,0.987,86.5,86.8,87.2,0.0,61.5
default-grid_001281,default-grid,solar_overvoltage_moderate,train,0,229.7,67.6,-7.0,0.0,229.7,155.1,0,31.3,250.0,500.0,12.6,51.6,1,0,1,0,0,2,1,1.02,1.018,1.063,0.994,71.9,86.9,101.9,0.0,43.1
default-grid_001282,default-grid,bess_injection_discharging,test,0,10.1,173.8,18.3,0.0,10.1,-145.4,0,75.9,250.0,500.0,8.7,49.7,0,0,0,0,1,0,1,1.02,1.001,1.001,0.986,79.4,67.2,54.9,0.0,63.8
default-grid_001283,default-grid,extreme_stress_holdout,test,1,336.1,21.9,0.0,12.5,323.6,301.70000000000005,0,18.0,250.0,500.0,14.3,81.5,1,0,1,0,0,2,1,1.02,1.026,1.078,0.998,68.7,92.4,116.1,0.0,34.3
default-grid_001284,default-grid,diurnal_normal_weekday,train,0,193.5,184.8,-6.3,0.0,193.5,2.3999999999999773,0,74.9,250.0,500.0,12.0,20.5,0,0,0,0,1,0,1,1.02,1.015,1.036,0.985,92.5,93.5,94.4,0.0,65.9
default-grid_001285,default-grid,bess_injection_discharging,validation,0,8.7,195.0,33.1,0.0,8.7,-153.2,0,72.6,250.0,500.0,8.7,51.2,0,0,0,0,1,0,1,1.02,1.001,1.008,0.984,83.4,68.1,52.7,0.0,67.9
default-grid_001286,default-grid,near_limit_feeder_overload,test,1,201.8,37.6,0.0,0.0,201.8,164.20000000000002,0,52.2,250.0,500.0,12.1,53.5,1,0,0,0,0,1,1,1.02,1.016,1.06,0.997,64.4,81.1,97.8,0.0,37.3
default-grid_001287,default-grid,solar_overvoltage_moderate,train,0,205.7,67.4,-2.1,0.0,205.7,136.2,0,51.2,250.0,500.0,12.2,47.8,1,0,0,0,0,1,1,1.02,1.016,1.059,0.994,70.4,84.2,98.1,0.0,43.1
default-grid_001288,default-grid,diurnal_normal_weekend,train,0,172.1,93.9,3.0,0.0,172.1,81.19999999999999,0,65.0,250.0,500.0,11.6,36.6,1,0,0,0,0,1,1,1.02,1.014,1.053,0.992,73.6,82.3,91.1,0.0,48.3
default-grid_001289,default-grid,solar_overvoltage_moderate,validation,0,222.8,81.0,-10.2,0.0,222.8,131.60000000000002,0,35.1,250.0,500.0,12.5,46.8,1,0,0,0,0,1,1,1.02,1.018,1.059,0.993,74.1,86.9,99.7,0.0,45.8
default-grid_001290,default-grid,solar_overvoltage_moderate,test,0,231.1,33.9,-2.9,0.0,231.1,194.29999999999998,0,70.8,250.0,500.0,12.7,59.6,1,0,1,0,0,2,1,1.02,1.018,1.066,0.997,65.5,84.4,103.3,0.0,36.6
default-grid_001291,default-grid,evening_peak_demand,test,0,4.3,207.5,7.5,0.0,4.3,-195.7,0,81.7,250.0,500.0,8.6,59.9,0,0,0,0,1,0,1,1.02,1.0,0.985,0.983,85.6,70.3,55.0,0.0,70.3
default-grid_001292,default-grid,extreme_stress_holdout,test,1,305.5,19.2,0.0,32.7,272.8,253.60000000000002,0,96.0,250.0,500.0,13.4,71.7,0,0,0,0,1,0,1,1.02,1.022,1.035,0.998,65.1,79.2,93.2,0.0,33.7
default-grid_001293,default-grid,evening_peak_demand,train,0,2.0,296.0,16.9,0.0,2.0,-277.1,0,43.7,250.0,500.0,8.5,76.5,0,0,1,0,0,1,1,1.02,1.0,0.974,0.975,102.7,78.0,53.3,0.0,87.6
default-grid_001294,default-grid,solar_overvoltage_moderate,train,0,220.1,35.7,-2.5,0.0,220.1,181.89999999999998,0,72.0,250.0,500.0,12.5,57.1,1,0,1,0,0,2,1,1.02,1.018,1.063,0.997,65.1,83.0,101.0,0.0,36.9
default-grid_001295,default-grid,diurnal_normal_weekday,train,0,161.0,196.7,-7.7,0.0,161.0,-43.39999999999998,0,30.6,250.0,500.0,11.4,28.9,0,0,0,0,1,0,1,1.02,1.013,1.023,0.984,92.9,90.1,87.2,0.0,68.2
default-grid_001296,default-grid,diurnal_normal_weekday,test,0,203.5,135.4,10.2,0.0,203.5,78.29999999999998,0,41.4,250.0,500.0,12.2,36.0,1,0,0,0,0,1,1,1.02,1.016,1.061,0.989,83.5,90.2,96.9,0.0,56.3
default-grid_001297,default-grid,diurnal_normal_weekend,train,0,129.9,46.1,-3.7,0.0,129.9,80.1,0,34.3,250.0,500.0,10.8,36.3,0,0,0,0,1,0,1,1.02,1.01,1.036,0.996,61.8,71.7,81.6,0.0,39.0
default-grid_001298,default-grid,solar_overvoltage_severe,train,0,240.7,34.8,0.0,0.0,240.7,205.89999999999998,0,32.7,250.0,500.0,12.8,62.0,1,0,1,0,0,2,1,1.02,1.019,1.071,0.997,66.2,86.1,106.0,0.0,36.8
default-grid_001299,default-grid,diurnal_normal_weekday,train,0,152.8,188.6,-5.4,0.0,152.8,-41.19999999999999,0,57.6,250.0,500.0,11.3,28.4,0,0,0,0,1,0,1,1.02,1.012,1.024,0.984,90.8,88.4,86.0,0.0,66.7
default-grid_001300,default-grid,evening_peak_demand,train,0,0.0,292.8,4.8,0.0,0.0,-288.0,0,68.4,250.0,500.0,8.5,78.7,0,0,1,0,0,1,1,1.02,1.0,0.965,0.976,101.9,78.2,54.4,0.0,86.9
default-grid_001301,default-grid,solar_overvoltage_moderate,train,0,188.6,76.6,-5.9,0.0,188.6,106.1,0,61.4,250.0,500.0,11.9,41.6,1,0,0,0,0,1,1,1.02,1.015,1.052,0.994,71.2,82.3,93.5,0.0,44.9
default-grid_001302,default-grid,bess_absorption_charging,train,0,248.3,98.1,-34.6,0.0,248.3,115.60000000000002,0,28.5,250.0,500.0,13.0,43.6,0,0,0,0,1,0,1,1.02,1.02,1.048,0.992,79.0,89.0,99.0,0.0,49.1
default-grid_001303,default-grid,solar_overvoltage_moderate,validation,0,225.7,45.8,-3.6,0.0,225.7,176.3,0,53.1,250.0,500.0,12.6,56.0,1,0,1,0,0,2,1,1.02,1.018,1.064,0.996,67.4,84.7,101.9,0.0,38.9
default-grid_001304,default-grid,bess_injection_discharging,train,0,6.3,237.3,58.7,0.0,6.3,-172.3,0,66.6,250.0,500.0,8.6,55.1,0,0,0,0,1,0,1,1.02,1.001,1.017,0.98,91.5,70.2,49.0,0.0,76.1
default-grid_001305,default-grid,extreme_stress_holdout,test,1,285.8,23.6,0.0,15.7,270.1,246.50000000000003,0,96.0,250.0,500.0,13.4,70.3,1,0,1,0,0,2,1,1.02,1.022,1.058,0.998,65.8,84.3,102.8,0.0,34.6
default-grid_001306,default-grid,near_limit_overvoltage,test,1,206.8,67.9,-4.7,0.0,206.8,134.20000000000002,0,53.2,250.0,500.0,12.2,47.4,1,0,0,0,0,1,1,1.02,1.017,1.058,0.994,70.6,84.2,97.7,0.0,43.2
default-grid_001307,default-grid,diurnal_normal_weekday,train,0,202.4,138.6,4.2,0.0,202.4,68.0,0,68.0,250.0,500.0,12.1,33.9,1,0,0,0,0,1,1,1.02,1.016,1.055,0.988,84.1,90.8,97.4,0.0,57.0
default-grid_001308,default-grid,evening_peak_demand,train,0,3.3,274.3,15.9,0.0,3.3,-255.10000000000002,0,63.6,250.0,500.0,8.6,72.0,0,0,0,0,1,0,1,1.02,1.0,0.978,0.977,98.5,76.1,53.7,0.0,83.3
default-grid_001309,default-grid,bess_absorption_charging,train,0,162.7,103.7,-32.9,0.0,162.7,26.09999999999998,0,42.1,250.0,500.0,11.4,25.3,0,0,0,0,1,0,1,1.02,1.013,1.024,0.991,74.9,78.1,81.3,0.0,50.2
default-grid_001310,default-grid,diurnal_normal_weekday,test,0,141.5,181.2,-2.2,0.0,141.5,-41.89999999999998,0,68.7,250.0,500.0,11.0,28.5,0,0,0,0,1,0,1,1.02,1.011,1.024,0.985,88.7,86.6,84.4,0.0,65.2
default-grid_001311,default-grid,diurnal_normal_weekday,train,0,181.3,170.4,5.4,0.0,181.3,16.30000000000001,0,55.6,250.0,500.0,11.8,23.3,0,0,0,0,1,0,1,1.02,1.015,1.043,0.986,89.0,90.9,92.8,0.0,63.1
default-grid_001312,default-grid,solar_overvoltage_moderate,train,0,212.3,42.4,-5.0,0.0,212.3,164.9,0,67.5,250.0,500.0,12.3,53.6,1,0,0,0,0,1,1,1.02,1.017,1.059,0.996,66.0,82.4,98.8,0.0,38.2
default-grid_001313,default-grid,bess_injection_discharging,test,0,56.6,217.9,25.5,0.0,56.6,-135.8,0,66.0,250.0,500.0,9.5,47.7,0,0,0,0,1,0,1,1.02,1.005,1.012,0.982,90.8,77.3,63.8,0.0,72.4
default-grid_001314,default-grid,bess_absorption_charging,train,0,178.3,87.0,-37.9,0.0,178.3,53.400000000000006,0,37.4,250.0,500.0,11.7,30.9,0,0,0,0,1,0,1,1.02,1.014,1.025,0.993,72.6,77.9,83.3,0.0,46.9
default-grid_001315,default-grid,near_limit_undervoltage,validation,1,16.7,271.8,-4.3,0.0,16.7,-259.40000000000003,0,66.0,250.0,500.0,8.8,72.9,0,0,0,0,1,0,1,1.02,1.001,0.967,0.977,98.9,78.2,57.5,0.0,82.8
default-grid_001316,default-grid,diurnal_normal_weekday,train,0,229.8,123.5,-9.8,0.0,229.8,96.5,0,56.4,250.0,500.0,12.6,39.7,1,0,1,0,0,2,1,1.02,1.018,1.056,0.99,82.8,92.0,101.3,0.0,54.0
default-grid_001317,default-grid,near_limit_tx_overload,validation,1,31.0,307.5,0.0,0.0,31.0,-276.5,0,39.1,250.0,500.0,9.1,76.4,0,0,1,0,0,1,1,1.02,1.002,0.968,0.974,106.7,84.2,61.6,0.0,89.8
default-grid_001318,default-grid,diurnal_normal_weekday,test,0,88.1,128.2,-7.1,0.0,88.1,-47.19999999999999,0,34.4,250.0,500.0,10.1,29.6,0,0,0,0,1,0,1,1.02,1.007,1.015,0.989,75.2,73.6,71.9,0.0,54.9
default-grid_001319,default-grid,solar_overvoltage_severe,train,0,282.5,41.4,0.0,0.0,282.5,241.1,0,44.5,250.0,500.0,13.6,69.2,1,0,1,0,0,2,1,1.02,1.023,1.084,0.997,70.0,92.5,114.9,0.0,38.0
default-grid_001320,default-grid,extreme_stress_holdout,test,1,290.8,25.7,0.0,19.2,271.6,245.90000000000003,0,18.0,250.0,500.0,13.4,70.2,1,0,1,0,0,2,1,1.02,1.022,1.054,0.998,66.3,83.7,101.1,0.0,35.0
default-grid_001321,default-grid,near_limit_overvoltage,validation,1,206.7,59.0,-7.5,0.0,206.7,140.2,0,72.6,250.0,500.0,12.2,48.6,1,0,0,0,0,1,1,1.02,1.017,1.056,0.995,68.9,82.9,96.9,0.0,41.5
default-grid_001322,default-grid,diurnal_normal_weekday,train,0,118.0,138.7,2.7,0.0,118.0,-17.999999999999986,0,34.9,250.0,500.0,10.6,23.7,0,0,0,0,1,0,1,1.02,1.009,1.029,0.988,79.0,79.3,79.7,0.0,57.0
default-grid_001323,default-grid,nighttime_low_load,train,0,0.0,37.1,0.0,0.0,0.0,-37.1,0,52.8,250.0,500.0,8.5,27.6,0,0,0,0,1,0,1,1.02,1.0,1.0,0.997,52.2,53.6,55.0,0.0,37.2
default-grid_001324,default-grid,bess_absorption_charging,test,0,193.6,56.3,-26.1,0.0,193.6,111.2,0,33.8,250.0,500.0,12.0,42.7,0,0,0,0,1,0,1,1.02,1.015,1.038,0.995,67.6,78.5,89.5,0.0,40.9
default-grid_001325,default-grid,reconfiguration_alternate,train,0,143.9,200.4,7.7,0.0,143.9,-48.80000000000001,1,43.7,250.0,500.0,11.1,30.0,0,0,0,0,1,0,1,1.02,1.012,1.007,0.983,92.6,82.3,72.0,46.0,69.0
default-grid_001326,default-grid,solar_overvoltage_severe,validation,0,269.3,25.5,0.0,0.0,269.3,243.8,0,55.8,250.0,500.0,13.3,69.7,1,0,1,0,0,2,1,1.02,1.022,1.08,0.998,66.1,89.1,112.1,0.0,35.0
default-grid_001327,default-grid,diurnal_normal_weekend,test,0,192.7,138.7,-13.4,0.0,192.7,40.599999999999994,0,58.8,250.0,500.0,12.0,28.3,0,0,0,0,1,0,1,1.02,1.015,1.04,0.988,83.5,88.0,92.5,0.0,57.0
default-grid_001328,default-grid,diurnal_normal_weekday,train,0,118.3,198.8,-4.7,0.0,118.3,-85.20000000000002,0,34.0,250.0,500.0,10.6,37.4,0,0,0,0,1,0,1,1.02,1.009,1.012,0.983,90.8,84.8,78.9,0.0,68.7
default-grid_001329,default-grid,evening_peak_demand,train,0,3.5,259.2,3.5,0.0,3.5,-252.2,0,81.4,250.0,500.0,8.6,71.4,0,0,0,0,1,0,1,1.02,1.0,0.972,0.978,95.6,75.4,55.3,0.0,80.4
default-grid_001330,default-grid,evening_peak_demand,train,0,0.1,241.7,15.3,0.0,0.1,-226.29999999999998,0,63.5,250.0,500.0,8.5,66.2,0,0,0,0,1,0,1,1.02,1.0,0.983,0.98,92.0,72.5,53.1,0.0,77.0
default-grid_001331,default-grid,nighttime_low_load,train,0,0.0,37.1,0.0,0.0,0.0,-37.1,0,56.1,250.0,500.0,8.5,27.6,0,0,0,0,1,0,1,1.02,1.0,1.0,0.997,52.2,53.6,55.0,0.0,37.2
default-grid_001332,default-grid,diurnal_normal_weekday,validation,0,158.1,174.5,-5.5,0.0,158.1,-21.900000000000006,0,33.4,250.0,500.0,11.3,24.5,0,0,0,0,1,0,1,1.02,1.013,1.028,0.985,88.4,87.8,87.1,0.0,63.9
default-grid_001333,default-grid,diurnal_normal_weekday,validation,0,188.5,131.2,-15.8,0.0,188.5,41.5,0,36.5,250.0,500.0,11.9,28.5,0,0,0,0,1,0,1,1.02,1.015,1.038,0.989,81.8,86.4,91.0,0.0,55.5
default-grid_001334,default-grid,diurnal_normal_weekday,validation,0,114.2,147.9,-2.2,0.0,114.2,-35.900000000000006,0,67.1,250.0,500.0,10.6,27.3,0,0,0,0,1,0,1,1.02,1.009,1.023,0.988,80.6,79.7,78.7,0.0,58.8
default-grid_001335,default-grid,diurnal_normal_weekday,train,0,164.1,173.1,-3.2,0.0,164.1,-12.199999999999989,0,34.4,250.0,500.0,11.5,22.5,0,0,0,0,1,0,1,1.02,1.013,1.032,0.986,88.5,88.8,89.0,0.0,63.7
default-grid_001336,default-grid,diurnal_normal_weekday,train,0,201.0,137.3,2.7,0.0,201.0,66.39999999999998,0,62.7,250.0,500.0,12.1,33.5,1,0,0,0,0,1,1,1.02,1.016,1.054,0.989,83.8,90.5,97.3,0.0,56.7
default-grid_001337,default-grid,diurnal_normal_weekday,test,0,200.9,201.0,-7.0,0.0,200.9,-7.099999999999994,0,52.8,250.0,500.0,12.1,21.4,0,0,0,0,1,0,1,1.02,1.016,1.034,0.983,96.1,95.9,95.8,0.0,69.1
default-grid_001338,default-grid,bess_absorption_charging,train,0,155.2,76.0,-59.6,0.0,155.2,19.599999999999994,0,28.6,250.0,500.0,11.3,24.0,0,0,0,0,1,0,1,1.02,1.012,1.003,0.994,69.1,71.0,73.0,0.0,44.8
default-grid_001339,default-grid,bess_absorption_charging,train,0,245.0,108.0,-27.0,0.0,245.0,110.0,0,60.0,250.0,500.0,12.9,42.4,1,0,1,0,0,2,1,1.02,1.02,1.051,0.991,80.7,90.5,100.2,0.0,51.0
default-grid_001340,default-grid,solar_overvoltage_moderate,train,0,227.0,88.1,-9.2,0.0,227.0,129.70000000000002,0,59.8,250.0,500.0,12.6,46.5,1,0,1,0,0,2,1,1.02,1.018,1.061,0.993,75.8,88.3,100.8,0.0,47.1
default-grid_001341,default-grid,nighttime_low_load,train,0,0.0,41.0,0.0,0.0,0.0,-41.0,0,54.4,250.0,500.0,8.5,28.4,0,0,0,0,1,0,1,1.02,1.0,1.0,0.997,53.0,54.0,55.0,0.0,38.0
default-grid_001342,default-grid,bess_absorption_charging,train,0,160.1,120.7,-39.1,0.0,160.1,0.29999999999999716,0,46.4,250.0,500.0,11.4,20.1,0,0,0,0,1,0,1,1.02,1.013,1.015,0.99,78.1,78.7,79.2,0.0,53.5
default-grid_001343,default-grid,diurnal_normal_weekday,validation,0,92.6,176.0,7.7,0.0,92.6,-75.7,0,68.2,250.0,500.0,10.2,35.4,0,0,0,0,1,0,1,1.02,1.007,1.018,0.985,84.8,79.2,73.7,0.0,64.2
default-grid_001344,default-grid,solar_overvoltage_moderate,train,0,207.3,51.7,-2.9,0.0,207.3,152.7,0,71.9,250.0,500.0,12.2,51.1,1,0,0,0,0,1,1,1.02,1.017,1.059,0.996,67.5,82.8,98.2,0.0,40.1
default-grid_001345,default-grid,solar_curtailment_active,train,0,284.5,107.7,-3.1,105.8,178.7,67.89999999999999,0,63.3,250.0,500.0,11.7,33.8,0,1,0,0,0,1,1,1.02,1.014,0.901,0.991,76.7,52.7,28.6,0.0,50.9
default-grid_001346,default-grid,near_limit_feeder_overload,test,1,225.1,33.3,0.0,0.0,225.1,191.8,0,54.0,250.0,500.0,12.6,59.1,1,0,1,0,0,2,1,1.02,1.018,1.067,0.997,65.0,83.8,102.7,0.0,36.5
default-grid_001347,default-grid,evening_peak_demand,train,0,2.0,264.4,0.7,0.0,2.0,-261.7,0,83.1,250.0,500.0,8.5,73.4,0,0,0,0,1,0,1,1.02,1.0,0.968,0.978,96.5,75.9,55.3,0.0,81.4
default-grid_001348,default-grid,diurnal_normal_weekday,train,0,161.9,129.2,-13.4,0.0,161.9,19.30000000000001,0,68.6,250.0,500.0,11.4,23.9,0,0,0,0,1,0,1,1.02,1.013,1.032,0.989,79.8,82.9,86.0,0.0,55.1
default-grid_001349,default-grid,diurnal_normal_weekday,train,0,99.5,159.2,-5.3,0.0,99.5,-64.99999999999999,0,32.6,250.0,500.0,10.3,33.3,0,0,0,0,1,0,1,1.02,1.008,1.014,0.987,81.9,78.3,74.8,0.0,61.0
default-grid_001350,default-grid,diurnal_normal_weekday,train,0,228.1,144.2,-8.8,0.0,228.1,75.1,0,35.2,250.0,500.0,12.6,35.3,1,0,1,0,0,2,1,1.02,1.018,1.052,0.988,86.7,94.0,101.2,0.0,58.0
default-grid_001351,default-grid,bess_injection_discharging,validation,0,45.9,249.8,35.0,0.0,45.9,-168.9,0,82.3,250.0,500.0,9.3,54.4,0,0,0,0,1,0,1,1.02,1.004,1.009,0.979,96.3,78.3,60.4,0.0,78.6
default-grid_001352,default-grid,diurnal_normal_weekday,test,0,197.4,122.1,3.9,0.0,197.4,79.20000000000002,0,41.9,250.0,500.0,12.1,36.2,1,0,0,0,0,1,1,1.02,1.016,1.057,0.99,80.6,88.5,96.4,0.0,53.7
default-grid_001353,default-grid,solar_overvoltage_severe,train,0,287.8,28.3,0.0,0.0,287.8,259.5,0,57.3,250.0,500.0,13.7,72.9,1,0,1,0,0,2,1,1.02,1.023,1.085,0.998,67.8,91.9,116.0,0.0,35.5
default-grid_001354,default-grid,evening_peak_demand,train,0,1.9,309.8,4.2,0.0,1.9,-303.7,0,43.5,250.0,500.0,8.5,81.9,0,0,1,0,0,1,1,1.02,1.0,0.962,0.974,105.4,80.2,54.9,0.0,90.2
default-grid_001355,default-grid,diurnal_normal_weekday,train,0,187.3,162.8,-6.5,0.0,187.3,18.0,0,58.0,250.0,500.0,11.9,23.7,0,0,0,0,1,0,1,1.02,1.015,1.038,0.986,87.9,90.5,93.1,0.0,61.7
default-grid_001356,default-grid,nighttime_low_load,validation,0,0.0,38.0,0.0,0.0,0.0,-38.0,0,65.8,250.0,500.0,8.5,27.8,0,0,0,0,1,0,1,1.02,1.0,1.0,0.997,52.4,53.7,55.0,0.0,37.4
default-grid_001357,default-grid,diurnal_normal_weekday,validation,0,176.3,170.4,-4.8,0.0,176.3,1.0999999999999943,0,70.1,250.0,500.0,11.7,20.2,0,0,0,0,1,0,1,1.02,1.014,1.035,0.986,88.7,90.0,91.2,0.0,63.1
default-grid_001358,default-grid,solar_overvoltage_severe,validation,0,292.7,24.7,0.0,0.0,292.7,268.0,0,41.0,250.0,500.0,13.8,74.7,1,0,1,0,0,2,1,1.02,1.023,1.087,0.998,67.4,92.2,117.1,0.0,34.8
default-grid_001359,default-grid,diurnal_normal_weekend,train,0,175.1,107.3,-3.2,0.0,175.1,64.60000000000001,0,53.9,250.0,500.0,11.7,33.2,0,0,0,0,1,0,1,1.02,1.014,1.048,0.991,76.4,83.8,91.3,0.0,50.9
default-grid_001360,default-grid,solar_overvoltage_moderate,train,0,214.7,76.7,-10.7,0.0,214.7,127.3,0,62.5,250.0,500.0,12.4,46.0,1,0,0,0,0,1,1,1.02,1.017,1.056,0.994,72.8,85.3,97.8,0.0,44.9
default-grid_001361,default-grid,nighttime_low_load,train,0,0.0,27.8,0.0,0.0,0.0,-27.8,0,50.7,250.0,500.0,8.5,25.7,0,0,0,0,1,0,1,1.02,1.0,1.0,0.998,50.4,52.7,55.0,0.0,35.4
default-grid_001362,default-grid,diurnal_normal_weekday,train,0,191.7,139.0,9.1,0.0,191.7,61.79999999999998,0,58.7,250.0,500.0,12.0,32.6,1,0,0,0,0,1,1,1.02,1.015,1.056,0.988,83.5,89.0,94.5,0.0,57.0
default-grid_001363,default-grid,diurnal_normal_weekday,train,0,180.6,170.8,-17.5,0.0,180.6,-7.700000000000017,0,32.0,250.0,500.0,11.8,21.6,0,0,0,0,1,0,1,1.02,1.014,1.027,0.986,89.0,89.0,88.9,0.0,63.2
default-grid_001364,default-grid,diurnal_normal_weekday,test,0,210.6,180.7,-11.3,0.0,210.6,18.599999999999994,0,32.2,250.0,500.0,12.3,23.8,0,0,0,0,1,0,1,1.02,1.017,1.038,0.985,92.8,94.8,96.8,0.0,65.1
default-grid_001365,default-grid,bess_absorption_charging,train,0,226.8,62.6,-44.0,0.0,226.8,120.20000000000002,0,56.5,250.0,500.0,12.6,44.5,0,0,0,0,1,0,1,1.02,1.018,1.035,0.995,70.8,81.4,92.1,0.0,42.2
default-grid_001366,default-grid,near_limit_feeder_overload,test,1,200.3,42.0,0.0,0.0,200.3,158.3,0,31.2,250.0,500.0,12.1,52.3,1,0,0,0,0,1,1,1.02,1.016,1.059,0.997,65.2,81.3,97.5,0.0,38.2
default-grid_001367,default-grid,reconfiguration_alternate,train,0,198.4,113.5,-6.8,0.0,198.4,78.1,1,71.0,250.0,500.0,12.1,35.9,0,0,0,0,1,0,1,1.02,1.016,1.023,0.991,79.0,80.1,81.2,46.0,52.1
default-grid_001368,default-grid,near_limit_overvoltage,test,1,188.3,67.0,-5.0,0.0,188.3,116.30000000000001,0,50.5,250.0,500.0,11.9,43.7,1,0,0,0,0,1,1,1.02,1.015,1.052,0.994,69.3,81.5,93.7,0.0,43.0
default-grid_001369,default-grid,bess_absorption_charging,test,0,150.9,47.9,-40.2,0.0,150.9,62.800000000000004,0,67.5,250.0,500.0,11.2,32.8,0,0,0,0,1,0,1,1.02,1.012,1.016,0.996,63.4,70.2,76.9,0.0,39.3
default-grid_001370,default-grid,evening_peak_demand,train,0,3.2,225.2,13.3,0.0,3.2,-208.7,0,77.6,250.0,500.0,8.6,62.6,0,0,0,0,1,0,1,1.02,1.0,0.986,0.981,89.0,71.5,54.0,0.0,73.8
default-grid_001371,default-grid,solar_overvoltage_moderate,train,0,222.4,51.6,-10.1,0.0,222.4,160.70000000000002,0,41.4,250.0,500.0,12.5,52.8,1,0,0,0,0,1,1,1.02,1.018,1.059,0.996,68.4,84.0,99.6,0.0,40.0
default-grid_001372,default-grid,diurnal_normal_weekday,train,0,179.6,162.0,-13.4,0.0,179.6,4.199999999999989,0,57.6,250.0,500.0,11.7,20.9,0,0,0,0,1,0,1,1.02,1.014,1.031,0.987,87.3,88.5,89.7,0.0,61.5
default-grid_001373,default-grid,diurnal_normal_weekday,test,0,87.5,185.2,-13.0,0.0,87.5,-110.69999999999999,0,32.6,250.0,500.0,10.1,42.6,0,0,0,0,1,0,1,1.02,1.007,0.999,0.985,86.3,78.3,70.3,0.0,66.0
default-grid_001374,default-grid,diurnal_normal_weekday,validation,0,190.6,137.9,-7.3,0.0,190.6,45.39999999999998,0,59.5,250.0,500.0,11.9,29.3,0,0,0,0,1,0,1,1.02,1.015,1.044,0.989,83.2,88.4,93.6,0.0,56.8
default-grid_001375,default-grid,reconfiguration_alternate,train,0,157.7,52.8,8.8,0.0,157.7,113.7,1,45.9,250.0,500.0,11.3,43.2,0,0,0,0,1,0,1,1.02,1.013,1.03,0.996,64.7,69.6,74.4,46.0,40.3
default-grid_001376,default-grid,diurnal_normal_weekday,train,0,171.4,195.6,-0.8,0.0,171.4,-25.0,0,63.7,250.0,500.0,11.6,25.1,0,0,0,0,1,0,1,1.02,1.014,1.031,0.984,93.3,92.2,91.1,0.0,68.0
default-grid_001377,default-grid,diurnal_normal_weekday,train,0,160.2,174.6,5.9,0.0,160.2,-8.5,0,54.5,250.0,500.0,11.4,21.7,0,0,0,0,1,0,1,1.02,1.013,1.037,0.985,88.6,88.4,88.2,0.0,63.9
default-grid_001378,default-grid,near_limit_overvoltage,test,1,198.1,55.6,1.8,0.0,198.1,144.3,0,39.1,250.0,500.0,12.1,49.4,1,0,0,0,0,1,1,1.02,1.016,1.06,0.995,67.7,82.2,96.8,0.0,40.8
default-grid_001379,default-grid,bess_absorption_charging,test,0,181.9,120.2,-55.5,0.0,181.9,6.200000000000003,0,56.7,250.0,500.0,11.8,21.3,0,0,0,0,1,0,1,1.02,1.015,1.01,0.99,79.3,79.5,79.7,0.0,53.4
default-grid_001380,default-grid,diurnal_normal_weekend,train,0,186.9,42.8,2.7,0.0,186.9,146.8,0,43.7,250.0,500.0,11.9,49.9,1,0,0,0,0,1,1,1.02,1.015,1.057,0.996,64.5,79.4,94.3,0.0,38.3
default-grid_001381,default-grid,solar_overvoltage_severe,train,0,243.5,41.5,0.0,0.0,243.5,202.0,0,31.8,250.0,500.0,12.9,61.2,1,0,1,0,0,2,1,1.02,1.019,1.072,0.997,67.7,87.2,106.6,0.0,38.1
default-grid_001382,default-grid,diurnal_normal_weekday,train,0,173.6,176.6,-3.0,0.0,173.6,-6.0,0,52.9,250.0,500.0,11.6,21.2,0,0,0,0,1,0,1,1.02,1.014,1.034,0.985,89.8,90.4,91.1,0.0,64.3
default-grid_001383,default-grid,reconfiguration_alternate,test,0,162.5,172.7,12.4,0.0,162.5,2.200000000000017,1,42.8,250.0,500.0,11.4,20.4,0,0,0,0,1,0,1,1.02,1.013,1.019,0.986,88.3,81.6,74.9,46.0,63.6
default-grid_001384,default-grid,diurnal_normal_weekday,train,0,177.2,187.8,-10.8,0.0,177.2,-21.400000000000034,0,55.8,250.0,500.0,11.7,24.4,0,0,0,0,1,0,1,1.02,1.014,1.027,0.984,92.1,91.0,89.9,0.0,66.5
default-grid_001385,default-grid,solar_overvoltage_severe,train,0,288.4,32.8,0.0,0.0,288.4,255.59999999999997,0,74.7,250.0,500.0,13.7,72.1,1,0,1,0,0,2,1,1.02,1.023,1.085,0.997,68.7,92.4,116.1,0.0,36.4
default-grid_001386,default-grid,solar_overvoltage_severe,train,0,265.4,30.0,0.0,0.0,265.4,235.39999999999998,0,36.0,250.0,500.0,13.3,68.0,1,0,1,0,0,2,1,1.02,1.021,1.079,0.998,66.8,89.0,111.3,0.0,35.8
default-grid_001387,default-grid,solar_overvoltage_moderate,train,0,188.3,30.6,-7.5,0.0,188.3,150.20000000000002,0,73.9,250.0,500.0,11.9,50.6,0,0,0,0,1,0,1,1.02,1.015,1.05,0.997,62.2,77.6,93.0,0.0,36.0
default-grid_001388,default-grid,diurnal_normal_weekday,train,0,180.9,201.2,-7.9,0.0,180.9,-28.19999999999999,0,62.5,250.0,500.0,11.8,25.8,0,0,0,0,1,0,1,1.02,1.014,1.028,0.983,95.0,93.2,91.4,0.0,69.1
default-grid_001389,default-grid,diurnal_normal_weekday,test,0,158.4,144.3,-17.6,0.0,158.4,-3.5,0,67.8,250.0,500.0,11.4,20.7,0,0,0,0,1,0,1,1.02,1.013,1.025,0.988,82.6,83.4,84.2,0.0,58.1
default-grid_001390,default-grid,evening_peak_demand,train,0,4.2,290.4,8.1,0.0,4.2,-278.09999999999997,0,55.1,250.0,500.0,8.6,76.7,0,0,1,0,0,1,1,1.02,1.0,0.969,0.976,101.7,78.3,54.9,0.0,86.5
default-grid_001391,default-grid,diurnal_normal_weekend,train,0,133.8,82.9,-14.7,0.0,133.8,36.2,0,36.3,250.0,500.0,10.9,27.4,0,0,0,0,1,0,1,1.02,1.011,1.029,0.993,69.1,74.4,79.7,0.0,46.1
default-grid_001392,default-grid,solar_overvoltage_moderate,train,0,223.1,42.2,-11.6,0.0,223.1,169.3,0,62.4,250.0,500.0,12.5,54.5,1,0,0,0,0,1,1,1.02,1.018,1.058,0.996,66.6,83.0,99.4,0.0,38.2
default-grid_001393,default-grid,diurnal_normal_weekday,train,0,188.3,180.2,-2.7,0.0,188.3,5.400000000000034,0,74.1,250.0,500.0,11.9,21.1,0,0,0,0,1,0,1,1.02,1.015,1.038,0.985,91.3,92.8,94.2,0.0,65.0
default-grid_001394,default-grid,diurnal_normal_weekday,validation,0,207.4,185.7,-10.0,0.0,207.4,11.700000000000017,0,34.6,250.0,500.0,12.2,22.4,0,0,0,0,1,0,1,1.02,1.017,1.037,0.985,93.6,95.0,96.5,0.0,66.1
default-grid_001395,default-grid,diurnal_normal_weekday,train,0,163.2,132.0,9.8,0.0,163.2,41.0,0,44.0,250.0,500.0,11.4,28.4,0,0,0,0,1,0,1,1.02,1.013,1.049,0.989,80.5,84.5,88.4,0.0,55.7
default-grid_001396,default-grid,reconfiguration_alternate,test,0,228.3,165.0,-23.4,0.0,228.3,39.900000000000006,1,56.0,250.0,500.0,12.6,28.1,0,0,0,0,1,0,1,1.02,1.018,1.005,0.986,90.8,86.9,83.1,46.0,62.1
default-grid_001397,default-grid,near_limit_undervoltage,validation,1,13.1,272.0,-5.8,0.0,13.1,-264.7,0,58.0,250.0,500.0,8.7,74.0,0,0,0,0,1,0,1,1.02,1.001,0.965,0.977,98.7,77.5,56.3,0.0,82.9
default-grid_001398,default-grid,solar_overvoltage_severe,train,0,258.3,32.5,0.0,0.0,258.3,225.8,0,59.6,250.0,500.0,13.1,66.1,1,0,1,0,0,2,1,1.02,1.021,1.076,0.997,66.8,88.3,109.8,0.0,36.3
default-grid_001399,default-grid,solar_overvoltage_moderate,train,0,187.6,31.4,-3.7,0.0,187.6,152.5,0,61.7,250.0,500.0,11.9,51.1,1,0,0,0,0,1,1,1.02,1.015,1.053,0.997,62.4,78.1,93.8,0.0,36.1
default-grid_001400,default-grid,solar_curtailment_active,train,0,234.0,87.4,-2.8,110.0,124.0,33.8,0,30.6,250.0,500.0,10.7,26.9,0,1,0,0,0,1,1,1.02,1.01,0.881,0.993,69.4,42.0,14.6,0.0,47.0
default-grid_001401,default-grid,solar_curtailment_active,train,0,280.9,60.9,-18.7,109.0,171.89999999999998,92.29999999999998,0,55.8,250.0,500.0,11.6,38.8,0,1,0,0,0,1,1,1.02,1.014,0.885,0.995,67.2,44.3,21.4,0.0,41.8
default-grid_001402,default-grid,solar_overvoltage_severe,validation,0,287.5,27.0,0.0,0.0,287.5,260.5,0,44.0,250.0,500.0,13.7,73.1,1,0,1,0,0,2,1,1.02,1.023,1.085,0.998,67.5,91.7,115.9,0.0,35.2
default-grid_001403,default-grid,evening_peak_demand,test,0,3.6,258.2,5.4,0.0,3.6,-249.2,0,46.0,250.0,500.0,8.6,70.8,0,0,0,0,1,0,1,1.02,1.0,0.973,0.978,95.4,75.2,55.1,0.0,80.2
default-grid_001404,default-grid,nighttime_low_load,train,0,0.0,41.4,0.0,0.0,0.0,-41.4,0,36.5,250.0,500.0,8.5,28.4,0,0,0,0,1,0,1,1.02,1.0,1.0,0.997,53.0,54.0,55.0,0.0,38.0
default-grid_001405,default-grid,nighttime_low_load,train,0,0.0,37.3,0.0,0.0,0.0,-37.3,0,64.7,250.0,500.0,8.5,27.6,0,0,0,0,1,0,1,1.02,1.0,1.0,0.997,52.3,53.6,55.0,0.0,37.3
default-grid_001406,default-grid,diurnal_normal_weekday,test,0,94.8,200.5,5.1,0.0,94.8,-100.60000000000001,0,36.3,250.0,500.0,10.2,40.5,0,0,0,0,1,0,1,1.02,1.008,1.012,0.983,89.7,82.1,74.5,0.0,69.0
default-grid_001407,default-grid,solar_curtailment_active,train,0,228.6,103.9,-15.4,100.3,128.3,9.0,0,42.8,250.0,500.0,10.8,21.8,0,1,0,0,0,1,1,1.02,1.01,0.886,0.991,72.9,45.6,18.2,0.0,50.2
default-grid_001408,default-grid,diurnal_normal_weekend,train,0,188.6,141.7,-7.7,0.0,188.6,39.20000000000002,0,68.7,250.0,500.0,11.9,28.0,0,0,0,0,1,0,1,1.02,1.015,1.042,0.988,83.9,88.5,93.1,0.0,57.6
default-grid_001409,default-grid,diurnal_normal_weekend,train,0,119.7,45.0,-19.1,0.0,119.7,55.599999999999994,0,40.1,250.0,500.0,10.7,31.3,0,0,0,0,1,0,1,1.02,1.01,1.022,0.996,60.9,68.2,75.6,0.0,38.8
default-grid_001410,default-grid,diurnal_normal_weekday,validation,0,222.1,130.1,-3.5,0.0,222.1,88.5,0,35.6,250.0,500.0,12.5,38.1,1,0,1,0,0,2,1,1.02,1.018,1.057,0.989,83.6,92.4,101.2,0.0,55.3
default-grid_001411,default-grid,evening_peak_demand,validation,0,3.4,241.6,1.1,0.0,3.4,-237.1,0,40.4,250.0,500.0,8.6,68.4,0,0,0,0,1,0,1,1.02,1.0,0.973,0.98,92.2,73.9,55.6,0.0,77.0
default-grid_001412,default-grid,diurnal_normal_weekend,train,0,223.7,31.0,-22.3,0.0,223.7,170.39999999999998,0,53.3,250.0,500.0,12.5,54.8,0,0,0,0,1,0,1,1.02,1.018,1.05,0.997,64.4,80.6,96.8,0.0,36.0
default-grid_001413,default-grid,nighttime_low_load,train,0,0.0,24.9,0.0,0.0,0.0,-24.9,0,43.6,250.0,500.0,8.5,25.1,0,0,0,0,1,0,1,1.02,1.0,1.0,0.998,49.8,52.4,55.0,0.0,34.8
default-grid_001414,default-grid,diurnal_normal_weekend,train,0,210.9,47.4,-7.2,0.0,210.9,156.3,0,65.6,250.0,500.0,12.3,51.9,1,0,0,0,0,1,1,1.02,1.017,1.057,0.996,66.9,82.4,97.9,0.0,39.2
default-grid_001415,default-grid,solar_overvoltage_severe,test,0,294.1,38.9,0.0,0.0,294.1,255.20000000000002,0,72.9,250.0,500.0,13.8,72.1,1,0,1,0,0,2,1,1.02,1.024,1.087,0.997,70.2,93.8,117.3,0.0,37.6
default-grid_001416,default-grid,diurnal_normal_weekday,train,0,230.5,136.8,-11.4,0.0,230.5,82.29999999999998,0,44.3,250.0,500.0,12.6,36.8,1,0,1,0,0,2,1,1.02,1.018,1.053,0.989,85.4,93.2,101.0,0.0,56.6
default-grid_001417,default-grid,diurnal_normal_weekday,train,0,198.8,170.9,-11.6,0.0,198.8,16.30000000000001,0,42.1,250.0,500.0,12.1,23.3,0,0,0,0,1,0,1,1.02,1.016,1.036,0.986,90.2,92.2,94.2,0.0,63.2
default-grid_001418,default-grid,diurnal_normal_weekday,test,0,170.4,141.2,-11.4,0.0,170.4,17.80000000000001,0,56.1,250.0,500.0,11.6,23.6,0,0,0,0,1,0,1,1.02,1.014,1.034,0.988,82.7,85.5,88.3,0.0,57.5
default-grid_001419,default-grid,diurnal_normal_weekday,train,0,164.4,129.5,2.5,0.0,164.4,37.400000000000006,0,51.2,250.0,500.0,11.5,27.6,0,0,0,0,1,0,1,1.02,1.013,1.045,0.989,80.0,84.8,89.5,0.0,55.2
default-grid_001420,default-grid,solar_curtailment_active,train,0,236.9,68.1,-10.4,86.4,150.5,72.0,0,64.6,250.0,500.0,11.2,34.7,0,1,0,0,0,1,1,1.02,1.012,0.916,0.994,67.3,49.9,32.5,0.0,43.2
default-grid_001421,default-grid,diurnal_normal_weekday,train,0,152.1,155.3,-17.9,0.0,152.1,-21.100000000000023,0,46.1,250.0,500.0,11.2,24.3,0,0,0,0,1,0,1,1.02,1.012,1.021,0.987,84.3,83.5,82.8,0.0,60.2
default-grid_001422,default-grid,bess_absorption_charging,validation,0,150.0,36.2,-30.7,0.0,150.0,83.1,0,65.1,250.0,500.0,11.2,36.9,0,0,0,0,1,0,1,1.02,1.012,1.022,0.997,61.0,70.0,79.1,0.0,37.0
default-grid_001423,default-grid,nighttime_low_load,train,0,0.0,39.2,0.0,0.0,0.0,-39.2,0,59.5,250.0,500.0,8.5,28.0,0,0,0,0,1,0,1,1.02,1.0,1.0,0.997,52.6,53.8,55.0,0.0,37.6
default-grid_001424,default-grid,diurnal_normal_weekday,train,0,98.0,143.8,5.4,0.0,98.0,-40.400000000000006,0,53.7,250.0,500.0,10.3,28.2,0,0,0,0,1,0,1,1.02,1.008,1.024,0.988,78.8,76.9,75.1,0.0,58.0
default-grid_001425,default-grid,solar_curtailment_active,train,0,235.1,53.4,-18.3,25.3,209.79999999999998,138.09999999999997,0,46.2,250.0,500.0,12.3,48.2,0,0,0,0,1,0,1,1.02,1.017,1.013,0.996,68.0,73.8,79.7,0.0,40.4
default-grid_001426,default-grid,diurnal_normal_weekend,validation,0,135.5,34.4,3.9,0.0,135.5,105.0,0,32.1,250.0,500.0,10.9,41.4,0,0,0,0,1,0,1,1.02,1.011,1.043,0.997,59.8,71.5,83.2,0.0,36.7
default-grid_001427,default-grid,extreme_stress_holdout,test,1,318.2,21.7,0.0,33.3,284.9,263.2,0,18.0,250.0,500.0,13.6,73.7,0,0,0,0,1,0,1,1.02,1.023,1.038,0.998,66.3,80.8,95.4,0.0,34.2
default-grid_001428,default-grid,solar_overvoltage_moderate,train,0,235.8,34.0,-9.1,0.0,235.8,192.70000000000002,0,67.7,250.0,500.0,12.7,59.3,1,0,1,0,0,2,1,1.02,1.019,1.063,0.997,65.8,84.2,102.7,0.0,36.6
default-grid_001429,default-grid,solar_overvoltage_moderate,test,0,227.0,43.4,-3.6,0.0,227.0,180.0,0,43.1,250.0,500.0,12.6,56.7,1,0,1,0,0,2,1,1.02,1.018,1.065,0.996,67.1,84.7,102.2,0.0,38.4
default-grid_001430,default-grid,evening_peak_demand,test,0,0.7,282.9,11.3,0.0,0.7,-270.9,0,42.1,250.0,500.0,8.5,75.3,0,0,1,0,0,1,1,1.02,1.0,0.972,0.976,100.1,76.9,53.7,0.0,85.0
default-grid_001431,default-grid,nighttime_low_load,train,0,0.0,44.1,0.0,0.0,0.0,-44.1,0,38.0,250.0,500.0,8.5,29.0,0,0,0,0,1,0,1,1.02,1.0,1.0,0.996,53.6,54.3,55.0,0.0,38.6
default-grid_001432,default-grid,reconfiguration_alternate,validation,0,142.3,86.8,15.2,0.0,142.3,70.7,1,52.5,250.0,500.0,11.1,34.4,0,0,0,0,1,0,1,1.02,1.011,1.033,0.993,70.4,70.7,70.9,46.0,46.9
default-grid_001433,default-grid,diurnal_normal_weekend,test,0,210.5,80.2,-6.5,0.0,210.5,123.8,0,60.0,250.0,500.0,12.3,45.3,1,0,0,0,0,1,1,1.02,1.017,1.058,0.993,73.2,85.6,98.0,0.0,45.6
default-grid_001434,default-grid,diurnal_normal_weekday,train,0,114.7,170.5,-2.8,0.0,114.7,-58.599999999999994,0,57.5,250.0,500.0,10.6,32.0,0,0,0,0,1,0,1,1.02,1.009,1.018,0.986,85.0,81.8,78.6,0.0,63.2
default-grid_001435,default-grid,bess_absorption_charging,validation,0,198.9,90.1,-18.0,0.0,198.9,90.80000000000001,0,60.6,250.0,500.0,12.1,38.5,0,0,0,0,1,0,1,1.02,1.016,1.046,0.992,74.5,83.6,92.7,0.0,47.5
default-grid_001436,default-grid,diurnal_normal_weekend,train,0,187.2,125.7,-8.2,0.0,187.2,53.3,0,73.8,250.0,500.0,11.9,30.9,0,0,0,0,1,0,1,1.02,1.015,1.044,0.99,80.7,86.7,92.6,0.0,54.4
default-grid_001437,default-grid,evening_peak_demand,train,0,1.2,223.4,8.9,0.0,1.2,-213.3,0,80.0,250.0,500.0,8.5,63.5,0,0,0,0,1,0,1,1.02,1.0,0.982,0.981,88.5,71.3,54.1,0.0,73.4
default-grid_001438,default-grid,solar_curtailment_active,train,0,216.5,102.6,-1.7,77.9,138.6,34.30000000000001,0,30.3,250.0,500.0,11.0,27.0,0,1,0,0,0,1,1,1.02,1.011,0.93,0.991,73.3,55.2,37.2,0.0,50.0
default-grid_001439,default-grid,bess_absorption_charging,train,0,151.8,130.0,-43.6,0.0,151.8,-21.799999999999983,0,66.9,250.0,500.0,11.2,24.4,0,0,0,0,1,0,1,1.02,1.012,1.007,0.989,79.4,77.8,76.3,0.0,55.3
default-grid_001440,default-grid,evening_peak_demand,train,0,1.3,255.7,13.4,0.0,1.3,-241.0,0,73.4,250.0,500.0,8.5,69.2,0,0,0,0,1,0,1,1.02,1.0,0.979,0.979,94.8,74.2,53.6,0.0,79.7
default-grid_001441,default-grid,bess_absorption_charging,train,0,217.4,104.5,-25.4,0.0,217.4,87.5,0,52.0,250.0,500.0,12.4,37.8,0,0,0,0,1,0,1,1.02,1.017,1.045,0.991,78.4,86.6,94.7,0.0,50.3
default-grid_001442,default-grid,nighttime_low_load,train,0,0.0,40.6,0.0,0.0,0.0,-40.6,0,47.4,250.0,500.0,8.5,28.3,0,0,0,0,1,0,1,1.02,1.0,1.0,0.997,52.9,54.0,55.0,0.0,37.9
default-grid_001443,default-grid,extreme_stress_holdout,test,1,282.0,20.9,0.0,27.2,254.8,233.9,0,96.0,250.0,500.0,13.1,67.7,0,0,0,0,1,0,1,1.02,1.02,1.037,0.998,64.4,78.6,92.7,0.0,34.1
default-grid_001444,default-grid,evening_peak_demand,validation,0,0.1,276.1,14.7,0.0,0.1,-261.3,0,41.0,250.0,500.0,8.5,73.3,0,0,0,0,1,0,1,1.02,1.0,0.975,0.977,98.7,76.0,53.2,0.0,83.7
default-grid_001445,default-grid,bess_injection_discharging,test,0,45.1,177.5,26.1,0.0,45.1,-106.3,0,72.6,250.0,500.0,9.3,41.7,0,0,0,0,1,0,1,1.02,1.004,1.017,0.985,82.2,71.8,61.3,0.0,64.5
default-grid_001446,default-grid,evening_peak_demand,validation,0,2.2,208.4,9.5,0.0,2.2,-196.70000000000002,0,80.5,250.0,500.0,8.5,60.1,0,0,0,0,1,0,1,1.02,1.0,0.986,0.983,85.7,70.0,54.3,0.0,70.5
default-grid_001447,default-grid,near_limit_overvoltage,validation,1,191.7,44.2,-5.4,0.0,191.7,142.09999999999997,0,52.8,250.0,500.0,12.0,49.0,1,0,0,0,0,1,1,1.02,1.015,1.053,0.996,65.1,79.7,94.3,0.0,38.6
default-grid_001448,default-grid,bess_injection_discharging,train,0,20.0,216.7,19.0,0.0,20.0,-177.7,0,42.1,250.0,500.0,8.9,56.2,0,0,0,0,1,0,1,1.02,1.002,0.996,0.982,88.3,72.6,56.9,0.0,72.1
default-grid_001449,default-grid,diurnal_normal_weekend,train,0,119.3,32.1,-2.2,0.0,119.3,85.0,0,51.2,250.0,500.0,10.6,37.3,0,0,0,0,1,0,1,1.02,1.01,1.034,0.997,58.4,69.0,79.7,0.0,36.2
default-grid_001450,default-grid,diurnal_normal_weekday,train,0,102.7,130.5,5.5,0.0,102.7,-22.299999999999997,0,41.9,250.0,500.0,10.3,24.5,0,0,0,0,1,0,1,1.02,1.008,1.028,0.989,76.5,76.3,76.1,0.0,55.4
default-grid_001451,default-grid,evening_peak_demand,train,0,1.4,255.9,7.1,0.0,1.4,-247.4,0,84.8,250.0,500.0,8.5,70.5,0,0,0,0,1,0,1,1.02,1.0,0.974,0.979,94.8,74.6,54.4,0.0,79.8
default-grid_001452,default-grid,near_limit_overvoltage,test,1,177.7,50.9,8.8,0.0,177.7,135.6,0,48.9,250.0,500.0,11.7,47.7,1,0,0,0,0,1,1,1.02,1.014,1.059,0.996,65.6,78.6,91.6,0.0,39.9
default-grid_001453,default-grid,evening_peak_demand,train,0,4.2,211.6,1.1,0.0,4.2,-206.29999999999998,0,52.4,250.0,500.0,8.6,62.1,0,0,0,0,1,0,1,1.02,1.0,0.98,0.982,86.4,71.1,55.8,0.0,71.1
default-grid_001454,default-grid,reconfiguration_alternate,train,0,176.2,175.1,1.6,0.0,176.2,2.6999999999999886,1,38.9,250.0,500.0,11.7,20.6,0,0,0,0,1,0,1,1.02,1.014,1.013,0.985,89.6,84.0,78.5,46.0,64.0
default-grid_001455,default-grid,solar_overvoltage_moderate,train,0,220.6,31.0,-3.5,0.0,220.6,186.1,0,73.8,250.0,500.0,12.5,58.0,1,0,1,0,0,2,1,1.02,1.018,1.063,0.997,64.3,82.6,100.9,0.0,36.0
default-grid_001456,default-grid,reconfiguration_alternate,train,0,189.3,77.5,-15.9,0.0,189.3,95.9,1,39.0,250.0,500.0,11.9,39.6,0,0,0,0,1,0,1,1.02,1.015,1.017,0.994,71.4,74.5,77.6,46.0,45.1
default-grid_001457,default-grid,bess_injection_discharging,test,0,5.0,214.3,36.2,0.0,5.0,-173.10000000000002,0,45.8,250.0,500.0,8.6,55.3,0,0,0,0,1,0,1,1.02,1.0,1.005,0.982,87.0,69.2,51.5,0.0,71.7
default-grid_001458,default-grid,near_limit_tx_overload,test,1,32.3,287.6,0.0,0.0,32.3,-255.3,0,65.8,250.0,500.0,9.1,72.1,0,0,1,0,0,1,1,1.02,1.003,0.972,0.976,102.9,82.3,61.8,0.0,85.9
default-grid_001459,default-grid,nighttime_low_load,train,0,0.0,44.9,0.0,0.0,0.0,-44.9,0,55.5,250.0,500.0,8.5,29.2,0,0,0,0,1,0,1,1.02,1.0,1.0,0.996,53.7,54.4,55.0,0.0,38.7
default-grid_001460,default-grid,solar_overvoltage_moderate,train,0,232.5,82.1,-7.9,0.0,232.5,142.5,0,49.7,250.0,500.0,12.7,49.1,1,0,1,0,0,2,1,1.02,1.019,1.063,0.993,74.9,88.6,102.3,0.0,46.0
default-grid_001461,default-grid,nighttime_low_load,train,0,0.0,25.1,0.0,0.0,0.0,-25.1,0,36.8,250.0,500.0,8.5,25.1,0,0,0,0,1,0,1,1.02,1.0,1.0,0.998,49.9,52.5,55.0,0.0,34.9
default-grid_001462,default-grid,bess_injection_discharging,validation,0,6.4,163.9,50.8,0.0,6.4,-106.70000000000002,0,65.2,250.0,500.0,8.6,41.8,0,0,0,0,1,0,1,1.02,1.001,1.026,0.986,77.3,63.6,50.0,0.0,61.9
default-grid_001463,default-grid,diurnal_normal_weekday,train,0,160.8,126.5,1.6,0.0,160.8,35.900000000000006,0,71.4,250.0,500.0,11.4,27.3,0,0,0,0,1,0,1,1.02,1.013,1.043,0.989,79.2,84.1,88.9,0.0,54.6
default-grid_001464,default-grid,near_limit_feeder_overload,test,1,201.2,44.4,0.0,0.0,201.2,156.79999999999998,0,63.7,250.0,500.0,12.1,52.0,1,0,0,0,0,1,1,1.02,1.016,1.06,0.996,65.7,81.7,97.7,0.0,38.6
default-grid_001465,default-grid,reconfiguration_alternate,train,0,214.7,50.4,0.6,0.0,214.7,164.89999999999998,1,73.3,250.0,500.0,12.4,53.6,0,0,0,0,1,0,1,1.02,1.017,1.033,0.996,67.7,76.7,85.6,46.0,39.8
default-grid_001466,default-grid,diurnal_normal_weekday,train,0,190.1,177.4,5.3,0.0,190.1,18.0,0,62.3,250.0,500.0,11.9,23.7,0,0,0,0,1,0,1,1.02,1.015,1.045,0.985,90.9,92.8,94.6,0.0,64.5
default-grid_001467,default-grid,near_limit_feeder_overload,validation,1,210.0,53.2,0.0,0.0,210.0,156.8,0,51.3,250.0,500.0,12.3,52.0,1,0,0,0,0,1,1,1.02,1.017,1.062,0.996,67.9,83.7,99.5,0.0,40.3
default-grid_001468,default-grid,diurnal_normal_weekday,test,0,192.8,166.6,-2.0,0.0,192.8,24.200000000000017,0,56.4,250.0,500.0,12.0,24.9,0,0,0,0,1,0,1,1.02,1.015,1.042,0.986,89.0,92.2,95.4,0.0,62.4
default-grid_001469,default-grid,diurnal_normal_weekday,validation,0,224.6,153.4,-15.8,0.0,224.6,55.39999999999998,0,31.4,250.0,500.0,12.5,31.3,0,0,0,0,1,0,1,1.02,1.018,1.044,0.987,88.3,93.5,98.7,0.0,59.8
default-grid_001470,default-grid,solar_curtailment_active,train,0,270.8,45.0,-13.7,80.0,190.8,132.10000000000002,0,53.3,250.0,500.0,11.9,46.9,0,1,0,0,0,1,1,1.02,1.015,0.935,0.996,65.2,54.6,44.0,0.0,38.8
default-grid_001471,default-grid,solar_curtailment_active,validation,0,249.8,70.1,-14.4,62.0,187.8,103.30000000000001,0,72.0,250.0,500.0,11.9,41.1,0,0,0,0,1,0,1,1.02,1.015,0.958,0.994,69.9,62.0,54.0,0.0,43.6
default-grid_001472,default-grid,nighttime_low_load,validation,0,0.0,29.5,0.0,0.0,0.0,-29.5,0,33.5,250.0,500.0,8.5,26.0,0,0,0,0,1,0,1,1.02,1.0,1.0,0.998,50.7,52.9,55.0,0.0,35.7
default-grid_001473,default-grid,solar_overvoltage_moderate,test,0,209.1,71.0,-4.7,0.0,209.1,133.4,0,51.1,250.0,500.0,12.3,47.2,1,0,0,0,0,1,1,1.02,1.017,1.058,0.994,71.4,84.8,98.2,0.0,43.8
default-grid_001474,default-grid,diurnal_normal_weekday,validation,0,159.4,171.4,-5.1,0.0,159.4,-17.099999999999994,0,32.8,250.0,500.0,11.4,23.5,0,0,0,0,1,0,1,1.02,1.013,1.029,0.986,87.9,87.7,87.5,0.0,63.3
default-grid_001475,default-grid,solar_overvoltage_moderate,validation,0,191.0,83.9,-3.2,0.0,191.0,103.9,0,51.3,250.0,500.0,11.9,41.2,1,0,0,0,0,1,1,1.02,1.015,1.054,0.993,72.8,83.8,94.7,0.0,46.3
default-grid_001476,default-grid,reconfiguration_alternate,test,0,141.3,99.4,26.0,0.0,141.3,67.9,1,49.4,250.0,500.0,11.0,33.8,0,0,0,0,1,0,1,1.02,1.011,1.04,0.992,72.8,71.2,69.6,46.0,49.3
default-grid_001477,default-grid,bess_injection_discharging,train,0,66.0,177.3,42.5,0.0,66.0,-68.80000000000001,0,55.8,250.0,500.0,9.7,34.0,0,0,0,0,1,0,1,1.02,1.005,1.035,0.985,83.4,73.6,63.7,0.0,64.5
default-grid_001478,default-grid,nighttime_low_load,test,0,0.0,34.2,0.0,0.0,0.0,-34.2,0,47.6,250.0,500.0,8.5,27.0,0,0,0,0,1,0,1,1.02,1.0,1.0,0.997,51.6,53.3,55.0,0.0,36.6
default-grid_001479,default-grid,evening_peak_demand,train,0,1.2,209.4,20.5,0.0,1.2,-187.70000000000002,0,67.3,250.0,500.0,8.5,58.3,0,0,0,0,1,0,1,1.02,1.0,0.993,0.983,85.8,69.2,52.7,0.0,70.7
default-grid_001480,default-grid,diurnal_normal_weekend,train,0,118.7,144.8,2.8,0.0,118.7,-23.30000000000001,0,58.5,250.0,500.0,10.6,24.8,0,0,0,0,1,0,1,1.02,1.009,1.028,0.988,80.3,80.0,79.8,0.0,58.2
default-grid_001481,default-grid,diurnal_normal_weekend,train,0,213.9,145.8,-4.9,0.0,213.9,63.19999999999999,0,67.5,250.0,500.0,12.4,32.9,1,0,0,0,0,1,1,1.02,1.017,1.051,0.988,86.2,92.7,99.1,0.0,58.4
default-grid_001482,default-grid,solar_overvoltage_severe,train,0,252.0,37.0,0.0,0.0,252.0,215.0,0,41.9,250.0,500.0,13.0,63.9,1,0,1,0,0,2,1,1.02,1.02,1.075,0.997,67.3,87.8,108.4,0.0,37.2
default-grid_001483,default-grid,solar_curtailment_active,train,0,223.5,84.4,-13.1,91.4,132.1,34.599999999999994,0,45.1,250.0,500.0,10.9,27.1,0,1,0,0,0,1,1,1.02,1.011,0.902,0.993,69.3,47.1,24.9,0.0,46.4
default-grid_001484,default-grid,diurnal_normal_weekday,train,0,182.5,172.0,-9.2,0.0,182.5,1.3000000000000114,0,74.7,250.0,500.0,11.8,20.3,0,0,0,0,1,0,1,1.02,1.015,1.033,0.986,89.4,90.4,91.4,0.0,63.4
default-grid_001485,default-grid,diurnal_normal_weekday,test,0,158.9,145.2,4.7,0.0,158.9,18.400000000000006,0,38.8,250.0,500.0,11.4,23.8,0,0,0,0,1,0,1,1.02,1.013,1.041,0.988,82.8,85.4,88.1,0.0,58.2
default-grid_001486,default-grid,evening_peak_demand,validation,0,0.5,248.7,12.0,0.0,0.5,-236.2,0,77.4,250.0,500.0,8.5,68.2,0,0,0,0,1,0,1,1.02,1.0,0.979,0.979,93.4,73.5,53.6,0.0,78.4
default-grid_001487,default-grid,solar_curtailment_active,test,0,272.4,98.1,-0.3,67.0,205.39999999999998,106.99999999999997,0,53.9,250.0,500.0,12.2,41.8,0,0,0,0,1,0,1,1.02,1.016,0.967,0.992,76.4,67.3,58.3,0.0,49.1
default-grid_001488,default-grid,solar_overvoltage_severe,train,0,286.0,26.0,0.0,0.0,286.0,260.0,0,40.1,250.0,500.0,13.6,73.0,1,0,1,0,0,2,1,1.02,1.023,1.085,0.998,67.2,91.4,115.6,0.0,35.1
default-grid_001489,default-grid,evening_peak_demand,train,0,3.8,246.5,3.4,0.0,3.8,-239.3,0,70.1,250.0,500.0,8.6,68.8,0,0,0,0,1,0,1,1.02,1.0,0.974,0.979,93.2,74.3,55.4,0.0,77.9
default-grid_001490,default-grid,evening_peak_demand,train,0,3.2,275.7,19.9,0.0,3.2,-252.6,0,59.6,250.0,500.0,8.6,71.5,0,0,0,0,1,0,1,1.02,1.0,0.98,0.977,98.8,76.0,53.2,0.0,83.6
default-grid_001491,default-grid,diurnal_normal_weekday,train,0,193.0,122.9,-1.1,0.0,193.0,69.0,0,43.3,250.0,500.0,12.0,34.1,1,0,0,0,0,1,1,1.02,1.015,1.052,0.99,80.5,88.0,95.6,0.0,53.9
default-grid_001492,default-grid,diurnal_normal_weekend,train,0,228.4,148.3,-2.4,0.0,228.4,77.69999999999999,0,37.6,250.0,500.0,12.6,35.8,1,0,1,0,0,2,1,1.02,1.018,1.056,0.988,87.5,95.2,102.8,0.0,58.8
default-grid_001493,default-grid,bess_injection_discharging,train,0,2.6,238.6,59.4,0.0,2.6,-176.6,0,49.2,250.0,500.0,8.5,56.0,0,0,0,0,1,0,1,1.02,1.0,1.016,0.98,91.6,69.8,48.1,0.0,76.4
default-grid_001494,default-grid,solar_overvoltage_moderate,train,0,206.4,86.5,-2.5,0.0,206.4,117.4,0,62.5,250.0,500.0,12.2,43.9,1,0,0,0,0,1,1,1.02,1.017,1.059,0.993,74.2,86.2,98.1,0.0,46.8
default-grid_001495,default-grid,solar_curtailment_active,train,0,243.5,95.2,-20.2,62.2,181.3,65.90000000000002,0,53.2,250.0,500.0,11.8,33.4,0,0,0,0,1,0,1,1.02,1.015,0.952,0.992,74.4,62.8,51.1,0.0,48.5
default-grid_001496,default-grid,diurnal_normal_weekend,test,0,139.6,129.5,-9.5,0.0,139.6,0.5999999999999943,0,38.0,250.0,500.0,11.0,20.1,0,0,0,0,1,0,1,1.02,1.011,1.029,0.989,78.6,80.4,82.2,0.0,55.2
default-grid_001497,default-grid,near_limit_overvoltage,validation,1,173.2,68.1,2.4,0.0,173.2,107.5,0,60.9,250.0,500.0,11.6,41.9,1,0,0,0,0,1,1,1.02,1.014,1.053,0.994,68.6,80.0,91.4,0.0,43.2
default-grid_001498,default-grid,diurnal_normal_weekend,train,0,215.0,124.3,-23.0,0.0,215.0,67.7,0,49.3,250.0,500.0,12.4,33.8,0,0,0,0,1,0,1,1.02,1.017,1.042,0.99,82.1,88.4,94.8,0.0,54.2
default-grid_001499,default-grid,solar_overvoltage_moderate,validation,0,204.3,83.1,-6.3,0.0,204.3,114.9,0,36.7,250.0,500.0,12.2,43.4,1,0,0,0,0,1,1,1.02,1.016,1.056,0.993,73.4,85.1,96.7,0.0,46.2
default-grid_001500,default-grid,solar_overvoltage_severe,test,0,253.7,28.5,0.0,0.0,253.7,225.2,0,58.0,250.0,500.0,13.1,65.9,1,0,1,0,0,2,1,1.02,1.02,1.075,0.998,65.8,87.3,108.8,0.0,35.5
default-grid_001501,default-grid,reconfiguration_alternate,validation,0,129.2,62.6,26.3,0.0,129.2,92.9,1,36.2,250.0,500.0,10.8,38.9,0,0,0,0,1,0,1,1.02,1.01,1.039,0.995,64.9,66.2,67.4,46.0,42.2
default-grid_001502,default-grid,solar_overvoltage_severe,train,0,272.4,27.3,0.0,0.0,272.4,245.09999999999997,0,36.6,250.0,500.0,13.4,70.0,1,0,1,0,0,2,1,1.02,1.022,1.081,0.998,66.7,89.7,112.7,0.0,35.3
default-grid_001503,default-grid,near_limit_undervoltage,validation,1,6.2,275.1,-5.3,0.0,6.2,-274.20000000000005,0,34.6,250.0,500.0,8.6,75.9,0,0,0,0,1,0,1,1.02,1.0,0.963,0.977,98.9,77.0,55.0,0.0,83.5
default-grid_001504,default-grid,evening_peak_demand,train,0,1.5,227.2,22.5,0.0,1.5,-203.2,0,57.5,250.0,500.0,8.5,61.4,0,0,0,0,1,0,1,1.02,1.0,0.991,0.981,89.3,70.9,52.5,0.0,74.2
default-grid_001505,default-grid,diurnal_normal_weekend,train,0,210.9,116.1,-16.0,0.0,210.9,78.80000000000001,0,34.6,250.0,500.0,12.3,36.1,0,0,0,0,1,0,1,1.02,1.017,1.048,0.99,80.2,88.0,95.7,0.0,52.6
default-grid_001506,default-grid,near_limit_feeder_overload,test,1,226.9,38.5,0.0,0.0,226.9,188.4,0,38.2,250.0,500.0,12.6,58.4,1,0,1,0,0,2,1,1.02,1.018,1.067,0.997,66.1,84.6,103.1,0.0,37.5
default-grid_001507,default-grid,nighttime_low_load,validation,0,0.0,36.8,0.0,0.0,0.0,-36.8,0,47.3,250.0,500.0,8.5,27.5,0,0,0,0,1,0,1,1.02,1.0,1.0,0.997,52.2,53.6,55.0,0.0,37.2
default-grid_001508,default-grid,diurnal_normal_weekday,validation,0,169.4,127.9,-7.6,0.0,169.4,33.900000000000006,0,60.8,250.0,500.0,11.5,26.9,0,0,0,0,1,0,1,1.02,1.014,1.039,0.989,80.0,84.5,89.0,0.0,54.9
default-grid_001509,default-grid,diurnal_normal_weekday,test,0,190.3,186.7,-11.6,0.0,190.3,-7.999999999999972,0,64.9,250.0,500.0,11.9,21.6,0,0,0,0,1,0,1,1.02,1.015,1.031,0.984,92.7,92.6,92.4,0.0,66.3
default-grid_001510,default-grid,bess_absorption_charging,validation,0,200.6,77.5,-42.3,0.0,200.6,80.80000000000001,0,55.3,250.0,500.0,12.1,36.5,0,0,0,0,1,0,1,1.02,1.016,1.029,0.994,72.1,79.5,87.0,0.0,45.1
default-grid_001511,default-grid,reconfiguration_alternate,train,0,219.4,155.5,-0.4,0.0,219.4,63.5,1,58.4,250.0,500.0,12.4,33.0,0,0,0,0,1,0,1,1.02,1.018,1.022,0.987,88.4,87.4,86.4,46.0,60.2
default-grid_001512,default-grid,bess_injection_discharging,train,0,40.9,190.9,19.4,0.0,40.9,-130.60000000000002,0,37.8,250.0,500.0,9.2,46.6,0,0,0,0,1,0,1,1.02,1.003,1.008,0.984,84.6,72.9,61.2,0.0,67.1
default-grid_001513,default-grid,near_limit_tx_overload,validation,1,40.9,287.6,0.0,0.0,40.9,-246.70000000000002,0,36.6,250.0,500.0,9.2,70.3,0,0,1,0,0,1,1,1.02,1.003,0.975,0.976,103.4,83.6,63.7,0.0,85.9
default-grid_001514,default-grid,extreme_stress_holdout,test,1,306.0,22.0,0.0,29.2,276.8,254.8,0,96.0,250.0,500.0,13.5,72.0,0,0,0,0,1,0,1,1.02,1.022,1.041,0.998,65.9,81.1,96.2,0.0,34.3
default-grid_001515,default-grid,diurnal_normal_weekday,validation,0,163.3,140.1,-2.4,0.0,163.3,20.80000000000001,0,64.5,250.0,500.0,11.4,24.2,0,0,0,0,1,0,1,1.02,1.013,1.039,0.988,82.0,85.5,89.0,0.0,57.2
default-grid_001516,default-grid,solar_overvoltage_moderate,train,0,199.6,82.2,-6.4,0.0,199.6,110.99999999999999,0,43.1,250.0,500.0,12.1,42.6,1,0,0,0,0,1,1,1.02,1.016,1.054,0.993,73.0,84.3,95.7,0.0,46.0
default-grid_001517,default-grid,near_limit_feeder_overload,validation,1,201.4,33.1,0.0,0.0,201.4,168.3,0,64.3,250.0,500.0,12.1,54.3,1,0,0,0,0,1,1,1.02,1.016,1.06,0.997,63.5,80.6,97.7,0.0,36.4
default-grid_001518,default-grid,diurnal_normal_weekday,train,0,102.4,141.4,-16.0,0.0,102.4,-55.0,0,48.1,250.0,500.0,10.3,31.2,0,0,0,0,1,0,1,1.02,1.008,1.01,0.988,78.6,75.7,72.7,0.0,57.5
default-grid_001519,default-grid,diurnal_normal_weekday,test,0,205.0,174.7,1.6,0.0,205.0,31.900000000000006,0,71.8,250.0,500.0,12.2,26.5,0,0,0,0,1,0,1,1.02,1.016,1.047,0.985,91.3,94.8,98.3,0.0,64.0
default-grid_001520,default-grid,near_limit_feeder_overload,test,1,250.2,30.0,0.0,0.0,250.2,220.2,0,57.8,250.0,500.0,13.0,64.9,1,0,1,0,0,2,1,1.02,1.02,1.074,0.998,65.8,86.9,108.0,0.0,35.8
default-grid_001521,default-grid,solar_overvoltage_severe,train,0,260.5,29.3,0.0,0.0,260.5,231.2,0,62.3,250.0,500.0,13.2,67.2,1,0,1,0,0,2,1,1.02,1.021,1.077,0.998,66.3,88.2,110.2,0.0,35.7
default-grid_001522,default-grid,evening_peak_demand,train,0,1.8,230.3,18.9,0.0,1.8,-209.60000000000002,0,72.6,250.0,500.0,8.5,62.8,0,0,0,0,1,0,1,1.02,1.0,0.988,0.981,89.9,71.5,53.0,0.0,74.8
default-grid_001523,default-grid,solar_overvoltage_moderate,train,0,218.4,52.6,-1.0,0.0,218.4,164.8,0,65.3,250.0,500.0,12.4,53.6,1,0,1,0,0,2,1,1.02,1.017,1.064,0.996,68.3,84.7,101.1,0.0,40.2
default-grid_001524,default-grid,near_limit_overvoltage,test,1,209.4,73.4,8.3,0.0,209.4,144.3,0,50.5,250.0,500.0,12.3,49.4,1,0,0,0,0,1,1,1.02,1.017,1.068,0.994,71.8,85.1,98.4,0.0,44.3
default-grid_001525,default-grid,solar_curtailment_active,test,0,233.6,103.2,-5.8,56.8,176.8,67.8,0,39.5,250.0,500.0,11.7,33.8,0,0,0,0,1,0,1,1.02,1.014,0.968,0.991,75.7,66.3,57.0,0.0,50.1
default-grid_001526,default-grid,near_limit_tx_overload,test,1,24.6,336.7,0.0,0.0,24.6,-312.09999999999997,0,55.0,250.0,500.0,8.9,83.7,0,0,1,0,0,1,1,1.02,1.002,0.96,0.972,111.9,86.1,60.2,0.0,95.5
default-grid_001527,default-grid,diurnal_normal_weekday,train,0,188.9,164.9,-14.0,0.0,188.9,10.0,0,73.3,250.0,500.0,11.9,22.0,0,0,0,0,1,0,1,1.02,1.015,1.033,0.986,88.4,90.0,91.5,0.0,62.1
default-grid_001528,default-grid,near_limit_undervoltage,test,1,13.8,290.9,5.0,0.0,13.8,-272.09999999999997,0,48.2,250.0,500.0,8.7,75.5,0,0,1,0,0,1,1,1.02,1.001,0.97,0.976,102.4,79.8,57.3,0.0,86.6
default-grid_001529,default-grid,solar_overvoltage_moderate,train,0,210.1,43.2,-5.6,0.0,210.1,161.3,0,42.6,250.0,500.0,12.3,52.9,1,0,0,0,0,1,1,1.02,1.017,1.058,0.996,66.0,82.0,98.1,0.0,38.4
default-grid_001530,default-grid,diurnal_normal_weekend,test,0,208.5,56.3,-20.5,0.0,208.5,131.7,0,36.8,250.0,500.0,12.3,46.9,0,0,0,0,1,0,1,1.02,1.017,1.047,0.995,68.5,81.3,94.1,0.0,40.9
default-grid_001531,default-grid,diurnal_normal_weekend,validation,0,152.8,96.5,-18.6,0.0,152.8,37.70000000000002,0,57.4,250.0,500.0,11.3,27.7,0,0,0,0,1,0,1,1.02,1.012,1.032,0.992,72.9,77.8,82.7,0.0,48.8
default-grid_001532,default-grid,solar_curtailment_active,test,0,247.5,100.9,-23.0,95.2,152.3,28.400000000000006,0,64.4,250.0,500.0,11.2,25.8,0,1,0,0,0,1,1,1.02,1.012,0.895,0.992,73.8,49.1,24.4,0.0,49.6
default-grid_001533,default-grid,near_limit_feeder_overload,validation,1,250.5,49.4,0.0,0.0,250.5,201.1,0,35.4,250.0,500.0,13.0,61.0,1,0,1,0,0,2,1,1.02,1.02,1.074,0.996,69.6,88.8,108.1,0.0,39.6
default-grid_001534,default-grid,diurnal_normal_weekend,train,0,205.5,64.2,5.3,0.0,205.5,146.60000000000002,0,55.5,250.0,500.0,12.2,49.9,1,0,0,0,0,1,1,1.02,1.016,1.065,0.995,69.8,83.8,97.9,0.0,42.5
default-grid_001535,default-grid,solar_overvoltage_severe,test,0,280.4,31.8,0.0,0.0,280.4,248.59999999999997,0,36.1,250.0,500.0,13.5,70.7,1,0,1,0,0,2,1,1.02,1.022,1.083,0.997,68.0,91.2,114.4,0.0,36.2
default-grid_001536,default-grid,near_limit_feeder_overload,test,1,244.7,30.6,0.0,0.0,244.7,214.1,0,40.9,250.0,500.0,12.9,63.7,1,0,1,0,0,2,1,1.02,1.02,1.072,0.997,65.6,86.2,106.9,0.0,36.0
default-grid_001537,default-grid,solar_curtailment_active,test,0,233.1,50.5,-11.3,112.1,121.0,59.2,0,72.2,250.0,500.0,10.7,32.1,0,1,0,0,0,1,1,1.02,1.01,0.871,0.996,62.1,36.4,10.6,0.0,39.8
default-grid_001538,default-grid,near_limit_overvoltage,test,1,190.1,69.1,8.4,0.0,190.1,129.4,0,50.5,250.0,500.0,11.9,46.4,1,0,0,0,0,1,1,1.02,1.015,1.062,0.994,69.8,82.0,94.3,0.0,43.4
default-grid_001539,default-grid,diurnal_normal_weekend,train,0,147.3,125.4,2.6,0.0,147.3,24.5,0,42.8,250.0,500.0,11.2,25.0,0,0,0,0,1,0,1,1.02,1.012,1.04,0.99,78.2,82.1,85.9,0.0,54.4
default-grid_001540,default-grid,solar_overvoltage_moderate,train,0,205.7,82.3,-7.0,0.0,205.7,116.39999999999999,0,36.0,250.0,500.0,12.2,43.7,1,0,0,0,0,1,1,1.02,1.016,1.056,0.993,73.3,85.1,96.9,0.0,46.0
default-grid_001541,default-grid,bess_absorption_charging,train,0,243.6,38.6,-42.6,0.0,243.6,162.4,0,53.8,250.0,500.0,12.9,53.1,0,0,0,0,1,0,1,1.02,1.019,1.041,0.997,67.1,81.5,96.0,0.0,37.5
default-grid_001542,default-grid,diurnal_normal_weekend,test,0,188.2,79.5,-12.4,0.0,188.2,96.29999999999998,0,45.5,250.0,500.0,11.9,39.6,0,0,0,0,1,0,1,1.02,1.015,1.047,0.993,71.8,81.8,91.8,0.0,45.5
default-grid_001543,default-grid,diurnal_normal_weekday,train,0,117.4,147.0,-15.5,0.0,117.4,-45.099999999999994,0,44.7,250.0,500.0,10.6,29.2,0,0,0,0,1,0,1,1.02,1.009,1.014,0.988,80.6,78.3,76.0,0.0,58.6
default-grid_001544,default-grid,diurnal_normal_weekday,test,0,93.5,178.9,-8.7,0.0,93.5,-94.10000000000001,0,59.6,250.0,500.0,10.2,39.2,0,0,0,0,1,0,1,1.02,1.007,1.006,0.985,85.4,79.0,72.6,0.0,64.8
default-grid_001545,default-grid,bess_absorption_charging,train,0,208.9,88.0,-50.0,0.0,208.9,70.9,0,58.9,250.0,500.0,12.3,34.5,0,0,0,0,1,0,1,1.02,1.017,1.026,0.993,74.6,80.7,86.8,0.0,47.1
default-grid_001546,default-grid,diurnal_normal_weekday,test,0,187.9,134.2,-5.0,0.0,187.9,48.70000000000002,0,32.3,250.0,500.0,11.9,29.9,0,0,0,0,1,0,1,1.02,1.015,1.045,0.989,82.4,88.0,93.6,0.0,56.1
default-grid_001547,default-grid,diurnal_normal_weekday,train,0,92.9,186.3,-4.5,0.0,92.9,-97.9,0,57.6,250.0,500.0,10.2,40.0,0,0,0,0,1,0,1,1.02,1.007,1.007,0.984,86.8,80.2,73.6,0.0,66.2
default-grid_001548,default-grid,solar_overvoltage_moderate,train,0,192.8,55.5,-4.2,0.0,192.8,133.10000000000002,0,53.4,250.0,500.0,12.0,47.1,1,0,0,0,0,1,1,1.02,1.015,1.054,0.995,67.4,81.1,94.8,0.0,40.8
default-grid_001549,default-grid,diurnal_normal_weekday,train,0,108.4,194.5,-1.5,0.0,108.4,-87.6,0,49.9,250.0,500.0,10.5,37.9,0,0,0,0,1,0,1,1.02,1.009,1.012,0.984,89.3,83.4,77.6,0.0,67.8
default-grid_001550,default-grid,diurnal_normal_weekday,train,0,182.5,128.4,5.7,0.0,182.5,59.79999999999998,0,44.2,250.0,500.0,11.8,32.2,1,0,0,0,0,1,1,1.02,1.015,1.052,0.989,80.9,87.0,93.0,0.0,55.0
default-grid_001551,default-grid,diurnal_normal_weekend,test,0,213.5,140.2,1.9,0.0,213.5,75.20000000000002,0,73.9,250.0,500.0,12.3,35.3,1,0,0,0,0,1,1,1.02,1.017,1.057,0.988,85.1,92.5,100.0,0.0,57.3
default-grid_001552,default-grid,solar_overvoltage_severe,train,0,255.8,36.9,0.0,0.0,255.8,218.9,0,44.7,250.0,500.0,13.1,64.6,1,0,1,0,0,2,1,1.02,1.02,1.076,0.997,67.5,88.3,109.2,0.0,37.2
default-grid_001553,default-grid,diurnal_normal_weekday,train,0,128.6,177.4,-13.8,0.0,128.6,-62.60000000000001,0,35.6,250.0,500.0,10.8,32.8,0,0,0,0,1,0,1,1.02,1.01,1.013,0.985,87.2,83.0,78.8,0.0,64.5
default-grid_001554,default-grid,diurnal_normal_weekday,train,0,153.5,194.9,8.3,0.0,153.5,-33.099999999999994,0,39.0,250.0,500.0,11.3,26.8,0,0,0,0,1,0,1,1.02,1.012,1.032,0.984,92.1,89.3,86.5,0.0,67.9
default-grid_001555,default-grid,diurnal_normal_weekend,train,0,224.4,128.1,-6.3,0.0,224.4,90.0,0,62.4,250.0,500.0,12.5,38.4,1,0,1,0,0,2,1,1.02,1.018,1.056,0.989,83.4,92.2,101.0,0.0,54.9
default-grid_001556,default-grid,reconfiguration_alternate,test,0,134.9,161.8,18.3,0.0,134.9,-8.599999999999994,1,65.5,250.0,500.0,10.9,21.8,0,0,0,0,1,0,1,1.02,1.011,1.021,0.987,84.6,76.9,69.3,46.0,61.5
default-grid_001557,default-grid,evening_peak_demand,train,0,3.5,301.9,14.4,0.0,3.5,-284.0,0,50.2,250.0,500.0,8.6,77.9,0,0,1,0,0,1,1,1.02,1.0,0.971,0.975,103.9,78.9,53.9,0.0,88.7
default-grid_001558,default-grid,evening_peak_demand,train,0,2.0,304.0,12.0,0.0,2.0,-290.0,0,49.9,250.0,500.0,8.5,79.1,0,0,1,0,0,1,1,1.02,1.0,0.968,0.975,104.2,79.0,53.9,0.0,89.1
default-grid_001559,default-grid,solar_overvoltage_moderate,train,0,217.1,68.9,-4.7,0.0,217.1,143.5,0,59.7,250.0,500.0,12.4,49.3,1,0,0,0,0,1,1,1.02,1.017,1.061,0.994,71.4,85.7,99.9,0.0,43.4
default-grid_001560,default-grid,diurnal_normal_weekday,train,0,213.4,131.2,2.0,0.0,213.4,84.20000000000002,0,34.4,250.0,500.0,12.3,37.2,1,0,0,0,0,1,1,1.02,1.017,1.058,0.989,83.3,91.7,100.0,0.0,55.5
default-grid_001561,default-grid,diurnal_normal_weekday,validation,0,112.9,131.9,0.5,0.0,112.9,-18.5,0,52.9,250.0,500.0,10.5,23.8,0,0,0,0,1,0,1,1.02,1.009,1.027,0.989,77.4,78.2,78.9,0.0,55.6
default-grid_001562,default-grid,diurnal_normal_weekend,train,0,163.6,135.1,-12.7,0.0,163.6,15.800000000000011,0,37.0,250.0,500.0,11.4,23.2,0,0,0,0,1,0,1,1.02,1.013,1.032,0.989,81.1,83.8,86.5,0.0,56.3
default-grid_001563,default-grid,bess_injection_discharging,train,0,5.8,213.9,22.1,0.0,5.8,-186.0,0,48.7,250.0,500.0,8.6,57.9,0,0,0,0,1,0,1,1.02,1.0,0.995,0.982,86.9,70.2,53.5,0.0,71.6
default-grid_001564,default-grid,bess_absorption_charging,validation,0,156.2,134.4,-57.7,0.0,156.2,-35.90000000000002,0,66.3,250.0,500.0,11.3,27.3,0,0,0,0,1,0,1,1.02,1.012,0.998,0.989,80.5,77.1,73.7,0.0,56.1
default-grid_001565,default-grid,evening_peak_demand,train,0,3.7,217.3,19.0,0.0,3.7,-194.60000000000002,0,43.5,250.0,500.0,8.6,59.7,0,0,0,0,1,0,1,1.02,1.0,0.991,0.982,87.5,70.5,53.4,0.0,72.3
default-grid_001566,default-grid,nighttime_low_load,train,0,0.0,29.0,0.0,0.0,0.0,-29.0,0,49.6,250.0,500.0,8.5,25.9,0,0,0,0,1,0,1,1.02,1.0,1.0,0.998,50.6,52.8,55.0,0.0,35.6
default-grid_001567,default-grid,solar_overvoltage_severe,train,0,252.5,27.6,0.0,0.0,252.5,224.9,0,65.1,250.0,500.0,13.0,65.9,1,0,1,0,0,2,1,1.02,1.02,1.075,0.998,65.5,87.0,108.5,0.0,35.4
default-grid_001568,default-grid,diurnal_normal_weekday,train,0,166.1,166.9,8.4,0.0,166.1,7.599999999999994,0,45.9,250.0,500.0,11.5,21.6,0,0,0,0,1,0,1,1.02,1.013,1.042,0.986,87.4,88.3,89.2,0.0,62.5
default-grid_001569,default-grid,diurnal_normal_weekend,train,0,197.6,111.0,-22.5,0.0,197.6,64.1,0,36.1,250.0,500.0,12.1,33.1,0,0,0,0,1,0,1,1.02,1.016,1.04,0.991,78.4,84.8,91.3,0.0,51.6
default-grid_001570,default-grid,diurnal_normal_weekend,train,0,118.2,71.8,-20.0,0.0,118.2,26.400000000000006,0,73.1,250.0,500.0,10.6,25.4,0,0,0,0,1,0,1,1.02,1.009,1.02,0.994,66.1,70.6,75.1,0.0,44.0
default-grid_001571,default-grid,solar_overvoltage_moderate,test,0,217.7,60.1,-11.1,0.0,217.7,146.5,0,34.1,250.0,500.0,12.4,49.9,1,0,0,0,0,1,1,1.02,1.017,1.056,0.995,69.7,84.1,98.4,0.0,41.7
default-grid_001572,default-grid,diurnal_normal_weekend,train,0,137.9,57.1,1.0,0.0,137.9,81.80000000000001,0,71.9,250.0,500.0,11.0,36.7,0,0,0,0,1,0,1,1.02,1.011,1.042,0.995,64.4,74.2,84.1,0.0,41.1
default-grid_001573,default-grid,diurnal_normal_weekday,train,0,213.1,192.5,4.0,0.0,213.1,24.599999999999994,0,52.0,250.0,500.0,12.3,25.0,0,0,0,0,1,0,1,1.02,1.017,1.047,0.984,95.2,97.5,99.7,0.0,67.4
default-grid_001574,default-grid,solar_overvoltage_severe,train,0,290.6,38.0,0.0,0.0,290.6,252.60000000000002,0,73.2,250.0,500.0,13.7,71.5,1,0,1,0,0,2,1,1.02,1.023,1.086,0.997,69.8,93.2,116.6,0.0,37.4
default-grid_001575,default-grid,diurnal_normal_weekend,train,0,127.0,77.8,-6.4,0.0,127.0,42.8,0,30.5,250.0,500.0,10.8,28.7,0,0,0,0,1,0,1,1.02,1.01,1.033,0.994,67.7,74.0,80.3,0.0,45.1
default-grid_001576,default-grid,diurnal_normal_weekday,train,0,152.3,177.6,-10.6,0.0,152.3,-35.89999999999998,0,40.0,250.0,500.0,11.2,27.3,0,0,0,0,1,0,1,1.02,1.012,1.022,0.985,88.7,86.7,84.6,0.0,64.5
default-grid_001577,default-grid,diurnal_normal_weekend,train,0,167.8,70.4,-3.2,0.0,167.8,94.20000000000002,0,68.7,250.0,500.0,11.5,39.2,0,0,0,0,1,0,1,1.02,1.013,1.047,0.994,68.8,79.3,89.8,0.0,43.7
default-grid_001578,default-grid,solar_curtailment_active,train,0,283.7,62.2,-21.5,61.3,222.39999999999998,138.7,0,57.3,250.0,500.0,12.5,48.3,0,0,0,0,1,0,1,1.02,1.018,0.964,0.995,70.4,65.2,60.0,0.0,42.1
default-grid_001579,default-grid,diurnal_normal_weekday,train,0,106.7,136.2,-8.2,0.0,106.7,-37.69999999999999,0,52.8,250.0,500.0,10.4,27.7,0,0,0,0,1,0,1,1.02,1.009,1.018,0.989,77.9,76.8,75.6,0.0,56.5
default-grid_001580,default-grid,bess_absorption_charging,train,0,155.7,74.7,-19.4,0.0,155.7,61.59999999999998,0,27.7,250.0,500.0,11.3,32.6,0,0,0,0,1,0,1,1.02,1.012,1.032,0.994,68.9,76.1,83.2,0.0,44.5
default-grid_001581,default-grid,diurnal_normal_weekday,train,0,178.5,163.5,9.7,0.0,178.5,24.69999999999999,0,50.8,250.0,500.0,11.7,25.0,0,0,0,0,1,0,1,1.02,1.014,1.047,0.986,87.5,89.5,91.6,0.0,61.8
default-grid_001582,default-grid,diurnal_normal_weekday,train,0,168.1,172.3,9.7,0.0,168.1,5.499999999999972,0,50.7,250.0,500.0,11.5,21.1,0,0,0,0,1,0,1,1.02,1.013,1.042,0.986,88.6,89.0,89.4,0.0,63.5
default-grid_001583,default-grid,solar_curtailment_active,train,0,214.9,63.9,-1.0,36.3,178.60000000000002,113.70000000000002,0,66.6,250.0,500.0,11.7,43.2,0,0,0,0,1,0,1,1.02,1.014,1.001,0.995,68.1,69.4,70.8,0.0,42.4
default-grid_001584,default-grid,diurnal_normal_weekday,train,0,106.2,144.8,1.5,0.0,106.2,-37.10000000000001,0,43.5,250.0,500.0,10.4,27.6,0,0,0,0,1,0,1,1.02,1.008,1.024,0.988,79.5,78.4,77.3,0.0,58.2
default-grid_001585,default-grid,solar_overvoltage_moderate,train,0,200.1,38.4,-3.5,0.0,200.1,158.2,0,45.0,250.0,500.0,12.1,52.3,1,0,0,0,0,1,1,1.02,1.016,1.057,0.997,64.5,80.5,96.5,0.0,37.5
default-grid_001586,default-grid,diurnal_normal_weekend,validation,0,137.6,133.2,-3.6,0.0,137.6,0.8000000000000114,0,50.4,250.0,500.0,11.0,20.2,0,0,0,0,1,0,1,1.02,1.011,1.031,0.989,79.2,81.2,83.3,0.0,55.9
default-grid_001587,default-grid,bess_absorption_charging,train,0,228.7,90.1,-53.1,0.0,228.7,85.5,0,33.6,250.0,500.0,12.6,37.4,0,0,0,0,1,0,1,1.02,1.018,1.029,0.992,76.2,83.2,90.2,0.0,47.5
default-grid_001588,default-grid,solar_overvoltage_moderate,train,0,213.1,41.3,-10.1,0.0,213.1,161.7,0,46.8,250.0,500.0,12.3,53.0,1,0,0,0,0,1,1,1.02,1.017,1.056,0.997,65.8,81.8,97.7,0.0,38.0
default-grid_001589,default-grid,solar_curtailment_active,test,0,265.6,90.0,-4.4,69.5,196.10000000000002,101.70000000000002,0,72.6,250.0,500.0,12.0,40.7,0,0,0,0,1,0,1,1.02,1.016,0.958,0.993,74.3,64.0,53.8,0.0,47.5
default-grid_001590,default-grid,bess_absorption_charging,train,0,162.0,38.1,-30.9,0.0,162.0,93.0,0,66.7,250.0,500.0,11.4,39.0,0,0,0,0,1,0,1,1.02,1.013,1.026,0.997,62.1,71.8,81.6,0.0,37.4
default-grid_001591,default-grid,diurnal_normal_weekday,train,0,153.5,179.9,7.4,0.0,153.5,-19.0,0,35.9,250.0,500.0,11.3,23.9,0,0,0,0,1,0,1,1.02,1.012,1.035,0.985,89.2,87.9,86.6,0.0,65.0
default-grid_001592,default-grid,solar_overvoltage_severe,train,0,284.7,39.3,0.0,0.0,284.7,245.39999999999998,0,40.7,250.0,500.0,13.6,70.1,1,0,1,0,0,2,1,1.02,1.023,1.084,0.997,69.7,92.6,115.4,0.0,37.6
default-grid_001593,default-grid,diurnal_normal_weekend,train,0,158.8,123.4,-16.3,0.0,158.8,19.099999999999994,0,32.3,250.0,500.0,11.4,23.9,0,0,0,0,1,0,1,1.02,1.013,1.031,0.99,78.5,81.5,84.6,0.0,54.0
default-grid_001594,default-grid,solar_overvoltage_severe,validation,0,260.5,25.6,0.0,0.0,260.5,234.9,0,73.2,250.0,500.0,13.2,67.9,1,0,1,0,0,2,1,1.02,1.021,1.077,0.998,65.6,87.9,110.2,0.0,35.0
default-grid_001595,default-grid,diurnal_normal_weekday,train,0,223.3,121.9,-3.2,0.0,223.3,98.20000000000002,0,32.4,250.0,500.0,12.5,40.0,1,0,1,0,0,2,1,1.02,1.018,1.059,0.99,82.1,91.8,101.5,0.0,53.7
default-grid_001596,default-grid,nighttime_low_load,train,0,0.0,39.4,0.0,0.0,0.0,-39.4,0,47.3,250.0,500.0,8.5,28.0,0,0,0,0,1,0,1,1.02,1.0,1.0,0.997,52.7,53.9,55.0,0.0,37.7
default-grid_001597,default-grid,solar_curtailment_active,train,0,229.9,33.0,-22.7,32.1,197.8,142.10000000000002,0,48.0,250.0,500.0,12.1,49.0,0,0,0,0,1,0,1,1.02,1.016,0.997,0.997,63.3,67.7,72.0,0.0,36.4
default-grid_001598,default-grid,diurnal_normal_weekday,train,0,151.3,172.0,-14.3,0.0,151.3,-35.0,0,65.9,250.0,500.0,11.2,27.1,0,0,0,0,1,0,1,1.02,1.012,1.02,0.986,87.5,85.5,83.5,0.0,63.4
default-grid_001599,default-grid,diurnal_normal_weekend,train,0,161.1,57.6,-1.9,0.0,161.1,101.6,0,73.0,250.0,500.0,11.4,40.7,0,0,0,0,1,0,1,1.02,1.013,1.046,0.995,65.9,77.3,88.7,0.0,41.2
default-grid_001600,default-grid,diurnal_normal_weekday,train,0,197.7,122.8,11.6,0.0,197.7,86.49999999999999,0,37.7,250.0,500.0,12.1,37.6,1,0,0,0,0,1,1,1.02,1.016,1.062,0.99,80.7,88.1,95.5,0.0,53.9
default-grid_001601,default-grid,solar_overvoltage_moderate,train,0,211.0,66.8,-1.4,0.0,211.0,142.8,0,53.4,250.0,500.0,12.3,49.1,1,0,0,0,0,1,1,1.02,1.017,1.061,0.994,70.6,85.0,99.4,0.0,43.0
default-grid_001602,default-grid,solar_overvoltage_severe,test,0,256.6,28.9,0.0,0.0,256.6,227.70000000000002,0,68.7,250.0,500.0,13.1,66.4,1,0,1,0,0,2,1,1.02,1.021,1.076,0.998,66.0,87.7,109.4,0.0,35.6
default-grid_001603,default-grid,evening_peak_demand,train,0,1.8,309.0,10.3,0.0,1.8,-296.9,0,50.4,250.0,500.0,8.5,80.6,0,0,1,0,0,1,1,1.02,1.0,0.966,0.974,105.2,79.7,54.1,0.0,90.1
default-grid_001604,default-grid,solar_overvoltage_moderate,train,0,188.3,83.9,-2.5,0.0,188.3,101.9,0,68.7,250.0,500.0,11.9,40.8,1,0,0,0,0,1,1,1.02,1.015,1.054,0.993,72.6,83.4,94.3,0.0,46.3
default-grid_001605,default-grid,bess_absorption_charging,train,0,207.8,35.2,-57.5,0.0,207.8,115.10000000000001,0,61.4,250.0,500.0,12.2,43.5,0,0,0,0,1,0,1,1.02,1.017,1.02,0.997,64.3,74.5,84.7,0.0,36.8
default-grid_001606,default-grid,diurnal_normal_weekday,train,0,194.3,186.9,7.3,0.0,194.3,14.700000000000017,0,37.4,250.0,500.0,12.0,23.0,0,0,0,0,1,0,1,1.02,1.016,1.045,0.984,93.0,94.2,95.3,0.0,66.3
default-grid_001607,default-grid,solar_overvoltage_moderate,train,0,222.3,65.4,-7.8,0.0,222.3,149.1,0,46.3,250.0,500.0,12.5,50.4,1,0,1,0,0,2,1,1.02,1.018,1.06,0.995,71.1,85.7,100.2,0.0,42.7
default-grid_001608,default-grid,nighttime_low_load,validation,0,0.0,36.1,0.0,0.0,0.0,-36.1,0,34.5,250.0,500.0,8.5,27.4,0,0,0,0,1,0,1,1.02,1.0,1.0,0.997,52.0,53.5,55.0,0.0,37.0
default-grid_001609,default-grid,solar_overvoltage_moderate,train,0,223.5,65.6,-1.8,0.0,223.5,156.1,0,73.2,250.0,500.0,12.5,51.8,1,0,1,0,0,2,1,1.02,1.018,1.065,0.995,71.2,86.6,101.9,0.0,42.8
default-grid_001610,default-grid,solar_overvoltage_moderate,train,0,209.1,57.4,-3.2,0.0,209.1,148.5,0,36.9,250.0,500.0,12.3,50.3,1,0,0,0,0,1,1,1.02,1.017,1.06,0.995,68.7,83.6,98.5,0.0,41.2
default-grid_001611,default-grid,evening_peak_demand,train,0,1.6,299.9,19.3,0.0,1.6,-279.0,0,43.1,250.0,500.0,8.5,76.9,0,0,1,0,0,1,1,1.02,1.0,0.974,0.975,103.4,78.2,52.9,0.0,88.3
default-grid_001612,default-grid,diurnal_normal_weekday,test,0,215.1,148.5,-6.5,0.0,215.1,60.099999999999994,0,55.0,250.0,500.0,12.4,32.3,0,0,0,0,1,0,1,1.02,1.017,1.049,0.988,86.8,92.9,99.0,0.0,58.9
default-grid_001613,default-grid,near_limit_tx_overload,validation,1,5.6,284.1,0.0,0.0,5.6,-278.5,0,39.8,250.0,500.0,8.6,76.8,0,0,1,0,0,1,1,1.02,1.0,0.965,0.976,100.6,78.4,56.2,0.0,85.2
default-grid_001614,default-grid,solar_overvoltage_moderate,train,0,221.0,55.0,-8.7,0.0,221.0,157.3,0,70.5,250.0,500.0,12.5,52.1,1,0,0,0,0,1,1,1.02,1.018,1.059,0.995,69.0,84.3,99.7,0.0,40.7
default-grid_001615,default-grid,solar_overvoltage_severe,train,0,290.6,26.3,0.0,0.0,290.6,264.3,0,34.0,250.0,500.0,13.7,73.9,1,0,1,0,0,2,1,1.02,1.023,1.086,0.998,67.5,92.0,116.6,0.0,35.1
default-grid_001616,default-grid,extreme_stress_holdout,test,1,314.9,22.7,0.0,3.4,311.5,288.8,0,18.0,250.0,500.0,14.1,78.9,1,0,1,0,0,2,1,1.02,1.025,1.087,0.998,68.1,93.5,119.0,0.0,34.4
default-grid_001617,default-grid,diurnal_normal_weekday,train,0,216.0,191.0,-13.7,0.0,216.0,11.300000000000011,0,53.5,250.0,500.0,12.4,22.3,0,0,0,0,1,0,1,1.02,1.017,1.036,0.984,95.1,96.2,97.4,0.0,67.1
default-grid_001618,default-grid,diurnal_normal_weekday,train,0,216.5,149.5,-3.1,0.0,216.5,63.900000000000006,0,40.8,250.0,500.0,12.4,33.0,1,0,1,0,0,2,1,1.02,1.017,1.052,0.988,87.1,93.6,100.1,0.0,59.1
default-grid_001619,default-grid,solar_curtailment_active,train,0,285.6,55.0,-7.7,83.7,201.90000000000003,139.20000000000005,0,39.4,250.0,500.0,12.1,48.4,0,1,0,0,0,1,1,1.02,1.016,0.937,0.995,67.8,56.8,45.7,0.0,40.7
default-grid_001620,default-grid,diurnal_normal_weekday,test,0,157.9,179.0,9.4,0.0,157.9,-11.699999999999989,0,51.9,250.0,500.0,11.3,22.4,0,0,0,0,1,0,1,1.02,1.013,1.038,0.985,89.3,88.3,87.3,0.0,64.8
default-grid_001621,default-grid,bess_absorption_charging,train,0,210.9,92.0,-52.4,0.0,210.9,66.5,0,54.1,250.0,500.0,12.3,33.6,0,0,0,0,1,0,1,1.02,1.017,1.024,0.992,75.5,81.0,86.6,0.0,47.9
default-grid_001622,default-grid,diurnal_normal_weekend,train,0,195.2,96.7,-7.1,0.0,195.2,91.39999999999999,0,49.0,250.0,500.0,12.0,38.6,1,0,0,0,0,1,1,1.02,1.016,1.053,0.992,75.5,85.0,94.6,0.0,48.8
default-grid_001623,default-grid,evening_peak_demand,train,0,0.7,309.9,18.5,0.0,0.7,-290.7,0,58.8,250.0,500.0,8.5,79.3,0,0,1,0,0,1,1,1.02,1.0,0.972,0.974,105.3,79.0,52.8,0.0,90.3
default-grid_001624,default-grid,solar_overvoltage_moderate,train,0,222.6,83.3,-6.5,0.0,222.6,132.8,0,59.5,250.0,500.0,12.5,47.1,1,0,1,0,0,2,1,1.02,1.018,1.061,0.993,74.6,87.6,100.6,0.0,46.2
default-grid_001625,default-grid,solar_overvoltage_moderate,train,0,226.3,30.3,-9.4,0.0,226.3,186.6,0,51.4,250.0,500.0,12.6,58.1,1,0,1,0,0,2,1,1.02,1.018,1.06,0.997,64.5,82.5,100.6,0.0,35.9
default-grid_001626,default-grid,near_limit_undervoltage,test,1,10.1,267.4,4.4,0.0,10.1,-252.89999999999998,0,46.4,250.0,500.0,8.7,71.6,0,0,0,0,1,0,1,1.02,1.001,0.973,0.978,97.6,77.1,56.6,0.0,82.0
default-grid_001627,default-grid,near_limit_feeder_overload,validation,1,212.4,38.1,0.0,0.0,212.4,174.3,0,67.9,250.0,500.0,12.3,55.6,1,0,0,0,0,1,1,1.02,1.017,1.063,0.997,65.2,82.6,100.0,0.0,37.4
default-grid_001628,default-grid,evening_peak_demand,validation,0,3.7,224.1,6.3,0.0,3.7,-214.1,0,53.8,250.0,500.0,8.6,63.7,0,0,0,0,1,0,1,1.02,1.0,0.981,0.981,88.8,71.9,55.0,0.0,73.6
default-grid_001629,default-grid,bess_absorption_charging,train,0,231.3,70.9,-27.2,0.0,231.3,133.20000000000002,0,35.3,250.0,500.0,12.7,47.2,0,0,0,0,1,0,1,1.02,1.019,1.049,0.994,72.7,85.0,97.2,0.0,43.8
default-grid_001630,default-grid,diurnal_normal_weekday,train,0,176.6,174.3,0.4,0.0,176.6,2.6999999999999886,0,53.4,250.0,500.0,11.7,20.6,0,0,0,0,1,0,1,1.02,1.014,1.038,0.985,89.5,91.0,92.4,0.0,63.9
default-grid_001631,default-grid,diurnal_normal_weekday,train,0,198.6,146.6,3.6,0.0,198.6,55.599999999999994,0,67.9,250.0,500.0,12.1,31.3,1,0,0,0,0,1,1,1.02,1.016,1.052,0.988,85.4,91.1,96.7,0.0,58.5
default-grid_001632,default-grid,extreme_stress_holdout,test,1,312.0,21.7,0.0,1.8,310.2,288.5,0,96.0,250.0,500.0,14.1,78.8,1,0,1,0,0,2,1,1.02,1.025,1.089,0.998,67.8,93.8,119.7,0.0,34.2
default-grid_001633,default-grid,solar_overvoltage_moderate,test,0,196.5,81.5,-7.5,0.0,196.5,107.5,0,61.5,250.0,500.0,12.0,41.9,1,0,0,0,0,1,1,1.02,1.016,1.053,0.993,72.6,83.7,94.8,0.0,45.8
default-grid_001634,default-grid,diurnal_normal_weekday,validation,0,196.1,187.0,-7.2,0.0,196.1,1.9000000000000057,0,70.9,250.0,500.0,12.0,20.4,0,0,0,0,1,0,1,1.02,1.016,1.035,0.984,93.1,93.9,94.8,0.0,66.4
default-grid_001635,default-grid,evening_peak_demand,train,0,1.5,247.1,21.7,0.0,1.5,-223.9,0,53.0,250.0,500.0,8.5,65.7,0,0,0,0,1,0,1,1.02,1.0,0.987,0.979,93.1,72.8,52.6,0.0,78.0
default-grid_001636,default-grid,diurnal_normal_weekend,train,0,147.9,97.2,-3.9,0.0,147.9,46.8,0,68.7,250.0,500.0,11.2,29.5,0,0,0,0,1,0,1,1.02,1.012,1.041,0.992,72.8,79.1,85.4,0.0,48.9
default-grid_001637,default-grid,near_limit_feeder_overload,validation,1,236.3,42.9,0.0,0.0,236.3,193.4,0,43.5,250.0,500.0,12.8,59.4,1,0,1,0,0,2,1,1.02,1.019,1.07,0.996,67.5,86.3,105.1,0.0,38.3
default-grid_001638,default-grid,solar_overvoltage_severe,train,0,296.0,25.2,0.0,0.0,296.0,270.8,0,36.7,250.0,500.0,13.8,75.2,1,0,1,0,0,2,1,1.02,1.024,1.088,0.998,67.7,92.8,117.8,0.0,34.9
default-grid_001639,default-grid,bess_injection_discharging,train,0,28.3,216.7,32.3,0.0,28.3,-156.1,0,70.7,250.0,500.0,9.0,51.8,0,0,0,0,1,0,1,1.02,1.002,1.008,0.982,88.8,72.9,57.0,0.0,72.1
default-grid_001640,default-grid,diurnal_normal_weekday,train,0,171.1,198.3,-16.7,0.0,171.1,-43.900000000000006,0,45.5,250.0,500.0,11.6,29.0,0,0,0,0,1,0,1,1.02,1.014,1.019,0.983,93.8,90.4,87.1,0.0,68.6
default-grid_001641,default-grid,evening_peak_demand,train,0,0.0,270.7,7.7,0.0,0.0,-263.0,0,74.8,250.0,500.0,8.5,73.6,0,0,0,0,1,0,1,1.02,1.0,0.971,0.977,97.6,75.8,54.0,0.0,82.6
default-grid_001642,default-grid,bess_absorption_charging,train,0,167.6,100.3,-29.0,0.0,167.6,38.3,0,49.5,250.0,500.0,11.5,27.8,0,0,0,0,1,0,1,1.02,1.013,1.029,0.992,74.6,78.9,83.3,0.0,49.5
default-grid_001643,default-grid,diurnal_normal_weekday,train,0,109.5,181.4,2.2,0.0,109.5,-69.7,0,64.4,250.0,500.0,10.5,34.2,0,0,0,0,1,0,1,1.02,1.009,1.018,0.985,86.8,82.3,77.9,0.0,65.3
default-grid_001644,default-grid,evening_peak_demand,test,0,4.2,306.6,11.2,0.0,4.2,-291.20000000000005,0,82.0,250.0,500.0,8.6,79.4,0,0,1,0,0,1,1,1.02,1.0,0.968,0.974,104.9,79.7,54.5,0.0,89.6
default-grid_001645,default-grid,solar_overvoltage_severe,train,0,252.3,24.8,0.0,0.0,252.3,227.5,0,59.0,250.0,500.0,13.0,66.4,1,0,1,0,0,2,1,1.02,1.02,1.075,0.998,65.0,86.8,108.5,0.0,34.8
default-grid_001646,default-grid,bess_injection_discharging,train,0,49.1,237.1,30.0,0.0,49.1,-158.0,0,60.9,250.0,500.0,9.4,52.2,0,0,0,0,1,0,1,1.02,1.004,1.009,0.98,94.0,77.8,61.7,0.0,76.1
default-grid_001647,default-grid,diurnal_normal_weekday,train,0,188.2,168.5,-4.8,0.0,188.2,14.899999999999977,0,35.7,250.0,500.0,11.9,23.0,0,0,0,0,1,0,1,1.02,1.015,1.039,0.986,89.1,91.4,93.7,0.0,62.8
default-grid_001648,default-grid,reconfiguration_alternate,test,0,212.3,32.9,24.8,0.0,212.3,204.20000000000002,1,71.5,250.0,500.0,12.3,61.6,0,0,0,0,1,0,1,1.02,1.017,1.05,0.997,64.1,73.3,82.5,46.0,36.4
default-grid_001649,default-grid,nighttime_low_load,train,0,0.0,34.1,0.0,0.0,0.0,-34.1,0,60.8,250.0,500.0,8.5,27.0,0,0,0,0,1,0,1,1.02,1.0,1.0,0.997,51.6,53.3,55.0,0.0,36.6
default-grid_001650,default-grid,diurnal_normal_weekday,train,0,198.0,193.8,-10.8,0.0,198.0,-6.600000000000023,0,35.7,250.0,500.0,12.1,21.3,0,0,0,0,1,0,1,1.02,1.016,1.032,0.984,94.6,94.4,94.3,0.0,67.7
default-grid_001651,default-grid,diurnal_normal_weekday,validation,0,201.2,198.6,11.9,0.0,201.2,14.5,0,57.8,250.0,500.0,12.1,23.0,0,0,0,0,1,0,1,1.02,1.016,1.048,0.983,95.7,96.0,96.2,0.0,68.6
default-grid_001652,default-grid,solar_curtailment_active,train,0,230.8,91.2,-18.8,40.0,190.8,80.8,0,56.1,250.0,500.0,11.9,36.5,0,0,0,0,1,0,1,1.02,1.015,0.987,0.992,74.2,70.5,66.7,0.0,47.7
default-grid_001653,default-grid,evening_peak_demand,train,0,2.6,243.2,19.0,0.0,2.6,-221.6,0,41.8,250.0,500.0,8.5,65.2,0,0,0,0,1,0,1,1.02,1.0,0.986,0.98,92.4,72.8,53.2,0.0,77.3
default-grid_001654,default-grid,evening_peak_demand,test,0,3.0,305.0,7.5,0.0,3.0,-294.5,0,57.9,250.0,500.0,8.6,80.1,0,0,1,0,0,1,1,1.02,1.0,0.965,0.975,104.5,79.6,54.7,0.0,89.3
default-grid_001655,default-grid,diurnal_normal_weekday,train,0,178.3,170.0,5.9,0.0,178.3,14.200000000000017,0,30.5,250.0,500.0,11.7,22.9,0,0,0,0,1,0,1,1.02,1.014,1.043,0.986,88.8,90.4,92.1,0.0,63.1
default-grid_001656,default-grid,diurnal_normal_weekday,train,0,192.2,198.6,-15.0,0.0,192.2,-21.400000000000006,0,41.5,250.0,500.0,12.0,24.4,0,0,0,0,1,0,1,1.02,1.015,1.026,0.983,95.1,93.5,92.0,0.0,68.6
default-grid_001657,default-grid,solar_overvoltage_moderate,train,0,223.2,67.1,-2.2,0.0,223.2,153.9,0,42.5,250.0,500.0,12.5,51.4,1,0,1,0,0,2,1,1.02,1.018,1.064,0.994,71.4,86.6,101.8,0.0,43.0
default-grid_001658,default-grid,evening_peak_demand,validation,0,4.6,231.5,23.7,0.0,4.6,-203.2,0,76.7,250.0,500.0,8.6,61.4,0,0,0,0,1,0,1,1.02,1.0,0.992,0.981,90.3,71.7,53.0,0.0,75.0
default-grid_001659,default-grid,nighttime_low_load,validation,0,0.0,39.6,0.0,0.0,0.0,-39.6,0,58.0,250.0,500.0,8.5,28.1,0,0,0,0,1,0,1,1.02,1.0,1.0,0.997,52.7,53.9,55.0,0.0,37.7
default-grid_001660,default-grid,bess_injection_discharging,validation,0,29.4,242.8,48.1,0.0,29.4,-165.3,0,80.8,250.0,500.0,9.0,53.7,0,0,0,0,1,0,1,1.02,1.002,1.015,0.98,94.0,74.6,55.2,0.0,77.2
default-grid_001661,default-grid,evening_peak_demand,train,0,4.4,272.0,21.5,0.0,4.4,-246.1,0,85.0,250.0,500.0,8.6,70.2,0,0,0,0,1,0,1,1.02,1.0,0.982,0.977,98.2,75.7,53.2,0.0,82.9
default-grid_001662,default-grid,bess_absorption_charging,train,0,174.0,55.8,-52.2,0.0,174.0,66.0,0,56.6,250.0,500.0,11.6,33.5,0,0,0,0,1,0,1,1.02,1.014,1.014,0.995,66.3,72.5,78.8,0.0,40.9
default-grid_001663,default-grid,solar_overvoltage_moderate,test,0,230.2,56.6,-11.0,0.0,230.2,162.6,0,49.7,250.0,500.0,12.6,53.2,1,0,1,0,0,2,1,1.02,1.018,1.06,0.995,69.8,85.4,101.1,0.0,41.0
default-grid_001664,default-grid,solar_curtailment_active,train,0,211.2,89.7,-12.3,43.2,168.0,65.99999999999999,0,64.0,250.0,500.0,11.5,33.5,0,0,0,0,1,0,1,1.02,1.013,0.98,0.993,72.5,67.0,61.6,0.0,47.4
default-grid_001665,default-grid,bess_injection_discharging,train,0,8.2,239.8,30.4,0.0,8.2,-201.20000000000002,0,63.5,250.0,500.0,8.6,61.0,0,0,0,0,1,0,1,1.02,1.001,0.997,0.98,92.1,72.5,52.9,0.0,76.6
default-grid_001666,default-grid,bess_injection_discharging,train,0,24.1,173.2,28.1,0.0,24.1,-120.99999999999999,0,39.1,250.0,500.0,8.9,44.7,0,0,0,0,1,0,1,1.02,1.002,1.013,0.986,80.1,68.3,56.6,0.0,63.7
default-grid_001667,default-grid,diurnal_normal_weekend,train,0,138.8,53.2,-18.6,0.0,138.8,67.00000000000001,0,53.3,250.0,500.0,11.0,33.7,0,0,0,0,1,0,1,1.02,1.011,1.028,0.996,63.7,71.8,79.8,0.0,40.3
default-grid_001668,default-grid,diurnal_normal_weekday,test,0,209.3,196.1,-10.3,0.0,209.3,2.9000000000000057,0,72.2,250.0,500.0,12.3,20.6,0,0,0,0,1,0,1,1.02,1.017,1.035,0.984,95.7,96.2,96.8,0.0,68.1
default-grid_001669,default-grid,solar_overvoltage_moderate,train,0,190.5,54.3,-2.2,0.0,190.5,134.0,0,66.2,250.0,500.0,11.9,47.3,1,0,0,0,0,1,1,1.02,1.015,1.055,0.995,67.0,80.9,94.8,0.0,40.6
default-grid_001670,default-grid,solar_overvoltage_severe,train,0,299.4,27.1,0.0,0.0,299.4,272.29999999999995,0,33.4,250.0,500.0,13.9,75.5,1,0,1,0,0,2,1,1.02,1.024,1.089,0.998,68.2,93.3,118.5,0.0,35.3
default-grid_001671,default-grid,diurnal_normal_weekday,train,0,203.3,125.8,8.8,0.0,203.3,86.30000000000003,0,64.4,250.0,500.0,12.2,37.6,1,0,0,0,0,1,1,1.02,1.016,1.061,0.99,81.7,89.3,97.0,0.0,54.5
default-grid_001672,default-grid,solar_overvoltage_moderate,train,0,233.2,65.1,-9.4,0.0,233.2,158.7,0,75.0,250.0,500.0,12.7,52.4,1,0,1,0,0,2,1,1.02,1.019,1.062,0.995,71.7,86.9,102.1,0.0,42.7
default-grid_001673,default-grid,solar_overvoltage_moderate,train,0,220.3,66.8,-1.1,0.0,220.3,152.40000000000003,0,31.0,250.0,500.0,12.5,51.1,1,0,1,0,0,2,1,1.02,1.018,1.064,0.994,71.2,86.3,101.4,0.0,43.0
default-grid_001674,default-grid,diurnal_normal_weekend,train,0,202.3,121.2,-19.4,0.0,202.3,61.7,0,38.8,250.0,500.0,12.1,32.6,0,0,0,0,1,0,1,1.02,1.016,1.042,0.99,80.7,86.8,93.0,0.0,53.6
default-grid_001675,default-grid,reconfiguration_alternate,validation,0,224.3,137.5,-25.8,0.0,224.3,61.0,1,53.9,250.0,500.0,12.5,32.4,0,0,0,0,1,0,1,1.02,1.018,1.008,0.989,85.2,83.6,81.9,46.0,56.7
default-grid_001676,default-grid,near_limit_overvoltage,test,1,197.6,59.6,-2.1,0.0,197.6,135.9,0,35.5,250.0,500.0,12.1,47.7,1,0,0,0,0,1,1,1.02,1.016,1.057,0.995,68.4,82.4,96.4,0.0,41.6
default-grid_001677,default-grid,solar_overvoltage_severe,train,0,246.3,25.6,0.0,0.0,246.3,220.70000000000002,0,52.7,250.0,500.0,12.9,65.0,1,0,1,0,0,2,1,1.02,1.02,1.073,0.998,64.8,86.0,107.2,0.0,35.0
default-grid_001678,default-grid,near_limit_overvoltage,test,1,207.9,51.2,0.2,0.0,207.9,156.89999999999998,0,46.1,250.0,500.0,12.2,52.0,1,0,0,0,0,1,1,1.02,1.017,1.062,0.996,67.4,83.2,99.0,0.0,40.0
default-grid_001679,default-grid,diurnal_normal_weekday,test,0,195.3,156.8,-12.9,0.0,195.3,25.599999999999994,0,61.5,250.0,500.0,12.0,25.2,0,0,0,0,1,0,1,1.02,1.016,1.037,0.987,87.2,90.2,93.2,0.0,60.5
default-grid_001680,default-grid,diurnal_normal_weekday,train,0,130.7,151.1,-16.7,0.0,130.7,-37.10000000000001,0,61.7,250.0,500.0,10.9,27.6,0,0,0,0,1,0,1,1.02,1.01,1.016,0.987,82.2,80.3,78.5,0.0,59.4
default-grid_001681,default-grid,extreme_stress_holdout,test,1,282.9,22.7,0.0,33.8,249.09999999999997,226.39999999999998,0,18.0,250.0,500.0,13.0,66.2,0,0,0,0,1,0,1,1.02,1.02,1.026,0.998,64.4,76.0,87.5,0.0,34.4
default-grid_001682,default-grid,diurnal_normal_weekend,train,0,155.6,104.5,-19.4,0.0,155.6,31.69999999999999,0,69.9,250.0,500.0,11.3,26.5,0,0,0,0,1,0,1,1.02,1.012,1.031,0.991,74.7,78.9,83.1,0.0,50.3
default-grid_001683,default-grid,evening_peak_demand,train,0,1.5,244.8,11.9,0.0,1.5,-231.4,0,57.6,250.0,500.0,8.5,67.2,0,0,0,0,1,0,1,1.02,1.0,0.98,0.98,92.7,73.2,53.8,0.0,77.6
default-grid_001684,default-grid,diurnal_normal_weekday,train,0,142.5,155.3,0.0,0.0,142.5,-12.800000000000011,0,57.4,250.0,500.0,11.1,22.6,0,0,0,0,1,0,1,1.02,1.011,1.031,0.987,83.7,84.5,85.2,0.0,60.2
default-grid_001685,default-grid,nighttime_low_load,train,0,0.0,30.4,0.0,0.0,0.0,-30.4,0,30.7,250.0,500.0,8.5,26.2,0,0,0,0,1,0,1,1.02,1.0,1.0,0.997,50.9,53.0,55.0,0.0,35.9
default-grid_001686,default-grid,solar_overvoltage_moderate,validation,0,219.1,48.4,-7.4,0.0,219.1,163.29999999999998,0,37.5,250.0,500.0,12.4,53.3,1,0,0,0,0,1,1,1.02,1.018,1.059,0.996,67.6,83.6,99.6,0.0,39.4
default-grid_001687,default-grid,diurnal_normal_weekday,test,0,212.2,137.6,10.4,0.0,212.2,85.0,0,47.6,250.0,500.0,12.3,37.3,1,0,0,0,0,1,1,1.02,1.017,1.063,0.989,84.5,91.6,98.7,0.0,56.8
default-grid_001688,default-grid,solar_curtailment_active,train,0,207.3,98.0,-19.8,70.1,137.20000000000002,19.40000000000002,0,59.9,250.0,500.0,11.0,24.0,0,1,0,0,0,1,1,1.02,1.011,0.928,0.992,72.3,54.7,37.1,0.0,49.1
default-grid_001689,default-grid,solar_curtailment_active,train,0,242.0,88.6,-5.6,97.3,144.7,50.5,0,53.4,250.0,500.0,11.1,30.3,0,1,0,0,0,1,1,1.02,1.012,0.903,0.993,70.9,48.4,25.9,0.0,47.2
default-grid_001690,default-grid,nighttime_low_load,train,0,0.0,32.2,0.0,0.0,0.0,-32.2,0,32.3,250.0,500.0,8.5,26.6,0,0,0,0,1,0,1,1.02,1.0,1.0,0.997,51.3,53.1,55.0,0.0,36.3
default-grid_001691,default-grid,bess_injection_discharging,validation,0,2.7,258.9,52.4,0.0,2.7,-203.79999999999998,0,63.8,250.0,500.0,8.5,61.6,0,0,0,0,1,0,1,1.02,1.0,1.007,0.978,95.5,72.2,49.0,0.0,80.3
default-grid_001692,default-grid,diurnal_normal_weekday,train,0,228.2,123.3,0.9,0.0,228.2,105.8,0,62.2,250.0,500.0,12.6,41.6,1,0,1,0,0,2,1,1.02,1.018,1.064,0.99,82.7,93.0,103.3,0.0,54.0
default-grid_001693,default-grid,bess_absorption_charging,train,0,196.6,134.4,-48.4,0.0,196.6,13.799999999999983,0,55.6,250.0,500.0,12.0,22.8,0,0,0,0,1,0,1,1.02,1.016,1.016,0.989,82.9,83.8,84.6,0.0,56.1
default-grid_001694,default-grid,solar_curtailment_active,train,0,283.2,55.9,-2.7,63.4,219.79999999999998,161.2,0,55.0,250.0,500.0,12.5,52.9,0,0,0,0,1,0,1,1.02,1.018,0.974,0.995,69.1,66.0,62.9,0.0,40.9
default-grid_001695,default-grid,solar_overvoltage_moderate,train,0,234.0,67.9,-4.5,0.0,234.0,161.6,0,66.4,250.0,500.0,12.7,53.0,1,0,1,0,0,2,1,1.02,1.019,1.066,0.994,72.2,87.8,103.5,0.0,43.2
default-grid_001696,default-grid,diurnal_normal_weekday,train,0,157.8,174.5,-13.9,0.0,157.8,-30.599999999999994,0,36.6,250.0,500.0,11.3,26.2,0,0,0,0,1,0,1,1.02,1.013,1.022,0.985,88.4,86.7,85.0,0.0,63.9
default-grid_001697,default-grid,solar_overvoltage_moderate,validation,0,194.8,45.4,-5.6,0.0,194.8,143.8,0,36.6,250.0,500.0,12.0,49.3,1,0,0,0,0,1,1,1.02,1.016,1.054,0.996,65.5,80.2,94.9,0.0,38.8
default-grid_001698,default-grid,reconfiguration_alternate,train,0,249.8,126.7,8.0,0.0,249.8,131.10000000000002,1,58.3,250.0,500.0,13.0,46.7,0,0,0,0,1,0,1,1.02,1.02,1.038,0.989,84.6,87.8,91.1,46.0,54.6
default-grid_001699,default-grid,diurnal_normal_weekend,train,0,161.0,110.0,1.9,0.0,161.0,52.900000000000006,0,36.7,250.0,500.0,11.4,30.8,0,0,0,0,1,0,1,1.02,1.013,1.047,0.991,76.0,82.5,88.9,0.0,51.4
default-grid_001700,default-grid,diurnal_normal_weekday,train,0,167.3,177.5,3.6,0.0,167.3,-6.599999999999994,0,45.4,250.0,500.0,11.5,21.3,0,0,0,0,1,0,1,1.02,1.013,1.037,0.985,89.6,89.8,90.0,0.0,64.5
default-grid_001701,default-grid,bess_absorption_charging,train,0,172.3,31.4,-38.6,0.0,172.3,102.30000000000001,0,68.8,250.0,500.0,11.6,40.9,0,0,0,0,1,0,1,1.02,1.014,1.023,0.997,61.4,71.7,81.9,0.0,36.1
default-grid_001702,default-grid,solar_overvoltage_severe,test,0,242.2,40.5,0.0,0.0,242.2,201.7,0,37.7,250.0,500.0,12.9,61.1,1,0,1,0,0,2,1,1.02,1.019,1.072,0.997,67.4,86.8,106.3,0.0,37.9
default-grid_001703,default-grid,bess_absorption_charging,validation,0,226.5,100.8,-50.6,0.0,226.5,75.10000000000001,0,50.7,250.0,500.0,12.6,35.3,0,0,0,0,1,0,1,1.02,1.018,1.03,0.992,78.2,84.3,90.4,0.0,49.6
default-grid_001704,default-grid,reconfiguration_alternate,train,0,220.9,128.3,-4.9,0.0,220.9,87.69999999999999,1,53.5,250.0,500.0,12.5,37.9,0,0,0,0,1,0,1,1.02,1.018,1.024,0.989,83.2,84.5,85.7,46.0,54.9
default-grid_001705,default-grid,diurnal_normal_weekday,train,0,223.7,178.5,-17.9,0.0,223.7,27.299999999999983,0,31.1,250.0,500.0,12.5,25.6,0,0,0,0,1,0,1,1.02,1.018,1.038,0.985,93.1,95.5,97.9,0.0,64.7
default-grid_001706,default-grid,bess_injection_discharging,train,0,34.4,183.8,48.3,0.0,34.4,-101.10000000000002,0,40.7,250.0,500.0,9.1,40.6,0,0,0,0,1,0,1,1.02,1.003,1.028,0.985,82.8,69.5,56.3,0.0,65.7
default-grid_001707,default-grid,diurnal_normal_weekday,train,0,198.6,135.8,-9.6,0.0,198.6,53.19999999999999,0,36.4,250.0,500.0,12.1,30.9,0,0,0,0,1,0,1,1.02,1.016,1.045,0.989,83.3,89.0,94.7,0.0,56.4
default-grid_001708,default-grid,bess_absorption_charging,test,0,216.4,85.8,-32.4,0.0,216.4,98.2,0,27.0,250.0,500.0,12.4,40.0,0,0,0,0,1,0,1,1.02,1.017,1.041,0.993,74.7,83.8,92.8,0.0,46.7
default-grid_001709,default-grid,near_limit_feeder_overload,validation,1,212.6,46.4,0.0,0.0,212.6,166.2,0,58.3,250.0,500.0,12.3,53.9,1,0,1,0,0,2,1,1.02,1.017,1.063,0.996,66.8,83.4,100.1,0.0,39.0
default-grid_001710,default-grid,bess_injection_discharging,train,0,52.0,239.4,27.3,0.0,52.0,-160.10000000000002,0,69.6,250.0,500.0,9.4,52.7,0,0,0,0,1,0,1,1.02,1.004,1.007,0.98,94.7,78.7,62.6,0.0,76.6
default-grid_001711,default-grid,bess_injection_discharging,test,0,15.2,177.7,24.5,0.0,15.2,-138.0,0,60.0,250.0,500.0,8.8,48.1,0,0,0,0,1,0,1,1.02,1.001,1.007,0.985,80.5,67.8,55.2,0.0,64.6
default-grid_001712,default-grid,solar_overvoltage_moderate,train,0,203.5,80.1,-4.1,0.0,203.5,119.30000000000001,0,46.9,250.0,500.0,12.2,44.3,1,0,0,0,0,1,1,1.02,1.016,1.057,0.993,72.8,84.9,97.1,0.0,45.6
default-grid_001713,default-grid,near_limit_overvoltage,validation,1,186.7,62.3,-2.4,0.0,186.7,121.99999999999999,0,38.5,250.0,500.0,11.9,44.9,1,0,0,0,0,1,1,1.02,1.015,1.054,0.995,68.3,81.2,94.0,0.0,42.1
default-grid_001714,default-grid,solar_curtailment_active,train,0,275.1,66.1,-21.5,61.3,213.8,126.20000000000002,0,51.0,250.0,500.0,12.3,45.7,0,0,0,0,1,0,1,1.02,1.017,0.962,0.994,70.7,64.5,58.2,0.0,42.9
default-grid_001715,default-grid,solar_overvoltage_moderate,train,0,194.7,43.4,-5.3,0.0,194.7,145.99999999999997,0,56.5,250.0,500.0,12.0,49.8,1,0,0,0,0,1,1,1.02,1.016,1.054,0.996,65.1,80.0,95.0,0.0,38.4
default-grid_001716,default-grid,nighttime_low_load,train,0,0.0,25.8,0.0,0.0,0.0,-25.8,0,49.6,250.0,500.0,8.5,25.3,0,0,0,0,1,0,1,1.02,1.0,1.0,0.998,50.0,52.5,55.0,0.0,35.0
default-grid_001717,default-grid,solar_overvoltage_severe,train,0,265.5,41.0,0.0,0.0,265.5,224.5,0,57.9,250.0,500.0,13.3,65.8,1,0,1,0,0,2,1,1.02,1.021,1.079,0.997,68.9,90.1,111.3,0.0,38.0
default-grid_001718,default-grid,reconfiguration_alternate,train,0,146.0,59.0,25.3,0.0,146.0,112.30000000000001,1,48.9,250.0,500.0,11.1,42.9,0,0,0,0,1,0,1,1.02,1.012,1.041,0.995,65.2,67.8,70.5,46.0,41.5
default-grid_001719,default-grid,reconfiguration_alternate,test,0,210.2,70.0,-4.3,0.0,210.2,135.89999999999998,1,50.8,250.0,500.0,12.3,47.7,0,0,0,0,1,0,1,1.02,1.017,1.029,0.994,71.2,77.6,83.9,46.0,43.6
default-grid_001720,default-grid,diurnal_normal_weekday,test,0,201.1,135.4,0.7,0.0,201.1,66.39999999999998,0,74.7,250.0,500.0,12.1,33.5,1,0,0,0,0,1,1,1.02,1.016,1.053,0.989,83.4,90.5,97.5,0.0,56.3
default-grid_001721,default-grid,reconfiguration_alternate,train,0,199.6,73.7,24.0,0.0,199.6,149.89999999999998,1,39.6,250.0,500.0,12.1,50.6,0,0,0,0,1,0,1,1.02,1.016,1.048,0.994,71.3,75.8,80.3,46.0,44.3
default-grid_001722,default-grid,diurnal_normal_weekday,validation,0,161.8,127.8,8.0,0.0,161.8,42.000000000000014,0,38.2,250.0,500.0,11.4,28.6,0,0,0,0,1,0,1,1.02,1.013,1.048,0.989,79.6,83.9,88.3,0.0,54.8
default-grid_001723,default-grid,diurnal_normal_weekend,train,0,132.0,96.9,-12.6,0.0,132.0,22.5,0,49.0,250.0,500.0,10.9,24.6,0,0,0,0,1,0,1,1.02,1.011,1.03,0.992,71.8,75.8,79.8,0.0,48.8
default-grid_001724,default-grid,evening_peak_demand,train,0,1.8,258.5,18.3,0.0,1.8,-238.4,0,42.5,250.0,500.0,8.5,68.6,0,0,0,0,1,0,1,1.02,1.0,0.982,0.978,95.4,74.2,53.1,0.0,80.3
default-grid_001725,default-grid,solar_overvoltage_moderate,validation,0,192.2,65.5,-3.9,0.0,192.2,122.79999999999998,0,46.9,250.0,500.0,12.0,45.0,1,0,0,0,0,1,1,1.02,1.015,1.054,0.995,69.3,82.0,94.8,0.0,42.7
default-grid_001726,default-grid,nighttime_low_load,train,0,0.0,39.3,0.0,0.0,0.0,-39.3,0,51.1,250.0,500.0,8.5,28.0,0,0,0,0,1,0,1,1.02,1.0,1.0,0.997,52.6,53.8,55.0,0.0,37.6
default-grid_001727,default-grid,nighttime_low_load,test,0,0.0,40.4,0.0,0.0,0.0,-40.4,0,66.6,250.0,500.0,8.5,28.2,0,0,0,0,1,0,1,1.02,1.0,1.0,0.997,52.9,54.0,55.0,0.0,37.9
default-grid_001728,default-grid,nighttime_low_load,train,0,0.0,24.1,0.0,0.0,0.0,-24.1,0,55.5,250.0,500.0,8.5,24.9,0,0,0,0,1,0,1,1.02,1.0,1.0,0.998,49.7,52.4,55.0,0.0,34.7
default-grid_001729,default-grid,diurnal_normal_weekend,train,0,115.5,57.9,-23.1,0.0,115.5,34.50000000000001,0,51.7,250.0,500.0,10.6,27.0,0,0,0,0,1,0,1,1.02,1.009,1.017,0.995,63.2,68.5,73.7,0.0,41.3
default-grid_001730,default-grid,reconfiguration_alternate,test,0,160.8,188.7,-23.2,0.0,160.8,-51.099999999999966,1,50.2,250.0,500.0,11.4,30.4,0,0,0,0,1,0,1,1.02,1.013,0.99,0.984,91.3,81.1,70.9,46.0,66.7
default-grid_001731,default-grid,bess_absorption_charging,train,0,151.8,87.2,-42.6,0.0,151.8,22.000000000000014,0,67.1,250.0,500.0,11.2,24.5,0,0,0,0,1,0,1,1.02,1.012,1.014,0.993,71.1,73.8,76.5,0.0,47.0
default-grid_001732,default-grid,solar_overvoltage_moderate,validation,0,195.6,70.0,-4.7,0.0,195.6,120.9,0,51.6,250.0,500.0,12.0,44.7,1,0,0,0,0,1,1,1.02,1.016,1.054,0.994,70.3,82.8,95.3,0.0,43.6
default-grid_001733,default-grid,solar_overvoltage_moderate,test,0,222.0,72.4,-5.7,0.0,222.0,143.9,0,67.6,250.0,500.0,12.5,49.3,1,0,1,0,0,2,1,1.02,1.018,1.062,0.994,72.4,86.5,100.6,0.0,44.1
default-grid_001734,default-grid,diurnal_normal_weekday,train,0,195.3,150.1,-14.2,0.0,195.3,31.00000000000003,0,65.8,250.0,500.0,12.0,26.3,0,0,0,0,1,0,1,1.02,1.016,1.037,0.987,85.9,89.4,92.9,0.0,59.2
default-grid_001735,default-grid,solar_curtailment_active,train,0,210.2,49.3,-6.4,43.6,166.6,110.89999999999999,0,43.0,250.0,500.0,11.5,42.6,0,0,0,0,1,0,1,1.02,1.013,0.984,0.996,64.6,63.6,62.6,0.0,39.6
default-grid_001736,default-grid,diurnal_normal_weekday,test,0,188.8,174.4,-0.9,0.0,188.8,13.5,0,56.9,250.0,500.0,11.9,22.8,0,0,0,0,1,0,1,1.02,1.015,1.04,0.985,90.2,92.5,94.8,0.0,63.9
default-grid_001737,default-grid,solar_overvoltage_severe,train,0,242.8,38.6,0.0,0.0,242.8,204.20000000000002,0,59.1,250.0,500.0,12.9,61.6,1,0,1,0,0,2,1,1.02,1.019,1.072,0.997,67.1,86.8,106.5,0.0,37.5
default-grid_001738,default-grid,nighttime_low_load,train,0,0.0,42.5,0.0,0.0,0.0,-42.5,0,38.6,250.0,500.0,8.5,28.7,0,0,0,0,1,0,1,1.02,1.0,1.0,0.996,53.3,54.1,55.0,0.0,38.3
default-grid_001739,default-grid,diurnal_normal_weekend,train,0,163.6,84.0,-12.3,0.0,163.6,67.29999999999998,0,67.0,250.0,500.0,11.4,33.7,0,0,0,0,1,0,1,1.02,1.013,1.04,0.993,71.1,78.8,86.6,0.0,46.3
default-grid_001740,default-grid,diurnal_normal_weekday,train,0,164.7,193.3,-0.7,0.0,164.7,-29.30000000000001,0,33.6,250.0,500.0,11.5,26.0,0,0,0,0,1,0,1,1.02,1.013,1.03,0.984,92.5,91.1,89.7,0.0,67.6
default-grid_001741,default-grid,bess_absorption_charging,validation,0,218.2,30.5,-51.4,0.0,218.2,136.29999999999998,0,37.9,250.0,500.0,12.4,47.8,0,0,0,0,1,0,1,1.02,1.017,1.027,0.997,64.0,76.2,88.4,0.0,35.9
default-grid_001742,default-grid,solar_overvoltage_severe,train,0,258.0,25.9,0.0,0.0,258.0,232.1,0,53.1,250.0,500.0,13.1,67.3,1,0,1,0,0,2,1,1.02,1.021,1.076,0.998,65.5,87.6,109.7,0.0,35.0
default-grid_001743,default-grid,solar_overvoltage_moderate,validation,0,199.5,70.0,-10.2,0.0,199.5,119.30000000000001,0,72.2,250.0,500.0,12.1,44.3,1,0,0,0,0,1,1,1.02,1.016,1.052,0.994,70.6,82.7,94.7,0.0,43.6
default-grid_001744,default-grid,diurnal_normal_weekday,train,0,105.0,151.9,-3.9,0.0,105.0,-50.80000000000001,0,37.3,250.0,500.0,10.4,30.4,0,0,0,0,1,0,1,1.02,1.008,1.018,0.987,80.8,78.5,76.3,0.0,59.5
default-grid_001745,default-grid,near_limit_feeder_overload,validation,1,253.4,49.9,0.0,0.0,253.4,203.5,0,54.4,250.0,500.0,13.1,61.5,1,0,1,0,0,2,1,1.02,1.02,1.075,0.996,69.9,89.3,108.7,0.0,39.7
default-grid_001746,default-grid,diurnal_normal_weekend,validation,0,143.8,81.1,-1.3,0.0,143.8,61.400000000000006,0,33.7,250.0,500.0,11.1,32.5,0,0,0,0,1,0,1,1.02,1.012,1.042,0.993,69.4,77.3,85.2,0.0,45.8
default-grid_001747,default-grid,diurnal_normal_weekday,test,0,198.6,172.4,-2.8,0.0,198.6,23.399999999999977,0,47.6,250.0,500.0,12.1,24.8,0,0,0,0,1,0,1,1.02,1.016,1.042,0.986,90.4,93.4,96.4,0.0,63.5
default-grid_001748,default-grid,solar_overvoltage_moderate,train,0,217.8,45.4,-8.8,0.0,217.8,163.6,0,43.6,250.0,500.0,12.4,53.4,1,0,0,0,0,1,1,1.02,1.017,1.058,0.996,66.9,83.0,99.0,0.0,38.8
default-grid_001749,default-grid,bess_injection_discharging,train,0,14.7,207.4,32.8,0.0,14.7,-159.9,0,89.5,250.0,500.0,8.8,52.6,0,0,0,0,1,0,1,1.02,1.001,1.007,0.983,86.2,70.1,54.0,0.0,70.3
default-grid_001750,default-grid,nighttime_low_load,train,0,0.0,29.2,0.0,0.0,0.0,-29.2,0,54.3,250.0,500.0,8.5,26.0,0,0,0,0,1,0,1,1.02,1.0,1.0,0.998,50.7,52.9,55.0,0.0,35.7
default-grid_001751,default-grid,solar_overvoltage_moderate,train,0,210.9,39.6,-9.9,0.0,210.9,161.4,0,42.5,250.0,500.0,12.3,52.9,1,0,0,0,0,1,1,1.02,1.017,1.055,0.997,65.4,81.3,97.2,0.0,37.7
default-grid_001752,default-grid,bess_injection_discharging,train,0,4.5,212.8,39.2,0.0,4.5,-169.10000000000002,0,77.4,250.0,500.0,8.6,54.5,0,0,0,0,1,0,1,1.02,1.0,1.007,0.982,86.6,68.8,51.1,0.0,71.4
default-grid_001753,default-grid,reconfiguration_alternate,train,0,211.9,169.0,27.4,0.0,211.9,70.30000000000001,1,46.5,250.0,500.0,12.3,34.3,0,0,0,0,1,0,1,1.02,1.017,1.038,0.986,90.6,86.4,82.2,46.0,62.9
default-grid_001754,default-grid,nighttime_low_load,train,0,0.0,43.2,0.0,0.0,0.0,-43.2,0,66.8,250.0,500.0,8.5,28.8,0,0,0,0,1,0,1,1.02,1.0,1.0,0.996,53.4,54.2,55.0,0.0,38.4
default-grid_001755,default-grid,diurnal_normal_weekday,train,0,223.7,146.9,7.4,0.0,223.7,84.19999999999999,0,58.4,250.0,500.0,12.5,37.2,1,0,1,0,0,2,1,1.02,1.018,1.062,0.988,87.0,94.2,101.5,0.0,58.6
default-grid_001756,default-grid,diurnal_normal_weekday,train,0,158.8,166.6,-3.7,0.0,158.8,-11.499999999999972,0,61.6,250.0,500.0,11.4,22.3,0,0,0,0,1,0,1,1.02,1.013,1.031,0.986,86.9,87.3,87.7,0.0,62.4
default-grid_001757,default-grid,extreme_stress_holdout,test,1,323.0,25.0,0.0,35.2,287.8,262.8,0,18.0,250.0,500.0,13.7,73.6,0,0,0,0,1,0,1,1.02,1.023,1.036,0.998,67.1,81.0,94.9,0.0,34.9
default-grid_001758,default-grid,evening_peak_demand,test,0,1.4,282.1,8.0,0.0,1.4,-272.70000000000005,0,72.8,250.0,500.0,8.5,75.6,0,0,0,0,1,0,1,1.02,1.0,0.97,0.976,99.9,77.1,54.3,0.0,84.9
default-grid_001759,default-grid,solar_overvoltage_moderate,train,0,188.0,77.2,-5.7,0.0,188.0,105.10000000000001,0,60.0,250.0,500.0,11.9,41.4,1,0,0,0,0,1,1,1.02,1.015,1.052,0.994,71.3,82.3,93.4,0.0,45.0
default-grid_001760,default-grid,evening_peak_demand,train,0,1.4,247.4,21.5,0.0,1.4,-224.5,0,46.1,250.0,500.0,8.5,65.8,0,0,0,0,1,0,1,1.02,1.0,0.987,0.979,93.2,72.9,52.6,0.0,78.1
default-grid_001761,default-grid,diurnal_normal_weekday,train,0,157.2,175.4,-10.0,0.0,157.2,-28.200000000000017,0,36.0,250.0,500.0,11.3,25.8,0,0,0,0,1,0,1,1.02,1.013,1.024,0.985,88.5,87.2,85.8,0.0,64.1
default-grid_001762,default-grid,diurnal_normal_weekday,train,0,133.5,198.7,-8.2,0.0,133.5,-73.39999999999999,0,72.7,250.0,500.0,10.9,35.0,0,0,0,0,1,0,1,1.02,1.011,1.014,0.983,91.6,86.4,81.3,0.0,68.6
default-grid_001763,default-grid,bess_absorption_charging,train,0,156.8,103.2,-42.5,0.0,156.8,11.100000000000009,0,69.6,250.0,500.0,11.3,22.3,0,0,0,0,1,0,1,1.02,1.013,1.015,0.991,74.5,76.0,77.6,0.0,50.1
default-grid_001764,default-grid,near_limit_overvoltage,test,1,177.9,43.1,-7.3,0.0,177.9,127.5,0,57.3,250.0,500.0,11.7,46.0,0,0,0,0,1,0,1,1.02,1.014,1.047,0.996,64.1,77.5,90.9,0.0,38.4
default-grid_001765,default-grid,nighttime_low_load,train,0,0.0,44.6,0.0,0.0,0.0,-44.6,0,42.6,250.0,500.0,8.5,29.1,0,0,0,0,1,0,1,1.02,1.0,1.0,0.996,53.7,54.4,55.0,0.0,38.7
default-grid_001766,default-grid,diurnal_normal_weekday,train,0,167.6,133.3,1.2,0.0,167.6,35.49999999999997,0,50.8,250.0,500.0,11.5,27.2,0,0,0,0,1,0,1,1.02,1.013,1.044,0.989,81.0,85.7,90.4,0.0,55.9
default-grid_001767,default-grid,evening_peak_demand,validation,0,2.6,289.6,16.6,0.0,2.6,-270.40000000000003,0,73.8,250.0,500.0,8.5,75.2,0,0,1,0,0,1,1,1.02,1.0,0.975,0.976,101.5,77.5,53.5,0.0,86.3
default-grid_001768,default-grid,solar_overvoltage_severe,train,0,281.1,36.1,0.0,0.0,281.1,245.00000000000003,0,62.4,250.0,500.0,13.6,70.0,1,0,1,0,0,2,1,1.02,1.022,1.083,0.997,68.9,91.8,114.6,0.0,37.0
default-grid_001769,default-grid,solar_curtailment_active,train,0,230.2,49.8,-18.5,83.0,147.2,78.89999999999999,0,37.0,250.0,500.0,11.1,36.1,0,1,0,0,0,1,1,1.02,1.012,0.914,0.996,63.5,47.6,31.8,0.0,39.7
default-grid_001770,default-grid,solar_overvoltage_severe,train,0,270.1,37.2,0.0,0.0,270.1,232.90000000000003,0,41.6,250.0,500.0,13.4,67.5,1,0,1,0,0,2,1,1.02,1.022,1.08,0.997,68.4,90.3,112.3,0.0,37.2
default-grid_001771,default-grid,diurnal_normal_weekday,train,0,124.9,200.3,-15.1,0.0,124.9,-90.5,0,34.3,250.0,500.0,10.7,38.5,0,0,0,0,1,0,1,1.02,1.01,1.006,0.983,91.4,84.6,77.7,0.0,68.9
default-grid_001772,default-grid,reconfiguration_alternate,train,0,214.2,203.9,-24.0,0.0,214.2,-13.700000000000017,1,49.6,250.0,500.0,12.4,22.8,0,0,0,0,1,0,1,1.02,1.017,0.994,0.983,97.5,89.0,80.4,46.0,69.6
default-grid_001773,default-grid,reconfiguration_alternate,validation,0,168.2,205.7,-9.4,0.0,168.2,-46.900000000000006,1,74.7,250.0,500.0,11.5,29.6,0,0,0,0,1,0,1,1.02,1.013,0.998,0.983,95.1,85.2,75.2,46.0,70.0
default-grid_001774,default-grid,reconfiguration_alternate,test,0,204.9,187.0,-25.3,0.0,204.9,-7.400000000000006,1,39.3,250.0,500.0,12.2,21.5,0,0,0,0,1,0,1,1.02,1.016,0.995,0.984,93.7,86.1,78.5,46.0,66.4
default-grid_001775,default-grid,diurnal_normal_weekend,test,0,166.4,98.1,-19.6,0.0,166.4,48.70000000000002,0,45.3,250.0,500.0,11.5,29.9,0,0,0,0,1,0,1,1.02,1.013,1.035,0.992,74.1,79.8,85.4,0.0,49.1
default-grid_001776,default-grid,bess_injection_discharging,train,0,28.6,205.8,52.3,0.0,28.6,-124.9,0,66.0,250.0,500.0,9.0,45.5,0,0,0,0,1,0,1,1.02,1.002,1.025,0.983,86.7,70.6,54.5,0.0,70.0
default-grid_001777,default-grid,bess_absorption_charging,train,0,160.7,64.2,-34.7,0.0,160.7,61.79999999999998,0,31.7,250.0,500.0,11.4,32.6,0,0,0,0,1,0,1,1.02,1.013,1.022,0.995,67.1,73.8,80.4,0.0,42.5
default-grid_001778,default-grid,diurnal_normal_weekend,train,0,139.8,36.2,-14.1,0.0,139.8,89.50000000000001,0,31.3,250.0,500.0,11.0,38.3,0,0,0,0,1,0,1,1.02,1.011,1.031,0.997,60.4,70.8,81.1,0.0,37.0
default-grid_001779,default-grid,solar_overvoltage_moderate,train,0,224.3,65.1,-5.9,0.0,224.3,153.3,0,34.5,250.0,500.0,12.5,51.3,1,0,1,0,0,2,1,1.02,1.018,1.062,0.995,71.1,86.1,101.1,0.0,42.7
default-grid_001780,default-grid,diurnal_normal_weekend,train,0,176.5,107.5,-19.6,0.0,176.5,49.400000000000006,0,65.1,250.0,500.0,11.7,30.1,0,0,0,0,1,0,1,1.02,1.014,1.037,0.991,76.5,82.0,87.5,0.0,50.9
default-grid_001781,default-grid,diurnal_normal_weekday,train,0,162.4,125.5,-1.2,0.0,162.4,35.70000000000002,0,58.4,250.0,500.0,11.4,27.3,0,0,0,0,1,0,1,1.02,1.013,1.042,0.99,79.1,84.1,89.1,0.0,54.4
default-grid_001782,default-grid,near_limit_undervoltage,test,1,3.7,277.3,-3.4,0.0,3.7,-277.0,0,34.6,250.0,500.0,8.6,76.5,0,0,0,0,1,0,1,1.02,1.0,0.963,0.977,99.1,77.0,54.9,0.0,83.9
default-grid_001783,default-grid,near_limit_overvoltage,validation,1,177.1,64.0,2.9,0.0,177.1,116.0,0,72.7,250.0,500.0,11.7,43.7,1,0,0,0,0,1,1,1.02,1.014,1.055,0.995,68.1,80.2,92.2,0.0,42.4
default-grid_001784,default-grid,diurnal_normal_weekday,train,0,226.6,190.0,-9.2,0.0,226.6,27.400000000000006,0,39.3,250.0,500.0,12.6,25.6,0,0,1,0,0,1,1,1.02,1.018,1.042,0.984,95.5,98.1,100.7,0.0,66.9
default-grid_001785,default-grid,diurnal_normal_weekday,test,0,215.2,174.7,7.2,0.0,215.2,47.69999999999999,0,32.9,250.0,500.0,12.4,29.7,1,0,0,0,0,1,1,1.02,1.017,1.054,0.985,91.9,95.8,99.7,0.0,64.0
default-grid_001786,default-grid,diurnal_normal_weekday,train,0,200.2,125.5,-13.3,0.0,200.2,61.39999999999998,0,36.1,250.0,500.0,12.1,32.5,0,0,0,0,1,0,1,1.02,1.016,1.045,0.99,81.4,87.8,94.1,0.0,54.4
default-grid_001787,default-grid,diurnal_normal_weekday,train,0,206.3,202.2,-1.0,0.0,206.3,3.1000000000000227,0,43.0,250.0,500.0,12.2,20.6,0,0,0,0,1,0,1,1.02,1.017,1.04,0.983,96.7,97.6,98.5,0.0,69.3
default-grid_001788,default-grid,near_limit_overvoltage,test,1,189.3,52.7,5.3,0.0,189.3,141.90000000000003,0,38.1,250.0,500.0,11.9,48.9,1,0,0,0,0,1,1,1.02,1.015,1.06,0.996,66.6,80.5,94.5,0.0,40.2
default-grid_001789,default-grid,diurnal_normal_weekday,train,0,177.8,141.4,10.0,0.0,177.8,46.400000000000006,0,62.0,250.0,500.0,11.7,29.5,1,0,0,0,0,1,1,1.02,1.014,1.052,0.988,83.2,87.3,91.4,0.0,57.5
default-grid_001790,default-grid,diurnal_normal_weekday,train,0,105.2,167.3,8.4,0.0,105.2,-53.7,0,65.3,250.0,500.0,10.4,31.0,0,0,0,0,1,0,1,1.02,1.008,1.024,0.986,83.8,80.0,76.3,0.0,62.5
default-grid_001791,default-grid,diurnal_normal_weekday,test,0,188.4,133.8,-12.8,0.0,188.4,41.79999999999998,0,69.7,250.0,500.0,11.9,28.5,0,0,0,0,1,0,1,1.02,1.015,1.04,0.989,82.3,87.0,91.7,0.0,56.0
default-grid_001792,default-grid,diurnal_normal_weekday,train,0,190.9,153.6,6.0,0.0,190.9,43.30000000000001,0,64.9,250.0,500.0,11.9,28.8,0,0,0,0,1,0,1,1.02,1.015,1.05,0.987,86.3,90.5,94.7,0.0,59.9
default-grid_001793,default-grid,nighttime_low_load,test,0,0.0,38.4,0.0,0.0,0.0,-38.4,0,42.7,250.0,500.0,8.5,27.8,0,0,0,0,1,0,1,1.02,1.0,1.0,0.997,52.5,53.8,55.0,0.0,37.5
default-grid_001794,default-grid,near_limit_overvoltage,test,1,174.3,70.8,-0.8,0.0,174.3,102.7,0,44.5,250.0,500.0,11.6,40.9,1,0,0,0,0,1,1,1.02,1.014,1.051,0.994,69.2,80.5,91.8,0.0,43.8
default-grid_001795,default-grid,bess_absorption_charging,train,0,161.9,95.6,-35.2,0.0,161.9,31.10000000000001,0,38.5,250.0,500.0,11.4,26.3,0,0,0,0,1,0,1,1.02,1.013,1.022,0.992,73.3,76.9,80.5,0.0,48.6
default-grid_001796,default-grid,bess_injection_discharging,test,0,54.4,246.9,58.1,0.0,54.4,-134.4,0,43.1,250.0,500.0,9.5,47.4,0,0,0,0,1,0,1,1.02,1.004,1.029,0.979,96.3,77.8,59.3,0.0,78.0
default-grid_001797,default-grid,bess_injection_discharging,test,0,1.7,216.8,30.0,0.0,1.7,-185.10000000000002,0,50.9,250.0,500.0,8.5,57.8,0,0,0,0,1,0,1,1.02,1.0,0.999,0.982,87.3,69.5,51.6,0.0,72.2
default-grid_001798,default-grid,diurnal_normal_weekday,test,0,166.9,172.8,-1.3,0.0,166.9,-7.200000000000017,0,52.7,250.0,500.0,11.5,21.5,0,0,0,0,1,0,1,1.02,1.013,1.034,0.986,88.6,89.3,90.1,0.0,63.6
default-grid_001799,default-grid,diurnal_normal_weekday,train,0,128.1,172.9,-16.2,0.0,128.1,-61.000000000000014,0,72.7,250.0,500.0,10.8,32.4,0,0,0,0,1,0,1,1.02,1.01,1.012,0.986,86.3,82.2,78.1,0.0,63.6
default-grid_001800,default-grid,evening_peak_demand,train,0,2.4,282.7,23.8,0.0,2.4,-256.5,0,52.4,250.0,500.0,8.5,72.3,0,0,1,0,0,1,1,1.02,1.0,0.981,0.976,100.1,76.3,52.5,0.0,85.0
default-grid_001801,default-grid,diurnal_normal_weekend,train,0,189.3,102.0,0.9,0.0,189.3,88.20000000000002,0,45.7,250.0,500.0,11.9,38.0,1,0,0,0,0,1,1,1.02,1.015,1.056,0.992,76.2,85.6,95.0,0.0,49.8
default-grid_001802,default-grid,solar_overvoltage_severe,train,0,253.9,39.2,0.0,0.0,253.9,214.7,0,53.2,250.0,500.0,13.1,63.8,1,0,1,0,0,2,1,1.02,1.02,1.075,0.997,67.9,88.3,108.8,0.0,37.6
default-grid_001803,default-grid,diurnal_normal_weekday,train,0,201.1,145.8,-10.1,0.0,201.1,45.19999999999999,0,54.1,250.0,500.0,12.1,29.2,0,0,0,0,1,0,1,1.02,1.016,1.043,0.988,85.4,90.2,95.1,0.0,58.4
default-grid_001804,default-grid,near_limit_feeder_overload,test,1,238.4,53.8,0.0,0.0,238.4,184.60000000000002,0,36.7,250.0,500.0,12.8,57.7,1,0,1,0,0,2,1,1.02,1.019,1.071,0.996,69.8,87.7,105.5,0.0,40.5
default-grid_001805,default-grid,bess_injection_discharging,train,0,43.8,183.8,20.4,0.0,43.8,-119.60000000000002,0,55.3,250.0,500.0,9.3,44.4,0,0,0,0,1,0,1,1.02,1.004,1.011,0.985,83.4,72.6,61.7,0.0,65.7
default-grid_001806,default-grid,solar_overvoltage_moderate,train,0,189.2,34.2,-4.0,0.0,189.2,151.0,0,68.0,250.0,500.0,11.9,50.8,1,0,0,0,0,1,1,1.02,1.015,1.053,0.997,63.0,78.5,94.1,0.0,36.6
default-grid_001807,default-grid,diurnal_normal_weekday,train,0,192.1,170.8,-6.2,0.0,192.1,15.099999999999994,0,39.7,250.0,500.0,12.0,23.1,0,0,0,0,1,0,1,1.02,1.015,1.038,0.986,89.7,92.0,94.2,0.0,63.2
default-grid_001808,default-grid,near_limit_overvoltage,test,1,173.4,54.5,-1.4,0.0,173.4,117.5,0,58.2,250.0,500.0,11.6,44.0,0,0,0,0,1,0,1,1.02,1.014,1.05,0.995,66.0,78.7,91.4,0.0,40.6
default-grid_001809,default-grid,solar_overvoltage_moderate,validation,0,206.5,83.2,-7.7,0.0,206.5,115.60000000000001,0,66.1,250.0,500.0,12.2,43.6,1,0,0,0,0,1,1,1.02,1.017,1.056,0.993,73.6,85.2,96.9,0.0,46.2
default-grid_001810,default-grid,solar_overvoltage_severe,train,0,286.7,32.7,0.0,0.0,286.7,254.0,0,61.7,250.0,500.0,13.7,71.8,1,0,1,0,0,2,1,1.02,1.023,1.085,0.997,68.6,92.2,115.8,0.0,36.4
default-grid_001811,default-grid,evening_peak_demand,test,0,3.8,245.7,10.9,0.0,3.8,-231.0,0,67.2,250.0,500.0,8.6,67.1,0,0,0,0,1,0,1,1.02,1.0,0.98,0.98,93.0,73.7,54.4,0.0,77.8
default-grid_001812,default-grid,diurnal_normal_weekend,train,0,151.5,83.2,-12.3,0.0,151.5,55.999999999999986,0,38.0,250.0,500.0,11.2,31.4,0,0,0,0,1,0,1,1.02,1.012,1.036,0.993,70.3,77.2,84.0,0.0,46.2
default-grid_001813,default-grid,reconfiguration_alternate,train,0,140.5,50.1,-26.0,0.0,140.5,64.4,1,57.3,250.0,500.0,11.0,33.1,0,0,0,0,1,0,1,1.02,1.011,1.003,0.996,63.2,65.0,66.7,46.0,39.7
default-grid_001814,default-grid,solar_overvoltage_severe,train,0,237.9,30.3,0.0,0.0,237.9,207.6,0,45.7,250.0,500.0,12.8,62.3,1,0,1,0,0,2,1,1.02,1.019,1.07,0.997,65.2,85.3,105.4,0.0,35.9
default-grid_001815,default-grid,diurnal_normal_weekday,test,0,151.2,129.3,11.7,0.0,151.2,33.599999999999966,0,61.3,250.0,500.0,11.2,26.9,0,0,0,0,1,0,1,1.02,1.012,1.047,0.989,79.2,82.4,85.6,0.0,55.1
default-grid_001816,default-grid,solar_overvoltage_moderate,train,0,235.6,76.7,-4.5,0.0,235.6,154.39999999999998,0,62.4,250.0,500.0,12.7,51.5,1,0,1,0,0,2,1,1.02,1.019,1.066,0.994,74.0,88.9,103.8,0.0,44.9
default-grid_001817,default-grid,near_limit_tx_overload,validation,1,41.5,279.8,0.0,0.0,41.5,-238.3,0,36.7,250.0,500.0,9.2,68.6,0,0,1,0,0,1,1,1.02,1.003,0.976,0.977,101.9,82.8,63.8,0.0,84.4
default-grid_001818,default-grid,solar_overvoltage_moderate,train,0,188.8,64.0,-7.2,0.0,188.8,117.60000000000002,0,41.0,250.0,500.0,11.9,44.0,1,0,0,0,0,1,1,1.02,1.015,1.051,0.995,68.8,81.0,93.2,0.0,42.4
default-grid_001819,default-grid,diurnal_normal_weekend,validation,0,165.9,71.5,-23.9,0.0,165.9,70.5,0,56.6,250.0,500.0,11.5,34.4,0,0,0,0,1,0,1,1.02,1.013,1.032,0.994,68.9,76.6,84.2,0.0,43.9
default-grid_001820,default-grid,solar_curtailment_active,train,0,257.8,41.4,-18.2,73.3,184.5,124.9,0,58.1,250.0,500.0,11.8,45.5,0,1,0,0,0,1,1,1.02,1.015,0.939,0.997,64.1,54.8,45.6,0.0,38.0
default-grid_001821,default-grid,reconfiguration_alternate,train,0,224.4,214.8,-3.7,0.0,224.4,5.900000000000006,1,65.2,250.0,500.0,12.5,21.2,0,0,1,0,0,1,1,1.02,1.018,1.008,0.982,100.2,93.4,86.6,46.0,71.8
default-grid_001822,default-grid,diurnal_normal_weekend,validation,0,133.8,45.5,1.9,0.0,133.8,90.20000000000002,0,51.9,250.0,500.0,10.9,38.4,0,0,0,0,1,0,1,1.02,1.011,1.041,0.996,61.9,72.5,83.1,0.0,38.8
default-grid_001823,default-grid,solar_overvoltage_moderate,train,0,225.5,53.4,-5.6,0.0,225.5,166.5,0,52.2,250.0,500.0,12.6,54.0,1,0,1,0,0,2,1,1.02,1.018,1.063,0.996,68.9,85.2,101.4,0.0,40.4
default-grid_001824,default-grid,diurnal_normal_weekday,validation,0,125.3,135.1,-5.7,0.0,125.3,-15.5,0,47.2,250.0,500.0,10.8,23.2,0,0,0,0,1,0,1,1.02,1.01,1.026,0.989,78.8,79.4,80.1,0.0,56.3
default-grid_001825,default-grid,solar_overvoltage_moderate,train,0,204.6,78.0,-10.5,0.0,204.6,116.1,0,68.6,250.0,500.0,12.2,43.7,1,0,0,0,0,1,1,1.02,1.016,1.053,0.994,72.4,84.1,95.8,0.0,45.2
default-grid_001826,default-grid,diurnal_normal_weekday,train,0,219.5,165.5,10.4,0.0,219.5,64.4,0,32.9,250.0,500.0,12.5,33.1,1,0,1,0,0,2,1,1.02,1.018,1.059,0.986,90.4,95.3,100.2,0.0,62.2
default-grid_001827,default-grid,evening_peak_demand,train,0,1.9,303.1,22.4,0.0,1.9,-278.8,0,48.9,250.0,500.0,8.5,76.9,0,0,1,0,0,1,1,1.02,1.0,0.976,0.975,104.1,78.3,52.6,0.0,88.9
default-grid_001828,default-grid,nighttime_low_load,train,0,0.0,37.7,0.0,0.0,0.0,-37.7,0,62.0,250.0,500.0,8.5,27.7,0,0,0,0,1,0,1,1.02,1.0,1.0,0.997,52.3,53.6,55.0,0.0,37.3
default-grid_001829,default-grid,solar_overvoltage_severe,train,0,244.3,27.8,0.0,0.0,244.3,216.5,0,71.9,250.0,500.0,12.9,64.2,1,0,1,0,0,2,1,1.02,1.02,1.072,0.998,65.1,85.9,106.8,0.0,35.4
default-grid_001830,default-grid,solar_curtailment_active,test,0,216.1,88.5,-23.4,60.3,155.8,43.900000000000006,0,30.3,250.0,500.0,11.3,29.0,0,1,0,0,0,1,1,1.02,1.012,0.945,0.993,71.6,58.8,46.0,0.0,47.2
default-grid_001831,default-grid,diurnal_normal_weekday,train,0,191.5,184.4,-6.1,0.0,191.5,1.0,0,41.2,250.0,500.0,11.9,20.2,0,0,0,0,1,0,1,1.02,1.015,1.035,0.985,92.3,93.2,94.1,0.0,65.9
default-grid_001832,default-grid,near_limit_overvoltage,test,1,184.6,70.6,-8.4,0.0,184.6,105.6,0,48.7,250.0,500.0,11.8,41.5,0,0,0,0,1,0,1,1.02,1.015,1.049,0.994,69.8,80.9,92.0,0.0,43.7
default-grid_001833,default-grid,diurnal_normal_weekday,train,0,167.0,172.5,-12.5,0.0,167.0,-18.0,0,67.2,250.0,500.0,11.5,23.7,0,0,0,0,1,0,1,1.02,1.013,1.026,0.986,88.6,87.9,87.3,0.0,63.5
default-grid_001834,default-grid,solar_overvoltage_moderate,train,0,195.7,81.0,-6.4,0.0,195.7,108.29999999999998,0,74.7,250.0,500.0,12.0,42.1,1,0,0,0,0,1,1,1.02,1.016,1.053,0.993,72.5,83.7,94.9,0.0,45.8
default-grid_001835,default-grid,diurnal_normal_weekday,test,0,183.2,199.2,-4.1,0.0,183.2,-20.099999999999994,0,45.9,250.0,500.0,11.8,24.1,0,0,0,0,1,0,1,1.02,1.015,1.031,0.983,94.7,93.8,92.8,0.0,68.7
default-grid_001836,default-grid,diurnal_normal_weekday,validation,0,161.6,129.2,-15.7,0.0,161.6,16.700000000000017,0,56.8,250.0,500.0,11.4,23.4,0,0,0,0,1,0,1,1.02,1.013,1.031,0.989,79.8,82.5,85.3,0.0,55.1
default-grid_001837,default-grid,diurnal_normal_weekend,test,0,182.6,74.4,-9.0,0.0,182.6,99.19999999999999,0,38.2,250.0,500.0,11.8,40.2,0,0,0,0,1,0,1,1.02,1.015,1.048,0.994,70.4,81.0,91.5,0.0,44.5
default-grid_001838,default-grid,solar_curtailment_active,train,0,272.4,30.0,-17.8,71.7,200.7,152.89999999999998,0,48.4,250.0,500.0,12.1,51.2,0,1,0,0,0,1,1,1.02,1.016,0.946,0.998,62.9,56.5,50.1,0.0,35.8
default-grid_001839,default-grid,solar_overvoltage_moderate,train,0,214.3,84.2,-3.3,0.0,214.3,126.8,0,70.1,250.0,500.0,12.4,45.9,1,0,0,0,0,1,1,1.02,1.017,1.061,0.993,74.2,86.9,99.6,0.0,46.4
default-grid_001840,default-grid,solar_overvoltage_severe,train,0,249.2,40.9,0.0,0.0,249.2,208.29999999999998,0,67.3,250.0,500.0,13.0,62.5,1,0,1,0,0,2,1,1.02,1.02,1.074,0.997,67.9,87.8,107.8,0.0,38.0
default-grid_001841,default-grid,evening_peak_demand,train,0,3.3,273.2,5.1,0.0,3.3,-264.8,0,66.2,250.0,500.0,8.6,74.0,0,0,0,0,1,0,1,1.02,1.0,0.97,0.977,98.3,76.7,55.1,0.0,83.1
default-grid_001842,default-grid,nighttime_low_load,train,0,0.0,39.4,0.0,0.0,0.0,-39.4,0,48.3,250.0,500.0,8.5,28.0,0,0,0,0,1,0,1,1.02,1.0,1.0,0.997,52.7,53.9,55.0,0.0,37.7
default-grid_001843,default-grid,nighttime_low_load,train,0,0.0,28.3,0.0,0.0,0.0,-28.3,0,34.4,250.0,500.0,8.5,25.8,0,0,0,0,1,0,1,1.02,1.0,1.0,0.998,50.5,52.8,55.0,0.0,35.5
default-grid_001844,default-grid,diurnal_normal_weekday,test,0,237.0,134.2,-9.0,0.0,237.0,93.80000000000001,0,35.9,250.0,500.0,12.8,39.1,1,0,1,0,0,2,1,1.02,1.019,1.057,0.989,85.3,94.2,103.0,0.0,56.1
default-grid_001845,default-grid,near_limit_feeder_overload,validation,1,208.7,52.8,0.0,0.0,208.7,155.89999999999998,0,69.6,250.0,500.0,12.3,51.8,1,0,0,0,0,1,1,1.02,1.017,1.062,0.996,67.8,83.5,99.2,0.0,40.3
default-grid_001846,default-grid,diurnal_normal_weekday,train,0,219.0,122.8,-4.1,0.0,219.0,92.10000000000001,0,41.1,250.0,500.0,12.4,38.8,1,0,1,0,0,2,1,1.02,1.018,1.057,0.99,82.0,91.2,100.4,0.0,53.9
default-grid_001847,default-grid,diurnal_normal_weekday,train,0,163.8,149.0,-12.0,0.0,163.8,2.8000000000000114,0,46.3,250.0,500.0,11.4,20.6,0,0,0,0,1,0,1,1.02,1.013,1.03,0.988,83.8,85.2,86.7,0.0,59.0
default-grid_001848,default-grid,nighttime_low_load,train,0,0.0,40.4,0.0,0.0,0.0,-40.4,0,42.0,250.0,500.0,8.5,28.2,0,0,0,0,1,0,1,1.02,1.0,1.0,0.997,52.9,54.0,55.0,0.0,37.9
default-grid_001849,default-grid,reconfiguration_alternate,train,0,255.3,128.5,28.6,0.0,255.3,155.40000000000003,1,57.9,250.0,500.0,13.1,51.7,1,0,0,0,0,1,1,1.02,1.02,1.054,0.989,85.3,87.6,89.9,46.0,55.0
default-grid_001850,default-grid,evening_peak_demand,test,0,5.0,228.4,23.4,0.0,5.0,-200.0,0,69.4,250.0,500.0,8.6,60.8,0,0,0,0,1,0,1,1.02,1.0,0.993,0.981,89.7,71.4,53.1,0.0,74.4
default-grid_001851,default-grid,near_limit_feeder_overload,validation,1,248.0,45.7,0.0,0.0,248.0,202.3,0,75.0,250.0,500.0,13.0,61.3,1,0,1,0,0,2,1,1.02,1.02,1.073,0.996,68.8,88.2,107.6,0.0,38.9
default-grid_001852,default-grid,nighttime_low_load,train,0,0.0,29.4,0.0,0.0,0.0,-29.4,0,47.4,250.0,500.0,8.5,26.0,0,0,0,0,1,0,1,1.02,1.0,1.0,0.998,50.7,52.9,55.0,0.0,35.7
default-grid_001853,default-grid,solar_overvoltage_severe,test,0,293.4,41.4,0.0,0.0,293.4,251.99999999999997,0,59.5,250.0,500.0,13.8,71.4,1,0,1,0,0,2,1,1.02,1.023,1.087,0.997,70.7,94.0,117.2,0.0,38.0
default-grid_001854,default-grid,evening_peak_demand,train,0,0.9,218.9,7.6,0.0,0.9,-210.4,0,65.8,250.0,500.0,8.5,62.9,0,0,0,0,1,0,1,1.02,1.0,0.982,0.982,87.6,70.9,54.2,0.0,72.6
default-grid_001855,default-grid,diurnal_normal_weekday,validation,0,186.9,147.6,-8.0,0.0,186.9,31.30000000000001,0,37.9,250.0,500.0,11.9,26.4,0,0,0,0,1,0,1,1.02,1.015,1.04,0.988,84.9,88.8,92.6,0.0,58.7
default-grid_001856,default-grid,diurnal_normal_weekday,test,0,204.8,174.9,-0.3,0.0,204.8,29.599999999999994,0,31.0,250.0,500.0,12.2,26.0,0,0,0,0,1,0,1,1.02,1.016,1.045,0.985,91.3,94.8,98.3,0.0,64.0
default-grid_001857,default-grid,diurnal_normal_weekend,train,0,128.7,83.5,-10.3,0.0,128.7,34.89999999999999,0,52.9,250.0,500.0,10.8,27.1,0,0,0,0,1,0,1,1.02,1.01,1.031,0.993,69.0,74.3,79.7,0.0,46.2
default-grid_001858,default-grid,solar_overvoltage_severe,train,0,291.7,36.6,0.0,0.0,291.7,255.1,0,35.1,250.0,500.0,13.8,72.0,1,0,1,0,0,2,1,1.02,1.023,1.086,0.997,69.6,93.2,116.8,0.0,37.1
default-grid_001859,default-grid,diurnal_normal_weekday,validation,0,130.7,190.2,6.8,0.0,130.7,-52.69999999999999,0,32.8,250.0,500.0,10.9,30.7,0,0,0,0,1,0,1,1.02,1.01,1.026,0.984,89.8,85.8,81.9,0.0,67.0
default-grid_001860,default-grid,evening_peak_demand,train,0,4.4,281.6,17.7,0.0,4.4,-259.5,0,76.2,250.0,500.0,8.6,72.9,0,0,0,0,1,0,1,1.02,1.0,0.978,0.977,100.0,76.8,53.7,0.0,84.8
default-grid_001861,default-grid,diurnal_normal_weekday,train,0,156.5,135.2,-17.3,0.0,156.5,4.0,0,48.9,250.0,500.0,11.3,20.8,0,0,0,0,1,0,1,1.02,1.013,1.027,0.989,80.7,82.3,83.9,0.0,56.3
default-grid_001862,default-grid,near_limit_feeder_overload,test,1,225.2,39.0,0.0,0.0,225.2,186.2,0,40.8,250.0,500.0,12.6,58.0,1,0,1,0,0,2,1,1.02,1.018,1.067,0.997,66.1,84.4,102.7,0.0,37.6
default-grid_001863,default-grid,nighttime_low_load,train,0,0.0,34.7,0.0,0.0,0.0,-34.7,0,31.4,250.0,500.0,8.5,27.1,0,0,0,0,1,0,1,1.02,1.0,1.0,0.997,51.7,53.4,55.0,0.0,36.7
default-grid_001864,default-grid,near_limit_undervoltage,test,1,18.6,285.8,4.4,0.0,18.6,-262.8,0,39.3,250.0,500.0,8.8,73.6,0,0,1,0,0,1,1,1.02,1.001,0.972,0.976,101.7,80.0,58.4,0.0,85.6
default-grid_001865,default-grid,diurnal_normal_weekend,validation,0,204.7,81.1,-16.6,0.0,204.7,107.0,0,40.0,250.0,500.0,12.2,41.8,0,0,0,0,1,0,1,1.02,1.016,1.049,0.993,73.1,83.7,94.2,0.0,45.8
default-grid_001866,default-grid,solar_overvoltage_severe,train,0,291.8,37.9,0.0,0.0,291.8,253.9,0,65.7,250.0,500.0,13.8,71.8,1,0,1,0,0,2,1,1.02,1.023,1.086,0.997,69.9,93.4,116.9,0.0,37.4
default-grid_001867,default-grid,diurnal_normal_weekday,train,0,172.7,170.9,-11.6,0.0,172.7,-9.800000000000011,0,36.2,250.0,500.0,11.6,22.0,0,0,0,0,1,0,1,1.02,1.014,1.029,0.986,88.6,88.7,88.7,0.0,63.2
default-grid_001868,default-grid,solar_overvoltage_moderate,train,0,191.3,59.3,-9.9,0.0,191.3,122.10000000000001,0,60.4,250.0,500.0,11.9,44.9,0,0,0,0,1,0,1,1.02,1.015,1.049,0.995,68.0,80.5,93.1,0.0,41.5
default-grid_001869,default-grid,diurnal_normal_weekday,train,0,221.1,143.6,-10.9,0.0,221.1,66.6,0,66.2,250.0,500.0,12.5,33.6,0,0,0,0,1,0,1,1.02,1.018,1.049,0.988,86.2,92.7,99.1,0.0,57.9
default-grid_001870,default-grid,reconfiguration_alternate,test,0,198.8,101.7,17.4,0.0,198.8,114.50000000000001,1,41.0,250.0,500.0,12.1,43.4,0,0,0,0,1,0,1,1.02,1.016,1.042,0.992,76.7,78.8,80.9,46.0,49.8
default-grid_001871,default-grid,solar_overvoltage_severe,train,0,298.3,32.7,0.0,0.0,298.3,265.6,0,45.4,250.0,500.0,13.9,74.2,1,0,1,0,0,2,1,1.02,1.024,1.088,0.997,69.3,93.8,118.2,0.0,36.4
default-grid_001872,default-grid,near_limit_feeder_overload,test,1,221.8,50.4,0.0,0.0,221.8,171.4,0,49.6,250.0,500.0,12.5,55.0,1,0,1,0,0,2,1,1.02,1.018,1.066,0.996,68.1,85.0,102.0,0.0,39.8
default-grid_001873,default-grid,solar_curtailment_active,train,0,226.4,55.5,-5.3,35.3,191.10000000000002,130.3,0,44.9,250.0,500.0,11.9,46.6,0,0,0,0,1,0,1,1.02,1.015,1.003,0.995,67.3,70.2,73.0,0.0,40.8
default-grid_001874,default-grid,solar_overvoltage_moderate,test,0,202.2,86.9,-10.5,0.0,202.2,104.79999999999998,0,48.2,250.0,500.0,12.1,41.4,1,0,0,0,0,1,1,1.02,1.016,1.052,0.993,74.0,84.6,95.2,0.0,46.9
default-grid_001875,default-grid,diurnal_normal_weekday,train,0,191.4,164.8,-11.9,0.0,191.4,14.699999999999989,0,58.4,250.0,500.0,11.9,23.0,0,0,0,0,1,0,1,1.02,1.015,1.035,0.986,88.5,90.5,92.6,0.0,62.0
default-grid_001876,default-grid,diurnal_normal_weekday,train,0,154.5,162.0,-1.1,0.0,154.5,-8.599999999999994,0,56.3,250.0,500.0,11.3,21.8,0,0,0,0,1,0,1,1.02,1.012,1.033,0.987,85.8,86.7,87.5,0.0,61.5
default-grid_001877,default-grid,nighttime_low_load,train,0,0.0,39.5,0.0,0.0,0.0,-39.5,0,35.9,250.0,500.0,8.5,28.1,0,0,0,0,1,0,1,1.02,1.0,1.0,0.997,52.7,53.9,55.0,0.0,37.7
default-grid_001878,default-grid,nighttime_low_load,train,0,0.0,26.7,0.0,0.0,0.0,-26.7,0,47.8,250.0,500.0,8.5,25.4,0,0,0,0,1,0,1,1.02,1.0,1.0,0.998,50.2,52.6,55.0,0.0,35.2
default-grid_001879,default-grid,solar_overvoltage_moderate,train,0,235.0,51.0,-10.0,0.0,235.0,174.0,0,64.0,250.0,500.0,12.7,55.5,1,0,1,0,0,2,1,1.02,1.019,1.062,0.996,69.0,85.7,102.3,0.0,39.9
default-grid_001880,default-grid,diurnal_normal_weekday,test,0,190.0,133.6,-2.3,0.0,190.0,54.099999999999994,0,69.3,250.0,500.0,11.9,31.0,0,0,0,0,1,0,1,1.02,1.015,1.048,0.989,82.4,88.6,94.7,0.0,56.0
default-grid_001881,default-grid,diurnal_normal_weekday,train,0,106.9,156.5,-10.1,0.0,106.9,-59.69999999999999,0,67.1,250.0,500.0,10.4,32.2,0,0,0,0,1,0,1,1.02,1.009,1.013,0.987,81.8,78.4,75.1,0.0,60.4
default-grid_001882,default-grid,diurnal_normal_weekday,train,0,194.2,167.4,-11.0,0.0,194.2,15.799999999999983,0,67.3,250.0,500.0,12.0,23.2,0,0,0,0,1,0,1,1.02,1.016,1.036,0.986,89.2,91.3,93.4,0.0,62.6
default-grid_001883,default-grid,nighttime_low_load,train,0,0.0,29.7,0.0,0.0,0.0,-29.7,0,62.7,250.0,500.0,8.5,26.1,0,0,0,0,1,0,1,1.02,1.0,1.0,0.998,50.8,52.9,55.0,0.0,35.8
default-grid_001884,default-grid,solar_overvoltage_moderate,train,0,197.5,81.0,-7.9,0.0,197.5,108.6,0,53.0,250.0,500.0,12.1,42.2,1,0,0,0,0,1,1,1.02,1.016,1.053,0.993,72.6,83.8,94.9,0.0,45.8
default-grid_001885,default-grid,solar_overvoltage_moderate,train,0,229.3,62.5,-9.3,0.0,229.3,157.5,0,57.4,250.0,500.0,12.6,52.1,1,0,1,0,0,2,1,1.02,1.018,1.061,0.995,70.9,86.1,101.3,0.0,42.2
default-grid_001886,default-grid,diurnal_normal_weekday,train,0,183.9,185.1,-15.8,0.0,183.9,-17.0,0,34.8,250.0,500.0,11.8,23.5,0,0,0,0,1,0,1,1.02,1.015,1.026,0.985,92.0,91.0,90.0,0.0,66.0
default-grid_001887,default-grid,near_limit_overvoltage,validation,1,199.9,71.2,-4.3,0.0,199.9,124.39999999999999,0,50.6,250.0,500.0,12.1,45.4,1,0,0,0,0,1,1,1.02,1.016,1.056,0.994,70.8,83.5,96.3,0.0,43.8
default-grid_001888,default-grid,near_limit_overvoltage,test,1,170.7,46.4,-7.3,0.0,170.7,116.99999999999997,0,74.0,250.0,500.0,11.6,43.9,0,0,0,0,1,0,1,1.02,1.014,1.045,0.996,64.3,76.8,89.4,0.0,39.0
default-grid_001889,default-grid,solar_curtailment_active,train,0,228.5,51.8,-5.1,38.5,190.0,133.10000000000002,0,43.4,250.0,500.0,11.9,47.1,0,0,0,0,1,0,1,1.02,1.015,0.999,0.996,66.5,68.7,70.9,0.0,40.1
default-grid_001890,default-grid,near_limit_feeder_overload,test,1,233.1,59.8,0.0,0.0,233.1,173.3,0,35.3,250.0,500.0,12.7,55.3,1,0,1,0,0,2,1,1.02,1.019,1.069,0.995,70.6,87.5,104.4,0.0,41.6
default-grid_001891,default-grid,reconfiguration_alternate,train,0,134.4,177.7,-7.4,0.0,134.4,-50.69999999999999,1,31.0,250.0,500.0,10.9,30.3,0,0,0,0,1,0,1,1.02,1.011,1.0,0.985,87.6,78.5,69.5,46.0,64.6
default-grid_001892,default-grid,bess_absorption_charging,test,0,188.7,121.5,-46.1,0.0,188.7,21.099999999999994,0,28.1,250.0,500.0,11.9,24.3,0,0,0,0,1,0,1,1.02,1.015,1.018,0.99,79.9,81.7,83.5,0.0,53.6
default-grid_001893,default-grid,bess_absorption_charging,train,0,191.1,133.4,-24.0,0.0,191.1,33.69999999999999,0,39.0,250.0,500.0,11.9,26.9,0,0,0,0,1,0,1,1.02,1.015,1.032,0.989,82.4,86.0,89.5,0.0,55.9
default-grid_001894,default-grid,diurnal_normal_weekend,validation,0,194.8,144.5,-9.8,0.0,194.8,40.5,0,58.8,250.0,500.0,12.0,28.3,0,0,0,0,1,0,1,1.02,1.016,1.042,0.988,84.8,89.3,93.8,0.0,58.1
default-grid_001895,default-grid,nighttime_low_load,train,0,0.0,37.8,0.0,0.0,0.0,-37.8,0,55.7,250.0,500.0,8.5,27.7,0,0,0,0,1,0,1,1.02,1.0,1.0,0.997,52.4,53.7,55.0,0.0,37.4
default-grid_001896,default-grid,bess_injection_discharging,train,0,61.8,199.1,44.1,0.0,61.8,-93.19999999999999,0,69.0,250.0,500.0,9.6,39.0,0,0,0,0,1,0,1,1.02,1.005,1.03,0.983,87.4,75.0,62.6,0.0,68.7
default-grid_001897,default-grid,solar_overvoltage_moderate,train,0,220.2,30.7,-0.4,0.0,220.2,189.1,0,39.0,250.0,500.0,12.5,58.6,1,0,1,0,0,2,1,1.02,1.018,1.065,0.997,64.2,82.9,101.6,0.0,36.0
default-grid_001898,default-grid,diurnal_normal_weekend,train,0,151.8,133.3,-20.1,0.0,151.8,-1.5999999999999943,0,51.9,250.0,500.0,11.2,20.3,0,0,0,0,1,0,1,1.02,1.012,1.024,0.989,80.0,81.1,82.2,0.0,55.9
default-grid_001899,default-grid,extreme_stress_holdout,test,1,313.2,24.6,0.0,29.5,283.7,259.09999999999997,0,96.0,250.0,500.0,13.6,72.8,0,0,0,0,1,0,1,1.02,1.023,1.043,0.998,66.8,82.1,97.4,0.0,34.8
default-grid_001900,default-grid,extreme_stress_holdout,test,1,319.8,21.7,0.0,33.5,286.3,264.6,0,96.0,250.0,500.0,13.7,74.0,0,0,0,0,1,0,1,1.02,1.023,1.038,0.998,66.4,81.0,95.6,0.0,34.2
default-grid_001901,default-grid,diurnal_normal_weekday,train,0,175.0,182.4,-11.5,0.0,175.0,-18.900000000000006,0,72.4,250.0,500.0,11.7,23.9,0,0,0,0,1,0,1,1.02,1.014,1.027,0.985,91.0,90.1,89.2,0.0,65.5
default-grid_001902,default-grid,diurnal_normal_weekend,train,0,154.1,78.2,-19.5,0.0,154.1,56.39999999999999,0,36.4,250.0,500.0,11.3,31.5,0,0,0,0,1,0,1,1.02,1.012,1.031,0.993,69.5,76.2,82.8,0.0,45.2
default-grid_001903,default-grid,bess_injection_discharging,train,0,7.3,211.5,51.5,0.0,7.3,-152.7,0,49.6,250.0,500.0,8.6,51.1,0,0,0,0,1,0,1,1.02,1.001,1.017,0.982,86.6,68.3,50.1,0.0,71.1
default-grid_001904,default-grid,solar_overvoltage_moderate,train,0,235.2,59.0,-4.7,0.0,235.2,171.5,0,38.3,250.0,500.0,12.7,55.0,1,0,1,0,0,2,1,1.02,1.019,1.066,0.995,70.6,87.2,103.7,0.0,41.5
default-grid_001905,default-grid,evening_peak_demand,test,0,2.1,287.0,7.3,0.0,2.1,-277.6,0,66.1,250.0,500.0,8.5,76.6,0,0,1,0,0,1,1,1.02,1.0,0.969,0.976,100.9,77.7,54.5,0.0,85.8
default-grid_001906,default-grid,evening_peak_demand,test,0,4.6,225.0,4.7,0.0,4.6,-215.7,0,64.8,250.0,500.0,8.6,64.0,0,0,0,0,1,0,1,1.02,1.0,0.98,0.981,89.0,72.2,55.4,0.0,73.8
default-grid_001907,default-grid,solar_overvoltage_severe,train,0,241.5,27.2,0.0,0.0,241.5,214.3,0,54.2,250.0,500.0,12.8,63.7,1,0,1,0,0,2,1,1.02,1.019,1.071,0.998,64.8,85.5,106.2,0.0,35.3
default-grid_001908,default-grid,diurnal_normal_weekday,train,0,160.7,163.0,-8.3,0.0,160.7,-10.600000000000023,0,44.6,250.0,500.0,11.4,22.2,0,0,0,0,1,0,1,1.02,1.013,1.029,0.986,86.3,86.7,87.0,0.0,61.7
default-grid_001909,default-grid,diurnal_normal_weekend,train,0,126.5,52.6,-14.1,0.0,126.5,59.800000000000004,0,61.0,250.0,500.0,10.8,32.2,0,0,0,0,1,0,1,1.02,1.01,1.027,0.996,62.8,70.5,78.3,0.0,40.2
default-grid_001910,default-grid,diurnal_normal_weekend,train,0,161.1,66.2,-21.1,0.0,161.1,73.8,0,32.8,250.0,500.0,11.4,35.1,0,0,0,0,1,0,1,1.02,1.013,1.032,0.994,67.5,75.7,83.9,0.0,42.9
default-grid_001911,default-grid,diurnal_normal_weekday,train,0,226.0,134.4,-12.0,0.0,226.0,79.6,0,32.8,250.0,500.0,12.6,36.2,1,0,0,0,0,1,1,1.02,1.018,1.051,0.989,84.7,92.3,99.9,0.0,56.1
default-grid_001912,default-grid,near_limit_tx_overload,test,1,7.6,313.3,0.0,0.0,7.6,-305.7,0,59.2,250.0,500.0,8.6,82.4,0,0,1,0,0,1,1,1.02,1.001,0.96,0.974,106.4,81.5,56.6,0.0,90.9
default-grid_001913,default-grid,diurnal_normal_weekend,validation,0,195.0,58.1,-3.5,0.0,195.0,133.4,0,34.0,250.0,500.0,12.0,47.2,1,0,0,0,0,1,1,1.02,1.016,1.055,0.995,68.0,81.8,95.5,0.0,41.3
default-grid_001914,default-grid,solar_curtailment_active,train,0,258.7,31.4,-9.2,104.2,154.5,113.9,0,50.7,250.0,500.0,11.3,43.2,0,1,0,0,0,1,1,1.02,1.012,0.893,0.997,60.4,41.6,22.9,0.0,36.1
default-grid_001915,default-grid,solar_overvoltage_moderate,test,0,227.9,60.6,-7.5,0.0,227.9,159.8,0,67.5,250.0,500.0,12.6,52.6,1,0,1,0,0,2,1,1.02,1.018,1.062,0.995,70.5,86.0,101.4,0.0,41.8
default-grid_001916,default-grid,nighttime_low_load,train,0,0.0,37.2,0.0,0.0,0.0,-37.2,0,58.5,250.0,500.0,8.5,27.6,0,0,0,0,1,0,1,1.02,1.0,1.0,0.997,52.2,53.6,55.0,0.0,37.2
default-grid_001917,default-grid,reconfiguration_alternate,train,0,148.2,137.3,7.2,0.0,148.2,18.099999999999966,1,49.9,250.0,500.0,11.2,23.7,0,0,0,0,1,0,1,1.02,1.012,1.02,0.989,80.6,76.7,72.8,46.0,56.7
default-grid_001918,default-grid,reconfiguration_alternate,train,0,244.0,204.7,-4.4,0.0,244.0,34.900000000000006,1,42.9,250.0,500.0,12.9,27.1,0,0,0,0,1,0,1,1.02,1.02,1.013,0.983,99.4,94.7,90.0,46.0,69.8
default-grid_001919,default-grid,solar_overvoltage_moderate,train,0,201.2,48.8,-4.1,0.0,201.2,148.3,0,53.4,250.0,500.0,12.1,50.2,1,0,0,0,0,1,1,1.02,1.016,1.057,0.996,66.6,81.6,96.6,0.0,39.5
default-grid_001920,default-grid,nighttime_low_load,train,0,0.0,31.4,0.0,0.0,0.0,-31.4,0,68.0,250.0,500.0,8.5,26.4,0,0,0,0,1,0,1,1.02,1.0,1.0,0.997,51.1,53.0,55.0,0.0,36.1
default-grid_001921,default-grid,evening_peak_demand,train,0,1.8,249.4,20.2,0.0,1.8,-227.4,0,47.2,250.0,500.0,8.5,66.4,0,0,0,0,1,0,1,1.02,1.0,0.985,0.979,93.6,73.2,52.9,0.0,78.5
default-grid_001922,default-grid,solar_overvoltage_moderate,train,0,188.0,80.4,-3.6,0.0,188.0,104.0,0,62.5,250.0,500.0,11.9,41.2,1,0,0,0,0,1,1,1.02,1.015,1.053,0.993,71.9,83.0,94.0,0.0,45.6
default-grid_001923,default-grid,diurnal_normal_weekday,train,0,114.4,142.8,1.1,0.0,114.4,-27.30000000000001,0,58.3,250.0,500.0,10.6,25.6,0,0,0,0,1,0,1,1.02,1.009,1.026,0.988,79.6,79.3,79.1,0.0,57.8
default-grid_001924,default-grid,nighttime_low_load,train,0,0.0,27.6,0.0,0.0,0.0,-27.6,0,54.2,250.0,500.0,8.5,25.6,0,0,0,0,1,0,1,1.02,1.0,1.0,0.998,50.4,52.7,55.0,0.0,35.4
default-grid_001925,default-grid,bess_injection_discharging,train,0,44.5,164.4,19.5,0.0,44.5,-100.4,0,52.0,250.0,500.0,9.3,40.5,0,0,0,0,1,0,1,1.02,1.004,1.014,0.986,79.6,70.8,62.0,0.0,62.0
default-grid_001926,default-grid,near_limit_feeder_overload,test,1,243.3,50.1,0.0,0.0,243.3,193.20000000000002,0,61.6,250.0,500.0,12.9,59.4,1,0,1,0,0,2,1,1.02,1.019,1.072,0.996,69.3,87.9,106.6,0.0,39.7
default-grid_001927,default-grid,solar_overvoltage_severe,validation,0,289.9,28.7,0.0,0.0,289.9,261.2,0,52.6,250.0,500.0,13.7,73.3,1,0,1,0,0,2,1,1.02,1.023,1.086,0.998,68.0,92.2,116.5,0.0,35.6
default-grid_001928,default-grid,extreme_stress_holdout,test,1,327.9,19.1,0.0,25.4,302.5,283.4,0,18.0,250.0,500.0,13.9,77.8,1,0,1,0,0,2,1,1.02,1.024,1.054,0.998,66.9,85.4,103.9,0.0,33.7
default-grid_001929,default-grid,diurnal_normal_weekend,validation,0,127.2,35.0,-11.2,0.0,127.2,81.0,0,48.6,250.0,500.0,10.8,36.5,0,0,0,0,1,0,1,1.02,1.01,1.03,0.997,59.4,69.3,79.2,0.0,36.8
default-grid_001930,default-grid,bess_absorption_charging,train,0,187.2,83.1,-38.6,0.0,187.2,65.5,0,30.7,250.0,500.0,11.9,33.4,0,0,0,0,1,0,1,1.02,1.015,1.027,0.993,72.4,78.7,85.0,0.0,46.2
default-grid_001931,default-grid,bess_absorption_charging,train,0,161.9,109.9,-51.3,0.0,161.9,0.7000000000000028,0,68.8,250.0,500.0,11.4,20.1,0,0,0,0,1,0,1,1.02,1.013,1.009,0.991,76.1,76.3,76.5,0.0,51.4
default-grid_001932,default-grid,solar_overvoltage_severe,train,0,260.1,27.3,0.0,0.0,260.1,232.8,0,42.1,250.0,500.0,13.2,67.5,1,0,1,0,0,2,1,1.02,1.021,1.077,0.998,65.9,88.0,110.1,0.0,35.3
default-grid_001933,default-grid,near_limit_overvoltage,validation,1,205.6,53.6,6.0,0.0,205.6,158.0,0,52.9,250.0,500.0,12.2,52.2,1,0,0,0,0,1,1,1.02,1.016,1.065,0.996,67.8,82.8,97.8,0.0,40.4
default-grid_001934,default-grid,solar_overvoltage_moderate,train,0,193.7,66.7,-2.1,0.0,193.7,124.89999999999999,0,37.1,250.0,500.0,12.0,45.5,1,0,0,0,0,1,1,1.02,1.015,1.056,0.994,69.6,82.5,95.5,0.0,43.0
default-grid_001935,default-grid,near_limit_overvoltage,validation,1,207.2,71.0,0.4,0.0,207.2,136.6,0,49.1,250.0,500.0,12.2,47.9,1,0,0,0,0,1,1,1.02,1.017,1.062,0.994,71.2,85.1,98.9,0.0,43.8
default-grid_001936,default-grid,diurnal_normal_weekend,train,0,156.3,68.5,-3.2,0.0,156.3,84.60000000000002,0,42.2,250.0,500.0,11.3,37.3,0,0,0,0,1,0,1,1.02,1.013,1.044,0.994,67.7,77.5,87.3,0.0,43.3
default-grid_001937,default-grid,solar_overvoltage_severe,test,0,273.1,41.8,0.0,0.0,273.1,231.3,0,52.7,250.0,500.0,13.4,67.2,1,0,1,0,0,2,1,1.02,1.022,1.081,0.997,69.5,91.2,112.9,0.0,38.1
default-grid_001938,default-grid,bess_absorption_charging,validation,0,239.3,123.1,-39.9,0.0,239.3,76.30000000000001,0,33.5,250.0,500.0,12.8,35.6,0,0,0,0,1,0,1,1.02,1.019,1.037,0.99,83.3,89.5,95.8,0.0,53.9
default-grid_001939,default-grid,solar_overvoltage_moderate,train,0,215.5,50.0,-3.7,0.0,215.5,161.8,0,47.6,250.0,500.0,12.4,53.0,1,0,0,0,0,1,1,1.02,1.017,1.061,0.996,67.7,83.8,99.8,0.0,39.7
default-grid_001940,default-grid,solar_overvoltage_severe,train,0,263.2,32.1,0.0,0.0,263.2,231.1,0,72.1,250.0,500.0,13.2,67.1,1,0,1,0,0,2,1,1.02,1.021,1.078,0.997,67.0,88.9,110.8,0.0,36.2
default-grid_001941,default-grid,solar_overvoltage_moderate,train,0,231.2,36.1,-0.0,0.0,231.2,195.1,0,30.6,250.0,500.0,12.7,59.8,1,0,1,0,0,2,1,1.02,1.018,1.068,0.997,65.9,85.0,104.0,0.0,37.0
default-grid_001942,default-grid,diurnal_normal_weekday,test,0,192.4,162.6,-5.1,0.0,192.4,24.700000000000017,0,44.9,250.0,500.0,12.0,25.0,0,0,0,0,1,0,1,1.02,1.015,1.041,0.986,88.2,91.3,94.5,0.0,61.6
default-grid_001943,default-grid,nighttime_low_load,train,0,0.0,30.8,0.0,0.0,0.0,-30.8,0,58.2,250.0,500.0,8.5,26.3,0,0,0,0,1,0,1,1.02,1.0,1.0,0.997,51.0,53.0,55.0,0.0,36.0
default-grid_001944,default-grid,solar_curtailment_active,train,0,241.8,89.5,-3.6,61.3,180.5,87.4,0,56.2,250.0,500.0,11.7,37.8,0,0,0,0,1,0,1,1.02,1.014,0.965,0.993,73.2,64.4,55.6,0.0,47.4
default-grid_001945,default-grid,bess_absorption_charging,validation,0,184.3,104.2,-51.3,0.0,184.3,28.799999999999997,0,27.9,250.0,500.0,11.8,25.9,0,0,0,0,1,0,1,1.02,1.015,1.017,0.991,76.3,78.8,81.2,0.0,50.3
default-grid_001946,default-grid,solar_curtailment_active,validation,0,239.0,100.6,-2.4,94.0,145.0,42.0,0,72.7,250.0,500.0,11.1,28.6,0,1,0,0,0,1,1,1.02,1.012,0.909,0.992,73.3,51.0,28.7,0.0,49.6
default-grid_001947,default-grid,near_limit_tx_overload,validation,1,19.5,320.8,0.0,0.0,19.5,-301.3,0,40.2,250.0,500.0,8.9,81.5,0,0,1,0,0,1,1,1.02,1.002,0.962,0.973,108.5,83.8,59.1,0.0,92.4
default-grid_001948,default-grid,diurnal_normal_weekday,test,0,114.9,160.7,7.2,0.0,114.9,-38.59999999999998,0,39.2,250.0,500.0,10.6,27.9,0,0,0,0,1,0,1,1.02,1.009,1.027,0.987,83.1,80.8,78.5,0.0,61.2
default-grid_001949,default-grid,solar_overvoltage_moderate,train,0,227.5,79.2,-8.5,0.0,227.5,139.8,0,40.2,250.0,500.0,12.6,48.5,1,0,1,0,0,2,1,1.02,1.018,1.061,0.993,74.0,87.5,101.1,0.0,45.4
default-grid_001950,default-grid,solar_overvoltage_moderate,test,0,200.6,86.6,-0.3,0.0,200.6,113.69999999999999,0,66.8,250.0,500.0,12.1,43.2,1,0,0,0,0,1,1,1.02,1.016,1.059,0.993,73.9,85.7,97.5,0.0,46.8
default-grid_001951,default-grid,evening_peak_demand,test,0,3.5,308.0,9.1,0.0,3.5,-295.4,0,42.6,250.0,500.0,8.6,80.3,0,0,1,0,0,1,1,1.02,1.0,0.966,0.974,105.1,79.8,54.6,0.0,89.9
default-grid_001952,default-grid,solar_curtailment_active,train,0,200.1,73.5,-14.8,56.7,143.39999999999998,55.099999999999966,0,62.7,250.0,500.0,11.1,31.2,0,0,0,0,1,0,1,1.02,1.011,0.952,0.994,67.9,57.8,47.7,0.0,44.3
default-grid_001953,default-grid,diurnal_normal_weekend,train,0,198.8,114.3,-3.7,0.0,198.8,80.80000000000003,0,41.2,250.0,500.0,12.1,36.5,1,0,0,0,0,1,1,1.02,1.016,1.053,0.99,79.2,87.7,96.2,0.0,52.2
default-grid_001954,default-grid,diurnal_normal_weekday,test,0,228.1,199.2,1.0,0.0,228.1,29.900000000000006,0,69.3,250.0,500.0,12.6,26.1,0,0,1,0,0,2,1,1.02,1.018,1.048,0.983,97.4,100.3,103.2,0.0,68.7
default-grid_001955,default-grid,solar_overvoltage_moderate,train,0,227.3,54.9,-7.5,0.0,227.3,164.9,0,73.0,250.0,500.0,12.6,53.6,1,0,1,0,0,2,1,1.02,1.018,1.062,0.995,69.3,85.3,101.3,0.0,40.7
default-grid_001956,default-grid,solar_overvoltage_moderate,train,0,200.0,72.7,-7.4,0.0,200.0,119.89999999999999,0,61.6,250.0,500.0,12.1,44.5,1,0,0,0,0,1,1,1.02,1.016,1.054,0.994,71.1,83.3,95.6,0.0,44.1
default-grid_001957,default-grid,solar_overvoltage_moderate,train,0,224.1,75.2,-7.3,0.0,224.1,141.59999999999997,0,62.8,250.0,500.0,12.5,48.9,1,0,1,0,0,2,1,1.02,1.018,1.061,0.994,73.1,86.9,100.7,0.0,44.6
default-grid_001958,default-grid,diurnal_normal_weekday,train,0,200.9,146.2,7.4,0.0,200.9,62.10000000000002,0,56.2,250.0,500.0,12.1,32.7,1,0,0,0,0,1,1,1.02,1.016,1.056,0.988,85.5,91.1,96.7,0.0,58.4
default-grid_001959,default-grid,evening_peak_demand,test,0,4.3,290.5,6.6,0.0,4.3,-279.6,0,84.7,250.0,500.0,8.6,77.0,0,0,1,0,0,1,1,1.02,1.0,0.968,0.976,101.7,78.4,55.1,0.0,86.5
default-grid_001960,default-grid,solar_overvoltage_moderate,train,0,229.3,87.1,-2.0,0.0,229.3,140.20000000000002,0,43.7,250.0,500.0,12.6,48.6,1,0,1,0,0,2,1,1.02,1.018,1.066,0.993,75.7,89.4,103.1,0.0,46.9
default-grid_001961,default-grid,diurnal_normal_weekday,train,0,158.2,130.1,-13.4,0.0,158.2,14.699999999999989,0,46.9,250.0,500.0,11.3,23.0,0,0,0,0,1,0,1,1.02,1.013,1.031,0.989,79.8,82.5,85.2,0.0,55.3
default-grid_001962,default-grid,bess_injection_discharging,validation,0,44.9,265.7,49.8,0.0,44.9,-171.0,0,70.5,250.0,500.0,9.3,54.9,0,0,0,0,1,0,1,1.02,1.004,1.016,0.978,99.4,78.8,58.3,0.0,81.7
default-grid_001963,default-grid,bess_absorption_charging,train,0,206.7,78.5,-43.4,0.0,206.7,84.79999999999998,0,38.5,250.0,500.0,12.2,37.3,0,0,0,0,1,0,1,1.02,1.017,1.03,0.993,72.7,80.3,88.0,0.0,45.3
default-grid_001964,default-grid,solar_overvoltage_moderate,validation,0,192.9,50.4,-7.5,0.0,192.9,135.0,0,52.5,250.0,500.0,12.0,47.5,1,0,0,0,0,1,1,1.02,1.015,1.052,0.996,66.4,80.2,94.0,0.0,39.8
default-grid_001965,default-grid,diurnal_normal_weekend,test,0,170.6,88.6,-6.8,0.0,170.6,75.19999999999999,0,33.8,250.0,500.0,11.6,35.3,0,0,0,0,1,0,1,1.02,1.014,1.046,0.993,72.5,81.0,89.5,0.0,47.2
default-grid_001966,default-grid,nighttime_low_load,test,0,0.0,40.7,0.0,0.0,0.0,-40.7,0,40.4,250.0,500.0,8.5,28.3,0,0,0,0,1,0,1,1.02,1.0,1.0,0.997,52.9,54.0,55.0,0.0,37.9
default-grid_001967,default-grid,solar_overvoltage_severe,test,0,294.1,41.8,0.0,0.0,294.1,252.3,0,40.9,250.0,500.0,13.8,71.5,1,0,1,0,0,2,1,1.02,1.024,1.087,0.997,70.8,94.0,117.3,0.0,38.1
default-grid_001968,default-grid,diurnal_normal_weekend,train,0,184.8,112.6,5.1,0.0,184.8,77.30000000000001,0,40.0,250.0,500.0,11.8,35.8,1,0,0,0,0,1,1,1.02,1.015,1.056,0.991,78.0,85.8,93.5,0.0,51.9
default-grid_001969,default-grid,solar_overvoltage_severe,train,0,241.4,39.5,0.0,0.0,241.4,201.9,0,48.1,250.0,500.0,12.8,61.2,1,0,1,0,0,2,1,1.02,1.019,1.071,0.997,67.2,86.7,106.2,0.0,37.7
default-grid_001970,default-grid,bess_absorption_charging,test,0,178.2,72.0,-37.0,0.0,178.2,69.19999999999999,0,57.0,250.0,500.0,11.7,34.1,0,0,0,0,1,0,1,1.02,1.014,1.026,0.994,69.7,76.6,83.5,0.0,44.0
default-grid_001971,default-grid,diurnal_normal_weekend,train,0,219.6,143.5,1.4,0.0,219.6,77.5,0,70.6,250.0,500.0,12.5,35.8,1,0,1,0,0,2,1,1.02,1.018,1.057,0.988,86.1,93.8,101.4,0.0,57.9
default-grid_001972,default-grid,bess_absorption_charging,train,0,247.4,56.4,-26.7,0.0,247.4,164.3,0,50.3,250.0,500.0,13.0,53.5,1,0,1,0,0,2,1,1.02,1.02,1.054,0.995,70.8,85.8,100.8,0.0,41.0
default-grid_001973,default-grid,nighttime_low_load,test,0,0.0,41.6,0.0,0.0,0.0,-41.6,0,44.6,250.0,500.0,8.5,28.5,0,0,0,0,1,0,1,1.02,1.0,1.0,0.997,53.1,54.0,55.0,0.0,38.1
default-grid_001974,default-grid,nighttime_low_load,train,0,0.0,33.4,0.0,0.0,0.0,-33.4,0,66.4,250.0,500.0,8.5,26.8,0,0,0,0,1,0,1,1.02,1.0,1.0,0.997,51.5,53.2,55.0,0.0,36.5
default-grid_001975,default-grid,solar_overvoltage_moderate,train,0,230.1,74.4,-0.6,0.0,230.1,155.1,0,63.5,250.0,500.0,12.6,51.6,1,0,1,0,0,2,1,1.02,1.018,1.068,0.994,73.3,88.4,103.6,0.0,44.5
default-grid_001976,default-grid,evening_peak_demand,train,0,0.5,242.1,13.3,0.0,0.5,-228.29999999999998,0,74.0,250.0,500.0,8.5,66.6,0,0,0,0,1,0,1,1.02,1.0,0.981,0.98,92.1,72.8,53.4,0.0,77.1
default-grid_001977,default-grid,bess_injection_discharging,train,0,46.2,222.2,27.5,0.0,46.2,-148.5,0,61.9,250.0,500.0,9.3,50.3,0,0,0,0,1,0,1,1.02,1.004,1.009,0.981,91.0,76.2,61.4,0.0,73.2
default-grid_001978,default-grid,solar_curtailment_active,test,0,242.6,95.4,-16.3,75.0,167.6,55.89999999999998,0,33.6,250.0,500.0,11.5,31.4,0,1,0,0,0,1,1,1.02,1.013,0.933,0.992,73.6,57.5,41.5,0.0,48.5
default-grid_001979,default-grid,diurnal_normal_weekday,validation,0,221.1,189.2,-16.2,0.0,221.1,15.700000000000017,0,49.7,250.0,500.0,12.5,23.2,0,0,0,0,1,0,1,1.02,1.018,1.036,0.984,95.1,96.4,97.8,0.0,66.8
default-grid_001980,default-grid,bess_absorption_charging,train,0,227.8,50.0,-46.8,0.0,227.8,131.0,0,71.8,250.0,500.0,12.6,46.7,0,0,0,0,1,0,1,1.02,1.018,1.033,0.996,68.4,80.0,91.6,0.0,39.7
default-grid_001981,default-grid,solar_overvoltage_severe,train,0,283.0,39.9,0.0,0.0,283.0,243.1,0,69.3,250.0,500.0,13.6,69.6,1,0,1,0,0,2,1,1.02,1.023,1.084,0.997,69.7,92.3,115.0,0.0,37.8
default-grid_001982,default-grid,bess_injection_discharging,train,0,16.7,247.7,39.8,0.0,16.7,-191.2,0,39.8,250.0,500.0,8.8,59.0,0,0,0,0,1,0,1,1.02,1.001,1.004,0.979,94.2,73.9,53.6,0.0,78.2
default-grid_001983,default-grid,diurnal_normal_weekend,train,0,153.9,31.6,-11.2,0.0,153.9,111.10000000000002,0,69.5,250.0,500.0,11.3,42.7,0,0,0,0,1,0,1,1.02,1.012,1.037,0.997,60.4,72.6,84.8,0.0,36.1
default-grid_001984,default-grid,reconfiguration_alternate,validation,0,258.8,32.7,-10.5,0.0,258.8,215.60000000000002,1,49.1,250.0,500.0,13.2,64.0,0,0,0,0,1,0,1,1.02,1.021,1.032,0.997,66.9,79.1,91.3,46.0,36.4
default-grid_001985,default-grid,solar_overvoltage_moderate,train,0,227.3,42.1,-9.6,0.0,227.3,175.60000000000002,0,39.8,250.0,500.0,12.6,55.8,1,0,1,0,0,2,1,1.02,1.018,1.06,0.996,66.8,83.8,100.8,0.0,38.2
default-grid_001986,default-grid,near_limit_undervoltage,test,1,0.2,246.1,-5.2,0.0,0.2,-251.1,0,58.6,250.0,500.0,8.5,71.2,0,0,0,0,1,0,1,1.02,1.0,0.967,0.979,92.9,73.3,53.7,0.0,77.9
default-grid_001987,default-grid,solar_curtailment_active,train,0,253.4,75.5,-23.9,60.9,192.5,93.1,0,44.8,250.0,500.0,12.0,39.0,0,0,0,0,1,0,1,1.02,1.015,0.954,0.994,71.2,62.2,53.3,0.0,44.7
default-grid_001988,default-grid,bess_absorption_charging,train,0,151.5,125.3,-20.1,0.0,151.5,6.1000000000000085,0,25.1,250.0,500.0,11.2,21.2,0,0,0,0,1,0,1,1.02,1.012,1.025,0.99,78.5,80.3,82.1,0.0,54.4
default-grid_001989,default-grid,solar_overvoltage_moderate,train,0,218.1,42.2,-11.1,0.0,218.1,164.8,0,54.3,250.0,500.0,12.4,53.6,1,0,0,0,0,1,1,1.02,1.017,1.057,0.996,66.3,82.4,98.5,0.0,38.2
default-grid_001990,default-grid,evening_peak_demand,test,0,3.2,260.6,21.9,0.0,3.2,-235.50000000000003,0,76.1,250.0,500.0,8.6,68.0,0,0,0,0,1,0,1,1.02,1.0,0.985,0.978,95.9,74.4,52.9,0.0,80.7
default-grid_001991,default-grid,extreme_stress_holdout,test,1,318.0,20.1,0.0,23.9,294.1,274.0,0,96.0,250.0,500.0,13.8,75.9,1,0,1,0,0,2,1,1.02,1.024,1.054,0.998,66.6,84.8,103.0,0.0,33.9
default-grid_001992,default-grid,solar_overvoltage_moderate,train,0,224.7,71.9,-5.6,0.0,224.7,147.2,0,38.1,250.0,500.0,12.5,50.0,1,0,1,0,0,2,1,1.02,1.018,1.062,0.994,72.5,86.8,101.2,0.0,44.0
default-grid_001993,default-grid,evening_peak_demand,test,0,1.9,297.9,10.0,0.0,1.9,-286.0,0,66.9,250.0,500.0,8.5,78.3,0,0,1,0,0,1,1,1.02,1.0,0.968,0.975,103.0,78.6,54.2,0.0,87.9
default-grid_001994,default-grid,solar_overvoltage_moderate,test,0,205.7,35.7,-5.3,0.0,205.7,164.7,0,36.1,250.0,500.0,12.2,53.6,1,0,0,0,0,1,1,1.02,1.016,1.057,0.997,64.3,80.8,97.3,0.0,36.9
default-grid_001995,default-grid,nighttime_low_load,train,0,0.0,43.6,0.0,0.0,0.0,-43.6,0,48.9,250.0,500.0,8.5,28.9,0,0,0,0,1,0,1,1.02,1.0,1.0,0.996,53.5,54.2,55.0,0.0,38.5
default-grid_001996,default-grid,extreme_stress_holdout,test,1,277.2,20.1,0.0,30.3,246.89999999999998,226.79999999999998,0,18.0,250.0,500.0,12.9,66.3,0,0,0,0,1,0,1,1.02,1.02,1.031,0.998,63.7,76.5,89.2,0.0,33.9
default-grid_001997,default-grid,near_limit_feeder_overload,validation,1,245.0,48.6,0.0,0.0,245.0,196.4,0,57.7,250.0,500.0,12.9,60.1,1,0,1,0,0,2,1,1.02,1.02,1.073,0.996,69.2,88.1,106.9,0.0,39.5
default-grid_001998,default-grid,solar_overvoltage_severe,train,0,291.5,30.1,0.0,0.0,291.5,261.4,0,61.0,250.0,500.0,13.7,73.3,1,0,1,0,0,2,1,1.02,1.023,1.086,0.997,68.3,92.5,116.8,0.0,35.9
default-grid_001999,default-grid,nighttime_low_load,train,0,0.0,44.3,0.0,0.0,0.0,-44.3,0,37.8,250.0,500.0,8.5,29.0,0,0,0,0,1,0,1,1.02,1.0,1.0,0.996,53.6,54.3,55.0,0.0,38.6
default-grid_002000,default-grid,evening_peak_demand,train,0,0.3,215.8,10.3,0.0,0.3,-205.20000000000002,0,77.3,250.0,500.0,8.5,61.9,0,0,0,0,1,0,1,1.02,1.0,0.984,0.982,87.0,70.4,53.8,0.0,72.0
default-grid_002001,default-grid,solar_overvoltage_moderate,train,0,209.1,53.2,-7.9,0.0,209.1,148.0,0,43.6,250.0,500.0,12.3,50.2,1,0,0,0,0,1,1,1.02,1.017,1.056,0.996,67.9,82.7,97.4,0.0,40.3
default-grid_002002,default-grid,diurnal_normal_weekday,train,0,221.1,122.0,4.5,0.0,221.1,103.6,0,74.0,250.0,500.0,12.5,41.1,1,0,1,0,0,2,1,1.02,1.018,1.064,0.99,82.0,91.7,101.3,0.0,53.7
default-grid_002003,default-grid,diurnal_normal_weekday,train,0,227.2,131.7,-4.4,0.0,227.2,91.1,0,64.9,250.0,500.0,12.6,38.6,1,0,1,0,0,2,1,1.02,1.018,1.058,0.989,84.2,93.2,102.1,0.0,55.6
default-grid_002004,default-grid,diurnal_normal_weekday,test,0,184.7,184.4,8.3,0.0,184.7,8.599999999999994,0,55.7,250.0,500.0,11.8,21.8,0,0,0,0,1,0,1,1.02,1.015,1.044,0.985,91.9,92.5,93.1,0.0,65.9
default-grid_002005,default-grid,near_limit_undervoltage,validation,1,8.6,293.0,-4.5,0.0,8.6,-288.9,0,58.8,250.0,500.0,8.7,78.9,0,0,1,0,0,1,1,1.02,1.001,0.961,0.976,102.5,79.1,55.7,0.0,87.0
default-grid_002006,default-grid,diurnal_normal_weekday,train,0,223.7,161.3,-1.4,0.0,223.7,60.99999999999997,0,42.8,250.0,500.0,12.5,32.4,1,0,1,0,0,2,1,1.02,1.018,1.053,0.987,89.8,95.9,102.1,0.0,61.4
default-grid_002007,default-grid,bess_absorption_charging,train,0,214.1,86.2,-42.9,0.0,214.1,84.99999999999999,0,41.7,250.0,500.0,12.4,37.3,0,0,0,0,1,0,1,1.02,1.017,1.032,0.993,74.6,82.2,89.7,0.0,46.8
default-grid_002008,default-grid,bess_absorption_charging,train,0,239.3,107.4,-50.8,0.0,239.3,81.1,0,57.9,250.0,500.0,12.8,36.5,0,0,0,0,1,0,1,1.02,1.019,1.033,0.991,80.2,86.6,93.0,0.0,50.9
default-grid_002009,default-grid,diurnal_normal_weekday,test,0,166.7,194.2,4.1,0.0,166.7,-23.400000000000006,0,35.7,250.0,500.0,11.5,24.8,0,0,0,0,1,0,1,1.02,1.013,1.033,0.984,92.8,91.3,89.8,0.0,67.8
default-grid_002010,default-grid,reconfiguration_alternate,train,0,177.1,159.7,-9.1,0.0,177.1,8.300000000000011,1,58.5,250.0,500.0,11.7,21.7,0,0,0,0,1,0,1,1.02,1.014,1.008,0.987,86.7,81.8,76.9,46.0,61.1
default-grid_002011,default-grid,diurnal_normal_weekday,train,0,114.3,181.5,-5.6,0.0,114.3,-72.8,0,33.8,250.0,500.0,10.6,34.8,0,0,0,0,1,0,1,1.02,1.009,1.013,0.985,87.1,82.4,77.8,0.0,65.3
default-grid_002012,default-grid,near_limit_overvoltage,test,1,209.6,44.4,-1.0,0.0,209.6,164.2,0,48.2,250.0,500.0,12.3,53.5,1,0,0,0,0,1,1,1.02,1.017,1.061,0.996,66.2,82.7,99.2,0.0,38.6
default-grid_002013,default-grid,diurnal_normal_weekday,validation,0,189.4,149.0,2.7,0.0,189.4,43.099999999999994,0,47.9,250.0,500.0,11.9,28.8,0,0,0,0,1,0,1,1.02,1.015,1.048,0.988,85.3,90.0,94.8,0.0,59.0
default-grid_002014,default-grid,reconfiguration_alternate,validation,0,145.2,159.9,-7.7,0.0,145.2,-22.400000000000006,1,64.8,250.0,500.0,11.1,24.6,0,0,0,0,1,0,1,1.02,1.012,1.005,0.987,84.8,78.1,71.4,46.0,61.1
default-grid_002015,default-grid,diurnal_normal_weekday,train,0,150.9,148.8,3.1,0.0,150.9,5.199999999999989,0,35.6,250.0,500.0,11.2,21.1,0,0,0,0,1,0,1,1.02,1.012,1.037,0.988,83.0,84.8,86.6,0.0,58.9
default-grid_002016,default-grid,evening_peak_demand,train,0,4.6,211.2,13.7,0.0,4.6,-192.89999999999998,0,73.7,250.0,500.0,8.6,59.3,0,0,0,0,1,0,1,1.02,1.0,0.989,0.982,86.3,70.3,54.3,0.0,71.1
default-grid_002017,default-grid,diurnal_normal_weekend,train,0,134.3,108.9,-5.7,0.0,134.3,19.700000000000017,0,55.8,250.0,500.0,10.9,24.0,0,0,0,0,1,0,1,1.02,1.011,1.034,0.991,74.2,78.1,82.0,0.0,51.2
default-grid_002018,default-grid,diurnal_normal_weekend,train,0,171.5,65.7,4.1,0.0,171.5,109.89999999999999,0,59.9,250.0,500.0,11.6,42.4,1,0,0,0,0,1,1,1.02,1.014,1.054,0.995,68.1,79.4,90.8,0.0,42.8
default-grid_002019,default-grid,diurnal_normal_weekday,validation,0,173.4,186.1,-4.5,0.0,173.4,-17.19999999999999,0,31.4,250.0,500.0,11.6,23.5,0,0,0,0,1,0,1,1.02,1.014,1.031,0.984,91.6,91.1,90.6,0.0,66.2
default-grid_002020,default-grid,diurnal_normal_weekday,train,0,197.7,143.7,-3.0,0.0,197.7,51.0,0,65.4,250.0,500.0,12.1,30.4,0,0,0,0,1,0,1,1.02,1.016,1.048,0.988,84.8,90.5,96.2,0.0,57.9
default-grid_002021,default-grid,diurnal_normal_weekday,test,0,156.6,183.5,3.2,0.0,156.6,-23.700000000000017,0,44.0,250.0,500.0,11.3,24.8,0,0,0,0,1,0,1,1.02,1.013,1.032,0.985,90.1,88.9,87.8,0.0,65.7
default-grid_002022,default-grid,reconfiguration_alternate,test,0,262.4,75.3,-1.6,0.0,262.4,185.49999999999994,1,58.9,250.0,500.0,13.2,57.8,0,0,0,0,1,0,1,1.02,1.021,1.039,0.994,75.4,84.7,93.9,46.0,44.6
default-grid_002023,default-grid,diurnal_normal_weekday,train,0,106.9,175.9,5.2,0.0,106.9,-63.8,0,52.0,250.0,500.0,10.4,33.0,0,0,0,0,1,0,1,1.02,1.009,1.02,0.985,85.6,81.3,77.0,0.0,64.2
default-grid_002024,default-grid,evening_peak_demand,train,0,4.8,272.2,15.2,0.0,4.8,-252.2,0,64.9,250.0,500.0,8.6,71.4,0,0,0,0,1,0,1,1.02,1.0,0.978,0.977,98.2,76.2,54.1,0.0,82.9
default-grid_002025,default-grid,evening_peak_demand,validation,0,3.1,236.4,7.2,0.0,3.1,-226.1,0,48.7,250.0,500.0,8.6,66.1,0,0,0,0,1,0,1,1.02,1.0,0.979,0.98,91.2,73.0,54.8,0.0,76.0
default-grid_002026,default-grid,near_limit_feeder_overload,test,1,255.2,36.5,0.0,0.0,255.2,218.7,0,72.5,250.0,500.0,13.1,64.6,1,0,1,0,0,2,1,1.02,1.02,1.076,0.997,67.4,88.2,109.1,0.0,37.1
default-grid_002027,default-grid,diurnal_normal_weekday,train,0,105.7,144.4,9.4,0.0,105.7,-29.299999999999997,0,34.3,250.0,500.0,10.4,26.0,0,0,0,0,1,0,1,1.02,1.008,1.029,0.988,79.4,77.8,76.2,0.0,58.1
default-grid_002028,default-grid,solar_overvoltage_moderate,train,0,226.4,77.5,-0.3,0.0,226.4,148.6,0,72.9,250.0,500.0,12.6,50.3,1,0,1,0,0,2,1,1.02,1.018,1.067,0.994,73.7,88.3,102.9,0.0,45.1
default-grid_002029,default-grid,reconfiguration_alternate,train,0,194.1,37.0,-24.8,0.0,194.1,132.29999999999998,1,54.9,250.0,500.0,12.0,47.0,0,0,0,0,1,0,1,1.02,1.016,1.012,0.997,63.8,70.2,76.6,46.0,37.2
default-grid_002030,default-grid,diurnal_normal_weekend,validation,0,147.5,109.8,-23.1,0.0,147.5,14.600000000000009,0,49.0,250.0,500.0,11.2,23.0,0,0,0,0,1,0,1,1.02,1.012,1.025,0.991,75.2,77.8,80.5,0.0,51.3
default-grid_002031,default-grid,diurnal_normal_weekday,validation,0,164.8,202.4,5.5,0.0,164.8,-32.099999999999994,0,53.3,250.0,500.0,11.5,26.5,0,0,0,0,1,0,1,1.02,1.013,1.032,0.983,94.2,91.8,89.3,0.0,69.4
default-grid_002032,default-grid,solar_overvoltage_severe,test,0,254.3,41.7,0.0,0.0,254.3,212.60000000000002,0,36.5,250.0,500.0,13.1,63.4,1,0,1,0,0,2,1,1.02,1.02,1.075,0.997,68.4,88.7,108.9,0.0,38.1
default-grid_002033,default-grid,diurnal_normal_weekend,train,0,126.8,106.8,-21.8,0.0,126.8,-1.7999999999999972,0,40.3,250.0,500.0,10.8,20.4,0,0,0,0,1,0,1,1.02,1.01,1.02,0.991,73.4,74.9,76.4,0.0,50.8
default-grid_002034,default-grid,diurnal_normal_weekend,train,0,191.1,107.8,-0.3,0.0,191.1,82.99999999999999,0,44.5,250.0,500.0,11.9,36.9,1,0,0,0,0,1,1,1.02,1.015,1.055,0.991,77.4,86.4,95.4,0.0,51.0
default-grid_002035,default-grid,bess_absorption_charging,test,0,195.1,127.3,-18.8,0.0,195.1,48.999999999999986,0,63.7,250.0,500.0,12.0,30.0,0,0,0,0,1,0,1,1.02,1.016,1.039,0.989,81.5,86.6,91.7,0.0,54.8
default-grid_002036,default-grid,diurnal_normal_weekday,test,0,103.8,181.6,3.6,0.0,103.8,-74.2,0,38.9,250.0,500.0,10.4,35.1,0,0,0,0,1,0,1,1.02,1.008,1.017,0.985,86.5,81.5,76.6,0.0,65.3
default-grid_002037,default-grid,evening_peak_demand,test,0,4.2,227.3,12.8,0.0,4.2,-210.3,0,73.1,250.0,500.0,8.6,62.9,0,0,0,0,1,0,1,1.02,1.0,0.985,0.981,89.4,71.8,54.3,0.0,74.2
default-grid_002038,default-grid,diurnal_normal_weekday,train,0,186.5,187.7,-16.6,0.0,186.5,-17.799999999999983,0,45.4,250.0,500.0,11.9,23.6,0,0,0,0,1,0,1,1.02,1.015,1.026,0.984,92.7,91.6,90.4,0.0,66.5
default-grid_002039,default-grid,bess_absorption_charging,test,0,211.1,84.9,-18.8,0.0,211.1,107.39999999999998,0,62.4,250.0,500.0,12.3,41.9,0,0,0,0,1,0,1,1.02,1.017,1.049,0.993,74.2,84.7,95.1,0.0,46.5
default-grid_002040,default-grid,diurnal_normal_weekday,validation,0,197.3,138.7,-16.6,0.0,197.3,42.00000000000003,0,54.8,250.0,500.0,12.1,28.6,0,0,0,0,1,0,1,1.02,1.016,1.039,0.988,83.8,88.2,92.7,0.0,57.0
default-grid_002041,default-grid,solar_curtailment_active,train,0,264.6,73.5,-2.9,52.8,211.8,135.4,0,59.0,250.0,500.0,12.3,47.6,0,0,0,0,1,0,1,1.02,1.017,0.987,0.994,72.0,69.8,67.5,0.0,44.3
default-grid_002042,default-grid,bess_absorption_charging,test,0,164.5,126.9,-48.0,0.0,164.5,-10.400000000000006,0,66.8,250.0,500.0,11.5,22.1,0,0,0,0,1,0,1,1.02,1.013,1.009,0.989,79.5,78.7,77.9,0.0,54.7
default-grid_002043,default-grid,nighttime_low_load,train,0,0.0,33.2,0.0,0.0,0.0,-33.2,0,54.5,250.0,500.0,8.5,26.8,0,0,0,0,1,0,1,1.02,1.0,1.0,0.997,51.5,53.2,55.0,0.0,36.5
default-grid_002044,default-grid,diurnal_normal_weekday,train,0,170.5,141.9,1.4,0.0,170.5,30.0,0,45.0,250.0,500.0,11.6,26.1,0,0,0,0,1,0,1,1.02,1.014,1.043,0.988,82.8,86.9,91.0,0.0,57.6
default-grid_002045,default-grid,bess_injection_discharging,train,0,36.2,168.0,52.7,0.0,36.2,-79.1,0,41.3,250.0,500.0,9.2,36.1,0,0,0,0,1,0,1,1.02,1.003,1.035,0.986,79.8,68.0,56.1,0.0,62.7
default-grid_002046,default-grid,solar_overvoltage_moderate,train,0,210.5,87.2,-10.9,0.0,210.5,112.39999999999999,0,54.3,250.0,500.0,12.3,42.9,1,0,0,0,0,1,1,1.02,1.017,1.054,0.993,74.6,85.8,96.9,0.0,47.0
default-grid_002047,default-grid,bess_absorption_charging,train,0,236.4,112.7,-20.7,0.0,236.4,103.00000000000001,0,61.0,250.0,500.0,12.8,41.0,1,0,0,0,0,1,1,1.02,1.019,1.052,0.991,81.1,90.5,99.9,0.0,51.9
default-grid_002048,default-grid,near_limit_overvoltage,test,1,200.8,70.0,7.5,0.0,200.8,138.3,0,56.3,250.0,500.0,12.1,48.2,1,0,0,0,0,1,1,1.02,1.016,1.065,0.994,70.7,83.7,96.6,0.0,43.6
default-grid_002049,default-grid,diurnal_normal_weekday,train,0,109.4,136.2,7.0,0.0,109.4,-19.799999999999983,0,39.2,250.0,500.0,10.5,24.0,0,0,0,0,1,0,1,1.02,1.009,1.03,0.989,78.0,77.7,77.3,0.0,56.5
default-grid_002050,default-grid,solar_overvoltage_severe,train,0,274.3,24.3,0.0,0.0,274.3,250.0,0,59.5,250.0,500.0,13.4,71.0,1,0,1,0,0,2,1,1.02,1.022,1.081,0.998,66.2,89.7,113.2,0.0,34.7
default-grid_002051,default-grid,diurnal_normal_weekday,train,0,147.2,177.4,-12.6,0.0,147.2,-42.80000000000001,0,45.5,250.0,500.0,11.1,28.7,0,0,0,0,1,0,1,1.02,1.012,1.019,0.985,88.3,85.7,83.1,0.0,64.5
default-grid_002052,default-grid,near_limit_overvoltage,test,1,164.8,56.7,4.3,0.0,164.8,112.40000000000002,0,59.7,250.0,500.0,11.5,42.9,1,0,0,0,0,1,1,1.02,1.013,1.052,0.995,65.9,77.7,89.4,0.0,41.0
default-grid_002053,default-grid,diurnal_normal_weekday,validation,0,110.1,171.1,-13.1,0.0,110.1,-74.1,0,69.5,250.0,500.0,10.5,35.1,0,0,0,0,1,0,1,1.02,1.009,1.009,0.986,84.9,80.0,75.1,0.0,63.3
default-grid_002054,default-grid,solar_overvoltage_severe,train,0,268.2,37.4,0.0,0.0,268.2,230.79999999999998,0,72.7,250.0,500.0,13.3,67.1,1,0,1,0,0,2,1,1.02,1.021,1.079,0.997,68.4,90.2,111.9,0.0,37.3
default-grid_002055,default-grid,diurnal_normal_weekday,train,0,185.6,181.9,-2.9,0.0,185.6,0.799999999999983,0,60.3,250.0,500.0,11.8,20.2,0,0,0,0,1,0,1,1.02,1.015,1.036,0.985,91.5,92.5,93.6,0.0,65.4
default-grid_002056,default-grid,bess_injection_discharging,train,0,58.0,220.8,57.4,0.0,58.0,-105.4,0,80.0,250.0,500.0,9.5,41.5,0,0,0,0,1,0,1,1.02,1.005,1.035,0.982,91.4,75.8,60.1,0.0,72.9
default-grid_002057,default-grid,solar_overvoltage_moderate,test,0,197.1,46.5,-7.6,0.0,197.1,143.0,0,70.3,250.0,500.0,12.0,49.2,1,0,0,0,0,1,1,1.02,1.016,1.053,0.996,65.9,80.4,94.9,0.0,39.0
default-grid_002058,default-grid,near_limit_overvoltage,test,1,206.9,37.3,-1.4,0.0,206.9,168.2,0,42.4,250.0,500.0,12.2,54.3,1,0,0,0,0,1,1,1.02,1.017,1.06,0.997,64.7,81.6,98.5,0.0,37.3
default-grid_002059,default-grid,solar_overvoltage_moderate,train,0,198.8,42.3,-2.4,0.0,198.8,154.10000000000002,0,55.2,250.0,500.0,12.1,51.4,1,0,0,0,0,1,1,1.02,1.016,1.057,0.996,65.2,80.8,96.5,0.0,38.2
default-grid_002060,default-grid,solar_overvoltage_severe,train,0,254.8,36.8,0.0,0.0,254.8,218.0,0,44.4,250.0,500.0,13.1,64.5,1,0,1,0,0,2,1,1.02,1.02,1.075,0.997,67.4,88.2,109.0,0.0,37.2
default-grid_002061,default-grid,diurnal_normal_weekend,train,0,175.0,138.8,-23.8,0.0,175.0,12.399999999999977,0,33.9,250.0,500.0,11.7,22.5,0,0,0,0,1,0,1,1.02,1.014,1.027,0.988,82.5,84.3,86.1,0.0,57.0
default-grid_002062,default-grid,evening_peak_demand,train,0,0.6,247.4,20.7,0.0,0.6,-226.1,0,80.0,250.0,500.0,8.5,66.1,0,0,0,0,1,0,1,1.02,1.0,0.986,0.979,93.1,72.8,52.5,0.0,78.1
default-grid_002063,default-grid,evening_peak_demand,train,0,4.4,293.6,9.9,0.0,4.4,-279.3,0,69.2,250.0,500.0,8.6,77.0,0,0,1,0,0,1,1,1.02,1.0,0.97,0.976,102.4,78.6,54.7,0.0,87.1
default-grid_002064,default-grid,diurnal_normal_weekday,train,0,126.3,176.3,-9.5,0.0,126.3,-59.500000000000014,0,57.1,250.0,500.0,10.8,32.1,0,0,0,0,1,0,1,1.02,1.01,1.015,0.985,86.9,83.2,79.4,0.0,64.3
default-grid_002065,default-grid,evening_peak_demand,train,0,0.0,264.8,0.2,0.0,0.0,-264.6,0,81.7,250.0,500.0,8.5,74.0,0,0,0,0,1,0,1,1.02,1.0,0.967,0.978,96.5,75.8,55.0,0.0,81.5
default-grid_002066,default-grid,reconfiguration_alternate,train,0,187.1,171.1,26.6,0.0,187.1,42.599999999999994,1,34.4,250.0,500.0,11.9,28.7,0,0,0,0,1,0,1,1.02,1.015,1.034,0.986,89.5,83.7,77.8,46.0,63.3
default-grid_002067,default-grid,solar_overvoltage_moderate,validation,0,206.5,84.5,-6.2,0.0,206.5,115.80000000000001,0,56.3,250.0,500.0,12.2,43.6,1,0,0,0,0,1,1,1.02,1.017,1.057,0.993,73.8,85.5,97.2,0.0,46.4
default-grid_002068,default-grid,solar_curtailment_active,train,0,278.2,63.1,-3.0,74.5,203.7,137.6,0,49.8,250.0,500.0,12.2,48.1,0,0,0,0,1,0,1,1.02,1.016,0.954,0.995,69.5,61.1,52.7,0.0,42.3
default-grid_002069,default-grid,reconfiguration_alternate,train,0,170.1,128.0,-27.0,0.0,170.1,15.099999999999994,1,56.7,250.0,500.0,11.6,23.1,0,0,0,0,1,0,1,1.02,1.014,1.001,0.989,80.1,75.9,71.8,46.0,54.9
default-grid_002070,default-grid,solar_overvoltage_moderate,train,0,189.4,40.1,-9.5,0.0,189.4,139.8,0,57.7,250.0,500.0,11.9,48.5,0,0,0,0,1,0,1,1.02,1.015,1.049,0.997,64.2,78.5,92.8,0.0,37.8
default-grid_002071,default-grid,diurnal_normal_weekday,train,0,188.6,143.9,7.6,0.0,188.6,52.29999999999998,0,56.9,250.0,500.0,11.9,30.7,1,0,0,0,0,1,1,1.02,1.015,1.053,0.988,84.3,89.2,94.0,0.0,58.0
default-grid_002072,default-grid,evening_peak_demand,train,0,2.4,228.2,16.5,0.0,2.4,-209.29999999999998,0,53.9,250.0,500.0,8.5,62.7,0,0,0,0,1,0,1,1.02,1.0,0.987,0.981,89.5,71.5,53.4,0.0,74.4
default-grid_002073,default-grid,diurnal_normal_weekday,train,0,123.9,165.4,-9.1,0.0,123.9,-50.599999999999994,0,49.8,250.0,500.0,10.7,30.3,0,0,0,0,1,0,1,1.02,1.01,1.017,0.986,84.6,81.8,79.0,0.0,62.2
default-grid_002074,default-grid,near_limit_undervoltage,test,1,10.5,280.7,5.1,0.0,10.5,-265.09999999999997,0,55.9,250.0,500.0,8.7,74.1,0,0,1,0,0,1,1,1.02,1.001,0.971,0.977,100.2,78.4,56.6,0.0,84.6
default-grid_002075,default-grid,solar_overvoltage_severe,train,0,238.2,37.8,0.0,0.0,238.2,200.39999999999998,0,64.5,250.0,500.0,12.8,60.9,1,0,1,0,0,2,1,1.02,1.019,1.071,0.997,66.6,86.0,105.5,0.0,37.4
default-grid_002076,default-grid,diurnal_normal_weekday,test,0,196.0,190.5,-4.3,0.0,196.0,1.1999999999999886,0,61.0,250.0,500.0,12.0,20.2,0,0,0,0,1,0,1,1.02,1.016,1.037,0.984,93.8,94.7,95.5,0.0,67.0
default-grid_002077,default-grid,solar_overvoltage_moderate,train,0,208.3,82.5,-11.3,0.0,208.3,114.5,0,68.1,250.0,500.0,12.2,43.4,1,0,0,0,0,1,1,1.02,1.017,1.053,0.993,73.5,84.9,96.3,0.0,46.0
default-grid_002078,default-grid,diurnal_normal_weekday,train,0,193.3,128.8,-6.8,0.0,193.3,57.69999999999999,0,67.4,250.0,500.0,12.0,31.8,0,0,0,0,1,0,1,1.02,1.015,1.047,0.989,81.6,87.9,94.3,0.0,55.0
default-grid_002079,default-grid,nighttime_low_load,train,0,0.0,32.8,0.0,0.0,0.0,-32.8,0,55.7,250.0,500.0,8.5,26.7,0,0,0,0,1,0,1,1.02,1.0,1.0,0.997,51.4,53.2,55.0,0.0,36.4
default-grid_002080,default-grid,solar_overvoltage_moderate,train,0,189.0,43.4,-2.7,0.0,189.0,142.9,0,48.1,250.0,500.0,11.9,49.1,1,0,0,0,0,1,1,1.02,1.015,1.054,0.996,64.8,79.6,94.4,0.0,38.4
default-grid_002081,default-grid,solar_curtailment_active,train,0,267.4,59.9,-21.5,45.9,221.49999999999997,140.09999999999997,0,51.3,250.0,500.0,12.5,48.6,0,0,0,0,1,0,1,1.02,1.018,0.986,0.995,69.9,69.5,69.0,0.0,41.6
default-grid_002082,default-grid,solar_overvoltage_moderate,validation,0,208.2,47.9,-9.6,0.0,208.2,150.7,0,50.6,250.0,500.0,12.2,50.7,1,0,0,0,0,1,1,1.02,1.017,1.055,0.996,66.8,81.8,96.7,0.0,39.3
default-grid_002083,default-grid,diurnal_normal_weekday,train,0,154.7,184.6,-11.7,0.0,154.7,-41.599999999999994,0,31.2,250.0,500.0,11.3,28.5,0,0,0,0,1,0,1,1.02,1.012,1.02,0.985,90.2,87.6,84.9,0.0,65.9
default-grid_002084,default-grid,near_limit_overvoltage,test,1,202.3,53.2,-8.8,0.0,202.3,140.3,0,38.0,250.0,500.0,12.1,48.6,1,0,0,0,0,1,1,1.02,1.016,1.054,0.996,67.5,81.6,95.7,0.0,40.3
default-grid_002085,default-grid,solar_overvoltage_severe,train,0,284.9,36.7,0.0,0.0,284.9,248.2,0,49.3,250.0,500.0,13.6,70.6,1,0,1,0,0,2,1,1.02,1.023,1.084,0.997,69.2,92.3,115.4,0.0,37.1
default-grid_002086,default-grid,diurnal_normal_weekend,train,0,169.3,68.0,2.3,0.0,169.3,103.60000000000002,0,46.6,250.0,500.0,11.5,41.1,1,0,0,0,0,1,1,1.02,1.014,1.052,0.994,68.4,79.5,90.6,0.0,43.2
default-grid_002087,default-grid,diurnal_normal_weekday,train,0,201.4,180.6,5.2,0.0,201.4,26.0,0,32.5,250.0,500.0,12.1,25.3,0,0,0,0,1,0,1,1.02,1.016,1.047,0.985,92.2,94.6,97.0,0.0,65.1
default-grid_002088,default-grid,bess_injection_discharging,validation,0,53.4,208.7,53.3,0.0,53.4,-102.0,0,39.9,250.0,500.0,9.5,40.8,0,0,0,0,1,0,1,1.02,1.004,1.033,0.983,88.8,74.2,59.7,0.0,70.6
default-grid_002089,default-grid,solar_overvoltage_moderate,test,0,217.8,31.5,-3.3,0.0,217.8,183.0,0,70.2,250.0,500.0,12.4,57.3,1,0,1,0,0,2,1,1.02,1.017,1.062,0.997,64.2,82.2,100.3,0.0,36.1
default-grid_002090,default-grid,nighttime_low_load,train,0,0.0,42.1,0.0,0.0,0.0,-42.1,0,43.8,250.0,500.0,8.5,28.6,0,0,0,0,1,0,1,1.02,1.0,1.0,0.996,53.2,54.1,55.0,0.0,38.2
default-grid_002091,default-grid,solar_curtailment_active,train,0,215.9,57.1,-3.0,92.4,123.5,63.4,0,36.6,250.0,500.0,10.7,32.9,0,1,0,0,0,1,1,1.02,1.01,0.905,0.995,63.5,44.2,25.0,0.0,41.1
default-grid_002092,default-grid,diurnal_normal_weekday,validation,0,98.4,129.8,-8.9,0.0,98.4,-40.30000000000001,0,68.6,250.0,500.0,10.3,28.2,0,0,0,0,1,0,1,1.02,1.008,1.017,0.989,76.1,74.8,73.6,0.0,55.2
default-grid_002093,default-grid,solar_overvoltage_severe,train,0,297.1,31.8,0.0,0.0,297.1,265.3,0,44.1,250.0,500.0,13.8,74.1,1,0,1,0,0,2,1,1.02,1.024,1.088,0.997,69.0,93.5,118.0,0.0,36.2
default-grid_002094,default-grid,diurnal_normal_weekday,test,0,195.3,193.9,-6.6,0.0,195.3,-5.199999999999989,0,66.7,250.0,500.0,12.0,21.1,0,0,0,0,1,0,1,1.02,1.016,1.034,0.984,94.4,94.6,94.8,0.0,67.7
default-grid_002095,default-grid,diurnal_normal_weekday,validation,0,163.6,182.8,2.1,0.0,163.6,-17.100000000000023,0,68.5,250.0,500.0,11.4,23.5,0,0,0,0,1,0,1,1.02,1.013,1.033,0.985,90.4,89.9,89.4,0.0,65.5
default-grid_002096,default-grid,bess_absorption_charging,train,0,216.1,91.7,-22.8,0.0,216.1,101.59999999999998,0,48.7,250.0,500.0,12.4,40.7,0,0,0,0,1,0,1,1.02,1.017,1.047,0.992,75.8,85.4,95.1,0.0,47.8
default-grid_002097,default-grid,diurnal_normal_weekday,train,0,126.2,153.2,6.0,0.0,126.2,-21.0,0,30.4,250.0,500.0,10.8,24.3,0,0,0,0,1,0,1,1.02,1.01,1.031,0.987,82.4,81.7,81.0,0.0,59.8
default-grid_002098,default-grid,solar_curtailment_active,train,0,251.0,99.5,-15.9,33.2,217.8,102.4,0,53.0,250.0,500.0,12.4,40.9,0,0,0,0,1,0,1,1.02,1.017,1.006,0.992,77.4,77.3,77.3,0.0,49.3
default-grid_002099,default-grid,near_limit_tx_overload,validation,1,25.9,308.1,0.0,0.0,25.9,-282.20000000000005,0,68.1,250.0,500.0,9.0,77.6,0,0,1,0,0,1,1,1.02,1.002,0.966,0.974,106.5,83.5,60.5,0.0,89.9
default-grid_002100,default-grid,reconfiguration_alternate,train,0,237.6,193.6,-23.2,0.0,237.6,20.80000000000001,1,66.1,250.0,500.0,12.8,24.2,0,0,0,0,1,0,1,1.02,1.019,1.001,0.984,96.9,90.8,84.8,46.0,67.6
default-grid_002101,default-grid,near_limit_tx_overload,validation,1,25.2,313.6,0.0,0.0,25.2,-288.40000000000003,0,37.9,250.0,500.0,9.0,78.8,0,0,1,0,0,1,1,1.02,1.002,0.965,0.974,107.5,83.9,60.3,0.0,91.0
default-grid_002102,default-grid,solar_curtailment_active,train,0,239.7,31.6,-19.8,102.7,137.0,85.6,0,32.2,250.0,500.0,11.0,37.5,0,1,0,0,0,1,1,1.02,1.011,0.882,0.997,59.4,38.5,17.5,0.0,36.1
default-grid_002103,default-grid,evening_peak_demand,train,0,3.6,270.1,2.2,0.0,3.6,-264.3,0,56.5,250.0,500.0,8.6,73.9,0,0,0,0,1,0,1,1.02,1.0,0.969,0.977,97.7,76.6,55.5,0.0,82.5
default-grid_002104,default-grid,diurnal_normal_weekend,train,0,158.9,47.4,-0.9,0.0,158.9,110.6,0,44.3,250.0,500.0,11.4,42.6,0,0,0,0,1,0,1,1.02,1.013,1.046,0.996,63.8,76.2,88.5,0.0,39.2
default-grid_002105,default-grid,solar_overvoltage_severe,train,0,250.8,38.3,0.0,0.0,250.8,212.5,0,58.7,250.0,500.0,13.0,63.3,1,0,1,0,0,2,1,1.02,1.02,1.074,0.997,67.5,87.8,108.2,0.0,37.4
default-grid_002106,default-grid,near_limit_feeder_overload,test,1,251.8,36.6,0.0,0.0,251.8,215.20000000000002,0,57.3,250.0,500.0,13.0,63.9,1,0,1,0,0,2,1,1.02,1.02,1.075,0.997,67.2,87.8,108.4,0.0,37.1
default-grid_002107,default-grid,nighttime_low_load,train,0,0.0,24.5,0.0,0.0,0.0,-24.5,0,47.1,250.0,500.0,8.5,25.0,0,0,0,0,1,0,1,1.02,1.0,1.0,0.998,49.8,52.4,55.0,0.0,34.8
default-grid_002108,default-grid,solar_overvoltage_moderate,test,0,230.0,42.4,-7.6,0.0,230.0,180.0,0,50.9,250.0,500.0,12.6,56.7,1,0,1,0,0,2,1,1.02,1.018,1.063,0.996,67.0,84.5,101.9,0.0,38.2
default-grid_002109,default-grid,near_limit_overvoltage,validation,1,165.8,72.0,-1.1,0.0,165.8,92.70000000000002,0,53.9,250.0,500.0,11.5,38.9,0,0,0,0,1,0,1,1.02,1.013,1.048,0.994,68.9,79.4,89.9,0.0,44.0
default-grid_002110,default-grid,solar_overvoltage_moderate,train,0,194.7,77.9,-6.1,0.0,194.7,110.69999999999999,0,55.6,250.0,500.0,12.0,42.6,1,0,0,0,0,1,1,1.02,1.016,1.053,0.994,71.8,83.3,94.8,0.0,45.1
default-grid_002111,default-grid,solar_curtailment_active,train,0,236.8,91.3,-4.9,30.1,206.70000000000002,110.50000000000001,0,37.9,250.0,500.0,12.2,42.5,0,0,0,0,1,0,1,1.02,1.017,1.015,0.992,75.2,77.3,79.5,0.0,47.8
default-grid_002112,default-grid,evening_peak_demand,test,0,1.2,284.1,9.9,0.0,1.2,-273.0,0,65.2,250.0,500.0,8.5,75.7,0,0,1,0,0,1,1,1.02,1.0,0.971,0.976,100.3,77.2,54.0,0.0,85.2
default-grid_002113,default-grid,diurnal_normal_weekday,test,0,226.4,199.4,-8.7,0.0,226.4,18.30000000000001,0,46.3,250.0,500.0,12.6,23.7,0,0,1,0,0,1,1,1.02,1.018,1.041,0.983,97.4,99.1,100.8,0.0,68.8
default-grid_002114,default-grid,diurnal_normal_weekday,train,0,163.2,170.1,5.9,0.0,163.2,-1.0,0,67.6,250.0,500.0,11.4,20.2,0,0,0,0,1,0,1,1.02,1.013,1.039,0.986,87.9,88.4,88.9,0.0,63.1
default-grid_002115,default-grid,solar_overvoltage_moderate,train,0,193.4,45.0,-3.1,0.0,193.4,145.3,0,36.6,250.0,500.0,12.0,49.6,1,0,0,0,0,1,1,1.02,1.015,1.055,0.996,65.4,80.3,95.2,0.0,38.8
default-grid_002116,default-grid,solar_overvoltage_severe,train,0,278.2,26.0,0.0,0.0,278.2,252.2,0,38.7,250.0,500.0,13.5,71.4,1,0,1,0,0,2,1,1.02,1.022,1.082,0.998,66.7,90.3,114.0,0.0,35.1
default-grid_002117,default-grid,solar_overvoltage_moderate,train,0,229.8,33.3,-1.3,0.0,229.8,195.2,0,47.2,250.0,500.0,12.6,59.8,1,0,1,0,0,2,1,1.02,1.018,1.067,0.997,65.3,84.3,103.4,0.0,36.5
default-grid_002118,default-grid,diurnal_normal_weekday,test,0,225.1,185.6,0.0,0.0,225.1,39.5,0,40.1,250.0,500.0,12.6,28.1,0,0,1,0,0,1,1,1.02,1.018,1.05,0.985,94.6,98.7,102.7,0.0,66.1
default-grid_002119,default-grid,solar_overvoltage_moderate,train,0,198.6,40.6,-11.2,0.0,198.6,146.8,0,66.9,250.0,500.0,12.1,49.9,1,0,0,0,0,1,1,1.02,1.016,1.051,0.997,64.8,79.5,94.3,0.0,37.9
default-grid_002120,default-grid,diurnal_normal_weekend,train,0,211.4,141.1,-21.2,0.0,211.4,49.10000000000002,0,56.7,250.0,500.0,12.3,30.0,0,0,0,0,1,0,1,1.02,1.017,1.039,0.988,85.1,89.8,94.5,0.0,57.4
default-grid_002121,default-grid,evening_peak_demand,train,0,3.1,286.8,5.2,0.0,3.1,-278.5,0,70.1,250.0,500.0,8.6,76.8,0,0,1,0,0,1,1,1.02,1.0,0.967,0.976,101.0,78.0,55.0,0.0,85.8
default-grid_002122,default-grid,reconfiguration_alternate,train,0,228.4,74.5,7.3,0.0,228.4,161.20000000000002,1,63.8,250.0,500.0,12.6,52.9,0,0,0,0,1,0,1,1.02,1.018,1.04,0.994,73.2,80.2,87.3,46.0,44.5
default-grid_002123,default-grid,diurnal_normal_weekend,train,0,157.0,89.4,-18.5,0.0,157.0,49.099999999999994,0,49.6,250.0,500.0,11.3,30.0,0,0,0,0,1,0,1,1.02,1.013,1.033,0.993,71.8,77.8,83.7,0.0,47.4
default-grid_002124,default-grid,bess_absorption_charging,validation,0,181.5,62.9,-28.7,0.0,181.5,89.9,0,31.6,250.0,500.0,11.8,38.3,0,0,0,0,1,0,1,1.02,1.015,1.033,0.995,68.1,77.2,86.3,0.0,42.2
default-grid_002125,default-grid,nighttime_low_load,test,0,0.0,34.6,0.0,0.0,0.0,-34.6,0,31.6,250.0,500.0,8.5,27.1,0,0,0,0,1,0,1,1.02,1.0,1.0,0.997,51.7,53.4,55.0,0.0,36.7
default-grid_002126,default-grid,nighttime_low_load,validation,0,0.0,30.0,0.0,0.0,0.0,-30.0,0,54.2,250.0,500.0,8.5,26.1,0,0,0,0,1,0,1,1.02,1.0,1.0,0.998,50.8,52.9,55.0,0.0,35.8
default-grid_002127,default-grid,diurnal_normal_weekday,train,0,166.3,187.0,-9.2,0.0,166.3,-29.899999999999977,0,70.1,250.0,500.0,11.5,26.1,0,0,0,0,1,0,1,1.02,1.013,1.025,0.984,91.3,89.7,88.0,0.0,66.4
default-grid_002128,default-grid,diurnal_normal_weekday,validation,0,95.0,134.5,-15.9,0.0,95.0,-55.400000000000006,0,36.9,250.0,500.0,10.2,31.3,0,0,0,0,1,0,1,1.02,1.008,1.01,0.989,76.9,74.1,71.2,0.0,56.2
default-grid_002129,default-grid,diurnal_normal_weekday,train,0,97.1,197.7,-3.4,0.0,97.1,-104.0,0,37.6,250.0,500.0,10.2,41.2,0,0,0,0,1,0,1,1.02,1.008,1.007,0.984,89.3,82.0,74.7,0.0,68.4
default-grid_002130,default-grid,diurnal_normal_weekday,validation,0,176.7,129.8,-8.4,0.0,176.7,38.49999999999997,0,46.4,250.0,500.0,11.7,27.9,0,0,0,0,1,0,1,1.02,1.014,1.04,0.989,80.8,85.6,90.4,0.0,55.2
default-grid_002131,default-grid,diurnal_normal_weekday,test,0,199.3,136.4,5.8,0.0,199.3,68.70000000000002,0,57.9,250.0,500.0,12.1,34.0,1,0,0,0,0,1,1,1.02,1.016,1.056,0.989,83.5,90.0,96.5,0.0,56.5
default-grid_002132,default-grid,near_limit_tx_overload,test,1,47.4,325.0,0.0,0.0,47.4,-277.6,0,35.6,250.0,500.0,9.4,76.6,0,0,1,0,0,1,1,1.02,1.004,0.969,0.973,111.0,88.0,65.0,0.0,93.2
default-grid_002133,default-grid,diurnal_normal_weekday,train,0,216.0,154.3,3.7,0.0,216.0,65.39999999999998,0,72.1,250.0,500.0,12.4,33.3,1,0,1,0,0,2,1,1.02,1.017,1.056,0.987,88.0,94.2,100.3,0.0,60.0
default-grid_002134,default-grid,bess_absorption_charging,test,0,168.8,41.5,-51.8,0.0,168.8,75.50000000000001,0,28.9,250.0,500.0,11.5,35.4,0,0,0,0,1,0,1,1.02,1.014,1.012,0.997,63.2,70.5,77.8,0.0,38.1
default-grid_002135,default-grid,diurnal_normal_weekday,train,0,183.9,139.5,2.2,0.0,183.9,46.599999999999994,0,66.4,250.0,500.0,11.8,29.5,0,0,0,0,1,0,1,1.02,1.015,1.048,0.988,83.2,88.5,93.7,0.0,57.1
default-grid_002136,default-grid,solar_curtailment_active,train,0,252.3,97.6,-6.3,56.9,195.4,91.5,0,43.0,250.0,500.0,12.0,38.7,0,0,0,0,1,0,1,1.02,1.016,0.974,0.992,75.7,68.2,60.7,0.0,49.0
default-grid_002137,default-grid,solar_overvoltage_severe,validation,0,265.9,25.7,0.0,0.0,265.9,240.2,0,32.7,250.0,500.0,13.3,69.0,1,0,1,0,0,2,1,1.02,1.021,1.079,0.998,66.0,88.7,111.4,0.0,35.0
default-grid_002138,default-grid,evening_peak_demand,train,0,4.6,236.5,6.6,0.0,4.6,-225.3,0,44.5,250.0,500.0,8.6,66.0,0,0,0,0,1,0,1,1.02,1.0,0.979,0.98,91.3,73.2,55.2,0.0,76.0
default-grid_002139,default-grid,diurnal_normal_weekend,train,0,197.9,57.5,-23.5,0.0,197.9,116.9,0,60.7,250.0,500.0,12.1,43.8,0,0,0,0,1,0,1,1.02,1.016,1.042,0.995,68.1,79.6,91.1,0.0,41.2
default-grid_002140,default-grid,diurnal_normal_weekday,train,0,162.9,200.8,-1.6,0.0,162.9,-39.5,0,55.8,250.0,500.0,11.4,28.1,0,0,0,0,1,0,1,1.02,1.013,1.027,0.983,93.8,91.4,89.1,0.0,69.0
default-grid_002141,default-grid,solar_overvoltage_severe,train,0,264.1,32.3,0.0,0.0,264.1,231.8,0,49.1,250.0,500.0,13.3,67.3,1,0,1,0,0,2,1,1.02,1.021,1.078,0.997,67.1,89.0,111.0,0.0,36.3
default-grid_002142,default-grid,diurnal_normal_weekday,train,0,174.8,154.0,-17.8,0.0,174.8,3.0,0,70.2,250.0,500.0,11.6,20.6,0,0,0,0,1,0,1,1.02,1.014,1.028,0.987,85.4,86.5,87.6,0.0,59.9
default-grid_002143,default-grid,nighttime_low_load,test,0,0.0,34.0,0.0,0.0,0.0,-34.0,0,56.8,250.0,500.0,8.5,26.9,0,0,0,0,1,0,1,1.02,1.0,1.0,0.997,51.6,53.3,55.0,0.0,36.6
default-grid_002144,default-grid,bess_absorption_charging,train,0,206.7,61.2,-47.5,0.0,206.7,97.99999999999999,0,68.8,250.0,500.0,12.2,40.0,0,0,0,0,1,0,1,1.02,1.017,1.027,0.995,69.3,78.1,86.9,0.0,41.9
default-grid_002145,default-grid,near_limit_undervoltage,validation,1,8.3,294.5,-5.6,0.0,8.3,-291.8,0,63.2,250.0,500.0,8.6,79.5,0,0,1,0,0,1,1,1.02,1.001,0.959,0.975,102.8,79.1,55.4,0.0,87.3
default-grid_002146,default-grid,solar_overvoltage_moderate,train,0,201.3,83.9,-2.0,0.0,201.3,115.4,0,42.3,250.0,500.0,12.1,43.5,1,0,0,0,0,1,1,1.02,1.016,1.058,0.993,73.4,85.3,97.2,0.0,46.3
default-grid_002147,default-grid,evening_peak_demand,test,0,3.1,215.9,11.3,0.0,3.1,-201.5,0,51.5,250.0,500.0,8.6,61.1,0,0,0,0,1,0,1,1.02,1.0,0.986,0.982,87.2,70.7,54.2,0.0,72.0
default-grid_002148,default-grid,evening_peak_demand,train,0,4.1,231.2,23.1,0.0,4.1,-204.0,0,52.0,250.0,500.0,8.6,61.6,0,0,0,0,1,0,1,1.02,1.0,0.992,0.981,90.2,71.6,53.0,0.0,75.0
default-grid_002149,default-grid,solar_overvoltage_moderate,train,0,215.4,83.7,-9.1,0.0,215.4,122.60000000000001,0,60.9,250.0,500.0,12.4,45.0,1,0,0,0,0,1,1,1.02,1.017,1.057,0.993,74.2,86.3,98.4,0.0,46.3
default-grid_002150,default-grid,solar_overvoltage_moderate,train,0,223.4,77.8,-3.0,0.0,223.4,142.60000000000002,0,72.6,250.0,500.0,12.5,49.1,1,0,1,0,0,2,1,1.02,1.018,1.064,0.994,73.5,87.5,101.6,0.0,45.1
default-grid_002151,default-grid,diurnal_normal_weekday,train,0,138.4,122.3,1.8,0.0,138.4,17.90000000000002,0,67.3,250.0,500.0,11.0,23.7,0,0,0,0,1,0,1,1.02,1.011,1.038,0.99,77.1,80.6,84.1,0.0,53.8
default-grid_002152,default-grid,solar_overvoltage_severe,validation,0,262.1,39.8,0.0,0.0,262.1,222.3,0,52.9,250.0,500.0,13.2,65.3,1,0,1,0,0,2,1,1.02,1.021,1.078,0.997,68.5,89.5,110.6,0.0,37.7
default-grid_002153,default-grid,diurnal_normal_weekday,train,0,116.5,186.6,-11.4,0.0,116.5,-81.5,0,65.6,250.0,500.0,10.6,36.6,0,0,0,0,1,0,1,1.02,1.009,1.009,0.984,88.3,82.5,76.8,0.0,66.3
default-grid_002154,default-grid,diurnal_normal_weekend,validation,0,201.6,67.1,4.2,0.0,201.6,138.7,0,72.9,250.0,500.0,12.1,48.3,1,0,0,0,0,1,1,1.02,1.016,1.063,0.994,70.1,83.7,97.2,0.0,43.0
default-grid_002155,default-grid,diurnal_normal_weekend,train,0,191.7,139.5,-16.0,0.0,191.7,36.19999999999999,0,45.5,250.0,500.0,12.0,27.4,0,0,0,0,1,0,1,1.02,1.015,1.037,0.988,83.6,87.6,91.6,0.0,57.1
default-grid_002156,default-grid,nighttime_low_load,validation,0,0.0,28.4,0.0,0.0,0.0,-28.4,0,67.9,250.0,500.0,8.5,25.8,0,0,0,0,1,0,1,1.02,1.0,1.0,0.998,50.5,52.8,55.0,0.0,35.5
default-grid_002157,default-grid,diurnal_normal_weekend,train,0,205.8,96.5,-0.7,0.0,205.8,108.60000000000002,0,51.1,250.0,500.0,12.2,42.2,1,0,0,0,0,1,1,1.02,1.016,1.06,0.992,76.1,87.3,98.5,0.0,48.8
default-grid_002158,default-grid,solar_curtailment_active,train,0,203.8,40.0,-18.6,40.8,163.0,104.4,0,69.6,250.0,500.0,11.4,41.3,0,0,0,0,1,0,1,1.02,1.013,0.978,0.997,62.6,61.5,60.4,0.0,37.8
default-grid_002159,default-grid,nighttime_low_load,validation,0,0.0,35.2,0.0,0.0,0.0,-35.2,0,42.8,250.0,500.0,8.5,27.2,0,0,0,0,1,0,1,1.02,1.0,1.0,0.997,51.8,53.4,55.0,0.0,36.8
default-grid_002160,default-grid,diurnal_normal_weekday,validation,0,211.7,131.7,-15.0,0.0,211.7,65.0,0,34.4,250.0,500.0,12.3,33.3,0,0,0,0,1,0,1,1.02,1.017,1.045,0.989,83.3,89.7,96.1,0.0,55.6
default-grid_002161,default-grid,diurnal_normal_weekday,test,0,223.2,178.8,-16.2,0.0,223.2,28.19999999999999,0,45.8,250.0,500.0,12.5,25.8,0,0,0,0,1,0,1,1.02,1.018,1.039,0.985,93.2,95.8,98.3,0.0,64.8
default-grid_002162,default-grid,solar_overvoltage_moderate,train,0,223.4,48.2,-7.8,0.0,223.4,167.39999999999998,0,60.3,250.0,500.0,12.5,54.1,1,0,1,0,0,2,1,1.02,1.018,1.06,0.996,67.8,84.1,100.4,0.0,39.4
default-grid_002163,default-grid,evening_peak_demand,train,0,5.0,221.6,19.1,0.0,5.0,-197.5,0,81.8,250.0,500.0,8.6,60.3,0,0,0,0,1,0,1,1.02,1.0,0.991,0.982,88.4,71.1,53.7,0.0,73.1
default-grid_002164,default-grid,diurnal_normal_weekday,train,0,167.9,151.9,-13.1,0.0,167.9,2.9000000000000057,0,33.9,250.0,500.0,11.5,20.6,0,0,0,0,1,0,1,1.02,1.013,1.03,0.987,84.6,85.9,87.3,0.0,59.5
default-grid_002165,default-grid,evening_peak_demand,train,0,3.8,212.0,15.0,0.0,3.8,-193.2,0,59.2,250.0,500.0,8.6,59.4,0,0,0,0,1,0,1,1.02,1.0,0.99,0.982,86.5,70.2,53.9,0.0,71.2
default-grid_002166,default-grid,nighttime_low_load,train,0,0.0,40.8,0.0,0.0,0.0,-40.8,0,50.4,250.0,500.0,8.5,28.3,0,0,0,0,1,0,1,1.02,1.0,1.0,0.997,52.9,54.0,55.0,0.0,37.9
default-grid_002167,default-grid,near_limit_feeder_overload,validation,1,259.1,53.3,0.0,0.0,259.1,205.8,0,34.3,250.0,500.0,13.2,62.0,1,0,1,0,0,2,1,1.02,1.021,1.077,0.996,70.9,90.4,109.9,0.0,40.4
default-grid_002168,default-grid,diurnal_normal_weekday,train,0,183.4,197.1,-7.0,0.0,183.4,-20.69999999999999,0,31.6,250.0,500.0,11.8,24.2,0,0,0,0,1,0,1,1.02,1.015,1.03,0.984,94.3,93.2,92.1,0.0,68.3
default-grid_002169,default-grid,diurnal_normal_weekday,validation,0,148.2,150.2,4.4,0.0,148.2,2.4000000000000057,0,66.1,250.0,500.0,11.2,20.5,0,0,0,0,1,0,1,1.02,1.012,1.037,0.987,83.1,84.5,85.9,0.0,59.2
default-grid_002170,default-grid,bess_absorption_charging,train,0,215.1,101.5,-35.8,0.0,215.1,77.80000000000001,0,68.3,250.0,500.0,12.4,35.9,0,0,0,0,1,0,1,1.02,1.017,1.037,0.992,77.6,84.7,91.7,0.0,49.7
default-grid_002171,default-grid,diurnal_normal_weekday,train,0,223.5,171.1,9.6,0.0,223.5,62.0,0,32.7,250.0,500.0,12.5,32.6,1,0,1,0,0,2,1,1.02,1.018,1.059,0.986,91.7,96.5,101.2,0.0,63.3
default-grid_002172,default-grid,solar_curtailment_active,train,0,231.8,30.2,-1.2,47.0,184.8,153.40000000000003,0,53.6,250.0,500.0,11.8,51.3,0,0,0,0,1,0,1,1.02,1.015,0.988,0.997,62.0,63.9,65.7,0.0,35.9
default-grid_002173,default-grid,bess_injection_discharging,train,0,74.3,167.1,42.4,0.0,74.3,-50.400000000000006,0,60.4,250.0,500.0,9.8,30.3,0,0,0,0,1,0,1,1.02,1.006,1.039,0.986,81.9,73.7,65.5,0.0,62.5
default-grid_002174,default-grid,diurnal_normal_weekday,train,0,185.4,129.7,-9.4,0.0,185.4,46.30000000000001,0,34.9,250.0,500.0,11.8,29.4,0,0,0,0,1,0,1,1.02,1.015,1.042,0.989,81.3,86.7,92.0,0.0,55.2
default-grid_002175,default-grid,bess_injection_discharging,train,0,40.7,214.1,45.0,0.0,40.7,-128.39999999999998,0,36.9,250.0,500.0,9.2,46.2,0,0,0,0,1,0,1,1.02,1.003,1.022,0.982,89.1,73.5,58.0,0.0,71.6
default-grid_002176,default-grid,diurnal_normal_weekend,train,0,129.7,55.6,-3.5,0.0,129.7,70.6,0,60.0,250.0,500.0,10.8,34.4,0,0,0,0,1,0,1,1.02,1.01,1.036,0.995,63.6,72.6,81.6,0.0,40.8
default-grid_002177,default-grid,evening_peak_demand,train,0,2.6,226.0,13.5,0.0,2.6,-209.9,0,46.7,250.0,500.0,8.5,62.8,0,0,0,0,1,0,1,1.02,1.0,0.985,0.981,89.1,71.5,53.9,0.0,73.9
default-grid_002178,default-grid,solar_overvoltage_severe,train,0,284.4,41.2,0.0,0.0,284.4,243.2,0,57.5,250.0,500.0,13.6,69.6,1,0,1,0,0,2,1,1.02,1.023,1.084,0.997,70.1,92.7,115.3,0.0,38.0
default-grid_002179,default-grid,diurnal_normal_weekday,train,0,187.3,181.5,-16.9,0.0,187.3,-11.099999999999994,0,70.1,250.0,500.0,11.9,22.3,0,0,0,0,1,0,1,1.02,1.015,1.027,0.985,91.5,91.0,90.5,0.0,65.3
default-grid_002180,default-grid,solar_overvoltage_moderate,train,0,203.7,68.2,-5.7,0.0,203.7,129.8,0,62.9,250.0,500.0,12.2,46.5,1,0,0,0,0,1,1,1.02,1.016,1.056,0.994,70.5,83.7,96.8,0.0,43.3
default-grid_002181,default-grid,reconfiguration_alternate,train,0,224.1,75.5,-4.2,0.0,224.1,144.4,1,71.5,250.0,500.0,12.5,49.5,0,0,0,0,1,0,1,1.02,1.018,1.031,0.994,73.1,79.8,86.4,46.0,44.7
default-grid_002182,default-grid,diurnal_normal_weekday,train,0,175.2,190.1,-13.7,0.0,175.2,-28.599999999999994,0,45.6,250.0,500.0,11.7,25.8,0,0,0,0,1,0,1,1.02,1.014,1.024,0.984,92.5,90.6,88.7,0.0,67.0
default-grid_002183,default-grid,bess_injection_discharging,train,0,46.4,243.8,53.9,0.0,46.4,-143.5,0,52.5,250.0,500.0,9.3,49.3,0,0,0,0,1,0,1,1.02,1.004,1.024,0.98,95.2,76.7,58.1,0.0,77.4
default-grid_002184,default-grid,evening_peak_demand,test,0,3.4,286.0,23.2,0.0,3.4,-259.4,0,66.3,250.0,500.0,8.6,72.9,0,0,1,0,0,1,1,1.02,1.0,0.981,0.976,100.8,76.8,52.8,0.0,85.6
default-grid_002185,default-grid,nighttime_low_load,train,0,0.0,38.6,0.0,0.0,0.0,-38.6,0,69.1,250.0,500.0,8.5,27.9,0,0,0,0,1,0,1,1.02,1.0,1.0,0.997,52.5,53.8,55.0,0.0,37.5
default-grid_002186,default-grid,diurnal_normal_weekend,validation,0,143.3,50.0,-19.0,0.0,143.3,74.30000000000001,0,32.8,250.0,500.0,11.1,35.2,0,0,0,0,1,0,1,1.02,1.011,1.029,0.996,63.3,71.9,80.6,0.0,39.7
default-grid_002187,default-grid,diurnal_normal_weekday,validation,0,186.7,154.7,-17.2,0.0,186.7,14.800000000000011,0,63.0,250.0,500.0,11.9,23.0,0,0,0,0,1,0,1,1.02,1.015,1.032,0.987,86.3,88.3,90.3,0.0,60.1
default-grid_002188,default-grid,diurnal_normal_weekday,train,0,135.0,200.3,-15.4,0.0,135.0,-80.70000000000002,0,72.6,250.0,500.0,10.9,36.5,0,0,0,0,1,0,1,1.02,1.011,1.009,0.983,92.0,85.9,79.8,0.0,68.9
default-grid_002189,default-grid,solar_overvoltage_moderate,train,0,225.3,88.6,-11.8,0.0,225.3,124.9,0,69.8,250.0,500.0,12.6,45.5,1,0,0,0,0,1,1,1.02,1.018,1.058,0.993,75.7,87.8,99.8,0.0,47.2
default-grid_002190,default-grid,diurnal_normal_weekday,train,0,193.9,188.5,0.9,0.0,193.9,6.300000000000011,0,72.1,250.0,500.0,12.0,21.3,0,0,0,0,1,0,1,1.02,1.016,1.04,0.984,93.3,94.7,96.0,0.0,66.7
default-grid_002191,default-grid,evening_peak_demand,validation,0,0.0,308.0,9.9,0.0,0.0,-298.1,0,59.4,250.0,500.0,8.5,80.8,0,0,1,0,0,1,1,1.02,1.0,0.966,0.974,104.9,79.3,53.8,0.0,89.9
default-grid_002192,default-grid,evening_peak_demand,train,0,4.1,254.7,16.1,0.0,4.1,-234.5,0,78.7,250.0,500.0,8.6,67.8,0,0,0,0,1,0,1,1.02,1.0,0.982,0.979,94.8,74.3,53.9,0.0,79.5
default-grid_002193,default-grid,reconfiguration_alternate,test,0,157.1,90.0,9.7,0.0,157.1,76.79999999999998,1,72.6,250.0,500.0,11.3,35.7,0,0,0,0,1,0,1,1.02,1.013,1.031,0.993,71.9,73.1,74.2,46.0,47.5
default-grid_002194,default-grid,extreme_stress_holdout,test,1,285.7,26.3,0.0,31.4,254.29999999999998,227.99999999999997,0,96.0,250.0,500.0,13.1,66.5,0,0,0,0,1,0,1,1.02,1.02,1.031,0.998,65.4,77.8,90.1,0.0,35.1
default-grid_002195,default-grid,diurnal_normal_weekend,validation,0,141.1,95.7,-7.9,0.0,141.1,37.499999999999986,0,35.4,250.0,500.0,11.0,27.6,0,0,0,0,1,0,1,1.02,1.011,1.036,0.992,72.1,77.5,82.9,0.0,48.6
default-grid_002196,default-grid,evening_peak_demand,train,0,2.7,277.5,12.3,0.0,2.7,-262.5,0,56.0,250.0,500.0,8.5,73.5,0,0,0,0,1,0,1,1.02,1.0,0.974,0.977,99.1,76.5,54.0,0.0,84.0
default-grid_002197,default-grid,bess_injection_discharging,validation,0,35.2,190.7,29.6,0.0,35.2,-125.89999999999998,0,38.5,250.0,500.0,9.1,45.7,0,0,0,0,1,0,1,1.02,1.003,1.014,0.984,84.2,71.5,58.8,0.0,67.1
default-grid_002198,default-grid,diurnal_normal_weekend,train,0,194.0,75.8,-15.3,0.0,194.0,102.89999999999999,0,74.7,250.0,500.0,12.0,41.0,0,0,0,0,1,0,1,1.02,1.016,1.046,0.994,71.4,81.8,92.3,0.0,44.7
default-grid_002199,default-grid,reconfiguration_alternate,train,0,256.8,30.5,10.5,0.0,256.8,236.8,1,62.4,250.0,500.0,13.1,68.3,0,0,0,0,1,0,1,1.02,1.021,1.047,0.997,66.3,79.2,92.1,46.0,35.9
default-grid_002200,default-grid,solar_overvoltage_moderate,train,0,237.0,64.9,-7.3,0.0,237.0,164.79999999999998,0,33.2,250.0,500.0,12.8,53.6,1,0,1,0,0,2,1,1.02,1.019,1.065,0.995,71.8,87.6,103.4,0.0,42.6
default-grid_002201,default-grid,evening_peak_demand,train,0,2.5,203.9,24.0,0.0,2.5,-177.4,0,54.9,250.0,500.0,8.5,56.2,0,0,0,0,1,0,1,1.02,1.0,0.997,0.983,84.8,68.7,52.5,0.0,69.6
default-grid_002202,default-grid,bess_injection_discharging,train,0,70.6,182.4,34.4,0.0,70.6,-77.4,0,72.8,250.0,500.0,9.8,35.8,0,0,0,0,1,0,1,1.02,1.006,1.029,0.985,84.7,75.2,65.7,0.0,65.5
default-grid_002203,default-grid,bess_absorption_charging,validation,0,221.8,89.4,-42.0,0.0,221.8,90.4,0,74.4,250.0,500.0,12.5,38.4,0,0,0,0,1,0,1,1.02,1.018,1.035,0.993,75.7,83.6,91.5,0.0,47.4
default-grid_002204,default-grid,solar_curtailment_active,train,0,204.8,45.5,-9.0,82.3,122.50000000000001,68.00000000000001,0,31.0,250.0,500.0,10.7,33.9,0,1,0,0,0,1,1,1.02,1.01,0.915,0.996,61.2,45.2,29.3,0.0,38.8
default-grid_002205,default-grid,near_limit_tx_overload,validation,1,24.0,298.3,0.0,0.0,24.0,-274.3,0,65.0,250.0,500.0,8.9,75.9,0,0,1,0,0,1,1,1.02,1.002,0.967,0.975,104.4,82.2,60.1,0.0,88.0
default-grid_002206,default-grid,diurnal_normal_weekday,train,0,194.9,163.4,0.2,0.0,194.9,31.69999999999999,0,64.7,250.0,500.0,12.0,26.5,0,0,0,0,1,0,1,1.02,1.016,1.045,0.986,88.5,92.4,96.3,0.0,61.8
default-grid_002207,default-grid,evening_peak_demand,test,0,3.6,214.4,19.2,0.0,3.6,-191.6,0,55.2,250.0,500.0,8.6,59.1,0,0,0,0,1,0,1,1.02,1.0,0.992,0.982,86.9,70.2,53.4,0.0,71.7
default-grid_002208,default-grid,evening_peak_demand,train,0,0.7,297.2,22.8,0.0,0.7,-273.7,0,71.3,250.0,500.0,8.5,75.8,0,0,1,0,0,1,1,1.02,1.0,0.977,0.975,102.8,77.5,52.3,0.0,87.8
default-grid_002209,default-grid,evening_peak_demand,test,0,4.6,238.1,7.5,0.0,4.6,-226.0,0,48.6,250.0,500.0,8.6,66.1,0,0,0,0,1,0,1,1.02,1.0,0.979,0.98,91.6,73.3,55.0,0.0,76.3
default-grid_002210,default-grid,near_limit_undervoltage,test,1,20.1,265.8,5.6,0.0,20.1,-240.10000000000002,0,41.7,250.0,500.0,8.9,69.0,0,0,0,0,1,0,1,1.02,1.002,0.977,0.978,97.9,78.2,58.6,0.0,81.7
default-grid_002211,default-grid,near_limit_overvoltage,validation,1,197.6,74.5,-2.3,0.0,197.6,120.79999999999998,0,34.0,250.0,500.0,12.1,44.6,1,0,0,0,0,1,1,1.02,1.016,1.057,0.994,71.3,83.8,96.3,0.0,44.5
default-grid_002212,default-grid,reconfiguration_alternate,train,0,214.9,47.9,-1.3,0.0,214.9,165.7,1,73.7,250.0,500.0,12.4,53.8,0,0,0,0,1,0,1,1.02,1.017,1.032,0.996,67.2,76.3,85.4,46.0,39.3
default-grid_002213,default-grid,solar_overvoltage_moderate,test,0,235.0,36.0,-4.0,0.0,235.0,195.0,0,40.4,250.0,500.0,12.7,59.8,1,0,1,0,0,2,1,1.02,1.019,1.067,0.997,66.1,84.9,103.8,0.0,37.0
default-grid_002214,default-grid,nighttime_low_load,train,0,0.0,37.5,0.0,0.0,0.0,-37.5,0,61.3,250.0,500.0,8.5,27.6,0,0,0,0,1,0,1,1.02,1.0,1.0,0.997,52.3,53.6,55.0,0.0,37.3
default-grid_002215,default-grid,solar_overvoltage_moderate,train,0,221.4,66.9,-0.8,0.0,221.4,153.7,0,67.1,250.0,500.0,12.5,51.3,1,0,1,0,0,2,1,1.02,1.018,1.065,0.994,71.3,86.5,101.7,0.0,43.0
default-grid_002216,default-grid,near_limit_feeder_overload,test,1,239.4,40.2,0.0,0.0,239.4,199.2,0,45.6,250.0,500.0,12.8,60.6,1,0,1,0,0,2,1,1.02,1.019,1.071,0.997,67.2,86.5,105.8,0.0,37.8
default-grid_002217,default-grid,bess_absorption_charging,train,0,167.9,49.1,-57.8,0.0,167.9,61.00000000000001,0,49.5,250.0,500.0,11.5,32.4,0,0,0,0,1,0,1,1.02,1.013,1.008,0.996,64.6,70.3,76.1,0.0,39.5
default-grid_002218,default-grid,diurnal_normal_weekend,train,0,157.0,97.3,-19.0,0.0,157.0,40.7,0,72.7,250.0,500.0,11.3,28.3,0,0,0,0,1,0,1,1.02,1.013,1.033,0.992,73.3,78.4,83.5,0.0,48.9
default-grid_002219,default-grid,solar_overvoltage_moderate,train,0,200.9,68.6,-0.6,0.0,200.9,131.70000000000002,0,58.5,250.0,500.0,12.1,46.9,1,0,0,0,0,1,1,1.02,1.016,1.059,0.994,70.4,83.9,97.4,0.0,43.3
default-grid_002220,default-grid,solar_curtailment_active,train,0,278.7,30.1,-21.9,89.8,188.89999999999998,136.89999999999998,0,36.9,250.0,500.0,11.9,47.9,0,1,0,0,0,1,1,1.02,1.015,0.914,0.997,62.2,49.0,35.7,0.0,35.9
default-grid_002221,default-grid,evening_peak_demand,train,0,3.4,243.6,4.0,0.0,3.4,-236.2,0,68.6,250.0,500.0,8.6,68.2,0,0,0,0,1,0,1,1.02,1.0,0.975,0.98,92.6,73.9,55.2,0.0,77.4
default-grid_002222,default-grid,diurnal_normal_weekday,validation,0,123.8,194.5,-0.7,0.0,123.8,-71.4,0,44.1,250.0,500.0,10.7,34.6,0,0,0,0,1,0,1,1.02,1.01,1.017,0.984,90.2,85.7,81.1,0.0,67.8
default-grid_002223,default-grid,diurnal_normal_weekday,train,0,189.5,140.4,-11.7,0.0,189.5,37.400000000000006,0,59.0,250.0,500.0,11.9,27.6,0,0,0,0,1,0,1,1.02,1.015,1.04,0.988,83.7,88.0,92.2,0.0,57.3
default-grid_002224,default-grid,diurnal_normal_weekend,train,0,198.2,51.1,-7.0,0.0,198.2,140.1,0,64.4,250.0,500.0,12.1,48.6,1,0,0,0,0,1,1,1.02,1.016,1.054,0.996,66.8,81.0,95.3,0.0,39.9
default-grid_002225,default-grid,solar_overvoltage_moderate,validation,0,220.1,46.9,-10.5,0.0,220.1,162.7,0,62.4,250.0,500.0,12.5,53.2,1,0,0,0,0,1,1,1.02,1.018,1.058,0.996,67.3,83.2,99.0,0.0,39.1
default-grid_002226,default-grid,evening_peak_demand,train,0,1.7,289.0,13.4,0.0,1.7,-273.9,0,50.6,250.0,500.0,8.5,75.9,0,0,1,0,0,1,1,1.02,1.0,0.972,0.976,101.3,77.5,53.7,0.0,86.2
default-grid_002227,default-grid,evening_peak_demand,train,0,3.5,251.7,12.9,0.0,3.5,-235.29999999999998,0,68.2,250.0,500.0,8.6,68.0,0,0,0,0,1,0,1,1.02,1.0,0.98,0.979,94.2,74.2,54.1,0.0,78.9
default-grid_002228,default-grid,reconfiguration_alternate,train,0,129.6,68.7,12.5,0.0,129.6,73.39999999999999,1,74.1,250.0,500.0,10.8,35.0,0,0,0,0,1,0,1,1.02,1.01,1.029,0.994,66.1,67.5,68.9,46.0,43.4
default-grid_002229,default-grid,diurnal_normal_weekend,test,0,118.3,84.5,-17.7,0.0,118.3,16.099999999999994,0,62.6,250.0,500.0,10.6,23.3,0,0,0,0,1,0,1,1.02,1.009,1.022,0.993,68.5,72.1,75.7,0.0,46.4
default-grid_002230,default-grid,diurnal_normal_weekday,validation,0,182.8,199.0,-7.8,0.0,182.8,-24.0,0,51.7,250.0,500.0,11.8,24.9,0,0,0,0,1,0,1,1.02,1.015,1.029,0.983,94.7,93.2,91.8,0.0,68.7
default-grid_002231,default-grid,solar_overvoltage_moderate,test,0,198.9,35.0,-10.8,0.0,198.9,153.1,0,46.5,250.0,500.0,12.1,51.2,1,0,0,0,0,1,1,1.02,1.016,1.051,0.997,63.7,79.1,94.5,0.0,36.8
default-grid_002232,default-grid,bess_injection_discharging,train,0,53.6,200.1,36.5,0.0,53.6,-110.0,0,74.5,250.0,500.0,9.5,42.4,0,0,0,0,1,0,1,1.02,1.004,1.022,0.983,87.1,74.4,61.8,0.0,68.9
default-grid_002233,default-grid,solar_overvoltage_severe,test,0,280.6,36.7,0.0,0.0,280.6,243.90000000000003,0,30.1,250.0,500.0,13.6,69.7,1,0,1,0,0,2,1,1.02,1.022,1.083,0.997,69.0,91.8,114.5,0.0,37.1
default-grid_002234,default-grid,diurnal_normal_weekday,test,0,227.2,202.0,6.0,0.0,227.2,31.19999999999999,0,72.7,250.0,500.0,12.6,26.4,1,0,1,0,0,3,1,1.02,1.018,1.051,0.983,97.9,100.2,102.4,0.0,69.3
default-grid_002235,default-grid,evening_peak_demand,test,0,4.2,214.4,7.3,0.0,4.2,-202.9,0,51.7,250.0,500.0,8.6,61.4,0,0,0,0,1,0,1,1.02,1.0,0.984,0.982,86.9,71.0,55.0,0.0,71.7
default-grid_002236,default-grid,diurnal_normal_weekday,train,0,155.7,199.4,-3.3,0.0,155.7,-47.00000000000003,0,53.3,250.0,500.0,11.3,29.6,0,0,0,0,1,0,1,1.02,1.012,1.024,0.983,93.1,90.2,87.2,0.0,68.8
default-grid_002237,default-grid,diurnal_normal_weekend,validation,0,132.5,136.7,-0.8,0.0,132.5,-5.0,0,58.5,250.0,500.0,10.9,21.0,0,0,0,0,1,0,1,1.02,1.011,1.031,0.989,79.5,81.2,82.9,0.0,56.6
default-grid_002238,default-grid,solar_overvoltage_moderate,validation,0,208.7,87.6,-1.3,0.0,208.7,119.79999999999998,0,62.0,250.0,500.0,12.3,44.4,1,0,0,0,0,1,1,1.02,1.017,1.061,0.993,74.6,86.8,98.9,0.0,47.0
default-grid_002239,default-grid,bess_injection_discharging,test,0,14.4,226.3,33.5,0.0,14.4,-178.4,0,54.1,250.0,500.0,8.8,56.4,0,0,0,0,1,0,1,1.02,1.001,1.003,0.981,89.9,71.9,53.9,0.0,74.0
default-grid_002240,default-grid,diurnal_normal_weekday,train,0,170.8,124.8,-5.1,0.0,170.8,40.90000000000002,0,42.7,250.0,500.0,11.6,28.3,0,0,0,0,1,0,1,1.02,1.014,1.042,0.99,79.5,84.7,89.9,0.0,54.3
default-grid_002241,default-grid,diurnal_normal_weekend,train,0,133.4,42.1,-22.1,0.0,133.4,69.20000000000002,0,51.8,250.0,500.0,10.9,34.1,0,0,0,0,1,0,1,1.02,1.011,1.023,0.996,61.2,69.5,77.8,0.0,38.2
default-grid_002242,default-grid,bess_absorption_charging,train,0,225.6,86.2,-46.9,0.0,225.6,92.49999999999999,0,25.3,250.0,500.0,12.6,38.9,0,0,0,0,1,0,1,1.02,1.018,1.033,0.993,75.3,83.2,91.1,0.0,46.8
default-grid_002243,default-grid,diurnal_normal_weekend,train,0,124.1,33.8,4.5,0.0,124.1,94.8,0,73.9,250.0,500.0,10.7,39.3,0,0,0,0,1,0,1,1.02,1.01,1.04,0.997,59.0,69.8,80.7,0.0,36.6
default-grid_002244,default-grid,solar_overvoltage_moderate,train,0,236.1,71.6,-6.3,0.0,236.1,158.2,0,48.2,250.0,500.0,12.7,52.3,1,0,1,0,0,2,1,1.02,1.019,1.065,0.994,73.1,88.3,103.5,0.0,43.9
default-grid_002245,default-grid,solar_overvoltage_moderate,test,0,195.1,71.8,-1.6,0.0,195.1,121.7,0,41.5,250.0,500.0,12.0,44.8,1,0,0,0,0,1,1,1.02,1.016,1.057,0.994,70.7,83.3,96.0,0.0,44.0
default-grid_002246,default-grid,solar_curtailment_active,test,0,281.1,31.8,-19.1,61.1,220.00000000000003,169.10000000000002,0,65.5,250.0,500.0,12.5,54.5,0,0,0,0,1,0,1,1.02,1.018,0.966,0.997,64.4,62.3,60.2,0.0,36.2
default-grid_002247,default-grid,near_limit_overvoltage,validation,1,210.1,37.1,-5.6,0.0,210.1,167.4,0,43.3,250.0,500.0,12.3,54.1,1,0,0,0,0,1,1,1.02,1.017,1.058,0.997,64.8,81.4,98.1,0.0,37.2
default-grid_002248,default-grid,evening_peak_demand,test,0,1.5,244.7,10.9,0.0,1.5,-232.29999999999998,0,41.2,250.0,500.0,8.5,67.4,0,0,0,0,1,0,1,1.02,1.0,0.979,0.98,92.7,73.3,54.0,0.0,77.6
default-grid_002249,default-grid,diurnal_normal_weekend,test,0,161.1,55.5,-18.8,0.0,161.1,86.79999999999998,0,48.4,250.0,500.0,11.4,37.7,0,0,0,0,1,0,1,1.02,1.013,1.034,0.995,65.5,75.0,84.5,0.0,40.8
default-grid_002250,default-grid,evening_peak_demand,train,0,5.0,280.2,5.2,0.0,5.0,-270.0,0,44.1,250.0,500.0,8.6,75.1,0,0,0,0,1,0,1,1.02,1.0,0.969,0.977,99.8,77.6,55.4,0.0,84.5
default-grid_002251,default-grid,diurnal_normal_weekday,train,0,157.9,152.1,-3.4,0.0,157.9,2.4000000000000057,0,40.3,250.0,500.0,11.3,20.5,0,0,0,0,1,0,1,1.02,1.013,1.034,0.987,84.0,85.8,87.6,0.0,59.6
default-grid_002252,default-grid,solar_curtailment_active,train,0,279.5,104.9,-18.1,40.8,238.7,115.69999999999999,0,69.9,250.0,500.0,12.8,43.6,0,0,0,0,1,0,1,1.02,1.019,0.999,0.991,79.7,78.2,76.6,0.0,50.4
default-grid_002253,default-grid,diurnal_normal_weekday,validation,0,225.3,142.5,10.0,0.0,225.3,92.80000000000001,0,33.3,250.0,500.0,12.6,38.9,1,0,1,0,0,2,1,1.02,1.018,1.065,0.988,86.2,93.8,101.5,0.0,57.7
default-grid_002254,default-grid,diurnal_normal_weekday,train,0,201.1,181.7,2.6,0.0,201.1,22.0,0,33.1,250.0,500.0,12.1,24.5,0,0,0,0,1,0,1,1.02,1.016,1.045,0.985,92.4,94.8,97.3,0.0,65.3
default-grid_002255,default-grid,diurnal_normal_weekend,train,0,139.8,35.6,-23.2,0.0,139.8,81.0,0,71.5,250.0,500.0,11.0,36.5,0,0,0,0,1,0,1,1.02,1.011,1.025,0.997,60.3,69.5,78.8,0.0,36.9
default-grid_002256,default-grid,evening_peak_demand,validation,0,0.9,232.3,1.3,0.0,0.9,-230.10000000000002,0,84.5,250.0,500.0,8.5,66.9,0,0,0,0,1,0,1,1.02,1.0,0.975,0.981,90.2,72.6,55.0,0.0,75.2
default-grid_002257,default-grid,solar_overvoltage_severe,train,0,253.4,27.3,0.0,0.0,253.4,226.1,0,55.3,250.0,500.0,13.1,66.1,1,0,1,0,0,2,1,1.02,1.02,1.075,0.998,65.5,87.1,108.7,0.0,35.3
default-grid_002258,default-grid,diurnal_normal_weekday,test,0,156.0,167.5,-2.0,0.0,156.0,-13.5,0,43.9,250.0,500.0,11.3,22.8,0,0,0,0,1,0,1,1.02,1.012,1.031,0.986,86.9,87.2,87.6,0.0,62.6
default-grid_002259,default-grid,diurnal_normal_weekend,validation,0,193.4,54.7,-24.0,0.0,193.4,114.7,0,30.0,250.0,500.0,12.0,43.4,0,0,0,0,1,0,1,1.02,1.015,1.04,0.995,67.2,78.6,90.0,0.0,40.6
default-grid_002260,default-grid,nighttime_low_load,train,0,0.0,37.4,0.0,0.0,0.0,-37.4,0,52.9,250.0,500.0,8.5,27.6,0,0,0,0,1,0,1,1.02,1.0,1.0,0.997,52.3,53.6,55.0,0.0,37.3
default-grid_002261,default-grid,solar_overvoltage_severe,test,0,264.6,31.8,0.0,0.0,264.6,232.8,0,67.1,250.0,500.0,13.3,67.5,1,0,1,0,0,2,1,1.02,1.021,1.078,0.997,67.1,89.1,111.1,0.0,36.2
default-grid_002262,default-grid,reconfiguration_alternate,train,0,144.0,188.7,-19.0,0.0,144.0,-63.69999999999999,1,71.0,250.0,500.0,11.1,33.0,0,0,0,0,1,0,1,1.02,1.012,0.99,0.984,90.3,79.5,68.8,46.0,66.7
default-grid_002263,default-grid,extreme_stress_holdout,test,1,305.9,19.3,0.0,35.7,270.2,250.89999999999998,0,96.0,250.0,500.0,13.4,71.2,0,0,0,0,1,0,1,1.02,1.022,1.03,0.998,65.0,78.0,90.9,0.0,33.8
default-grid_002264,default-grid,solar_overvoltage_severe,train,0,238.4,28.8,0.0,0.0,238.4,209.6,0,69.1,250.0,500.0,12.8,62.8,1,0,1,0,0,2,1,1.02,1.019,1.071,0.998,64.9,85.2,105.5,0.0,35.6
default-grid_002265,default-grid,solar_overvoltage_severe,validation,0,288.4,27.1,0.0,0.0,288.4,261.29999999999995,0,47.5,250.0,500.0,13.7,73.3,1,0,1,0,0,2,1,1.02,1.023,1.085,0.998,67.6,91.8,116.1,0.0,35.3
default-grid_002266,default-grid,solar_overvoltage_moderate,validation,0,194.6,67.2,-11.0,0.0,194.6,116.39999999999999,0,38.0,250.0,500.0,12.0,43.7,0,0,0,0,1,0,1,1.02,1.016,1.05,0.994,69.7,81.6,93.5,0.0,43.1
default-grid_002267,default-grid,solar_curtailment_active,train,0,283.9,33.4,-17.3,108.2,175.7,124.99999999999997,0,70.0,250.0,500.0,11.7,45.5,0,1,0,0,0,1,1,1.02,1.014,0.888,0.997,62.0,42.5,23.0,0.0,36.5
default-grid_002268,default-grid,diurnal_normal_weekday,train,0,205.3,127.6,1.7,0.0,205.3,79.4,0,67.9,250.0,500.0,12.2,36.2,1,0,0,0,0,1,1,1.02,1.016,1.056,0.989,82.1,90.2,98.3,0.0,54.8
default-grid_002269,default-grid,diurnal_normal_weekday,validation,0,108.9,125.6,11.5,0.0,108.9,-5.199999999999989,0,72.1,250.0,500.0,10.5,21.1,0,0,0,0,1,0,1,1.02,1.009,1.035,0.99,76.0,76.3,76.6,0.0,54.4
default-grid_002270,default-grid,diurnal_normal_weekend,train,0,190.5,90.7,-22.7,0.0,190.5,77.10000000000001,0,62.7,250.0,500.0,11.9,35.7,0,0,0,0,1,0,1,1.02,1.015,1.04,0.992,74.1,81.9,89.7,0.0,47.6
default-grid_002271,default-grid,diurnal_normal_weekend,train,0,204.0,80.9,-11.2,0.0,204.0,111.9,0,42.1,250.0,500.0,12.2,42.8,1,0,0,0,0,1,1,1.02,1.016,1.052,0.993,73.0,84.2,95.4,0.0,45.7
default-grid_002272,default-grid,near_limit_feeder_overload,test,1,211.9,51.1,0.0,0.0,211.9,160.8,0,48.3,250.0,500.0,12.3,52.8,1,0,0,0,0,1,1,1.02,1.017,1.063,0.996,67.7,83.8,99.9,0.0,39.9
default-grid_002273,default-grid,solar_overvoltage_moderate,test,0,225.5,61.2,-6.4,0.0,225.5,157.89999999999998,0,69.4,250.0,500.0,12.6,52.2,1,0,1,0,0,2,1,1.02,1.018,1.062,0.995,70.4,85.8,101.2,0.0,41.9
default-grid_002274,default-grid,near_limit_feeder_overload,test,1,256.2,58.9,0.0,0.0,256.2,197.29999999999998,0,64.2,250.0,500.0,13.1,60.2,1,0,1,0,0,2,1,1.02,1.02,1.076,0.995,71.8,90.5,109.3,0.0,41.5
default-grid_002275,default-grid,diurnal_normal_weekday,train,0,173.9,148.7,6.1,0.0,173.9,31.30000000000001,0,61.6,250.0,500.0,11.6,26.4,0,0,0,0,1,0,1,1.02,1.014,1.046,0.988,84.3,87.7,91.1,0.0,58.9
default-grid_002276,default-grid,diurnal_normal_weekday,train,0,178.4,168.8,1.1,0.0,178.4,10.699999999999989,0,36.4,250.0,500.0,11.7,22.2,0,0,0,0,1,0,1,1.02,1.014,1.04,0.986,88.5,90.6,92.7,0.0,62.8
default-grid_002277,default-grid,diurnal_normal_weekday,train,0,216.1,181.9,-8.1,0.0,216.1,26.099999999999994,0,57.3,250.0,500.0,12.4,25.3,0,0,0,0,1,0,1,1.02,1.017,1.042,0.985,93.3,96.0,98.8,0.0,65.4
default-grid_002278,default-grid,reconfiguration_alternate,train,0,198.6,155.6,-10.8,0.0,198.6,32.19999999999999,1,34.5,250.0,500.0,12.1,26.6,0,0,0,0,1,0,1,1.02,1.016,1.011,0.987,87.2,83.8,80.4,46.0,60.3
default-grid_002279,default-grid,evening_peak_demand,train,0,4.1,310.4,8.9,0.0,4.1,-297.4,0,40.9,250.0,500.0,8.6,80.7,0,0,1,0,0,1,1,1.02,1.0,0.966,0.974,105.6,80.2,54.8,0.0,90.4
default-grid_002280,default-grid,diurnal_normal_weekend,train,0,136.3,120.3,-13.8,0.0,136.3,2.200000000000017,0,62.0,250.0,500.0,11.0,20.4,0,0,0,0,1,0,1,1.02,1.011,1.026,0.99,76.6,78.5,80.4,0.0,53.4
default-grid_002281,default-grid,near_limit_overvoltage,validation,1,206.8,54.0,-3.3,0.0,206.8,149.5,0,44.1,250.0,500.0,12.2,50.5,1,0,0,0,0,1,1,1.02,1.017,1.059,0.996,67.9,83.0,98.0,0.0,40.5
default-grid_002282,default-grid,diurnal_normal_weekday,test,0,185.8,151.4,1.3,0.0,185.8,35.70000000000002,0,52.5,250.0,500.0,11.8,27.3,0,0,0,0,1,0,1,1.02,1.015,1.046,0.987,85.6,89.9,94.2,0.0,59.4
default-grid_002283,default-grid,nighttime_low_load,train,0,0.0,27.5,0.0,0.0,0.0,-27.5,0,42.0,250.0,500.0,8.5,25.6,0,0,0,0,1,0,1,1.02,1.0,1.0,0.998,50.3,52.6,55.0,0.0,35.3
default-grid_002284,default-grid,diurnal_normal_weekend,train,0,219.2,40.2,-10.2,0.0,219.2,168.8,0,44.8,250.0,500.0,12.4,54.4,1,0,0,0,0,1,1,1.02,1.018,1.057,0.997,66.0,82.5,98.9,0.0,37.8
default-grid_002285,default-grid,diurnal_normal_weekday,test,0,197.3,194.8,-3.5,0.0,197.3,-1.0,0,59.3,250.0,500.0,12.1,20.2,0,0,0,0,1,0,1,1.02,1.016,1.037,0.984,94.7,95.3,96.0,0.0,67.9
default-grid_002286,default-grid,diurnal_normal_weekday,test,0,204.2,165.7,-1.0,0.0,204.2,37.5,0,48.8,250.0,500.0,12.2,27.6,0,0,0,0,1,0,1,1.02,1.016,1.047,0.986,89.5,93.8,98.0,0.0,62.2
default-grid_002287,default-grid,diurnal_normal_weekend,validation,0,130.8,66.0,-12.3,0.0,130.8,52.500000000000014,0,55.1,250.0,500.0,10.9,30.7,0,0,0,0,1,0,1,1.02,1.01,1.03,0.995,65.7,72.7,79.7,0.0,42.8
default-grid_002288,default-grid,solar_overvoltage_severe,train,0,279.0,41.1,0.0,0.0,279.0,237.9,0,64.2,250.0,500.0,13.5,68.5,1,0,1,0,0,2,1,1.02,1.022,1.083,0.997,69.7,91.9,114.1,0.0,38.0
default-grid_002289,default-grid,nighttime_low_load,test,0,0.0,33.2,0.0,0.0,0.0,-33.2,0,35.5,250.0,500.0,8.5,26.8,0,0,0,0,1,0,1,1.02,1.0,1.0,0.997,51.5,53.2,55.0,0.0,36.5
default-grid_002290,default-grid,bess_absorption_charging,train,0,221.1,43.3,-46.3,0.0,221.1,131.5,0,31.2,250.0,500.0,12.5,46.8,0,0,0,0,1,0,1,1.02,1.018,1.032,0.996,66.7,78.5,90.3,0.0,38.4
default-grid_002291,default-grid,diurnal_normal_weekday,validation,0,219.3,194.8,-12.9,0.0,219.3,11.599999999999994,0,40.2,250.0,500.0,12.4,22.4,0,0,0,0,1,0,1,1.02,1.018,1.037,0.984,96.0,97.2,98.3,0.0,67.9
default-grid_002292,default-grid,solar_overvoltage_moderate,train,0,206.4,47.7,-1.2,0.0,206.4,157.5,0,51.8,250.0,500.0,12.2,52.1,1,0,0,0,0,1,1,1.02,1.017,1.06,0.996,66.7,82.6,98.5,0.0,39.3
default-grid_002293,default-grid,solar_curtailment_active,validation,0,239.5,38.2,-17.2,36.0,203.5,148.10000000000002,0,59.0,250.0,500.0,12.2,50.2,0,0,0,0,1,0,1,1.02,1.016,0.997,0.997,64.6,68.4,72.2,0.0,37.4
default-grid_002294,default-grid,bess_absorption_charging,test,0,159.7,105.2,-26.7,0.0,159.7,27.799999999999997,0,69.7,250.0,500.0,11.4,25.7,0,0,0,0,1,0,1,1.02,1.013,1.027,0.991,75.0,78.6,82.2,0.0,50.5
default-grid_002295,default-grid,diurnal_normal_weekend,train,0,118.1,67.2,-1.2,0.0,118.1,49.69999999999999,0,70.3,250.0,500.0,10.6,30.1,0,0,0,0,1,0,1,1.02,1.009,1.034,0.994,65.2,72.5,79.7,0.0,43.1
default-grid_002296,default-grid,extreme_stress_holdout,test,1,298.6,27.4,0.0,8.0,290.6,263.20000000000005,0,18.0,250.0,500.0,13.7,73.7,1,0,1,0,0,2,1,1.02,1.023,1.075,0.998,67.8,89.8,111.8,0.0,35.3
default-grid_002297,default-grid,near_limit_undervoltage,validation,1,20.7,268.9,2.9,0.0,20.7,-245.29999999999998,0,65.2,250.0,500.0,8.9,70.0,0,0,0,0,1,0,1,1.02,1.002,0.974,0.978,98.5,78.8,59.0,0.0,82.3
default-grid_002298,default-grid,solar_overvoltage_moderate,test,0,215.8,43.1,-0.4,0.0,215.8,172.3,0,67.1,250.0,500.0,12.4,55.1,1,0,1,0,0,2,1,1.02,1.017,1.064,0.996,66.3,83.4,100.6,0.0,38.4
default-grid_002299,default-grid,evening_peak_demand,train,0,1.9,252.2,1.1,0.0,1.9,-249.2,0,64.7,250.0,500.0,8.5,70.8,0,0,0,0,1,0,1,1.02,1.0,0.971,0.979,94.2,74.8,55.3,0.0,79.0
default-grid_002300,default-grid,diurnal_normal_weekday,train,0,228.6,142.0,7.2,0.0,228.6,93.79999999999998,0,62.5,250.0,500.0,12.6,39.1,1,0,1,0,0,2,1,1.02,1.018,1.064,0.988,86.3,94.4,102.6,0.0,57.6
default-grid_002301,default-grid,diurnal_normal_weekday,train,0,158.8,144.4,-11.6,0.0,158.8,2.8000000000000114,0,50.1,250.0,500.0,11.4,20.6,0,0,0,0,1,0,1,1.02,1.013,1.03,0.988,82.6,84.2,85.8,0.0,58.1
default-grid_002302,default-grid,diurnal_normal_weekday,train,0,111.4,131.3,0.4,0.0,111.4,-19.5,0,37.5,250.0,500.0,10.5,24.0,0,0,0,0,1,0,1,1.02,1.009,1.027,0.989,77.2,77.9,78.6,0.0,55.5
default-grid_002303,default-grid,solar_overvoltage_severe,validation,0,290.7,26.9,0.0,0.0,290.7,263.8,0,59.9,250.0,500.0,13.7,73.8,1,0,1,0,0,2,1,1.02,1.023,1.086,0.998,67.7,92.2,116.6,0.0,35.2
default-grid_002304,default-grid,diurnal_normal_weekday,train,0,187.3,128.8,-15.8,0.0,187.3,42.69999999999999,0,53.0,250.0,500.0,11.9,28.7,0,0,0,0,1,0,1,1.02,1.015,1.038,0.989,81.3,86.0,90.8,0.0,55.0
default-grid_002305,default-grid,evening_peak_demand,test,0,4.5,234.1,3.9,0.0,4.5,-225.7,0,58.4,250.0,500.0,8.6,66.0,0,0,0,0,1,0,1,1.02,1.0,0.977,0.98,90.8,73.2,55.5,0.0,75.5
default-grid_002306,default-grid,solar_overvoltage_moderate,test,0,212.5,50.5,-1.3,0.0,212.5,160.7,0,74.3,250.0,500.0,12.3,52.8,1,0,0,0,0,1,1,1.02,1.017,1.062,0.996,67.6,83.7,99.7,0.0,39.8
default-grid_002307,default-grid,solar_overvoltage_severe,train,0,251.2,32.6,0.0,0.0,251.2,218.6,0,51.7,250.0,500.0,13.0,64.6,1,0,1,0,0,2,1,1.02,1.02,1.074,0.997,66.4,87.3,108.3,0.0,36.3
default-grid_002308,default-grid,evening_peak_demand,train,0,4.2,211.8,5.1,0.0,4.2,-202.5,0,63.9,250.0,500.0,8.6,61.3,0,0,0,0,1,0,1,1.02,1.0,0.983,0.982,86.4,70.8,55.3,0.0,71.2
default-grid_002309,default-grid,diurnal_normal_weekday,train,0,199.8,200.7,2.4,0.0,199.8,1.5000000000000284,0,46.1,250.0,500.0,12.1,20.3,0,0,0,0,1,0,1,1.02,1.016,1.041,0.983,96.0,96.5,97.1,0.0,69.0
default-grid_002310,default-grid,solar_overvoltage_severe,validation,0,277.4,37.0,0.0,0.0,277.4,240.39999999999998,0,32.4,250.0,500.0,13.5,69.0,1,0,1,0,0,2,1,1.02,1.022,1.082,0.997,68.8,91.3,113.8,0.0,37.2
default-grid_002311,default-grid,diurnal_normal_weekday,train,0,154.4,128.2,-4.3,0.0,154.4,21.900000000000006,0,44.5,250.0,500.0,11.3,24.5,0,0,0,0,1,0,1,1.02,1.012,1.037,0.989,79.2,83.0,86.7,0.0,54.9
default-grid_002312,default-grid,bess_injection_discharging,test,0,60.8,268.0,19.3,0.0,60.8,-187.9,0,74.9,250.0,500.0,9.6,58.3,0,0,1,0,0,1,1,1.02,1.005,0.998,0.978,100.8,83.2,65.5,0.0,82.1
default-grid_002313,default-grid,bess_injection_discharging,train,0,53.1,193.6,27.4,0.0,53.1,-113.1,0,63.2,250.0,500.0,9.5,43.1,0,0,0,0,1,0,1,1.02,1.004,1.017,0.984,85.8,74.3,62.8,0.0,67.6
default-grid_002314,default-grid,diurnal_normal_weekend,train,0,181.0,58.2,-20.2,0.0,181.0,102.60000000000001,0,68.0,250.0,500.0,11.8,40.9,0,0,0,0,1,0,1,1.02,1.014,1.039,0.995,67.2,77.8,88.3,0.0,41.3
default-grid_002315,default-grid,evening_peak_demand,train,0,1.4,205.3,20.5,0.0,1.4,-183.4,0,56.5,250.0,500.0,8.5,57.4,0,0,0,0,1,0,1,1.02,1.0,0.994,0.983,85.0,68.8,52.7,0.0,69.9
default-grid_002316,default-grid,diurnal_normal_weekday,train,0,196.1,172.6,8.4,0.0,196.1,31.900000000000006,0,46.1,250.0,500.0,12.0,26.5,0,0,0,0,1,0,1,1.02,1.016,1.05,0.986,90.3,92.9,95.5,0.0,63.6
default-grid_002317,default-grid,bess_injection_discharging,train,0,51.7,233.7,18.3,0.0,51.7,-163.7,0,73.4,250.0,500.0,9.4,53.4,0,0,0,0,1,0,1,1.02,1.004,1.002,0.981,93.5,78.6,63.7,0.0,75.4
default-grid_002318,default-grid,solar_overvoltage_severe,train,0,238.4,26.8,0.0,0.0,238.4,211.6,0,31.0,250.0,500.0,12.8,63.2,1,0,1,0,0,2,1,1.02,1.019,1.071,0.998,64.5,85.0,105.5,0.0,35.2
default-grid_002319,default-grid,diurnal_normal_weekday,train,0,195.3,133.4,-5.5,0.0,195.3,56.400000000000006,0,48.0,250.0,500.0,12.0,31.5,0,0,0,0,1,0,1,1.02,1.016,1.047,0.989,82.7,88.8,95.0,0.0,55.9
default-grid_002320,default-grid,solar_overvoltage_moderate,train,0,219.5,51.4,-3.5,0.0,219.5,164.6,0,60.1,250.0,500.0,12.5,53.6,1,0,1,0,0,2,1,1.02,1.018,1.062,0.996,68.2,84.5,100.7,0.0,40.0
default-grid_002321,default-grid,solar_curtailment_active,validation,0,268.7,93.4,-21.9,67.9,200.79999999999998,85.49999999999997,0,43.3,250.0,500.0,12.1,37.4,0,1,0,0,0,1,1,1.02,1.016,0.948,0.992,75.2,63.3,51.4,0.0,48.2
default-grid_002322,default-grid,solar_overvoltage_moderate,train,0,209.3,35.3,-0.2,0.0,209.3,173.8,0,58.2,250.0,500.0,12.3,55.4,1,0,0,0,0,1,1,1.02,1.017,1.062,0.997,64.4,81.8,99.3,0.0,36.9
default-grid_002323,default-grid,solar_overvoltage_severe,train,0,283.7,35.7,0.0,0.0,283.7,248.0,0,35.2,250.0,500.0,13.6,70.6,1,0,1,0,0,2,1,1.02,1.023,1.084,0.997,69.0,92.0,115.1,0.0,36.9
default-grid_002324,default-grid,solar_overvoltage_severe,train,0,244.5,30.6,0.0,0.0,244.5,213.9,0,71.0,250.0,500.0,12.9,63.6,1,0,1,0,0,2,1,1.02,1.02,1.072,0.997,65.6,86.2,106.8,0.0,36.0
default-grid_002325,default-grid,near_limit_overvoltage,validation,1,206.8,50.7,-4.1,0.0,206.8,152.0,0,47.4,250.0,500.0,12.2,51.0,1,0,0,0,0,1,1,1.02,1.017,1.058,0.996,67.3,82.5,97.8,0.0,39.9
default-grid_002326,default-grid,evening_peak_demand,train,0,2.0,288.4,22.9,0.0,2.0,-263.5,0,52.2,250.0,500.0,8.5,73.7,0,0,1,0,0,1,1,1.02,1.0,0.98,0.976,101.2,76.9,52.6,0.0,86.1
default-grid_002327,default-grid,bess_absorption_charging,train,0,208.3,45.7,-23.5,0.0,208.3,139.10000000000002,0,46.3,250.0,500.0,12.2,48.4,0,0,0,0,1,0,1,1.02,1.017,1.045,0.996,66.4,79.8,93.3,0.0,38.9
default-grid_002328,default-grid,diurnal_normal_weekday,train,0,99.3,127.9,-15.0,0.0,99.3,-43.60000000000001,0,72.1,250.0,500.0,10.3,28.9,0,0,0,0,1,0,1,1.02,1.008,1.013,0.989,75.8,74.0,72.3,0.0,54.9
default-grid_002329,default-grid,solar_overvoltage_moderate,train,0,210.8,68.6,-5.5,0.0,210.8,136.70000000000002,0,45.2,250.0,500.0,12.3,47.9,1,0,0,0,0,1,1,1.02,1.017,1.058,0.994,71.0,84.7,98.3,0.0,43.3
default-grid_002330,default-grid,solar_overvoltage_severe,train,0,244.4,26.8,0.0,0.0,244.4,217.6,0,54.6,250.0,500.0,12.9,64.4,1,0,1,0,0,2,1,1.02,1.02,1.072,0.998,64.9,85.8,106.8,0.0,35.2
default-grid_002331,default-grid,diurnal_normal_weekend,validation,0,204.5,76.7,-19.3,0.0,204.5,108.49999999999999,0,46.8,250.0,500.0,12.2,42.1,0,0,0,0,1,0,1,1.02,1.016,1.047,0.994,72.2,82.8,93.5,0.0,44.9
default-grid_002332,default-grid,solar_overvoltage_moderate,train,0,231.3,79.0,-10.8,0.0,231.3,141.5,0,38.7,250.0,500.0,12.7,48.9,1,0,1,0,0,2,1,1.02,1.019,1.061,0.993,74.2,87.8,101.3,0.0,45.4
default-grid_002333,default-grid,nighttime_low_load,test,0,0.0,43.8,0.0,0.0,0.0,-43.8,0,58.0,250.0,500.0,8.5,28.9,0,0,0,0,1,0,1,1.02,1.0,1.0,0.996,53.5,54.2,55.0,0.0,38.5
default-grid_002334,default-grid,solar_curtailment_active,train,0,256.5,99.2,-22.2,78.7,177.8,56.40000000000002,0,62.7,250.0,500.0,11.7,31.5,0,1,0,0,0,1,1,1.02,1.014,0.926,0.992,75.0,57.5,39.9,0.0,49.3
default-grid_002335,default-grid,diurnal_normal_weekday,train,0,202.6,137.5,-2.5,0.0,202.6,62.599999999999994,0,59.1,250.0,500.0,12.1,32.8,1,0,0,0,0,1,1,1.02,1.016,1.051,0.989,83.9,90.6,97.3,0.0,56.7
default-grid_002336,default-grid,nighttime_low_load,train,0,0.0,29.3,0.0,0.0,0.0,-29.3,0,51.0,250.0,500.0,8.5,26.0,0,0,0,0,1,0,1,1.02,1.0,1.0,0.998,50.7,52.9,55.0,0.0,35.7
default-grid_002337,default-grid,reconfiguration_alternate,test,0,169.0,37.1,25.5,0.0,169.0,157.4,1,64.2,250.0,500.0,11.5,52.1,0,0,0,0,1,0,1,1.02,1.014,1.044,0.997,62.4,68.5,74.7,46.0,37.2
default-grid_002338,default-grid,diurnal_normal_weekday,train,0,205.6,197.1,11.5,0.0,205.6,20.0,0,49.1,250.0,500.0,12.2,24.1,0,0,0,0,1,0,1,1.02,1.016,1.05,0.984,95.7,96.4,97.1,0.0,68.3
default-grid_002339,default-grid,solar_overvoltage_severe,train,0,264.7,33.3,0.0,0.0,264.7,231.39999999999998,0,60.4,250.0,500.0,13.3,67.2,1,0,1,0,0,2,1,1.02,1.021,1.078,0.997,67.4,89.2,111.1,0.0,36.5
default-grid_002340,default-grid,evening_peak_demand,train,0,0.8,258.4,13.5,0.0,0.8,-244.09999999999997,0,55.5,250.0,500.0,8.5,69.8,0,0,0,0,1,0,1,1.02,1.0,0.978,0.978,95.3,74.4,53.5,0.0,80.2
default-grid_002341,default-grid,bess_injection_discharging,train,0,41.9,208.5,42.8,0.0,41.9,-123.80000000000001,0,73.2,250.0,500.0,9.3,45.3,0,0,0,0,1,0,1,1.02,1.003,1.022,0.983,88.1,73.3,58.5,0.0,70.5
default-grid_002342,default-grid,evening_peak_demand,validation,0,2.5,251.3,10.5,0.0,2.5,-238.3,0,49.5,250.0,500.0,8.5,68.6,0,0,0,0,1,0,1,1.02,1.0,0.978,0.979,94.0,74.1,54.2,0.0,78.9
default-grid_002343,default-grid,diurnal_normal_weekday,test,0,172.0,174.9,-7.2,0.0,172.0,-10.099999999999994,0,58.1,250.0,500.0,11.6,22.1,0,0,0,0,1,0,1,1.02,1.014,1.031,0.985,89.3,89.5,89.7,0.0,64.0
default-grid_002344,default-grid,near_limit_undervoltage,test,1,23.0,278.1,4.5,0.0,23.0,-250.60000000000002,0,55.6,250.0,500.0,8.9,71.1,0,0,1,0,0,1,1,1.02,1.002,0.974,0.977,100.5,79.9,59.3,0.0,84.1
default-grid_002345,default-grid,diurnal_normal_weekday,train,0,205.6,177.1,9.3,0.0,205.6,37.80000000000001,0,59.8,250.0,500.0,12.2,27.7,1,0,0,0,0,1,1,1.02,1.016,1.052,0.985,91.8,94.6,97.4,0.0,64.4
default-grid_002346,default-grid,evening_peak_demand,train,0,3.8,272.9,6.6,0.0,3.8,-262.5,0,71.0,250.0,500.0,8.6,73.5,0,0,0,0,1,0,1,1.02,1.0,0.971,0.977,98.3,76.7,55.0,0.0,83.1
default-grid_002347,default-grid,solar_curtailment_active,train,0,244.4,61.4,-3.1,55.2,189.2,124.69999999999999,0,51.8,250.0,500.0,11.9,45.4,0,0,0,0,1,0,1,1.02,1.015,0.976,0.995,68.3,64.8,61.2,0.0,41.9
default-grid_002348,default-grid,solar_overvoltage_moderate,train,0,228.2,39.9,-8.9,0.0,228.2,179.39999999999998,0,59.6,250.0,500.0,12.6,56.6,1,0,1,0,0,2,1,1.02,1.018,1.061,0.997,66.5,83.8,101.2,0.0,37.8
default-grid_002349,default-grid,diurnal_normal_weekday,validation,0,208.9,125.8,0.8,0.0,208.9,83.90000000000002,0,64.9,250.0,500.0,12.3,37.1,1,0,0,0,0,1,1,1.02,1.017,1.057,0.99,82.0,90.6,99.2,0.0,54.5
default-grid_002350,default-grid,solar_overvoltage_moderate,test,0,188.7,78.9,-2.3,0.0,188.7,107.49999999999997,0,64.4,250.0,500.0,11.9,41.9,1,0,0,0,0,1,1,1.02,1.015,1.054,0.993,71.7,83.1,94.4,0.0,45.3
default-grid_002351,default-grid,diurnal_normal_weekday,train,0,99.8,167.9,-16.2,0.0,99.8,-84.30000000000001,0,69.3,250.0,500.0,10.3,37.2,0,0,0,0,1,0,1,1.02,1.008,1.004,0.986,83.6,77.8,72.1,0.0,62.6
default-grid_002352,default-grid,near_limit_undervoltage,test,1,24.0,280.2,-5.3,0.0,24.0,-261.5,0,50.9,250.0,500.0,8.9,73.3,0,0,1,0,0,1,1,1.02,1.002,0.967,0.977,100.9,79.8,58.8,0.0,84.5
default-grid_002353,default-grid,nighttime_low_load,train,0,0.0,36.9,0.0,0.0,0.0,-36.9,0,38.6,250.0,500.0,8.5,27.5,0,0,0,0,1,0,1,1.02,1.0,1.0,0.997,52.2,53.6,55.0,0.0,37.2
default-grid_002354,default-grid,evening_peak_demand,validation,0,1.3,276.6,21.5,0.0,1.3,-253.8,0,43.9,250.0,500.0,8.5,71.8,0,0,0,0,1,0,1,1.02,1.0,0.981,0.977,98.9,75.8,52.6,0.0,83.8
default-grid_002355,default-grid,diurnal_normal_weekday,validation,0,181.5,127.6,5.1,0.0,181.5,59.0,0,46.1,250.0,500.0,11.8,32.0,1,0,0,0,0,1,1,1.02,1.015,1.052,0.989,80.7,86.8,92.8,0.0,54.8
default-grid_002356,default-grid,extreme_stress_holdout,test,1,283.3,18.1,0.0,19.9,263.40000000000003,245.30000000000004,0,96.0,250.0,500.0,13.2,70.0,0,0,0,0,1,0,1,1.02,1.021,1.05,0.998,64.3,81.6,98.9,0.0,33.5
default-grid_002357,default-grid,diurnal_normal_weekend,train,0,162.3,83.5,-2.3,0.0,162.3,76.5,0,49.8,250.0,500.0,11.4,35.6,0,0,0,0,1,0,1,1.02,1.013,1.046,0.993,71.0,79.9,88.8,0.0,46.2
default-grid_002358,default-grid,solar_overvoltage_moderate,train,0,225.2,55.9,-8.8,0.0,225.2,160.49999999999997,0,64.6,250.0,500.0,12.6,52.7,1,0,1,0,0,2,1,1.02,1.018,1.06,0.995,69.4,85.0,100.5,0.0,40.9
default-grid_002359,default-grid,diurnal_normal_weekday,test,0,218.4,181.2,3.7,0.0,218.4,40.900000000000006,0,37.4,250.0,500.0,12.4,28.3,1,0,1,0,0,2,1,1.02,1.017,1.051,0.985,93.3,97.0,100.8,0.0,65.2
default-grid_002360,default-grid,near_limit_feeder_overload,test,1,209.6,56.9,0.0,0.0,209.6,152.7,0,36.5,250.0,500.0,12.3,51.1,1,0,0,0,0,1,1,1.02,1.017,1.062,0.995,68.6,84.0,99.4,0.0,41.1
default-grid_002361,default-grid,diurnal_normal_weekday,train,0,184.8,169.8,5.6,0.0,184.8,20.599999999999994,0,53.9,250.0,500.0,11.8,24.2,0,0,0,0,1,0,1,1.02,1.015,1.045,0.986,89.1,91.3,93.5,0.0,63.0
default-grid_002362,default-grid,reconfiguration_alternate,test,0,206.1,71.5,28.7,0.0,206.1,163.29999999999998,1,68.7,250.0,500.0,12.2,53.3,1,0,0,0,0,1,1,1.02,1.016,1.052,0.994,71.3,76.2,81.0,46.0,43.9
default-grid_002363,default-grid,solar_curtailment_active,test,0,219.9,44.3,-4.2,101.5,118.4,69.9,0,47.2,250.0,500.0,10.6,34.3,0,1,0,0,0,1,1,1.02,1.009,0.89,0.996,60.7,39.5,18.2,0.0,38.6
default-grid_002364,default-grid,solar_curtailment_active,test,0,214.4,66.9,-19.8,92.2,122.2,35.5,0,36.4,250.0,500.0,10.7,27.2,0,1,0,0,0,1,1,1.02,1.01,0.893,0.994,65.3,43.0,20.6,0.0,43.0
default-grid_002365,default-grid,bess_absorption_charging,train,0,209.9,107.0,-43.8,0.0,209.9,59.10000000000002,0,44.7,250.0,500.0,12.3,32.1,0,0,0,0,1,0,1,1.02,1.017,1.029,0.991,78.4,83.5,88.5,0.0,50.8
default-grid_002366,default-grid,solar_overvoltage_severe,test,0,293.3,25.6,0.0,0.0,293.3,267.7,0,73.6,250.0,500.0,13.8,74.6,1,0,1,0,0,2,1,1.02,1.023,1.087,0.998,67.6,92.4,117.2,0.0,35.0
default-grid_002367,default-grid,diurnal_normal_weekday,train,0,203.0,188.3,-11.9,0.0,203.0,2.799999999999983,0,63.7,250.0,500.0,12.2,20.6,0,0,0,0,1,0,1,1.02,1.016,1.034,0.984,93.8,94.4,95.1,0.0,66.6
default-grid_002368,default-grid,diurnal_normal_weekday,validation,0,90.9,159.2,-1.0,0.0,90.9,-69.29999999999998,0,51.9,250.0,500.0,10.1,34.1,0,0,0,0,1,0,1,1.02,1.007,1.014,0.987,81.4,77.7,74.0,0.0,61.0
default-grid_002369,default-grid,solar_overvoltage_moderate,test,0,221.7,46.2,-11.8,0.0,221.7,163.7,0,60.0,250.0,500.0,12.5,53.4,1,0,0,0,0,1,1,1.02,1.018,1.057,0.996,67.3,83.2,99.1,0.0,39.0
default-grid_002370,default-grid,bess_injection_discharging,train,0,44.6,175.6,26.0,0.0,44.6,-105.0,0,87.6,250.0,500.0,9.3,41.4,0,0,0,0,1,0,1,1.02,1.004,1.017,0.985,81.8,71.5,61.2,0.0,64.1
default-grid_002371,default-grid,diurnal_normal_weekday,test,0,167.7,126.2,-13.1,0.0,167.7,28.39999999999999,0,51.2,250.0,500.0,11.5,25.8,0,0,0,0,1,0,1,1.02,1.013,1.035,0.989,79.6,83.4,87.3,0.0,54.5
default-grid_002372,default-grid,evening_peak_demand,train,0,3.8,254.9,16.0,0.0,3.8,-235.1,0,56.1,250.0,500.0,8.6,68.0,0,0,0,0,1,0,1,1.02,1.0,0.982,0.979,94.8,74.3,53.8,0.0,79.6
default-grid_002373,default-grid,diurnal_normal_weekday,train,0,158.3,122.6,9.4,0.0,158.3,45.10000000000002,0,65.9,250.0,500.0,11.3,29.2,0,0,0,0,1,0,1,1.02,1.013,1.049,0.99,78.3,82.8,87.4,0.0,53.8
default-grid_002374,default-grid,evening_peak_demand,validation,0,0.2,263.1,13.0,0.0,0.2,-249.90000000000003,0,55.8,250.0,500.0,8.5,71.0,0,0,0,0,1,0,1,1.02,1.0,0.977,0.978,96.2,74.8,53.4,0.0,81.2
default-grid_002375,default-grid,near_limit_feeder_overload,validation,1,245.9,43.6,0.0,0.0,245.9,202.3,0,36.5,250.0,500.0,12.9,61.3,1,0,1,0,0,2,1,1.02,1.02,1.073,0.996,68.2,87.7,107.1,0.0,38.5
default-grid_002376,default-grid,bess_injection_discharging,train,0,52.3,269.4,22.0,0.0,52.3,-195.09999999999997,0,82.5,250.0,500.0,9.4,59.8,0,0,1,0,0,1,1,1.02,1.004,0.998,0.978,100.5,81.9,63.3,0.0,82.4
default-grid_002377,default-grid,diurnal_normal_weekday,validation,0,136.5,160.5,-12.0,0.0,136.5,-36.0,0,42.5,250.0,500.0,11.0,27.3,0,0,0,0,1,0,1,1.02,1.011,1.02,0.987,84.4,82.7,80.9,0.0,61.2
default-grid_002378,default-grid,near_limit_overvoltage,test,1,211.6,41.5,5.6,0.0,211.6,175.7,0,50.2,250.0,500.0,12.3,55.8,1,0,0,0,0,1,1,1.02,1.017,1.067,0.997,65.8,82.5,99.2,0.0,38.1
default-grid_002379,default-grid,evening_peak_demand,test,0,1.5,237.7,0.4,0.0,1.5,-235.79999999999998,0,47.6,250.0,500.0,8.5,68.1,0,0,0,0,1,0,1,1.02,1.0,0.973,0.98,91.3,73.3,55.3,0.0,76.2
default-grid_002380,default-grid,diurnal_normal_weekday,validation,0,173.7,165.9,-15.9,0.0,173.7,-8.100000000000023,0,42.5,250.0,500.0,11.6,21.7,0,0,0,0,1,0,1,1.02,1.014,1.027,0.986,87.7,87.8,87.8,0.0,62.3
default-grid_002381,default-grid,solar_curtailment_active,train,0,231.6,63.0,-2.6,106.9,124.69999999999999,59.099999999999994,0,65.9,250.0,500.0,10.7,32.1,0,1,0,0,0,1,1,1.02,1.01,0.885,0.995,64.7,40.7,16.6,0.0,42.2
default-grid_002382,default-grid,solar_overvoltage_severe,test,0,280.1,25.7,0.0,0.0,280.1,254.40000000000003,0,53.2,250.0,500.0,13.5,71.9,1,0,1,0,0,2,1,1.02,1.022,1.083,0.998,66.8,90.6,114.4,0.0,35.0
default-grid_002383,default-grid,bess_absorption_charging,test,0,224.4,62.9,-38.1,0.0,224.4,123.4,0,68.0,250.0,500.0,12.5,45.2,0,0,0,0,1,0,1,1.02,1.018,1.039,0.995,70.7,81.8,93.0,0.0,42.2
default-grid_002384,default-grid,diurnal_normal_weekend,train,0,118.7,89.7,2.2,0.0,118.7,31.200000000000003,0,68.7,250.0,500.0,10.6,26.4,0,0,0,0,1,0,1,1.02,1.009,1.037,0.993,69.6,74.8,79.9,0.0,47.4
default-grid_002385,default-grid,solar_overvoltage_moderate,train,0,224.1,33.9,-2.6,0.0,224.1,187.6,0,53.7,250.0,500.0,12.5,58.3,1,0,1,0,0,2,1,1.02,1.018,1.064,0.997,65.0,83.5,101.9,0.0,36.6
default-grid_002386,default-grid,solar_curtailment_active,train,0,284.3,90.9,-17.5,55.4,228.9,120.5,0,31.9,250.0,500.0,12.6,44.6,0,0,0,0,1,0,1,1.02,1.018,0.978,0.992,76.4,71.2,65.9,0.0,47.7
default-grid_002387,default-grid,extreme_stress_holdout,test,1,295.6,26.4,0.0,14.3,281.3,254.9,0,96.0,250.0,500.0,13.6,72.0,1,0,1,0,0,2,1,1.02,1.023,1.063,0.998,67.0,86.5,106.1,0.0,35.1
default-grid_002388,default-grid,diurnal_normal_weekday,train,0,90.7,143.1,9.6,0.0,90.7,-42.8,0,37.4,250.0,500.0,10.1,28.7,0,0,0,0,1,0,1,1.02,1.007,1.025,0.988,78.3,75.7,73.0,0.0,57.8
default-grid_002389,default-grid,diurnal_normal_weekday,train,0,114.8,125.5,-2.1,0.0,114.8,-12.799999999999997,0,38.1,250.0,500.0,10.6,22.6,0,0,0,0,1,0,1,1.02,1.009,1.027,0.99,76.3,77.5,78.8,0.0,54.4
default-grid_002390,default-grid,bess_absorption_charging,train,0,187.2,54.9,-54.9,0.0,187.2,77.39999999999998,0,68.7,250.0,500.0,11.9,35.8,0,0,0,0,1,0,1,1.02,1.015,1.016,0.995,66.9,74.0,81.0,0.0,40.7
default-grid_002391,default-grid,evening_peak_demand,train,0,2.5,261.8,22.0,0.0,2.5,-237.3,0,83.6,250.0,500.0,8.5,68.4,0,0,0,0,1,0,1,1.02,1.0,0.984,0.978,96.1,74.4,52.8,0.0,80.9
default-grid_002392,default-grid,bess_injection_discharging,train,0,4.3,239.5,47.4,0.0,4.3,-187.8,0,41.4,250.0,500.0,8.6,58.3,0,0,0,0,1,0,1,1.02,1.0,1.008,0.98,91.8,70.9,50.0,0.0,76.6
default-grid_002393,default-grid,bess_absorption_charging,train,0,221.8,67.1,-49.2,0.0,221.8,105.50000000000003,0,43.7,250.0,500.0,12.5,41.5,0,0,0,0,1,0,1,1.02,1.018,1.03,0.994,71.4,80.6,89.7,0.0,43.0
default-grid_002394,default-grid,evening_peak_demand,train,0,0.1,281.0,7.5,0.0,0.1,-273.4,0,77.7,250.0,500.0,8.5,75.8,0,0,0,0,1,0,1,1.02,1.0,0.969,0.977,99.6,76.8,54.1,0.0,84.6
default-grid_002395,default-grid,evening_peak_demand,train,0,4.9,214.0,3.3,0.0,4.9,-205.8,0,69.0,250.0,500.0,8.6,62.0,0,0,0,0,1,0,1,1.02,1.0,0.981,0.982,86.9,71.2,55.6,0.0,71.6
default-grid_002396,default-grid,diurnal_normal_weekend,test,0,198.2,59.0,-12.2,0.0,198.2,127.0,0,37.1,250.0,500.0,12.1,45.9,0,0,0,0,1,0,1,1.02,1.016,1.05,0.995,68.4,81.2,94.0,0.0,41.5
default-grid_002397,default-grid,reconfiguration_alternate,test,0,146.0,69.2,21.9,0.0,146.0,98.7,1,59.4,250.0,500.0,11.1,40.1,0,0,0,0,1,0,1,1.02,1.012,1.038,0.994,67.2,69.1,70.9,46.0,43.5
default-grid_002398,default-grid,diurnal_normal_weekday,test,0,111.7,185.6,-2.8,0.0,111.7,-76.69999999999999,0,62.8,250.0,500.0,10.5,35.6,0,0,0,0,1,0,1,1.02,1.009,1.014,0.985,87.8,82.9,78.0,0.0,66.1
default-grid_002399,default-grid,diurnal_normal_weekday,train,0,156.0,156.6,5.2,0.0,156.0,4.599999999999994,0,44.3,250.0,500.0,11.3,20.9,0,0,0,0,1,0,1,1.02,1.012,1.039,0.987,84.8,86.1,87.4,0.0,60.5
default-grid_002400,default-grid,diurnal_normal_weekday,test,0,136.4,154.1,-1.6,0.0,136.4,-19.299999999999983,0,62.1,250.0,500.0,11.0,23.9,0,0,0,0,1,0,1,1.02,1.011,1.028,0.987,83.1,83.3,83.5,0.0,60.0
default-grid_002401,default-grid,bess_injection_discharging,validation,0,63.4,242.5,39.7,0.0,63.4,-139.4,0,38.8,250.0,500.0,9.6,48.4,0,0,0,0,1,0,1,1.02,1.005,1.019,0.98,96.0,79.8,63.5,0.0,77.2
default-grid_002402,default-grid,solar_overvoltage_severe,train,0,251.9,34.9,0.0,0.0,251.9,217.0,0,30.4,250.0,500.0,13.0,64.3,1,0,1,0,0,2,1,1.02,1.02,1.075,0.997,66.9,87.7,108.4,0.0,36.8
default-grid_002403,default-grid,nighttime_low_load,train,0,0.0,25.7,0.0,0.0,0.0,-25.7,0,35.6,250.0,500.0,8.5,25.2,0,0,0,0,1,0,1,1.02,1.0,1.0,0.998,50.0,52.5,55.0,0.0,35.0
default-grid_002404,default-grid,solar_curtailment_active,train,0,287.0,45.8,-12.8,85.8,201.2,142.59999999999997,0,69.1,250.0,500.0,12.1,49.1,0,1,0,0,0,1,1,1.02,1.016,0.93,0.996,66.0,54.5,43.0,0.0,38.9
default-grid_002405,default-grid,diurnal_normal_weekend,validation,0,180.0,44.1,-6.7,0.0,180.0,129.20000000000002,0,60.4,250.0,500.0,11.7,46.4,0,0,0,0,1,0,1,1.02,1.014,1.048,0.996,64.4,78.0,91.5,0.0,38.6
default-grid_002406,default-grid,evening_peak_demand,train,0,3.9,282.7,0.2,0.0,3.9,-278.59999999999997,0,61.2,250.0,500.0,8.6,76.8,0,0,1,0,0,1,1,1.02,1.0,0.965,0.976,100.2,78.0,55.8,0.0,85.0
default-grid_002407,default-grid,nighttime_low_load,train,0,0.0,43.9,0.0,0.0,0.0,-43.9,0,44.9,250.0,500.0,8.5,29.0,0,0,0,0,1,0,1,1.02,1.0,1.0,0.996,53.5,54.2,55.0,0.0,38.5
default-grid_002408,default-grid,diurnal_normal_weekday,train,0,204.4,122.0,9.0,0.0,204.4,91.4,0,71.9,250.0,500.0,12.2,38.6,1,0,0,0,0,1,1,1.02,1.016,1.063,0.99,81.0,89.1,97.2,0.0,53.7
default-grid_002409,default-grid,evening_peak_demand,train,0,2.6,270.3,4.7,0.0,2.6,-263.0,0,84.7,250.0,500.0,8.5,73.6,0,0,0,0,1,0,1,1.02,1.0,0.97,0.977,97.7,76.3,55.0,0.0,82.6
default-grid_002410,default-grid,diurnal_normal_weekday,train,0,192.2,123.6,-10.1,0.0,192.2,58.5,0,49.3,250.0,500.0,12.0,31.9,0,0,0,0,1,0,1,1.02,1.015,1.045,0.99,80.6,86.9,93.2,0.0,54.0
default-grid_002411,default-grid,solar_overvoltage_severe,test,0,294.5,29.7,0.0,0.0,294.5,264.8,0,69.6,250.0,500.0,13.8,74.0,1,0,1,0,0,2,1,1.02,1.024,1.087,0.998,68.4,92.9,117.4,0.0,35.8
default-grid_002412,default-grid,reconfiguration_alternate,train,0,152.3,66.3,24.5,0.0,152.3,110.50000000000001,1,61.8,250.0,500.0,11.2,42.5,0,0,0,0,1,0,1,1.02,1.012,1.041,0.994,67.0,69.3,71.7,46.0,42.9
default-grid_002413,default-grid,reconfiguration_alternate,validation,0,177.9,210.0,-28.8,0.0,177.9,-60.900000000000006,1,39.6,250.0,500.0,11.7,32.4,0,0,0,0,1,0,1,1.02,1.014,0.984,0.983,96.5,84.7,72.8,46.0,70.8
default-grid_002414,default-grid,near_limit_tx_overload,test,1,27.4,327.0,0.0,0.0,27.4,-299.6,0,42.2,250.0,500.0,9.0,81.1,0,0,1,0,0,1,1,1.02,1.002,0.963,0.973,110.2,85.5,60.8,0.0,93.6
default-grid_002415,default-grid,solar_overvoltage_severe,train,0,261.0,29.8,0.0,0.0,261.0,231.2,0,35.7,250.0,500.0,13.2,67.2,1,0,1,0,0,2,1,1.02,1.021,1.077,0.998,66.5,88.4,110.3,0.0,35.8
default-grid_002416,default-grid,solar_curtailment_active,train,0,280.6,79.1,-20.4,79.7,200.90000000000003,101.40000000000003,0,67.3,250.0,500.0,12.1,40.7,0,1,0,0,0,1,1,1.02,1.016,0.933,0.993,72.4,58.6,44.7,0.0,45.4
default-grid_002417,default-grid,solar_overvoltage_moderate,train,0,187.6,46.6,-4.1,0.0,187.6,136.9,0,56.2,250.0,500.0,11.9,47.9,1,0,0,0,0,1,1,1.02,1.015,1.053,0.996,65.3,79.5,93.7,0.0,39.1
default-grid_002418,default-grid,diurnal_normal_weekday,train,0,209.3,164.8,-14.1,0.0,209.3,30.400000000000006,0,42.2,250.0,500.0,12.3,26.2,0,0,0,0,1,0,1,1.02,1.017,1.039,0.986,89.6,92.7,95.8,0.0,62.0
default-grid_002419,default-grid,extreme_stress_holdout,test,1,313.9,28.6,0.0,35.5,278.4,249.79999999999998,0,18.0,250.0,500.0,13.5,70.9,0,0,0,0,1,0,1,1.02,1.022,1.033,0.998,67.3,80.0,92.7,0.0,35.6
default-grid_002420,default-grid,diurnal_normal_weekday,train,0,154.0,194.6,-17.4,0.0,154.0,-58.0,0,64.8,250.0,500.0,11.3,31.8,0,0,0,0,1,0,1,1.02,1.012,1.014,0.984,92.1,87.7,83.3,0.0,67.8
default-grid_002421,default-grid,diurnal_normal_weekend,test,0,141.2,79.9,-2.1,0.0,141.2,59.19999999999999,0,49.9,250.0,500.0,11.0,32.1,0,0,0,0,1,0,1,1.02,1.011,1.04,0.993,69.0,76.7,84.4,0.0,45.5
default-grid_002422,default-grid,bess_injection_discharging,train,0,67.5,214.5,57.1,0.0,67.5,-89.9,0,79.2,250.0,500.0,9.7,38.3,0,0,0,0,1,0,1,1.02,1.005,1.038,0.982,90.8,76.5,62.2,0.0,71.7
default-grid_002423,default-grid,diurnal_normal_weekday,train,0,150.4,200.6,-1.6,0.0,150.4,-51.79999999999998,0,60.9,250.0,500.0,11.2,30.6,0,0,0,0,1,0,1,1.02,1.012,1.023,0.983,93.0,89.8,86.5,0.0,69.0
default-grid_002424,default-grid,evening_peak_demand,train,0,4.5,203.0,20.3,0.0,4.5,-178.2,0,76.1,250.0,500.0,8.6,56.3,0,0,0,0,1,0,1,1.02,1.0,0.995,0.983,84.7,69.0,53.4,0.0,69.5
default-grid_002425,default-grid,solar_curtailment_active,train,0,221.5,52.5,-18.1,78.6,142.9,72.30000000000001,0,52.1,250.0,500.0,11.1,34.7,0,1,0,0,0,1,1,1.02,1.011,0.919,0.996,63.8,48.7,33.6,0.0,40.2
default-grid_002426,default-grid,near_limit_undervoltage,test,1,23.9,243.3,-3.1,0.0,23.9,-222.5,0,63.1,250.0,500.0,8.9,65.4,0,0,0,0,1,0,1,1.02,1.002,0.976,0.98,93.7,76.5,59.3,0.0,77.3
default-grid_002427,default-grid,nighttime_low_load,train,0,0.0,40.4,0.0,0.0,0.0,-40.4,0,31.9,250.0,500.0,8.5,28.2,0,0,0,0,1,0,1,1.02,1.0,1.0,0.997,52.9,54.0,55.0,0.0,37.9
default-grid_002428,default-grid,evening_peak_demand,train,0,0.1,298.5,22.3,0.0,0.1,-276.1,0,61.7,250.0,500.0,8.5,76.3,0,0,1,0,0,1,1,1.02,1.0,0.976,0.975,103.0,77.6,52.2,0.0,88.0
default-grid_002429,default-grid,evening_peak_demand,validation,0,0.8,221.9,7.9,0.0,0.8,-213.20000000000002,0,52.6,250.0,500.0,8.5,63.5,0,0,0,0,1,0,1,1.02,1.0,0.982,0.982,88.2,71.2,54.2,0.0,73.1
default-grid_002430,default-grid,solar_overvoltage_severe,train,0,292.2,25.0,0.0,0.0,292.2,267.2,0,36.6,250.0,500.0,13.8,74.5,1,0,1,0,0,2,1,1.02,1.023,1.086,0.998,67.4,92.2,116.9,0.0,34.9
default-grid_002431,default-grid,evening_peak_demand,train,0,2.1,239.9,6.9,0.0,2.1,-230.9,0,65.6,250.0,500.0,8.5,67.1,0,0,0,0,1,0,1,1.02,1.0,0.978,0.98,91.8,73.2,54.6,0.0,76.6
default-grid_002432,default-grid,diurnal_normal_weekend,train,0,176.6,139.2,-1.9,0.0,176.6,35.5,0,72.7,250.0,500.0,11.7,27.2,0,0,0,0,1,0,1,1.02,1.014,1.043,0.988,82.7,87.3,92.0,0.0,57.1
default-grid_002433,default-grid,nighttime_low_load,train,0,0.0,29.3,0.0,0.0,0.0,-29.3,0,68.2,250.0,500.0,8.5,26.0,0,0,0,0,1,0,1,1.02,1.0,1.0,0.998,50.7,52.9,55.0,0.0,35.7
default-grid_002434,default-grid,evening_peak_demand,train,0,1.8,286.9,5.1,0.0,1.8,-280.0,0,83.3,250.0,500.0,8.5,77.1,0,0,1,0,0,1,1,1.02,1.0,0.967,0.976,100.9,77.8,54.7,0.0,85.8
default-grid_002435,default-grid,evening_peak_demand,train,0,3.3,282.8,14.9,0.0,3.3,-264.6,0,65.2,250.0,500.0,8.6,74.0,0,0,1,0,0,1,1,1.02,1.0,0.975,0.976,100.2,77.0,53.8,0.0,85.0
default-grid_002436,default-grid,solar_overvoltage_moderate,train,0,217.8,85.6,-11.7,0.0,217.8,120.50000000000003,0,37.2,250.0,500.0,12.4,44.6,1,0,0,0,0,1,1,1.02,1.017,1.056,0.993,74.7,86.5,98.2,0.0,46.6
default-grid_002437,default-grid,diurnal_normal_weekend,train,0,153.9,115.9,-0.6,0.0,153.9,37.400000000000006,0,63.7,250.0,500.0,11.3,27.6,0,0,0,0,1,0,1,1.02,1.012,1.042,0.99,76.8,82.2,87.5,0.0,52.5
default-grid_002438,default-grid,solar_overvoltage_severe,train,0,286.4,25.9,0.0,0.0,286.4,260.5,0,71.5,250.0,500.0,13.7,73.1,1,0,1,0,0,2,1,1.02,1.023,1.085,0.998,67.2,91.5,115.7,0.0,35.0
default-grid_002439,default-grid,solar_overvoltage_moderate,train,0,215.9,50.5,-4.2,0.0,215.9,161.20000000000002,0,34.9,250.0,500.0,12.4,52.9,1,0,0,0,0,1,1,1.02,1.017,1.061,0.996,67.8,83.8,99.7,0.0,39.8
default-grid_002440,default-grid,diurnal_normal_weekday,train,0,94.1,169.3,-7.6,0.0,94.1,-82.80000000000001,0,34.1,250.0,500.0,10.2,36.9,0,0,0,0,1,0,1,1.02,1.008,1.008,0.986,83.6,78.3,73.0,0.0,62.9
default-grid_002441,default-grid,diurnal_normal_weekend,train,0,134.8,127.9,-10.1,0.0,134.8,-3.1999999999999886,0,30.4,250.0,500.0,10.9,20.7,0,0,0,0,1,0,1,1.02,1.011,1.027,0.989,78.0,79.5,81.1,0.0,54.9
default-grid_002442,default-grid,evening_peak_demand,train,0,2.0,304.3,21.0,0.0,2.0,-281.3,0,58.9,250.0,500.0,8.5,77.4,0,0,1,0,0,1,1,1.02,1.0,0.975,0.975,104.3,78.5,52.8,0.0,89.2
default-grid_002443,default-grid,nighttime_low_load,validation,0,0.0,29.1,0.0,0.0,0.0,-29.1,0,35.9,250.0,500.0,8.5,25.9,0,0,0,0,1,0,1,1.02,1.0,1.0,0.998,50.7,52.9,55.0,0.0,35.7
default-grid_002444,default-grid,bess_absorption_charging,train,0,226.4,129.4,-52.5,0.0,226.4,44.5,0,40.2,250.0,500.0,12.6,29.1,0,0,0,0,1,0,1,1.02,1.018,1.023,0.989,83.7,86.8,89.9,0.0,55.2
default-grid_002445,default-grid,evening_peak_demand,train,0,3.9,261.0,3.8,0.0,3.9,-253.3,0,57.5,250.0,500.0,8.6,71.7,0,0,0,0,1,0,1,1.02,1.0,0.972,0.978,96.0,75.7,55.4,0.0,80.8
default-grid_002446,default-grid,solar_overvoltage_moderate,train,0,190.5,82.9,-1.3,0.0,190.5,106.29999999999998,0,35.0,250.0,500.0,11.9,41.7,1,0,0,0,0,1,1,1.02,1.015,1.055,0.993,72.5,83.8,95.1,0.0,46.1
default-grid_002447,default-grid,nighttime_low_load,train,0,0.0,42.5,0.0,0.0,0.0,-42.5,0,54.7,250.0,500.0,8.5,28.7,0,0,0,0,1,0,1,1.02,1.0,1.0,0.996,53.3,54.1,55.0,0.0,38.3
default-grid_002448,default-grid,solar_overvoltage_moderate,train,0,194.2,70.3,-6.4,0.0,194.2,117.49999999999999,0,52.5,250.0,500.0,12.0,44.0,1,0,0,0,0,1,1,1.02,1.016,1.053,0.994,70.3,82.4,94.6,0.0,43.7
default-grid_002449,default-grid,evening_peak_demand,train,0,2.6,294.1,0.3,0.0,2.6,-291.20000000000005,0,67.8,250.0,500.0,8.5,79.4,0,0,1,0,0,1,1,1.02,1.0,0.962,0.975,102.3,78.9,55.5,0.0,87.2
default-grid_002450,default-grid,diurnal_normal_weekday,train,0,160.7,202.3,7.7,0.0,160.7,-33.900000000000034,0,48.2,250.0,500.0,11.4,26.9,0,0,0,0,1,0,1,1.02,1.013,1.033,0.983,94.0,91.0,88.1,0.0,69.3
default-grid_002451,default-grid,evening_peak_demand,train,0,2.4,214.4,13.4,0.0,2.4,-198.6,0,81.0,250.0,500.0,8.5,60.5,0,0,0,0,1,0,1,1.02,1.0,0.988,0.982,86.8,70.3,53.8,0.0,71.7
default-grid_002452,default-grid,diurnal_normal_weekday,train,0,204.7,165.6,-10.9,0.0,204.7,28.19999999999999,0,36.4,250.0,500.0,12.2,25.8,0,0,0,0,1,0,1,1.02,1.016,1.04,0.986,89.5,92.6,95.7,0.0,62.2
default-grid_002453,default-grid,diurnal_normal_weekday,train,0,158.4,178.3,-5.6,0.0,158.4,-25.5,0,52.9,250.0,500.0,11.4,25.2,0,0,0,0,1,0,1,1.02,1.013,1.027,0.985,89.2,88.2,87.2,0.0,64.7
default-grid_002454,default-grid,solar_overvoltage_severe,test,0,259.3,36.0,0.0,0.0,259.3,223.3,0,57.2,250.0,500.0,13.2,65.5,1,0,1,0,0,2,1,1.02,1.021,1.077,0.997,67.6,88.8,110.0,0.0,37.0
default-grid_002455,default-grid,diurnal_normal_weekday,train,0,126.9,137.1,6.4,0.0,126.9,-3.799999999999983,0,39.2,250.0,500.0,10.8,20.8,0,0,0,0,1,0,1,1.02,1.01,1.035,0.989,79.3,80.2,81.1,0.0,56.7
default-grid_002456,default-grid,near_limit_tx_overload,test,1,44.6,334.7,0.0,0.0,44.6,-290.09999999999997,0,48.6,250.0,500.0,9.3,79.2,0,0,1,0,0,1,1,1.02,1.004,0.966,0.972,112.8,88.7,64.5,0.0,95.1
default-grid_002457,default-grid,bess_injection_discharging,train,0,13.4,259.2,60.0,0.0,13.4,-185.79999999999998,0,71.6,250.0,500.0,8.7,57.9,0,0,0,0,1,0,1,1.02,1.001,1.016,0.978,96.2,73.2,50.3,0.0,80.4
default-grid_002458,default-grid,diurnal_normal_weekday,train,0,202.9,162.3,8.6,0.0,202.9,49.19999999999999,0,69.2,250.0,500.0,12.2,30.0,1,0,0,0,0,1,1,1.02,1.016,1.054,0.986,88.7,92.8,96.9,0.0,61.6
default-grid_002459,default-grid,diurnal_normal_weekday,validation,0,142.9,186.2,-16.4,0.0,142.9,-59.69999999999999,0,45.0,250.0,500.0,11.1,32.2,0,0,0,0,1,0,1,1.02,1.011,1.013,0.984,89.8,85.5,81.2,0.0,66.2
default-grid_002460,default-grid,diurnal_normal_weekday,train,0,204.8,152.7,-10.0,0.0,204.8,42.10000000000002,0,39.1,250.0,500.0,12.2,28.6,0,0,0,0,1,0,1,1.02,1.016,1.043,0.987,87.0,91.5,95.9,0.0,59.7
default-grid_002461,default-grid,solar_overvoltage_moderate,train,0,224.4,42.8,-9.3,0.0,224.4,172.3,0,36.1,250.0,500.0,12.5,55.1,1,0,1,0,0,2,1,1.02,1.018,1.06,0.996,66.8,83.5,100.2,0.0,38.3
default-grid_002462,default-grid,solar_overvoltage_moderate,train,0,216.9,58.9,-7.3,0.0,216.9,150.7,0,59.9,250.0,500.0,12.4,50.7,1,0,0,0,0,1,1,1.02,1.017,1.059,0.995,69.5,84.3,99.2,0.0,41.5
default-grid_002463,default-grid,bess_absorption_charging,train,0,208.6,96.6,-38.6,0.0,208.6,73.4,0,71.4,250.0,500.0,12.3,35.0,0,0,0,0,1,0,1,1.02,1.017,1.034,0.992,76.3,82.9,89.6,0.0,48.8
default-grid_002464,default-grid,solar_overvoltage_moderate,validation,0,210.0,45.7,-9.1,0.0,210.0,155.2,0,57.2,250.0,500.0,12.3,51.7,1,0,0,0,0,1,1,1.02,1.017,1.056,0.996,66.5,81.8,97.2,0.0,38.9
default-grid_002465,default-grid,diurnal_normal_weekend,test,0,227.8,96.3,-9.3,0.0,227.8,122.2,0,30.9,250.0,500.0,12.6,44.9,1,0,1,0,0,2,1,1.02,1.018,1.061,0.992,77.4,89.2,101.0,0.0,48.7
default-grid_002466,default-grid,solar_overvoltage_moderate,train,0,211.4,76.5,-0.4,0.0,211.4,134.5,0,62.5,250.0,500.0,12.3,47.4,1,0,0,0,0,1,1,1.02,1.017,1.062,0.994,72.6,86.2,99.7,0.0,44.9
default-grid_002467,default-grid,diurnal_normal_weekday,test,0,182.5,189.7,3.6,0.0,182.5,-3.5999999999999943,0,48.2,250.0,500.0,11.8,20.7,0,0,0,0,1,0,1,1.02,1.015,1.039,0.984,92.8,93.0,93.2,0.0,66.9
default-grid_002468,default-grid,solar_overvoltage_severe,train,0,276.3,36.1,0.0,0.0,276.3,240.20000000000002,0,53.0,250.0,500.0,13.5,69.0,1,0,1,0,0,2,1,1.02,1.022,1.082,0.997,68.6,91.1,113.6,0.0,37.0
default-grid_002469,default-grid,evening_peak_demand,train,0,3.5,206.7,16.8,0.0,3.5,-186.39999999999998,0,53.7,250.0,500.0,8.6,58.0,0,0,0,0,1,0,1,1.02,1.0,0.992,0.983,85.4,69.5,53.6,0.0,70.2
default-grid_002470,default-grid,bess_absorption_charging,validation,0,249.1,78.1,-43.1,0.0,249.1,127.9,0,29.0,250.0,500.0,13.0,46.1,0,0,0,0,1,0,1,1.02,1.02,1.042,0.993,75.1,86.0,97.0,0.0,45.2
default-grid_002471,default-grid,diurnal_normal_weekday,train,0,176.4,176.8,-4.0,0.0,176.4,-4.400000000000006,0,74.6,250.0,500.0,11.7,20.9,0,0,0,0,1,0,1,1.02,1.014,1.034,0.985,90.0,90.7,91.4,0.0,64.4
default-grid_002472,default-grid,diurnal_normal_weekday,validation,0,196.4,172.9,9.7,0.0,196.4,33.19999999999999,0,37.5,250.0,500.0,12.0,26.8,1,0,0,0,0,1,1,1.02,1.016,1.051,0.986,90.4,92.9,95.4,0.0,63.6
default-grid_002473,default-grid,solar_overvoltage_severe,train,0,258.9,41.0,0.0,0.0,258.9,217.89999999999998,0,50.8,250.0,500.0,13.2,64.4,1,0,1,0,0,2,1,1.02,1.021,1.077,0.997,68.5,89.2,109.9,0.0,38.0
default-grid_002474,default-grid,solar_overvoltage_moderate,train,0,231.8,44.6,-11.6,0.0,231.8,175.60000000000002,0,46.4,250.0,500.0,12.7,55.8,1,0,1,0,0,2,1,1.02,1.019,1.06,0.996,67.6,84.4,101.2,0.0,38.7
default-grid_002475,default-grid,solar_overvoltage_severe,train,0,246.0,29.9,0.0,0.0,246.0,216.1,0,49.0,250.0,500.0,12.9,64.1,1,0,1,0,0,2,1,1.02,1.02,1.073,0.998,65.6,86.4,107.2,0.0,35.8
default-grid_002476,default-grid,evening_peak_demand,validation,0,4.5,248.3,15.6,0.0,4.5,-228.20000000000002,0,50.3,250.0,500.0,8.6,66.5,0,0,0,0,1,0,1,1.02,1.0,0.983,0.979,93.6,73.8,54.0,0.0,78.3
default-grid_002477,default-grid,diurnal_normal_weekend,test,0,118.5,67.9,-17.6,0.0,118.5,33.0,0,43.5,250.0,500.0,10.6,26.7,0,0,0,0,1,0,1,1.02,1.009,1.022,0.994,65.3,70.5,75.7,0.0,43.2
default-grid_002478,default-grid,diurnal_normal_weekend,train,0,185.3,51.7,1.0,0.0,185.3,134.60000000000002,0,52.2,250.0,500.0,11.8,47.5,1,0,0,0,0,1,1,1.02,1.015,1.056,0.996,66.2,80.2,94.2,0.0,40.1
default-grid_002479,default-grid,reconfiguration_alternate,test,0,144.2,157.5,0.7,0.0,144.2,-12.600000000000023,1,43.5,250.0,500.0,11.1,22.6,0,0,0,0,1,0,1,1.02,1.012,1.011,0.987,84.3,78.5,72.8,46.0,60.6
default-grid_002480,default-grid,solar_overvoltage_moderate,validation,0,216.5,79.6,-6.9,0.0,216.5,130.0,0,64.3,250.0,500.0,12.4,46.5,1,0,0,0,0,1,1,1.02,1.017,1.059,0.993,73.5,86.3,99.2,0.0,45.5
default-grid_002481,default-grid,diurnal_normal_weekday,test,0,219.1,138.7,5.5,0.0,219.1,85.9,0,37.8,250.0,500.0,12.4,37.5,1,0,1,0,0,2,1,1.02,1.018,1.061,0.988,85.1,92.9,100.8,0.0,57.0
default-grid_002482,default-grid,reconfiguration_alternate,train,0,239.6,137.8,7.3,0.0,239.6,109.1,1,49.3,250.0,500.0,12.8,42.3,0,0,0,0,1,0,1,1.02,1.019,1.034,0.989,86.2,87.8,89.3,46.0,56.8
default-grid_002483,default-grid,solar_overvoltage_moderate,train,0,197.3,54.3,-1.8,0.0,197.3,141.2,0,59.9,250.0,500.0,12.1,48.8,1,0,0,0,0,1,1,1.02,1.016,1.057,0.995,67.4,81.9,96.4,0.0,40.6
default-grid_002484,default-grid,reconfiguration_alternate,train,0,193.8,104.5,11.1,0.0,193.8,100.4,1,49.8,250.0,500.0,12.0,40.5,0,0,0,0,1,0,1,1.02,1.016,1.037,0.991,76.9,78.8,80.7,46.0,50.3
default-grid_002485,default-grid,solar_overvoltage_severe,train,0,289.4,24.4,0.0,0.0,289.4,265.0,0,58.3,250.0,500.0,13.7,74.0,1,0,1,0,0,2,1,1.02,1.023,1.086,0.998,67.1,91.8,116.4,0.0,34.7
default-grid_002486,default-grid,solar_overvoltage_severe,train,0,262.9,38.1,0.0,0.0,262.9,224.79999999999998,0,33.4,250.0,500.0,13.2,65.9,1,0,1,0,0,2,1,1.02,1.021,1.078,0.997,68.2,89.5,110.7,0.0,37.4
default-grid_002487,default-grid,bess_injection_discharging,train,0,5.8,171.8,40.2,0.0,5.8,-125.80000000000001,0,60.9,250.0,500.0,8.6,45.7,0,0,0,0,1,0,1,1.02,1.0,1.017,0.986,78.8,65.0,51.2,0.0,63.4
default-grid_002488,default-grid,diurnal_normal_weekday,validation,0,190.9,173.4,-15.5,0.0,190.9,2.0,0,63.7,250.0,500.0,11.9,20.4,0,0,0,0,1,0,1,1.02,1.015,1.031,0.986,90.2,90.9,91.6,0.0,63.7
default-grid_002489,default-grid,reconfiguration_alternate,train,0,199.2,199.9,5.9,0.0,199.2,5.199999999999989,1,30.4,250.0,500.0,12.1,21.1,0,0,0,0,1,0,1,1.02,1.016,1.015,0.983,95.8,89.0,82.2,46.0,68.9
default-grid_002490,default-grid,diurnal_normal_weekday,train,0,232.0,194.9,-7.8,0.0,232.0,29.299999999999983,0,64.7,250.0,500.0,12.7,26.0,0,0,1,0,0,1,1,1.02,1.019,1.044,0.984,96.8,99.5,102.2,0.0,67.9
default-grid_002491,default-grid,diurnal_normal_weekday,train,0,159.8,160.6,-5.0,0.0,159.8,-5.799999999999983,0,33.2,250.0,500.0,11.4,21.2,0,0,0,0,1,0,1,1.02,1.013,1.032,0.987,85.8,86.7,87.6,0.0,61.2
default-grid_002492,default-grid,solar_overvoltage_severe,validation,0,267.5,38.5,0.0,0.0,267.5,229.0,0,47.1,250.0,500.0,13.3,66.7,1,0,1,0,0,2,1,1.02,1.021,1.079,0.997,68.5,90.1,111.7,0.0,37.5
default-grid_002493,default-grid,solar_curtailment_active,test,0,235.1,105.1,-19.8,43.8,191.3,66.4,0,36.3,250.0,500.0,11.9,33.5,0,0,0,0,1,0,1,1.02,1.015,0.98,0.991,76.9,70.6,64.3,0.0,50.4
default-grid_002494,default-grid,near_limit_undervoltage,test,1,10.7,269.6,-0.0,0.0,10.7,-258.90000000000003,0,64.6,250.0,500.0,8.7,72.8,0,0,0,0,1,0,1,1.02,1.001,0.969,0.978,98.1,77.7,57.3,0.0,82.4
default-grid_002495,default-grid,near_limit_feeder_overload,validation,1,200.4,48.9,0.0,0.0,200.4,151.5,0,64.8,250.0,500.0,12.1,50.9,1,0,0,0,0,1,1,1.02,1.016,1.059,0.996,66.5,82.0,97.5,0.0,39.5
default-grid_002496,default-grid,nighttime_low_load,train,0,0.0,39.8,0.0,0.0,0.0,-39.8,0,59.3,250.0,500.0,8.5,28.1,0,0,0,0,1,0,1,1.02,1.0,1.0,0.997,52.7,53.9,55.0,0.0,37.7
default-grid_002497,default-grid,extreme_stress_holdout,test,1,306.4,22.7,0.0,22.3,284.09999999999997,261.4,0,96.0,250.0,500.0,13.6,73.3,1,0,1,0,0,2,1,1.02,1.023,1.053,0.998,66.5,84.2,101.8,0.0,34.4
default-grid_002498,default-grid,diurnal_normal_weekend,train,0,141.2,144.0,-11.5,0.0,141.2,-14.300000000000011,0,71.8,250.0,500.0,11.0,22.9,0,0,0,0,1,0,1,1.02,1.011,1.025,0.988,81.5,81.8,82.1,0.0,58.0
default-grid_002499,default-grid,near_limit_overvoltage,validation,1,183.1,51.9,-7.5,0.0,183.1,123.69999999999999,0,64.3,250.0,500.0,11.8,45.2,0,0,0,0,1,0,1,1.02,1.015,1.049,0.996,66.1,79.0,91.9,0.0,40.1
default-grid_002500,default-grid,near_limit_feeder_overload,test,1,207.2,49.4,0.0,0.0,207.2,157.79999999999998,0,52.2,250.0,500.0,12.2,52.2,1,0,0,0,0,1,1,1.02,1.017,1.061,0.996,67.0,83.0,98.9,0.0,39.6
default-grid_002501,default-grid,solar_overvoltage_moderate,validation,0,194.0,30.6,-9.5,0.0,194.0,153.9,0,53.8,250.0,500.0,12.0,51.4,1,0,0,0,0,1,1,1.02,1.016,1.051,0.997,62.6,78.2,93.8,0.0,36.0
default-grid_002502,default-grid,solar_curtailment_active,train,0,221.0,98.7,-5.9,109.5,111.5,6.8999999999999915,0,54.1,250.0,500.0,10.5,21.4,0,1,0,0,0,1,1,1.02,1.009,0.875,0.992,70.9,41.2,11.5,0.0,49.2
default-grid_002503,default-grid,solar_overvoltage_moderate,train,0,221.0,86.3,-2.7,0.0,221.0,132.0,0,40.3,250.0,500.0,12.5,46.9,1,0,1,0,0,2,1,1.02,1.018,1.063,0.993,75.0,88.1,101.2,0.0,46.8
default-grid_002504,default-grid,solar_overvoltage_severe,validation,0,293.8,31.8,0.0,0.0,293.8,262.0,0,47.8,250.0,500.0,13.8,73.4,1,0,1,0,0,2,1,1.02,1.024,1.087,0.997,68.8,93.0,117.3,0.0,36.2
default-grid_002505,default-grid,near_limit_overvoltage,validation,1,165.0,67.6,2.2,0.0,165.0,99.6,0,43.9,250.0,500.0,11.5,40.3,0,0,0,0,1,0,1,1.02,1.013,1.05,0.994,68.0,78.8,89.7,0.0,43.1
default-grid_002506,default-grid,diurnal_normal_weekend,test,0,162.0,101.3,5.3,0.0,162.0,66.00000000000001,0,71.4,250.0,500.0,11.4,33.5,1,0,0,0,0,1,1,1.02,1.013,1.052,0.992,74.4,81.6,88.7,0.0,49.7
default-grid_002507,default-grid,diurnal_normal_weekday,train,0,111.3,174.0,-8.2,0.0,111.3,-70.9,0,54.7,250.0,500.0,10.5,34.5,0,0,0,0,1,0,1,1.02,1.009,1.012,0.986,85.5,81.0,76.5,0.0,63.8
default-grid_002508,default-grid,diurnal_normal_weekend,train,0,115.0,54.6,-3.8,0.0,115.0,56.6,0,68.8,250.0,500.0,10.6,31.5,0,0,0,0,1,0,1,1.02,1.009,1.031,0.995,62.5,70.5,78.4,0.0,40.6
default-grid_002509,default-grid,diurnal_normal_weekday,validation,0,161.7,147.0,-13.9,0.0,161.7,0.799999999999983,0,58.7,250.0,500.0,11.4,20.2,0,0,0,0,1,0,1,1.02,1.013,1.028,0.988,83.3,84.5,85.8,0.0,58.6
default-grid_002510,default-grid,extreme_stress_holdout,test,1,322.7,28.9,0.0,15.9,306.8,277.90000000000003,0,96.0,250.0,500.0,14.0,76.7,1,0,1,0,0,2,1,1.02,1.025,1.069,0.998,69.0,89.8,110.5,0.0,35.6
default-grid_002511,default-grid,diurnal_normal_weekday,train,0,196.6,126.3,-16.0,0.0,196.6,54.3,0,64.3,250.0,500.0,12.0,31.1,0,0,0,0,1,0,1,1.02,1.016,1.041,0.989,81.4,87.1,92.7,0.0,54.6
default-grid_002512,default-grid,near_limit_overvoltage,test,1,189.6,70.7,6.0,0.0,189.6,124.89999999999999,0,59.3,250.0,500.0,11.9,45.5,1,0,0,0,0,1,1,1.02,1.015,1.06,0.994,70.1,82.2,94.4,0.0,43.7
default-grid_002513,default-grid,diurnal_normal_weekday,train,0,116.6,169.3,-12.7,0.0,116.6,-65.40000000000002,0,68.1,250.0,500.0,10.6,33.3,0,0,0,0,1,0,1,1.02,1.009,1.011,0.986,84.9,80.7,76.5,0.0,62.9
default-grid_002514,default-grid,nighttime_low_load,train,0,0.0,28.8,0.0,0.0,0.0,-28.8,0,66.5,250.0,500.0,8.5,25.9,0,0,0,0,1,0,1,1.02,1.0,1.0,0.998,50.6,52.8,55.0,0.0,35.6
default-grid_002515,default-grid,diurnal_normal_weekday,train,0,208.8,129.1,9.8,0.0,208.8,89.50000000000003,0,58.3,250.0,500.0,12.3,38.3,1,0,0,0,0,1,1,1.02,1.017,1.063,0.989,82.6,90.3,98.0,0.0,55.1
default-grid_002516,default-grid,diurnal_normal_weekend,train,0,120.1,93.4,-5.3,0.0,120.1,21.39999999999999,0,35.4,250.0,500.0,10.7,24.4,0,0,0,0,1,0,1,1.02,1.01,1.032,0.992,70.4,74.8,79.1,0.0,48.2
default-grid_002517,default-grid,near_limit_overvoltage,validation,1,163.5,40.6,-5.7,0.0,163.5,117.20000000000002,0,74.6,250.0,500.0,11.4,43.9,0,0,0,0,1,0,1,1.02,1.013,1.044,0.997,62.7,75.5,88.2,0.0,37.9
default-grid_002518,default-grid,diurnal_normal_weekday,train,0,156.7,122.1,8.0,0.0,156.7,42.599999999999994,0,68.9,250.0,500.0,11.3,28.7,0,0,0,0,1,0,1,1.02,1.013,1.048,0.99,78.1,82.7,87.2,0.0,53.7
default-grid_002519,default-grid,bess_absorption_charging,test,0,201.5,127.2,-49.0,0.0,201.5,25.299999999999997,0,60.8,250.0,500.0,12.1,25.2,0,0,0,0,1,0,1,1.02,1.016,1.019,0.989,81.8,83.7,85.5,0.0,54.7
default-grid_002520,default-grid,solar_overvoltage_moderate,train,0,228.0,56.4,-6.2,0.0,228.0,165.4,0,50.4,250.0,500.0,12.6,53.7,1,0,1,0,0,2,1,1.02,1.018,1.063,0.995,69.6,85.7,101.8,0.0,41.0
default-grid_002521,default-grid,extreme_stress_holdout,test,1,335.0,26.2,0.0,36.0,299.0,272.8,0,96.0,250.0,500.0,13.9,75.6,0,0,0,0,1,0,1,1.02,1.024,1.038,0.998,68.0,82.4,96.8,0.0,35.1
default-grid_002522,default-grid,diurnal_normal_weekday,train,0,191.4,182.6,0.9,0.0,191.4,9.700000000000017,0,69.8,250.0,500.0,11.9,22.0,0,0,0,0,1,0,1,1.02,1.015,1.041,0.985,92.0,93.8,95.5,0.0,65.5
default-grid_002523,default-grid,solar_overvoltage_moderate,train,0,199.0,62.3,-2.6,0.0,199.0,134.10000000000002,0,35.7,250.0,500.0,12.1,47.4,1,0,0,0,0,1,1,1.02,1.016,1.057,0.995,69.1,82.8,96.5,0.0,42.1
default-grid_002524,default-grid,solar_overvoltage_moderate,train,0,206.5,42.5,-4.2,0.0,206.5,159.8,0,37.1,250.0,500.0,12.2,52.6,1,0,0,0,0,1,1,1.02,1.017,1.058,0.996,65.7,81.7,97.7,0.0,38.3
default-grid_002525,default-grid,solar_overvoltage_moderate,train,0,223.7,86.6,-3.8,0.0,223.7,133.29999999999998,0,67.5,250.0,500.0,12.5,47.2,1,0,1,0,0,2,1,1.02,1.018,1.063,0.993,75.3,88.4,101.5,0.0,46.8
default-grid_002526,default-grid,diurnal_normal_weekday,train,0,183.6,151.4,3.1,0.0,183.6,35.29999999999998,0,42.5,250.0,500.0,11.8,27.2,0,0,0,0,1,0,1,1.02,1.015,1.046,0.987,85.5,89.5,93.5,0.0,59.4
default-grid_002527,default-grid,diurnal_normal_weekend,test,0,142.0,65.7,-16.2,0.0,142.0,60.099999999999994,0,39.8,250.0,500.0,11.1,32.3,0,0,0,0,1,0,1,1.02,1.011,1.03,0.995,66.3,73.7,81.1,0.0,42.8
default-grid_002528,default-grid,solar_overvoltage_severe,test,0,248.9,30.4,0.0,0.0,248.9,218.5,0,30.4,250.0,500.0,13.0,64.6,1,0,1,0,0,2,1,1.02,1.02,1.074,0.997,65.8,86.8,107.8,0.0,35.9
default-grid_002529,default-grid,diurnal_normal_weekday,train,0,198.1,147.3,1.0,0.0,198.1,51.79999999999998,0,74.6,250.0,500.0,12.1,30.6,0,0,0,0,1,0,1,1.02,1.016,1.05,0.988,85.5,91.2,96.9,0.0,58.6
default-grid_002530,default-grid,near_limit_feeder_overload,test,1,217.4,54.2,0.0,0.0,217.4,163.2,0,65.6,250.0,500.0,12.4,53.3,1,0,1,0,0,2,1,1.02,1.017,1.064,0.995,68.6,84.8,101.1,0.0,40.5
default-grid_002531,default-grid,solar_curtailment_active,train,0,262.8,41.1,-15.8,29.5,233.3,176.4,0,69.0,250.0,500.0,12.7,56.0,0,0,0,0,1,0,1,1.02,1.019,1.016,0.997,67.0,74.9,82.8,0.0,38.0
default-grid_002532,default-grid,diurnal_normal_weekend,test,0,186.0,123.1,-1.8,0.0,186.0,61.099999999999994,0,62.5,250.0,500.0,11.8,32.5,0,0,0,0,1,0,1,1.02,1.015,1.049,0.99,80.1,87.0,94.0,0.0,53.9
default-grid_002533,default-grid,bess_injection_discharging,validation,0,72.6,239.3,52.1,0.0,72.6,-114.60000000000002,0,78.6,250.0,500.0,9.8,43.4,0,0,0,0,1,0,1,1.02,1.006,1.031,0.98,95.9,79.9,63.9,0.0,76.5
default-grid_002534,default-grid,bess_injection_discharging,validation,0,28.4,165.3,19.6,0.0,28.4,-117.30000000000001,0,59.6,250.0,500.0,9.0,43.9,0,0,0,0,1,0,1,1.02,1.002,1.01,0.986,78.8,68.7,58.6,0.0,62.1
default-grid_002535,default-grid,solar_curtailment_active,train,0,244.3,94.9,-20.6,80.7,163.60000000000002,48.10000000000002,0,43.6,250.0,500.0,11.4,29.8,0,1,0,0,0,1,1,1.02,1.013,0.921,0.992,73.3,54.7,36.1,0.0,48.5
default-grid_002536,default-grid,evening_peak_demand,train,0,4.7,213.4,5.4,0.0,4.7,-203.3,0,57.6,250.0,500.0,8.6,61.5,0,0,0,0,1,0,1,1.02,1.0,0.983,0.982,86.8,71.0,55.3,0.0,71.5
default-grid_002537,default-grid,solar_overvoltage_moderate,train,0,229.4,36.2,-2.1,0.0,229.4,191.10000000000002,0,33.0,250.0,500.0,12.6,59.0,1,0,1,0,0,2,1,1.02,1.018,1.066,0.997,65.8,84.4,103.1,0.0,37.0
default-grid_002538,default-grid,diurnal_normal_weekend,train,0,133.7,129.0,3.6,0.0,133.7,8.299999999999983,0,30.6,250.0,500.0,10.9,21.7,0,0,0,0,1,0,1,1.02,1.011,1.036,0.989,78.1,80.5,82.9,0.0,55.1
default-grid_002539,default-grid,diurnal_normal_weekday,train,0,164.0,193.5,8.2,0.0,164.0,-21.30000000000001,0,64.5,250.0,500.0,11.5,24.3,0,0,0,0,1,0,1,1.02,1.013,1.036,0.984,92.5,90.6,88.7,0.0,67.6
default-grid_002540,default-grid,diurnal_normal_weekday,test,0,209.6,184.7,-13.7,0.0,209.6,11.200000000000017,0,40.6,250.0,500.0,12.3,22.3,0,0,0,0,1,0,1,1.02,1.017,1.035,0.985,93.5,94.8,96.0,0.0,65.9
default-grid_002541,default-grid,solar_overvoltage_moderate,train,0,205.5,30.9,-3.4,0.0,205.5,171.2,0,32.3,250.0,500.0,12.2,54.9,1,0,0,0,0,1,1,1.02,1.016,1.058,0.997,63.3,80.5,97.7,0.0,36.0
default-grid_002542,default-grid,diurnal_normal_weekend,train,0,207.2,107.2,-4.8,0.0,207.2,95.19999999999997,0,63.7,250.0,500.0,12.2,39.4,1,0,0,0,0,1,1,1.02,1.017,1.056,0.991,78.3,88.0,97.7,0.0,50.8
default-grid_002543,default-grid,diurnal_normal_weekday,validation,0,176.9,159.1,-12.6,0.0,176.9,5.200000000000017,0,32.0,250.0,500.0,11.7,21.1,0,0,0,0,1,0,1,1.02,1.014,1.031,0.987,86.6,88.0,89.4,0.0,60.9
default-grid_002544,default-grid,bess_absorption_charging,train,0,178.7,57.5,-52.3,0.0,178.7,68.89999999999999,0,52.2,250.0,500.0,11.7,34.1,0,0,0,0,1,0,1,1.02,1.014,1.015,0.995,66.9,73.3,79.8,0.0,41.2
default-grid_002545,default-grid,reconfiguration_alternate,train,0,197.8,87.2,14.3,0.0,197.8,124.90000000000002,1,52.1,250.0,500.0,12.1,45.5,0,0,0,0,1,0,1,1.02,1.016,1.04,0.993,73.8,77.4,81.0,46.0,47.0
default-grid_002546,default-grid,bess_injection_discharging,train,0,33.7,239.4,33.8,0.0,33.7,-171.9,0,59.0,250.0,500.0,9.1,55.1,0,0,0,0,1,0,1,1.02,1.003,1.007,0.98,93.6,75.8,57.9,0.0,76.6
default-grid_002547,default-grid,nighttime_low_load,train,0,0.0,27.0,0.0,0.0,0.0,-27.0,0,45.3,250.0,500.0,8.5,25.5,0,0,0,0,1,0,1,1.02,1.0,1.0,0.998,50.2,52.6,55.0,0.0,35.2
default-grid_002548,default-grid,diurnal_normal_weekend,test,0,128.9,42.0,-14.1,0.0,128.9,72.80000000000001,0,62.3,250.0,500.0,10.8,34.8,0,0,0,0,1,0,1,1.02,1.01,1.028,0.997,60.9,69.8,78.8,0.0,38.2
default-grid_002549,default-grid,solar_overvoltage_moderate,test,0,210.0,79.4,-11.7,0.0,210.0,118.9,0,50.8,250.0,500.0,12.3,44.3,1,0,0,0,0,1,1,1.02,1.017,1.054,0.993,73.0,84.8,96.6,0.0,45.4
default-grid_002550,default-grid,solar_overvoltage_severe,test,0,258.7,41.6,0.0,0.0,258.7,217.1,0,70.8,250.0,500.0,13.2,64.3,1,0,1,0,0,2,1,1.02,1.021,1.077,0.997,68.6,89.2,109.8,0.0,38.1
default-grid_002551,default-grid,diurnal_normal_weekend,train,0,125.3,116.7,-20.1,0.0,125.3,-11.500000000000014,0,66.5,250.0,500.0,10.8,22.3,0,0,0,0,1,0,1,1.02,1.01,1.019,0.99,75.2,75.8,76.5,0.0,52.7
default-grid_002552,default-grid,solar_overvoltage_severe,train,0,275.6,28.9,0.0,0.0,275.6,246.70000000000002,0,63.3,250.0,500.0,13.5,70.3,1,0,1,0,0,2,1,1.02,1.022,1.082,0.998,67.2,90.3,113.4,0.0,35.6
default-grid_002553,default-grid,diurnal_normal_weekday,train,0,181.6,124.9,2.8,0.0,181.6,59.5,0,44.5,250.0,500.0,11.8,32.1,1,0,0,0,0,1,1,1.02,1.015,1.051,0.99,80.2,86.7,93.1,0.0,54.3
default-grid_002554,default-grid,near_limit_tx_overload,test,1,44.2,310.5,0.0,0.0,44.2,-266.3,0,30.3,250.0,500.0,9.3,74.3,0,0,1,0,0,1,1,1.02,1.004,0.971,0.974,108.0,86.2,64.4,0.0,90.4
default-grid_002555,default-grid,solar_curtailment_active,train,0,257.3,61.7,-17.3,73.7,183.60000000000002,104.60000000000001,0,45.9,250.0,500.0,11.8,41.3,0,1,0,0,0,1,1,1.02,1.015,0.939,0.995,68.0,56.7,45.4,0.0,42.0
default-grid_002556,default-grid,diurnal_normal_weekday,train,0,204.3,142.5,-3.7,0.0,204.3,58.10000000000002,0,45.7,250.0,500.0,12.2,31.9,0,0,0,0,1,0,1,1.02,1.016,1.049,0.988,85.0,91.2,97.4,0.0,57.7
default-grid_002557,default-grid,bess_absorption_charging,validation,0,186.7,108.2,-52.0,0.0,186.7,26.499999999999986,0,55.0,250.0,500.0,11.9,25.4,0,0,0,0,1,0,1,1.02,1.015,1.016,0.991,77.2,79.4,81.6,0.0,51.0
default-grid_002558,default-grid,diurnal_normal_weekend,train,0,180.4,78.1,-0.7,0.0,180.4,101.60000000000002,0,63.1,250.0,500.0,11.7,40.7,1,0,0,0,0,1,1,1.02,1.014,1.053,0.993,71.0,82.0,93.1,0.0,45.2
default-grid_002559,default-grid,solar_overvoltage_moderate,train,0,188.5,44.4,-10.6,0.0,188.5,133.5,0,30.2,250.0,500.0,11.9,47.2,0,0,0,0,1,0,1,1.02,1.015,1.048,0.996,64.9,78.6,92.3,0.0,38.6
default-grid_002560,default-grid,evening_peak_demand,train,0,3.0,218.2,9.1,0.0,3.0,-206.1,0,84.5,250.0,500.0,8.6,62.0,0,0,0,0,1,0,1,1.02,1.0,0.984,0.982,87.6,71.0,54.5,0.0,72.4
default-grid_002561,default-grid,diurnal_normal_weekday,train,0,163.7,199.6,-5.2,0.0,163.7,-41.099999999999994,0,60.2,250.0,500.0,11.4,28.4,0,0,0,0,1,0,1,1.02,1.013,1.025,0.983,93.6,91.0,88.4,0.0,68.8
default-grid_002562,default-grid,solar_overvoltage_severe,train,0,295.5,40.2,0.0,0.0,295.5,255.3,0,50.5,250.0,500.0,13.8,72.1,1,0,1,0,0,2,1,1.02,1.024,1.087,0.997,70.5,94.0,117.6,0.0,37.8
default-grid_002563,default-grid,diurnal_normal_weekday,validation,0,192.0,198.5,-8.8,0.0,192.0,-15.300000000000011,0,57.4,250.0,500.0,12.0,23.1,0,0,0,0,1,0,1,1.02,1.015,1.031,0.983,95.1,94.3,93.5,0.0,68.6
default-grid_002564,default-grid,solar_curtailment_active,train,0,218.8,101.7,-3.9,55.7,163.10000000000002,57.500000000000014,0,40.5,250.0,500.0,11.4,31.7,0,0,0,0,1,0,1,1.02,1.013,0.967,0.992,74.6,64.9,55.2,0.0,49.8
default-grid_002565,default-grid,solar_overvoltage_moderate,train,0,224.7,55.5,-10.8,0.0,224.7,158.39999999999998,0,49.8,250.0,500.0,12.5,52.3,1,0,0,0,0,1,1,1.02,1.018,1.059,0.995,69.3,84.6,99.9,0.0,40.8
default-grid_002566,default-grid,diurnal_normal_weekday,validation,0,176.1,129.8,0.7,0.0,176.1,46.99999999999997,0,46.8,250.0,500.0,11.7,29.6,0,0,0,0,1,0,1,1.02,1.014,1.047,0.989,80.8,86.5,92.2,0.0,55.2
default-grid_002567,default-grid,evening_peak_demand,validation,0,0.1,256.5,6.4,0.0,0.1,-250.0,0,70.9,250.0,500.0,8.5,71.0,0,0,0,0,1,0,1,1.02,1.0,0.973,0.979,94.9,74.6,54.2,0.0,79.9
default-grid_002568,default-grid,diurnal_normal_weekday,test,0,199.0,175.6,-15.1,0.0,199.0,8.300000000000011,0,31.3,250.0,500.0,12.1,21.7,0,0,0,0,1,0,1,1.02,1.016,1.033,0.985,91.1,92.2,93.4,0.0,64.1
default-grid_002569,default-grid,near_limit_undervoltage,validation,1,15.9,274.3,0.5,0.0,15.9,-257.90000000000003,0,52.9,250.0,500.0,8.8,72.6,0,0,0,0,1,0,1,1.02,1.001,0.97,0.977,99.3,78.8,58.3,0.0,83.3
default-grid_002570,default-grid,evening_peak_demand,test,0,1.0,301.2,5.2,0.0,1.0,-295.0,0,47.4,250.0,500.0,8.5,80.2,0,0,1,0,0,1,1,1.02,1.0,0.964,0.975,103.6,79.1,54.6,0.0,88.6
default-grid_002571,default-grid,diurnal_normal_weekday,train,0,196.3,126.4,-3.3,0.0,196.3,66.6,0,55.3,250.0,500.0,12.0,33.6,0,0,0,0,1,0,1,1.02,1.016,1.05,0.989,81.4,88.6,95.8,0.0,54.6
default-grid_002572,default-grid,solar_overvoltage_moderate,test,0,234.1,68.1,-1.9,0.0,234.1,164.1,0,36.2,250.0,500.0,12.7,53.5,1,0,1,0,0,2,1,1.02,1.019,1.068,0.994,72.3,88.2,104.2,0.0,43.2
default-grid_002573,default-grid,near_limit_undervoltage,validation,1,20.7,271.1,-2.7,0.0,20.7,-253.10000000000002,0,43.8,250.0,500.0,8.9,71.6,0,0,0,0,1,0,1,1.02,1.002,0.97,0.977,99.0,78.8,58.7,0.0,82.7
default-grid_002574,default-grid,solar_overvoltage_moderate,train,0,226.6,59.1,-8.8,0.0,226.6,158.7,0,51.0,250.0,500.0,12.6,52.4,1,0,1,0,0,2,1,1.02,1.018,1.061,0.995,70.1,85.4,100.8,0.0,41.5
default-grid_002575,default-grid,reconfiguration_alternate,train,0,230.0,188.0,0.7,0.0,230.0,42.69999999999999,1,49.9,250.0,500.0,12.6,28.7,0,0,0,0,1,0,1,1.02,1.018,1.018,0.984,95.4,91.8,88.3,46.0,66.6
default-grid_002576,default-grid,diurnal_normal_weekday,train,0,128.8,173.1,-6.9,0.0,128.8,-51.19999999999999,0,55.6,250.0,500.0,10.8,30.4,0,0,0,0,1,0,1,1.02,1.01,1.019,0.986,86.4,83.5,80.6,0.0,63.7
default-grid_002577,default-grid,bess_absorption_charging,train,0,237.3,53.0,-36.4,0.0,237.3,147.9,0,32.6,250.0,500.0,12.8,50.2,0,0,0,0,1,0,1,1.02,1.019,1.044,0.996,69.5,82.8,96.2,0.0,40.3
default-grid_002578,default-grid,reconfiguration_alternate,train,0,170.2,159.4,-24.5,0.0,170.2,-13.700000000000017,1,71.2,250.0,500.0,11.6,22.8,0,0,0,0,1,0,1,1.02,1.014,0.996,0.987,86.2,79.3,72.4,46.0,61.0
default-grid_002579,default-grid,near_limit_overvoltage,validation,1,202.2,63.8,-6.9,0.0,202.2,131.5,0,46.3,250.0,500.0,12.1,46.8,1,0,0,0,0,1,1,1.02,1.016,1.055,0.995,69.5,82.8,96.1,0.0,42.4
default-grid_002580,default-grid,nighttime_low_load,test,0,0.0,30.6,0.0,0.0,0.0,-30.6,0,46.1,250.0,500.0,8.5,26.2,0,0,0,0,1,0,1,1.02,1.0,1.0,0.997,51.0,53.0,55.0,0.0,36.0
default-grid_002581,default-grid,evening_peak_demand,test,0,1.1,245.5,18.2,0.0,1.1,-226.2,0,72.1,250.0,500.0,8.5,66.1,0,0,0,0,1,0,1,1.02,1.0,0.984,0.98,92.8,72.9,53.0,0.0,77.7
default-grid_002582,default-grid,nighttime_low_load,train,0,0.0,25.9,0.0,0.0,0.0,-25.9,0,66.9,250.0,500.0,8.5,25.3,0,0,0,0,1,0,1,1.02,1.0,1.0,0.998,50.0,52.5,55.0,0.0,35.0
default-grid_002583,default-grid,solar_overvoltage_severe,train,0,255.8,35.4,0.0,0.0,255.8,220.4,0,36.0,250.0,500.0,13.1,65.0,1,0,1,0,0,2,1,1.02,1.02,1.076,0.997,67.2,88.2,109.2,0.0,36.9
default-grid_002584,default-grid,near_limit_feeder_overload,test,1,254.3,39.9,0.0,0.0,254.3,214.4,0,33.8,250.0,500.0,13.1,63.7,1,0,1,0,0,2,1,1.02,1.02,1.075,0.997,68.0,88.5,108.9,0.0,37.8
default-grid_002585,default-grid,diurnal_normal_weekday,validation,0,153.2,140.8,3.6,0.0,153.2,15.999999999999972,0,66.4,250.0,500.0,11.3,23.3,0,0,0,0,1,0,1,1.02,1.012,1.04,0.988,81.6,84.3,87.0,0.0,57.4
default-grid_002586,default-grid,bess_injection_discharging,validation,0,48.1,175.5,52.0,0.0,48.1,-75.4,0,52.8,250.0,500.0,9.4,35.4,0,0,0,0,1,0,1,1.02,1.004,1.037,0.985,82.0,70.3,58.7,0.0,64.1
default-grid_002587,default-grid,nighttime_low_load,validation,0,0.0,38.6,0.0,0.0,0.0,-38.6,0,64.0,250.0,500.0,8.5,27.9,0,0,0,0,1,0,1,1.02,1.0,1.0,0.997,52.5,53.8,55.0,0.0,37.5
default-grid_002588,default-grid,evening_peak_demand,train,0,3.8,246.9,17.6,0.0,3.8,-225.5,0,53.9,250.0,500.0,8.6,66.0,0,0,0,0,1,0,1,1.02,1.0,0.985,0.979,93.2,73.4,53.6,0.0,78.0
default-grid_002589,default-grid,evening_peak_demand,train,0,1.3,290.1,11.7,0.0,1.3,-277.1,0,74.3,250.0,500.0,8.5,76.5,0,0,1,0,0,1,1,1.02,1.0,0.971,0.976,101.5,77.7,53.8,0.0,86.4
default-grid_002590,default-grid,solar_overvoltage_moderate,test,0,213.0,68.9,-11.0,0.0,213.0,133.1,0,55.9,250.0,500.0,12.3,47.1,1,0,0,0,0,1,1,1.02,1.017,1.055,0.994,71.2,84.3,97.4,0.0,43.4
default-grid_002591,default-grid,diurnal_normal_weekend,train,0,167.7,79.8,-15.1,0.0,167.7,72.8,0,64.7,250.0,500.0,11.5,34.8,0,0,0,0,1,0,1,1.02,1.013,1.039,0.993,70.6,78.7,86.8,0.0,45.5
default-grid_002592,default-grid,diurnal_normal_weekday,train,0,188.8,146.6,-5.1,0.0,188.8,37.10000000000002,0,30.2,250.0,500.0,11.9,27.6,0,0,0,0,1,0,1,1.02,1.015,1.043,0.988,84.8,89.3,93.8,0.0,58.5
default-grid_002593,default-grid,diurnal_normal_weekday,train,0,178.0,151.1,9.7,0.0,178.0,36.599999999999994,0,38.2,250.0,500.0,11.7,27.5,0,0,0,0,1,0,1,1.02,1.014,1.05,0.987,85.1,88.3,91.5,0.0,59.4
default-grid_002594,default-grid,diurnal_normal_weekday,test,0,178.0,185.3,3.5,0.0,178.0,-3.8000000000000114,0,52.1,250.0,500.0,11.7,20.8,0,0,0,0,1,0,1,1.02,1.014,1.038,0.985,91.7,92.0,92.3,0.0,66.0
default-grid_002595,default-grid,near_limit_undervoltage,validation,1,10.2,291.0,0.6,0.0,10.2,-280.2,0,60.9,250.0,500.0,8.7,77.1,0,0,1,0,0,1,1,1.02,1.001,0.965,0.976,102.2,79.7,57.1,0.0,86.6
default-grid_002596,default-grid,diurnal_normal_weekend,train,0,158.0,52.2,0.5,0.0,158.0,106.3,0,56.4,250.0,500.0,11.3,41.7,0,0,0,0,1,0,1,1.02,1.013,1.047,0.996,64.6,76.5,88.4,0.0,40.2
default-grid_002597,default-grid,evening_peak_demand,train,0,2.2,226.6,4.4,0.0,2.2,-220.0,0,76.2,250.0,500.0,8.5,64.9,0,0,0,0,1,0,1,1.02,1.0,0.979,0.981,89.2,72.0,54.9,0.0,74.1
default-grid_002598,default-grid,bess_absorption_charging,train,0,238.1,112.9,-26.6,0.0,238.1,98.6,0,65.5,250.0,500.0,12.8,40.1,0,0,0,0,1,0,1,1.02,1.019,1.049,0.991,81.2,90.0,98.8,0.0,52.0
default-grid_002599,default-grid,extreme_stress_holdout,test,1,319.0,21.5,0.0,22.8,296.2,274.7,0,96.0,250.0,500.0,13.8,76.0,1,0,1,0,0,2,1,1.02,1.024,1.056,0.998,67.0,85.5,104.1,0.0,34.2
default-grid_002600,default-grid,solar_overvoltage_moderate,validation,0,194.6,41.3,-4.0,0.0,194.6,149.3,0,70.2,250.0,500.0,12.0,50.5,1,0,0,0,0,1,1,1.02,1.016,1.055,0.997,64.7,80.0,95.3,0.0,38.0
default-grid_002601,default-grid,solar_curtailment_active,train,0,253.3,94.2,-15.4,31.0,222.3,112.7,0,69.7,250.0,500.0,12.5,43.0,0,0,0,0,1,0,1,1.02,1.018,1.011,0.992,76.7,78.2,79.7,0.0,48.3
default-grid_002602,default-grid,evening_peak_demand,test,0,3.3,241.6,12.0,0.0,3.3,-226.29999999999998,0,53.2,250.0,500.0,8.6,66.2,0,0,0,0,1,0,1,1.02,1.0,0.981,0.98,92.2,73.2,54.2,0.0,77.0
default-grid_002603,default-grid,evening_peak_demand,train,0,3.3,232.7,15.4,0.0,3.3,-214.0,0,83.3,250.0,500.0,8.6,63.6,0,0,0,0,1,0,1,1.02,1.0,0.986,0.981,90.4,72.1,53.8,0.0,75.2
default-grid_002604,default-grid,evening_peak_demand,train,0,3.2,303.7,16.1,0.0,3.2,-284.4,0,40.8,250.0,500.0,8.6,78.0,0,0,1,0,0,1,1,1.02,1.0,0.972,0.975,104.2,79.0,53.7,0.0,89.1
default-grid_002605,default-grid,near_limit_overvoltage,validation,1,198.5,55.6,-8.1,0.0,198.5,134.8,0,33.7,250.0,500.0,12.1,47.5,1,0,0,0,0,1,1,1.02,1.016,1.053,0.995,67.7,81.4,95.1,0.0,40.8
default-grid_002606,default-grid,diurnal_normal_weekend,train,0,192.3,125.6,-15.6,0.0,192.3,51.10000000000002,0,60.1,250.0,500.0,12.0,30.4,0,0,0,0,1,0,1,1.02,1.015,1.04,0.99,81.0,86.5,91.9,0.0,54.4
default-grid_002607,default-grid,solar_overvoltage_moderate,train,0,222.3,86.7,-8.8,0.0,222.3,126.8,0,55.0,250.0,500.0,12.5,45.9,1,0,0,0,0,1,1,1.02,1.018,1.059,0.993,75.2,87.6,99.9,0.0,46.9
default-grid_002608,default-grid,solar_overvoltage_moderate,train,0,232.0,77.9,-6.1,0.0,232.0,148.0,0,40.3,250.0,500.0,12.7,50.2,1,0,1,0,0,2,1,1.02,1.019,1.064,0.994,74.1,88.4,102.7,0.0,45.1
default-grid_002609,default-grid,diurnal_normal_weekday,train,0,222.9,162.1,-13.3,0.0,222.9,47.5,0,56.8,250.0,500.0,12.5,29.7,0,0,0,0,1,0,1,1.02,1.018,1.044,0.986,89.9,94.4,98.9,0.0,61.5
default-grid_002610,default-grid,diurnal_normal_weekday,validation,0,227.5,129.2,3.1,0.0,227.5,101.4,0,65.7,250.0,500.0,12.6,40.7,1,0,1,0,0,2,1,1.02,1.018,1.064,0.989,83.8,93.3,102.8,0.0,55.1
default-grid_002611,default-grid,diurnal_normal_weekday,test,0,163.4,130.4,8.8,0.0,163.4,41.80000000000001,0,59.8,250.0,500.0,11.4,28.5,0,0,0,0,1,0,1,1.02,1.013,1.049,0.989,80.2,84.3,88.5,0.0,55.4
default-grid_002612,default-grid,near_limit_overvoltage,test,1,197.1,48.5,-7.9,0.0,197.1,140.7,0,39.9,250.0,500.0,12.0,48.7,1,0,0,0,0,1,1,1.02,1.016,1.053,0.996,66.3,80.5,94.8,0.0,39.4
default-grid_002613,default-grid,bess_injection_discharging,train,0,71.1,209.5,56.3,0.0,71.1,-82.10000000000001,0,57.5,250.0,500.0,9.8,36.7,0,0,0,0,1,0,1,1.02,1.006,1.04,0.983,90.0,76.5,63.0,0.0,70.7
default-grid_002614,default-grid,diurnal_normal_weekday,train,0,224.6,123.3,-15.1,0.0,224.6,86.2,0,45.2,250.0,500.0,12.5,37.6,1,0,0,0,0,1,1,1.02,1.018,1.051,0.99,82.5,90.7,98.8,0.0,54.0
default-grid_002615,default-grid,solar_overvoltage_severe,train,0,251.5,33.5,0.0,0.0,251.5,218.0,0,41.7,250.0,500.0,13.0,64.5,1,0,1,0,0,2,1,1.02,1.02,1.074,0.997,66.6,87.4,108.3,0.0,36.5
default-grid_002616,default-grid,bess_absorption_charging,test,0,202.7,52.2,-22.9,0.0,202.7,127.59999999999998,0,59.1,250.0,500.0,12.1,46.0,0,0,0,0,1,0,1,1.02,1.016,1.043,0.996,67.3,79.8,92.2,0.0,40.2
default-grid_002617,default-grid,solar_overvoltage_severe,train,0,271.6,34.7,0.0,0.0,271.6,236.90000000000003,0,40.7,250.0,500.0,13.4,68.3,1,0,1,0,0,2,1,1.02,1.022,1.08,0.997,68.0,90.3,112.6,0.0,36.7
default-grid_002618,default-grid,diurnal_normal_weekday,train,0,137.8,168.5,10.7,0.0,137.8,-20.0,0,30.6,250.0,500.0,11.0,24.1,0,0,0,0,1,0,1,1.02,1.011,1.035,0.986,86.0,84.5,82.9,0.0,62.8
default-grid_002619,default-grid,diurnal_normal_weekday,train,0,175.4,201.0,7.7,0.0,175.4,-17.900000000000006,0,37.1,250.0,500.0,11.7,23.7,0,0,0,0,1,0,1,1.02,1.014,1.037,0.983,94.6,92.9,91.2,0.0,69.1
default-grid_002620,default-grid,near_limit_overvoltage,test,1,176.4,74.9,-5.8,0.0,176.4,95.69999999999999,0,74.7,250.0,500.0,11.7,39.5,0,0,0,0,1,0,1,1.02,1.014,1.048,0.994,70.1,80.5,90.9,0.0,44.6
default-grid_002621,default-grid,solar_overvoltage_moderate,train,0,198.0,33.6,-10.2,0.0,198.0,154.20000000000002,0,46.7,250.0,500.0,12.1,51.5,1,0,0,0,0,1,1,1.02,1.016,1.051,0.997,63.4,78.9,94.4,0.0,36.5
default-grid_002622,default-grid,solar_overvoltage_moderate,validation,0,188.2,80.5,-5.1,0.0,188.2,102.6,0,66.6,250.0,500.0,11.9,40.9,1,0,0,0,0,1,1,1.02,1.015,1.052,0.993,71.9,82.8,93.6,0.0,45.7
default-grid_002623,default-grid,bess_injection_discharging,train,0,42.9,260.2,48.2,0.0,42.9,-169.1,0,40.3,250.0,500.0,9.3,54.5,0,0,0,0,1,0,1,1.02,1.003,1.016,0.978,98.2,78.2,58.1,0.0,80.6
default-grid_002624,default-grid,bess_injection_discharging,train,0,63.0,218.6,26.2,0.0,63.0,-129.39999999999998,0,65.2,250.0,500.0,9.6,46.4,0,0,0,0,1,0,1,1.02,1.005,1.014,0.982,91.3,78.2,65.1,0.0,72.5
default-grid_002625,default-grid,solar_overvoltage_moderate,train,0,231.4,77.5,-2.3,0.0,231.4,151.6,0,49.5,250.0,500.0,12.7,50.9,1,0,1,0,0,2,1,1.02,1.019,1.067,0.994,74.0,88.8,103.5,0.0,45.1
default-grid_002626,default-grid,diurnal_normal_weekday,train,0,179.6,125.8,-2.1,0.0,179.6,51.7,0,33.1,250.0,500.0,11.7,30.5,0,0,0,0,1,0,1,1.02,1.014,1.046,0.99,80.2,86.4,92.6,0.0,54.5
default-grid_002627,default-grid,solar_overvoltage_moderate,test,0,202.6,56.7,-1.6,0.0,202.6,144.3,0,35.5,250.0,500.0,12.1,49.4,1,0,0,0,0,1,1,1.02,1.016,1.059,0.995,68.2,82.9,97.6,0.0,41.0
default-grid_002628,default-grid,near_limit_feeder_overload,test,1,228.9,49.3,0.0,0.0,228.9,179.60000000000002,0,43.3,250.0,500.0,12.6,56.6,1,0,1,0,0,2,1,1.02,1.018,1.068,0.996,68.3,85.9,103.5,0.0,39.6
default-grid_002629,default-grid,bess_absorption_charging,validation,0,205.7,130.9,-49.9,0.0,205.7,24.899999999999977,0,65.2,250.0,500.0,12.2,25.1,0,0,0,0,1,0,1,1.02,1.016,1.019,0.989,82.8,84.4,86.1,0.0,55.5
default-grid_002630,default-grid,diurnal_normal_weekday,train,0,176.7,132.8,2.5,0.0,176.7,46.39999999999998,0,68.5,250.0,500.0,11.7,29.5,0,0,0,0,1,0,1,1.02,1.014,1.048,0.989,81.4,86.8,92.1,0.0,55.8
default-grid_002631,default-grid,diurnal_normal_weekday,train,0,155.6,165.3,-15.7,0.0,155.6,-25.400000000000006,0,30.2,250.0,500.0,11.3,25.2,0,0,0,0,1,0,1,1.02,1.012,1.022,0.986,86.5,85.3,84.1,0.0,62.1
default-grid_002632,default-grid,diurnal_normal_weekday,train,0,138.7,171.9,-6.4,0.0,138.7,-39.60000000000002,0,51.8,250.0,500.0,11.0,28.1,0,0,0,0,1,0,1,1.02,1.011,1.022,0.986,86.7,84.8,82.8,0.0,63.4
default-grid_002633,default-grid,diurnal_normal_weekend,train,0,168.6,111.3,-0.5,0.0,168.6,56.8,0,56.1,250.0,500.0,11.5,31.6,0,0,0,0,1,0,1,1.02,1.013,1.047,0.991,76.8,83.7,90.6,0.0,51.6
default-grid_002634,default-grid,evening_peak_demand,test,0,4.5,247.3,17.7,0.0,4.5,-225.10000000000002,0,80.5,250.0,500.0,8.6,65.9,0,0,0,0,1,0,1,1.02,1.0,0.985,0.979,93.4,73.6,53.7,0.0,78.1
default-grid_002635,default-grid,evening_peak_demand,train,0,1.5,294.4,9.6,0.0,1.5,-283.29999999999995,0,77.0,250.0,500.0,8.5,77.8,0,0,1,0,0,1,1,1.02,1.0,0.969,0.975,102.3,78.2,54.1,0.0,87.2
default-grid_002636,default-grid,diurnal_normal_weekday,validation,0,170.2,201.4,5.8,0.0,170.2,-25.400000000000006,0,53.7,250.0,500.0,11.6,25.2,0,0,0,0,1,0,1,1.02,1.014,1.034,0.983,94.4,92.4,90.4,0.0,69.2
default-grid_002637,default-grid,diurnal_normal_weekday,train,0,152.7,156.7,9.9,0.0,152.7,5.900000000000006,0,60.6,250.0,500.0,11.2,21.2,0,0,0,0,1,0,1,1.02,1.012,1.041,0.987,84.6,85.3,86.1,0.0,60.5
default-grid_002638,default-grid,near_limit_overvoltage,test,1,172.3,72.3,1.9,0.0,172.3,101.90000000000002,0,38.5,250.0,500.0,11.6,40.8,1,0,0,0,0,1,1,1.02,1.014,1.052,0.994,69.4,80.3,91.3,0.0,44.1
default-grid_002639,default-grid,bess_injection_discharging,train,0,43.6,226.8,49.6,0.0,43.6,-133.60000000000002,0,77.6,250.0,500.0,9.3,47.2,0,0,0,0,1,0,1,1.02,1.003,1.024,0.981,91.7,74.8,58.0,0.0,74.1
default-grid_002640,default-grid,diurnal_normal_weekday,train,0,192.3,131.2,-8.5,0.0,192.3,52.60000000000002,0,41.7,250.0,500.0,12.0,30.7,0,0,0,0,1,0,1,1.02,1.015,1.045,0.989,82.0,87.8,93.6,0.0,55.5
default-grid_002641,default-grid,solar_overvoltage_moderate,test,0,198.2,62.3,-2.5,0.0,198.2,133.39999999999998,0,60.7,250.0,500.0,12.1,47.2,1,0,0,0,0,1,1,1.02,1.016,1.057,0.995,69.0,82.7,96.4,0.0,42.1
default-grid_002642,default-grid,solar_overvoltage_moderate,train,0,221.3,76.9,-6.9,0.0,221.3,137.5,0,31.6,250.0,500.0,12.5,48.0,1,0,1,0,0,2,1,1.02,1.018,1.061,0.994,73.2,86.7,100.2,0.0,45.0
default-grid_002643,default-grid,bess_absorption_charging,test,0,165.7,110.8,-52.1,0.0,165.7,2.799999999999997,0,49.2,250.0,500.0,11.5,20.6,0,0,0,0,1,0,1,1.02,1.013,1.009,0.991,76.5,76.8,77.1,0.0,51.5
default-grid_002644,default-grid,bess_injection_discharging,train,0,12.5,210.2,24.1,0.0,12.5,-173.6,0,39.6,250.0,500.0,8.7,55.4,0,0,0,0,1,0,1,1.02,1.001,0.999,0.982,86.6,70.6,54.6,0.0,70.9
default-grid_002645,default-grid,evening_peak_demand,train,0,4.3,215.7,16.9,0.0,4.3,-194.5,0,58.8,250.0,500.0,8.6,59.7,0,0,0,0,1,0,1,1.02,1.0,0.99,0.982,87.2,70.5,53.8,0.0,71.9
default-grid_002646,default-grid,diurnal_normal_weekday,train,0,102.4,127.3,-7.7,0.0,102.4,-32.599999999999994,0,66.8,250.0,500.0,10.3,26.6,0,0,0,0,1,0,1,1.02,1.008,1.019,0.989,75.9,75.3,74.8,0.0,54.8
default-grid_002647,default-grid,diurnal_normal_weekday,train,0,225.6,154.9,8.7,0.0,225.6,79.39999999999998,0,53.8,250.0,500.0,12.6,36.2,1,0,1,0,0,2,1,1.02,1.018,1.062,0.987,88.7,95.2,101.7,0.0,60.1
default-grid_002648,default-grid,solar_overvoltage_moderate,train,0,188.1,88.9,-0.7,0.0,188.1,98.5,0,57.8,250.0,500.0,11.9,40.1,1,0,0,0,0,1,1,1.02,1.015,1.055,0.993,73.6,84.2,94.7,0.0,47.3
default-grid_002649,default-grid,evening_peak_demand,train,0,2.9,204.5,16.3,0.0,2.9,-185.3,0,44.2,250.0,500.0,8.6,57.8,0,0,0,0,1,0,1,1.02,1.0,0.992,0.983,84.9,69.2,53.6,0.0,69.8
default-grid_002650,default-grid,evening_peak_demand,train,0,2.5,269.2,7.2,0.0,2.5,-259.5,0,48.2,250.0,500.0,8.5,72.9,0,0,0,0,1,0,1,1.02,1.0,0.972,0.978,97.5,76.0,54.6,0.0,82.3
default-grid_002651,default-grid,reconfiguration_alternate,train,0,195.8,185.1,0.5,0.0,195.8,11.200000000000017,1,59.7,250.0,500.0,12.0,22.3,0,0,0,0,1,0,1,1.02,1.016,1.013,0.985,92.7,87.5,82.2,46.0,66.0
default-grid_002652,default-grid,diurnal_normal_weekday,validation,0,187.5,183.0,3.5,0.0,187.5,8.0,0,67.4,250.0,500.0,11.9,21.6,0,0,0,0,1,0,1,1.02,1.015,1.041,0.985,91.8,93.0,94.3,0.0,65.6
default-grid_002653,default-grid,extreme_stress_holdout,test,1,281.3,25.1,0.0,28.9,252.4,227.3,0,96.0,250.0,500.0,13.0,66.4,0,0,0,0,1,0,1,1.02,1.02,1.034,0.998,65.0,78.1,91.2,0.0,34.9
default-grid_002654,default-grid,diurnal_normal_weekend,train,0,177.7,129.7,-6.7,0.0,177.7,41.30000000000001,0,50.2,250.0,500.0,11.7,28.4,0,0,0,0,1,0,1,1.02,1.014,1.042,0.989,80.9,86.0,91.0,0.0,55.2
default-grid_002655,default-grid,diurnal_normal_weekend,train,0,147.3,111.7,-24.0,0.0,147.3,11.600000000000009,0,49.0,250.0,500.0,11.2,22.4,0,0,0,0,1,0,1,1.02,1.012,1.024,0.991,75.6,77.9,80.2,0.0,51.7
default-grid_002656,default-grid,evening_peak_demand,test,0,1.6,250.6,19.5,0.0,1.6,-229.5,0,61.1,250.0,500.0,8.5,66.8,0,0,0,0,1,0,1,1.02,1.0,0.984,0.979,93.8,73.3,52.9,0.0,78.7
default-grid_002657,default-grid,solar_overvoltage_moderate,train,0,225.6,83.3,-5.9,0.0,225.6,136.39999999999998,0,54.7,250.0,500.0,12.6,47.8,1,0,1,0,0,2,1,1.02,1.018,1.063,0.993,74.7,88.1,101.4,0.0,46.2
default-grid_002658,default-grid,near_limit_undervoltage,test,1,3.9,243.2,-0.8,0.0,3.9,-240.1,0,74.9,250.0,500.0,8.6,69.0,0,0,0,0,1,0,1,1.02,1.0,0.972,0.98,92.5,74.0,55.6,0.0,77.3
default-grid_002659,default-grid,bess_absorption_charging,validation,0,208.1,52.3,-29.3,0.0,208.1,126.49999999999999,0,36.5,250.0,500.0,12.2,45.8,0,0,0,0,1,0,1,1.02,1.017,1.04,0.996,67.7,79.8,91.8,0.0,40.2
default-grid_002660,default-grid,diurnal_normal_weekend,train,0,130.6,82.0,1.4,0.0,130.6,50.0,0,54.5,250.0,500.0,10.9,30.2,0,0,0,0,1,0,1,1.02,1.01,1.04,0.993,68.8,75.7,82.5,0.0,45.9
default-grid_002661,default-grid,diurnal_normal_weekday,train,0,176.9,160.9,-17.1,0.0,176.9,-1.0999999999999943,0,38.2,250.0,500.0,11.7,20.2,0,0,0,0,1,0,1,1.02,1.014,1.028,0.987,86.9,87.6,88.2,0.0,61.3
default-grid_002662,default-grid,diurnal_normal_weekday,train,0,208.5,126.7,-14.4,0.0,208.5,67.39999999999999,0,58.0,250.0,500.0,12.3,33.7,0,0,0,0,1,0,1,1.02,1.017,1.046,0.989,82.1,88.8,95.6,0.0,54.6
default-grid_002663,default-grid,solar_overvoltage_severe,train,0,245.0,30.5,0.0,0.0,245.0,214.5,0,39.2,250.0,500.0,12.9,63.7,1,0,1,0,0,2,1,1.02,1.02,1.073,0.997,65.6,86.2,106.9,0.0,35.9
default-grid_002664,default-grid,solar_overvoltage_severe,train,0,279.9,29.3,0.0,0.0,279.9,250.59999999999997,0,33.2,250.0,500.0,13.5,71.1,1,0,1,0,0,2,1,1.02,1.022,1.083,0.998,67.5,90.9,114.3,0.0,35.7
default-grid_002665,default-grid,diurnal_normal_weekend,train,0,158.1,45.1,1.1,0.0,158.1,114.1,0,39.4,250.0,500.0,11.3,43.3,0,0,0,0,1,0,1,1.02,1.013,1.048,0.996,63.3,75.8,88.4,0.0,38.8
default-grid_002666,default-grid,diurnal_normal_weekend,train,0,136.7,129.6,-1.6,0.0,136.7,5.5,0,61.4,250.0,500.0,11.0,21.1,0,0,0,0,1,0,1,1.02,1.011,1.033,0.989,78.4,81.0,83.6,0.0,55.2
default-grid_002667,default-grid,diurnal_normal_weekday,test,0,178.2,178.0,3.1,0.0,178.2,3.299999999999983,0,69.0,250.0,500.0,11.7,20.7,0,0,0,0,1,0,1,1.02,1.014,1.039,0.985,90.3,91.3,92.4,0.0,64.6
default-grid_002668,default-grid,diurnal_normal_weekend,train,0,161.5,112.2,1.6,0.0,161.5,50.89999999999999,0,61.0,250.0,500.0,11.4,30.4,0,0,0,0,1,0,1,1.02,1.013,1.047,0.991,76.5,82.8,89.0,0.0,51.8
default-grid_002669,default-grid,diurnal_normal_weekday,train,0,186.1,201.5,8.9,0.0,186.1,-6.5,0,66.7,250.0,500.0,11.8,21.3,0,0,0,0,1,0,1,1.02,1.015,1.041,0.983,95.3,94.3,93.3,0.0,69.2
default-grid_002670,default-grid,bess_injection_discharging,train,0,39.9,246.5,29.9,0.0,39.9,-176.7,0,40.9,250.0,500.0,9.2,56.0,0,0,0,0,1,0,1,1.02,1.003,1.004,0.979,95.3,77.5,59.7,0.0,77.9
default-grid_002671,default-grid,solar_overvoltage_severe,validation,0,290.4,33.1,0.0,0.0,290.4,257.29999999999995,0,51.7,250.0,500.0,13.7,72.5,1,0,1,0,0,2,1,1.02,1.023,1.086,0.997,68.9,92.8,116.6,0.0,36.4
default-grid_002672,default-grid,bess_absorption_charging,validation,0,239.9,54.3,-30.7,0.0,239.9,154.90000000000003,0,32.3,250.0,500.0,12.8,51.6,0,0,0,0,1,0,1,1.02,1.019,1.049,0.995,70.0,84.1,98.2,0.0,40.6
default-grid_002673,default-grid,diurnal_normal_weekday,train,0,162.6,161.3,8.4,0.0,162.6,9.699999999999989,0,55.4,250.0,500.0,11.4,22.0,0,0,0,0,1,0,1,1.02,1.013,1.042,0.987,86.1,87.2,88.4,0.0,61.4
default-grid_002674,default-grid,extreme_stress_holdout,test,1,310.2,29.2,0.0,19.8,290.4,261.2,0,96.0,250.0,500.0,13.7,73.3,1,0,1,0,0,2,1,1.02,1.023,1.058,0.998,68.1,86.4,104.7,0.0,35.7
default-grid_002675,default-grid,solar_curtailment_active,validation,0,212.0,77.5,-15.0,89.8,122.2,29.700000000000003,0,51.6,250.0,500.0,10.7,26.1,0,1,0,0,0,1,1,1.02,1.01,0.9,0.994,67.4,45.4,23.3,0.0,45.1
default-grid_002676,default-grid,solar_overvoltage_severe,train,0,261.8,38.2,0.0,0.0,261.8,223.60000000000002,0,58.3,250.0,500.0,13.2,65.6,1,0,1,0,0,2,1,1.02,1.021,1.077,0.997,68.1,89.3,110.5,0.0,37.4
default-grid_002677,default-grid,solar_curtailment_active,train,0,266.4,48.8,-12.0,110.6,155.79999999999998,94.99999999999999,0,73.2,250.0,500.0,11.3,39.4,0,1,0,0,0,1,1,1.02,1.012,0.883,0.996,63.8,41.2,18.7,0.0,39.5
default-grid_002678,default-grid,near_limit_overvoltage,test,1,211.4,48.8,-4.8,0.0,211.4,157.8,0,61.4,250.0,500.0,12.3,52.2,1,0,0,0,0,1,1,1.02,1.017,1.059,0.996,67.2,82.9,98.6,0.0,39.5
default-grid_002679,default-grid,diurnal_normal_weekday,train,0,194.1,168.4,-16.5,0.0,194.1,9.199999999999989,0,57.1,250.0,500.0,12.0,21.9,0,0,0,0,1,0,1,1.02,1.016,1.032,0.986,89.4,90.7,92.0,0.0,62.7
default-grid_002680,default-grid,bess_injection_discharging,train,0,57.2,223.4,55.2,0.0,57.2,-111.0,0,87.5,250.0,500.0,9.5,42.6,0,0,0,0,1,0,1,1.02,1.005,1.032,0.981,91.9,76.1,60.2,0.0,73.4
default-grid_002681,default-grid,nighttime_low_load,validation,0,0.0,37.1,0.0,0.0,0.0,-37.1,0,58.5,250.0,500.0,8.5,27.6,0,0,0,0,1,0,1,1.02,1.0,1.0,0.997,52.2,53.6,55.0,0.0,37.2
default-grid_002682,default-grid,bess_absorption_charging,train,0,161.7,32.3,-37.7,0.0,161.7,91.69999999999999,0,60.8,250.0,500.0,11.4,38.7,0,0,0,0,1,0,1,1.02,1.013,1.021,0.997,61.0,70.5,79.9,0.0,36.3
default-grid_002683,default-grid,solar_overvoltage_moderate,train,0,207.0,42.1,-11.9,0.0,207.0,153.0,0,55.5,250.0,500.0,12.2,51.2,1,0,0,0,0,1,1,1.02,1.017,1.053,0.996,65.6,80.8,95.9,0.0,38.2
default-grid_002684,default-grid,solar_overvoltage_severe,train,0,269.5,34.2,0.0,0.0,269.5,235.3,0,40.2,250.0,500.0,13.4,68.0,1,0,1,0,0,2,1,1.02,1.022,1.08,0.997,67.8,89.9,112.1,0.0,36.6
default-grid_002685,default-grid,diurnal_normal_weekend,train,0,138.1,98.8,-23.1,0.0,138.1,16.200000000000003,0,71.5,250.0,500.0,11.0,23.3,0,0,0,0,1,0,1,1.02,1.011,1.024,0.992,72.5,75.5,78.5,0.0,49.2
default-grid_002686,default-grid,diurnal_normal_weekday,train,0,93.3,122.2,-17.3,0.0,93.3,-46.2,0,40.2,250.0,500.0,10.2,29.4,0,0,0,0,1,0,1,1.02,1.007,1.011,0.99,74.4,72.5,70.5,0.0,53.8
default-grid_002687,default-grid,solar_overvoltage_severe,train,0,266.2,37.6,0.0,0.0,266.2,228.6,0,50.6,250.0,500.0,13.3,66.6,1,0,1,0,0,2,1,1.02,1.021,1.079,0.997,68.3,89.8,111.4,0.0,37.3
default-grid_002688,default-grid,diurnal_normal_weekday,test,0,192.2,132.6,-16.9,0.0,192.2,42.69999999999999,0,61.0,250.0,500.0,12.0,28.7,0,0,0,0,1,0,1,1.02,1.015,1.038,0.989,82.3,86.9,91.5,0.0,55.8
default-grid_002689,default-grid,evening_peak_demand,test,0,1.4,230.9,13.2,0.0,1.4,-216.3,0,58.0,250.0,500.0,8.5,64.1,0,0,0,0,1,0,1,1.02,1.0,0.984,0.981,90.0,71.8,53.6,0.0,74.9
default-grid_002690,default-grid,bess_absorption_charging,train,0,242.1,132.9,-46.9,0.0,242.1,62.29999999999998,0,35.5,250.0,500.0,12.9,32.7,0,0,0,0,1,0,1,1.02,1.019,1.031,0.989,85.4,90.0,94.6,0.0,55.8
default-grid_002691,default-grid,evening_peak_demand,train,0,4.1,287.1,15.1,0.0,4.1,-267.90000000000003,0,59.6,250.0,500.0,8.6,74.6,0,0,1,0,0,1,1,1.02,1.0,0.975,0.976,101.1,77.5,54.0,0.0,85.8
default-grid_002692,default-grid,solar_overvoltage_severe,train,0,256.9,28.5,0.0,0.0,256.9,228.39999999999998,0,57.2,250.0,500.0,13.1,66.6,1,0,1,0,0,2,1,1.02,1.021,1.076,0.998,66.0,87.8,109.5,0.0,35.5
default-grid_002693,default-grid,evening_peak_demand,test,0,0.0,301.1,0.0,0.0,0.0,-301.1,0,49.8,250.0,500.0,8.5,81.4,0,0,1,0,0,1,1,1.02,1.0,0.96,0.975,103.5,79.2,55.0,0.0,88.5
default-grid_002694,default-grid,bess_absorption_charging,test,0,190.8,112.3,-53.5,0.0,190.8,25.000000000000014,0,64.7,250.0,500.0,11.9,25.1,0,0,0,0,1,0,1,1.02,1.015,1.015,0.991,78.3,80.2,82.1,0.0,51.8
default-grid_002695,default-grid,reconfiguration_alternate,train,0,196.7,103.5,21.9,0.0,196.7,115.1,1,59.3,250.0,500.0,12.0,43.5,0,0,0,0,1,0,1,1.02,1.016,1.045,0.991,76.9,78.5,80.0,46.0,50.1
default-grid_002696,default-grid,solar_overvoltage_moderate,train,0,228.2,78.6,-9.3,0.0,228.2,140.29999999999998,0,32.4,250.0,500.0,12.6,48.6,1,0,1,0,0,2,1,1.02,1.018,1.061,0.993,74.0,87.5,101.1,0.0,45.3
default-grid_002697,default-grid,bess_absorption_charging,train,0,150.9,54.1,-58.2,0.0,150.9,38.6,0,64.1,250.0,500.0,11.2,27.9,0,0,0,0,1,0,1,1.02,1.012,1.002,0.995,64.6,68.5,72.4,0.0,40.5
default-grid_002698,default-grid,solar_curtailment_active,test,0,220.3,37.2,-18.1,100.8,119.50000000000001,64.2,0,57.5,250.0,500.0,10.7,33.1,0,1,0,0,0,1,1,1.02,1.01,0.881,0.997,59.4,37.4,15.3,0.0,37.2
default-grid_002699,default-grid,reconfiguration_alternate,train,0,255.7,170.6,11.0,0.0,255.7,96.1,1,57.2,250.0,500.0,13.1,39.6,0,0,0,0,1,0,1,1.02,1.02,1.033,0.986,93.5,92.7,91.9,46.0,63.2
default-grid_002700,default-grid,solar_overvoltage_severe,train,0,277.4,38.0,0.0,0.0,277.4,239.39999999999998,0,72.6,250.0,500.0,13.5,68.8,1,0,1,0,0,2,1,1.02,1.022,1.082,0.997,69.0,91.4,113.8,0.0,37.4
default-grid_002701,default-grid,reconfiguration_alternate,train,0,130.5,196.3,9.6,0.0,130.5,-56.20000000000002,1,63.2,250.0,500.0,10.8,31.5,0,0,0,0,1,0,1,1.02,1.01,1.008,0.984,91.0,80.2,69.4,46.0,68.2
default-grid_002702,default-grid,diurnal_normal_weekend,train,0,166.5,85.0,-10.4,0.0,166.5,71.1,0,43.7,250.0,500.0,11.5,34.5,0,0,0,0,1,0,1,1.02,1.013,1.042,0.993,71.5,79.6,87.7,0.0,46.5
default-grid_002703,default-grid,bess_absorption_charging,validation,0,235.2,74.6,-32.5,0.0,235.2,128.1,0,71.5,250.0,500.0,12.7,46.1,0,0,0,0,1,0,1,1.02,1.019,1.046,0.994,73.6,85.2,96.7,0.0,44.5
default-grid_002704,default-grid,solar_overvoltage_severe,train,0,289.0,27.2,0.0,0.0,289.0,261.8,0,68.2,250.0,500.0,13.7,73.4,1,0,1,0,0,2,1,1.02,1.023,1.086,0.998,67.6,91.9,116.3,0.0,35.3
default-grid_002705,default-grid,reconfiguration_alternate,train,0,184.9,126.4,-14.5,0.0,184.9,44.0,1,35.6,250.0,500.0,11.8,29.0,0,0,0,0,1,0,1,1.02,1.015,1.012,0.989,80.7,79.0,77.2,46.0,54.6
default-grid_002706,default-grid,solar_overvoltage_severe,validation,0,291.0,39.6,0.0,0.0,291.0,251.4,0,45.2,250.0,500.0,13.7,71.3,1,0,1,0,0,2,1,1.02,1.023,1.086,0.997,70.2,93.5,116.7,0.0,37.7
default-grid_002707,default-grid,near_limit_overvoltage,validation,1,167.3,67.2,2.4,0.0,167.3,102.50000000000001,0,52.1,250.0,500.0,11.5,40.9,1,0,0,0,0,1,1,1.02,1.013,1.051,0.994,68.1,79.2,90.2,0.0,43.1
default-grid_002708,default-grid,solar_overvoltage_moderate,test,0,232.9,65.6,-11.6,0.0,232.9,155.70000000000002,0,45.2,250.0,500.0,12.7,51.8,1,0,1,0,0,2,1,1.02,1.019,1.061,0.995,71.7,86.6,101.5,0.0,42.8
default-grid_002709,default-grid,bess_injection_discharging,train,0,16.4,185.2,19.2,0.0,16.4,-149.6,0,43.5,250.0,500.0,8.8,50.5,0,0,0,0,1,0,1,1.02,1.001,1.002,0.985,82.0,69.0,56.1,0.0,66.0
default-grid_002710,default-grid,solar_overvoltage_severe,test,0,254.0,28.6,0.0,0.0,254.0,225.4,0,55.1,250.0,500.0,13.1,66.0,1,0,1,0,0,2,1,1.02,1.02,1.075,0.998,65.8,87.3,108.8,0.0,35.6
default-grid_002711,default-grid,extreme_stress_holdout,test,1,320.5,20.1,0.0,21.3,299.2,279.09999999999997,0,18.0,250.0,500.0,13.9,76.9,1,0,1,0,0,2,1,1.02,1.024,1.059,0.998,66.9,86.3,105.7,0.0,33.9
default-grid_002712,default-grid,solar_overvoltage_moderate,train,0,202.6,35.7,-2.2,0.0,202.6,164.7,0,61.9,250.0,500.0,12.1,53.6,1,0,0,0,0,1,1,1.02,1.016,1.058,0.997,64.1,80.8,97.4,0.0,36.9
default-grid_002713,default-grid,diurnal_normal_weekday,train,0,95.1,199.8,2.4,0.0,95.1,-102.30000000000001,0,73.5,250.0,500.0,10.2,40.9,0,0,0,0,1,0,1,1.02,1.008,1.01,0.983,89.6,82.2,74.9,0.0,68.8
default-grid_002714,default-grid,solar_overvoltage_moderate,train,0,191.2,43.8,-1.7,0.0,191.2,145.7,0,49.6,250.0,500.0,11.9,49.7,1,0,0,0,0,1,1,1.02,1.015,1.055,0.996,65.0,80.0,95.1,0.0,38.5
default-grid_002715,default-grid,solar_overvoltage_severe,test,0,286.8,25.5,0.0,0.0,286.8,261.3,0,51.4,250.0,500.0,13.7,73.3,1,0,1,0,0,2,1,1.02,1.023,1.085,0.998,67.2,91.5,115.8,0.0,35.0
default-grid_002716,default-grid,reconfiguration_alternate,test,0,218.7,153.9,-21.6,0.0,218.7,43.19999999999999,1,69.2,250.0,500.0,12.4,28.8,0,0,0,0,1,0,1,1.02,1.017,1.007,0.987,88.0,84.8,81.7,46.0,59.9
default-grid_002717,default-grid,solar_overvoltage_moderate,train,0,202.9,87.9,-6.0,0.0,202.9,109.0,0,43.5,250.0,500.0,12.2,42.2,1,0,0,0,0,1,1,1.02,1.016,1.056,0.993,74.3,85.4,96.5,0.0,47.1
default-grid_002718,default-grid,solar_curtailment_active,test,0,280.2,35.7,-0.4,76.0,204.2,168.09999999999997,0,69.5,250.0,500.0,12.2,54.3,0,0,0,0,1,0,1,1.02,1.016,0.954,0.997,64.2,58.4,52.6,0.0,36.9
default-grid_002719,default-grid,solar_overvoltage_severe,train,0,250.2,35.8,0.0,0.0,250.2,214.39999999999998,0,57.2,250.0,500.0,13.0,63.7,1,0,1,0,0,2,1,1.02,1.02,1.074,0.997,67.0,87.5,108.0,0.0,37.0
default-grid_002720,default-grid,diurnal_normal_weekend,test,0,128.2,30.9,-19.3,0.0,128.2,78.0,0,68.3,250.0,500.0,10.8,35.9,0,0,0,0,1,0,1,1.02,1.01,1.024,0.997,58.7,68.1,77.4,0.0,36.0
default-grid_002721,default-grid,solar_overvoltage_moderate,validation,0,188.9,59.0,-2.3,0.0,188.9,127.6,0,73.5,250.0,500.0,11.9,46.0,1,0,0,0,0,1,1,1.02,1.015,1.054,0.995,67.8,81.2,94.5,0.0,41.5
default-grid_002722,default-grid,diurnal_normal_weekday,train,0,209.8,143.1,6.3,0.0,209.8,73.00000000000003,0,58.0,250.0,500.0,12.3,34.9,1,0,0,0,0,1,1,1.02,1.017,1.058,0.988,85.4,92.1,98.7,0.0,57.8
default-grid_002723,default-grid,bess_absorption_charging,train,0,228.2,60.4,-57.7,0.0,228.2,110.1,0,53.7,250.0,500.0,12.6,42.5,0,0,0,0,1,0,1,1.02,1.018,1.026,0.995,70.4,79.7,89.0,0.0,41.7
default-grid_002724,default-grid,bess_absorption_charging,train,0,166.8,122.0,-35.0,0.0,166.8,9.800000000000011,0,50.7,250.0,500.0,11.5,22.0,0,0,0,0,1,0,1,1.02,1.013,1.02,0.99,78.7,80.2,81.6,0.0,53.7
default-grid_002725,default-grid,diurnal_normal_weekday,train,0,179.3,138.3,-11.0,0.0,179.3,30.0,0,32.7,250.0,500.0,11.7,26.1,0,0,0,0,1,0,1,1.02,1.014,1.037,0.988,82.6,86.4,90.3,0.0,56.9
default-grid_002726,default-grid,reconfiguration_alternate,train,0,132.8,175.6,-29.6,0.0,132.8,-72.39999999999998,1,31.4,250.0,500.0,10.9,34.8,0,0,0,0,1,0,1,1.02,1.011,0.984,0.985,87.1,75.8,64.5,46.0,64.1
default-grid_002727,default-grid,diurnal_normal_weekday,test,0,160.9,199.0,8.0,0.0,160.9,-30.099999999999994,0,74.9,250.0,500.0,11.4,26.1,0,0,0,0,1,0,1,1.02,1.013,1.034,0.983,93.3,90.7,88.1,0.0,68.7
default-grid_002728,default-grid,bess_injection_discharging,train,0,65.0,174.0,49.1,0.0,65.0,-59.900000000000006,0,69.6,250.0,500.0,9.7,32.2,0,0,0,0,1,0,1,1.02,1.005,1.04,0.986,82.7,72.7,62.6,0.0,63.8
default-grid_002729,default-grid,diurnal_normal_weekend,train,0,129.5,65.1,-6.0,0.0,129.5,58.400000000000006,0,48.2,250.0,500.0,10.8,31.9,0,0,0,0,1,0,1,1.02,1.01,1.034,0.995,65.4,73.2,81.0,0.0,42.7
default-grid_002730,default-grid,diurnal_normal_weekday,train,0,171.3,202.4,-9.0,0.0,171.3,-40.099999999999994,0,50.2,250.0,500.0,11.6,28.2,0,0,0,0,1,0,1,1.02,1.014,1.024,0.983,94.6,91.8,89.1,0.0,69.4
default-grid_002731,default-grid,evening_peak_demand,test,0,1.2,263.6,11.6,0.0,1.2,-250.8,0,59.0,250.0,500.0,8.5,71.2,0,0,0,0,1,0,1,1.02,1.0,0.976,0.978,96.3,75.0,53.8,0.0,81.3
default-grid_002732,default-grid,extreme_stress_holdout,test,1,310.4,29.4,0.0,34.7,275.7,246.29999999999998,0,96.0,250.0,500.0,13.5,70.2,0,0,0,0,1,0,1,1.02,1.022,1.033,0.998,67.3,79.9,92.6,0.0,35.7
default-grid_002733,default-grid,diurnal_normal_weekday,train,0,198.6,148.9,-8.3,0.0,198.6,41.39999999999998,0,66.9,250.0,500.0,12.1,28.4,0,0,0,0,1,0,1,1.02,1.016,1.043,0.988,85.9,90.5,95.0,0.0,59.0
default-grid_002734,default-grid,reconfiguration_alternate,validation,0,222.7,148.2,12.9,0.0,222.7,87.4,1,41.0,250.0,500.0,12.5,37.8,0,0,0,0,1,0,1,1.02,1.018,1.034,0.988,87.2,86.5,85.7,46.0,58.8
default-grid_002735,default-grid,diurnal_normal_weekday,validation,0,202.1,148.3,5.4,0.0,202.1,59.19999999999999,0,32.3,250.0,500.0,12.1,32.1,1,0,0,0,0,1,1,1.02,1.016,1.054,0.988,86.0,91.6,97.2,0.0,58.8
default-grid_002736,default-grid,near_limit_tx_overload,test,1,38.3,325.3,0.0,0.0,38.3,-287.0,0,37.5,250.0,500.0,9.2,78.5,0,0,1,0,0,1,1,1.02,1.003,0.966,0.973,110.6,86.8,63.1,0.0,93.3
default-grid_002737,default-grid,bess_absorption_charging,train,0,219.0,57.7,-41.2,0.0,219.0,120.10000000000001,0,37.1,250.0,500.0,12.4,44.5,0,0,0,0,1,0,1,1.02,1.018,1.035,0.995,69.4,80.2,91.1,0.0,41.2
default-grid_002738,default-grid,diurnal_normal_weekday,train,0,168.6,156.3,-17.9,0.0,168.6,-5.600000000000023,0,69.4,250.0,500.0,11.5,21.1,0,0,0,0,1,0,1,1.02,1.013,1.026,0.987,85.5,85.9,86.3,0.0,60.4
default-grid_002739,default-grid,diurnal_normal_weekend,train,0,150.7,113.6,-19.4,0.0,150.7,17.69999999999999,0,70.9,250.0,500.0,11.2,23.6,0,0,0,0,1,0,1,1.02,1.012,1.028,0.991,76.1,79.1,82.1,0.0,52.1
default-grid_002740,default-grid,diurnal_normal_weekday,train,0,198.1,158.4,-11.7,0.0,198.1,28.0,0,69.9,250.0,500.0,12.1,25.7,0,0,0,0,1,0,1,1.02,1.016,1.038,0.987,87.7,90.9,94.1,0.0,60.8
default-grid_002741,default-grid,near_limit_undervoltage,validation,1,1.1,249.9,-2.3,0.0,1.1,-251.1,0,62.9,250.0,500.0,8.5,71.2,0,0,0,0,1,0,1,1.02,1.0,0.969,0.979,93.7,74.2,54.7,0.0,78.6
default-grid_002742,default-grid,near_limit_overvoltage,test,1,170.9,59.9,1.6,0.0,170.9,112.6,0,62.7,250.0,500.0,11.6,43.0,1,0,0,0,0,1,1,1.02,1.014,1.052,0.995,66.9,79.0,91.0,0.0,41.6
default-grid_002743,default-grid,evening_peak_demand,train,0,4.4,264.0,5.1,0.0,4.4,-254.5,0,58.6,250.0,500.0,8.6,71.9,0,0,0,0,1,0,1,1.02,1.0,0.972,0.978,96.6,75.9,55.3,0.0,81.3
default-grid_002744,default-grid,solar_overvoltage_severe,test,0,265.3,35.5,0.0,0.0,265.3,229.8,0,36.0,250.0,500.0,13.3,66.9,1,0,1,0,0,2,1,1.02,1.021,1.079,0.997,67.8,89.5,111.2,0.0,36.9
default-grid_002745,default-grid,bess_absorption_charging,train,0,178.0,100.2,-59.8,0.0,178.0,18.0,0,28.6,250.0,500.0,11.7,23.7,0,0,0,0,1,0,1,1.02,1.014,1.009,0.992,75.2,76.5,77.8,0.0,49.5
default-grid_002746,default-grid,diurnal_normal_weekday,validation,0,192.7,171.2,3.4,0.0,192.7,24.900000000000006,0,58.7,250.0,500.0,12.0,25.1,0,0,0,0,1,0,1,1.02,1.015,1.045,0.986,89.9,92.7,95.4,0.0,63.3
default-grid_002747,default-grid,diurnal_normal_weekend,train,0,115.3,102.3,-16.7,0.0,115.3,-3.700000000000003,0,45.9,250.0,500.0,10.6,20.8,0,0,0,0,1,0,1,1.02,1.009,1.022,0.991,71.8,73.5,75.3,0.0,49.9
default-grid_002748,default-grid,diurnal_normal_weekend,train,0,131.0,84.0,0.1,0.0,131.0,47.099999999999994,0,71.1,250.0,500.0,10.9,29.6,0,0,0,0,1,0,1,1.02,1.01,1.039,0.993,69.2,76.0,82.8,0.0,46.3
default-grid_002749,default-grid,solar_overvoltage_moderate,validation,0,220.5,49.1,-11.7,0.0,220.5,159.70000000000002,0,55.8,250.0,500.0,12.5,52.6,1,0,0,0,0,1,1,1.02,1.018,1.057,0.996,67.8,83.3,98.8,0.0,39.5
default-grid_002750,default-grid,evening_peak_demand,test,0,4.8,270.6,14.3,0.0,4.8,-251.50000000000003,0,68.8,250.0,500.0,8.6,71.3,0,0,0,0,1,0,1,1.02,1.0,0.978,0.977,97.9,76.1,54.2,0.0,82.6
default-grid_002751,default-grid,diurnal_normal_weekend,train,0,157.4,44.3,-17.8,0.0,157.4,95.3,0,47.0,250.0,500.0,11.3,39.4,0,0,0,0,1,0,1,1.02,1.013,1.034,0.996,63.1,73.5,83.9,0.0,38.6
default-grid_002752,default-grid,nighttime_low_load,train,0,0.0,29.8,0.0,0.0,0.0,-29.8,0,60.2,250.0,500.0,8.5,26.1,0,0,0,0,1,0,1,1.02,1.0,1.0,0.998,50.8,52.9,55.0,0.0,35.8
default-grid_002753,default-grid,bess_absorption_charging,validation,0,191.4,97.4,-54.9,0.0,191.4,39.099999999999994,0,37.7,250.0,500.0,11.9,28.0,0,0,0,0,1,0,1,1.02,1.015,1.017,0.992,75.4,78.7,81.9,0.0,48.9
default-grid_002754,default-grid,evening_peak_demand,train,0,2.8,295.2,10.2,0.0,2.8,-282.2,0,80.3,250.0,500.0,8.6,77.6,0,0,1,0,0,1,1,1.02,1.0,0.969,0.975,102.6,78.4,54.3,0.0,87.4
default-grid_002755,default-grid,diurnal_normal_weekend,train,0,162.2,90.7,-5.2,0.0,162.2,66.3,0,30.5,250.0,500.0,11.4,33.5,0,0,0,0,1,0,1,1.02,1.013,1.044,0.992,72.4,80.2,88.1,0.0,47.6
default-grid_002756,default-grid,diurnal_normal_weekday,validation,0,174.9,135.5,7.4,0.0,174.9,46.80000000000001,0,43.2,250.0,500.0,11.6,29.5,0,0,0,0,1,0,1,1.02,1.014,1.05,0.989,81.8,86.5,91.2,0.0,56.3
default-grid_002757,default-grid,diurnal_normal_weekend,train,0,185.8,137.1,-1.7,0.0,185.8,47.00000000000003,0,33.6,250.0,500.0,11.8,29.6,0,0,0,0,1,0,1,1.02,1.015,1.046,0.989,82.8,88.4,94.0,0.0,56.7
default-grid_002758,default-grid,diurnal_normal_weekday,validation,0,179.9,190.2,-12.6,0.0,179.9,-22.899999999999977,0,72.1,250.0,500.0,11.7,24.7,0,0,0,0,1,0,1,1.02,1.014,1.026,0.984,92.8,91.4,90.0,0.0,67.0
default-grid_002759,default-grid,diurnal_normal_weekday,train,0,205.3,171.6,2.5,0.0,205.3,36.20000000000002,0,40.7,250.0,500.0,12.2,27.4,0,0,0,0,1,0,1,1.02,1.016,1.048,0.986,90.7,94.5,98.2,0.0,63.4
default-grid_002760,default-grid,bess_absorption_charging,train,0,162.4,80.3,-43.8,0.0,162.4,38.30000000000001,0,73.4,250.0,500.0,11.4,27.8,0,0,0,0,1,0,1,1.02,1.013,1.016,0.993,70.4,74.5,78.5,0.0,45.6
default-grid_002761,default-grid,diurnal_normal_weekday,test,0,186.3,152.2,5.3,0.0,186.3,39.400000000000034,0,38.7,250.0,500.0,11.9,28.0,0,0,0,0,1,0,1,1.02,1.015,1.049,0.987,85.8,89.8,93.8,0.0,59.6
default-grid_002762,default-grid,near_limit_overvoltage,test,1,203.9,47.2,1.5,0.0,203.9,158.2,0,32.7,250.0,500.0,12.2,52.3,1,0,0,0,0,1,1,1.02,1.016,1.061,0.996,66.4,82.2,98.0,0.0,39.2
default-grid_002763,default-grid,near_limit_tx_overload,validation,1,43.4,313.9,0.0,0.0,43.4,-270.5,0,46.9,250.0,500.0,9.3,75.2,0,0,1,0,0,1,1,1.02,1.003,0.97,0.974,108.6,86.4,64.2,0.0,91.0
default-grid_002764,default-grid,near_limit_undervoltage,test,1,20.1,284.0,5.2,0.0,20.1,-258.7,0,43.7,250.0,500.0,8.9,72.8,0,0,1,0,0,1,1,1.02,1.002,0.973,0.976,101.4,80.0,58.6,0.0,85.2
default-grid_002765,default-grid,solar_overvoltage_severe,test,0,254.3,41.9,0.0,0.0,254.3,212.4,0,44.6,250.0,500.0,13.1,63.3,1,0,1,0,0,2,1,1.02,1.02,1.075,0.997,68.4,88.7,108.9,0.0,38.1
default-grid_002766,default-grid,solar_overvoltage_severe,validation,0,290.6,35.4,0.0,0.0,290.6,255.20000000000002,0,46.0,250.0,500.0,13.7,72.1,1,0,1,0,0,2,1,1.02,1.023,1.086,0.997,69.3,92.9,116.6,0.0,36.9
default-grid_002767,default-grid,bess_absorption_charging,validation,0,189.2,119.2,-52.3,0.0,189.2,17.699999999999974,0,35.0,250.0,500.0,11.9,23.6,0,0,0,0,1,0,1,1.02,1.015,1.014,0.99,79.5,80.8,82.0,0.0,53.2
default-grid_002768,default-grid,bess_injection_discharging,test,0,4.2,216.8,54.8,0.0,4.2,-157.8,0,88.4,250.0,500.0,8.6,52.2,0,0,0,0,1,0,1,1.02,1.0,1.018,0.982,87.4,68.2,49.0,0.0,72.2
default-grid_002769,default-grid,solar_overvoltage_severe,train,0,295.1,34.2,0.0,0.0,295.1,260.90000000000003,0,39.6,250.0,500.0,13.8,73.2,1,0,1,0,0,2,1,1.02,1.024,1.087,0.997,69.4,93.5,117.6,0.0,36.6
default-grid_002770,default-grid,evening_peak_demand,train,0,0.5,281.7,22.9,0.0,0.5,-258.3,0,68.7,250.0,500.0,8.5,72.7,0,0,0,0,1,0,1,1.02,1.0,0.98,0.977,99.8,76.0,52.2,0.0,84.8
default-grid_002771,default-grid,nighttime_low_load,train,0,0.0,24.7,0.0,0.0,0.0,-24.7,0,49.5,250.0,500.0,8.5,25.0,0,0,0,0,1,0,1,1.02,1.0,1.0,0.998,49.8,52.4,55.0,0.0,34.8
default-grid_002772,default-grid,diurnal_normal_weekday,validation,0,130.1,165.6,4.6,0.0,130.1,-30.900000000000006,0,59.1,250.0,500.0,10.8,26.3,0,0,0,0,1,0,1,1.02,1.01,1.029,0.986,85.0,83.5,82.0,0.0,62.2
default-grid_002773,default-grid,solar_overvoltage_severe,train,0,279.6,33.5,0.0,0.0,279.6,246.10000000000002,0,67.5,250.0,500.0,13.5,70.2,1,0,1,0,0,2,1,1.02,1.022,1.083,0.997,68.3,91.3,114.3,0.0,36.5
default-grid_002774,default-grid,diurnal_normal_weekend,test,0,225.8,54.8,-7.8,0.0,225.8,163.2,0,47.8,250.0,500.0,12.6,53.3,1,0,1,0,0,2,1,1.02,1.018,1.061,0.995,69.2,85.1,100.9,0.0,40.7
default-grid_002775,default-grid,evening_peak_demand,validation,0,1.7,207.7,10.4,0.0,1.7,-195.6,0,50.8,250.0,500.0,8.5,59.9,0,0,0,0,1,0,1,1.02,1.0,0.987,0.983,85.5,69.8,54.1,0.0,70.4
default-grid_002776,default-grid,diurnal_normal_weekday,test,0,177.6,197.5,-15.8,0.0,177.6,-35.70000000000002,0,31.6,250.0,500.0,11.7,27.3,0,0,0,0,1,0,1,1.02,1.014,1.022,0.984,94.1,91.4,88.7,0.0,68.4
default-grid_002777,default-grid,solar_curtailment_active,test,0,254.3,78.2,-8.8,73.8,180.5,93.49999999999999,0,31.6,250.0,500.0,11.7,39.1,0,1,0,0,0,1,1,1.02,1.014,0.944,0.993,71.0,58.9,46.8,0.0,45.2
default-grid_002778,default-grid,extreme_stress_holdout,test,1,283.4,26.6,0.0,36.8,246.59999999999997,219.99999999999997,0,96.0,250.0,500.0,12.9,64.9,0,0,0,0,1,0,1,1.02,1.02,1.021,0.998,65.0,75.1,85.2,0.0,35.2
default-grid_002779,default-grid,solar_overvoltage_moderate,train,0,206.8,89.8,-3.8,0.0,206.8,113.2,0,45.9,250.0,500.0,12.2,43.1,1,0,0,0,0,1,1,1.02,1.017,1.058,0.993,74.9,86.4,97.9,0.0,47.5
default-grid_002780,default-grid,diurnal_normal_weekend,validation,0,161.1,69.8,3.1,0.0,161.1,94.39999999999999,0,59.4,250.0,500.0,11.4,39.3,0,0,0,0,1,0,1,1.02,1.013,1.05,0.994,68.2,78.5,88.8,0.0,43.6
default-grid_002781,default-grid,evening_peak_demand,train,0,3.6,305.4,1.7,0.0,3.6,-300.09999999999997,0,49.5,250.0,500.0,8.6,81.2,0,0,1,0,0,1,1,1.02,1.0,0.961,0.975,104.6,80.1,55.6,0.0,89.4
default-grid_002782,default-grid,reconfiguration_alternate,train,0,259.0,207.8,-16.5,0.0,259.0,34.69999999999999,1,38.0,250.0,500.0,13.2,27.1,0,0,1,0,0,1,1,1.02,1.021,1.006,0.983,100.9,95.5,90.1,46.0,70.4
default-grid_002783,default-grid,nighttime_low_load,validation,0,0.0,28.6,0.0,0.0,0.0,-28.6,0,66.1,250.0,500.0,8.5,25.8,0,0,0,0,1,0,1,1.02,1.0,1.0,0.998,50.6,52.8,55.0,0.0,35.6
default-grid_002784,default-grid,near_limit_overvoltage,test,1,180.5,63.6,-3.2,0.0,180.5,113.70000000000002,0,37.4,250.0,500.0,11.7,43.2,1,0,0,0,0,1,1,1.02,1.014,1.051,0.995,68.2,80.3,92.5,0.0,42.4
default-grid_002785,default-grid,bess_absorption_charging,train,0,201.8,102.1,-38.3,0.0,201.8,61.400000000000006,0,57.1,250.0,500.0,12.1,32.5,0,0,0,0,1,0,1,1.02,1.016,1.032,0.991,77.0,82.6,88.2,0.0,49.9
default-grid_002786,default-grid,bess_injection_discharging,train,0,32.7,219.9,20.1,0.0,32.7,-167.1,0,71.7,250.0,500.0,9.1,54.1,0,0,0,0,1,0,1,1.02,1.003,1.0,0.982,89.7,74.5,59.4,0.0,72.8
default-grid_002787,default-grid,reconfiguration_alternate,validation,0,241.5,154.8,-21.5,0.0,241.5,65.19999999999999,1,53.8,250.0,500.0,12.8,33.3,0,0,0,0,1,0,1,1.02,1.019,1.01,0.987,89.6,87.8,85.9,46.0,60.1
default-grid_002788,default-grid,extreme_stress_holdout,test,1,312.4,23.0,0.0,23.9,288.5,265.5,0,96.0,250.0,500.0,13.7,74.2,1,0,1,0,0,2,1,1.02,1.023,1.052,0.998,66.8,84.3,101.8,0.0,34.5
default-grid_002789,default-grid,evening_peak_demand,train,0,2.2,295.4,8.7,0.0,2.2,-284.5,0,62.7,250.0,500.0,8.5,78.0,0,0,1,0,0,1,1,1.02,1.0,0.968,0.975,102.6,78.5,54.4,0.0,87.4
default-grid_002790,default-grid,diurnal_normal_weekday,train,0,206.0,192.8,7.6,0.0,206.0,20.799999999999983,0,48.0,250.0,500.0,12.2,24.2,0,0,0,0,1,0,1,1.02,1.016,1.048,0.984,94.8,96.2,97.7,0.0,67.5
default-grid_002791,default-grid,diurnal_normal_weekday,train,0,139.1,134.3,2.8,0.0,139.1,7.599999999999994,0,44.8,250.0,500.0,11.0,21.6,0,0,0,0,1,0,1,1.02,1.011,1.036,0.989,79.5,81.8,84.1,0.0,56.1
default-grid_002792,default-grid,diurnal_normal_weekday,train,0,220.1,158.9,-5.9,0.0,220.1,55.29999999999998,0,63.8,250.0,500.0,12.5,31.3,0,0,1,0,0,1,1,1.02,1.018,1.049,0.987,89.1,94.7,100.2,0.0,60.9
default-grid_002793,default-grid,diurnal_normal_weekday,train,0,175.2,199.1,-14.8,0.0,175.2,-38.70000000000002,0,69.6,250.0,500.0,11.7,27.9,0,0,0,0,1,0,1,1.02,1.014,1.021,0.983,94.2,91.3,88.4,0.0,68.7
default-grid_002794,default-grid,evening_peak_demand,validation,0,0.7,270.4,7.0,0.0,0.7,-262.7,0,69.0,250.0,500.0,8.5,73.6,0,0,0,0,1,0,1,1.02,1.0,0.971,0.977,97.6,75.9,54.3,0.0,82.6
default-grid_002795,default-grid,diurnal_normal_weekday,validation,0,204.4,175.6,11.5,0.0,204.4,40.30000000000001,0,31.7,250.0,500.0,12.2,28.2,1,0,0,0,0,1,1,1.02,1.016,1.054,0.985,91.4,94.2,96.9,0.0,64.1
default-grid_002796,default-grid,diurnal_normal_weekday,train,0,101.6,172.0,-3.6,0.0,101.6,-74.0,0,30.9,250.0,500.0,10.3,35.1,0,0,0,0,1,0,1,1.02,1.008,1.013,0.986,84.5,80.0,75.6,0.0,63.4
default-grid_002797,default-grid,solar_overvoltage_moderate,train,0,237.1,50.8,-8.1,0.0,237.1,178.2,0,40.2,250.0,500.0,12.8,56.3,1,0,1,0,0,2,1,1.02,1.019,1.064,0.996,69.1,86.2,103.2,0.0,39.9
default-grid_002798,default-grid,extreme_stress_holdout,test,1,277.6,18.8,0.0,26.9,250.70000000000002,231.9,0,96.0,250.0,500.0,13.0,67.3,0,0,0,0,1,0,1,1.02,1.02,1.037,0.998,63.7,77.8,92.0,0.0,33.7
default-grid_002799,default-grid,bess_absorption_charging,train,0,205.8,131.8,-53.1,0.0,205.8,20.900000000000006,0,45.3,250.0,500.0,12.2,24.3,0,0,0,0,1,0,1,1.02,1.016,1.016,0.989,83.0,84.2,85.4,0.0,55.6
default-grid_002800,default-grid,bess_injection_discharging,train,0,1.2,180.9,20.1,0.0,1.2,-159.6,0,81.6,250.0,500.0,8.5,52.6,0,0,0,0,1,0,1,1.02,1.0,0.999,0.985,80.2,66.5,52.7,0.0,65.2
default-grid_002801,default-grid,diurnal_normal_weekday,train,0,204.5,147.0,10.0,0.0,204.5,67.5,0,33.5,250.0,500.0,12.2,33.8,1,0,0,0,0,1,1,1.02,1.016,1.058,0.988,85.9,91.5,97.1,0.0,58.6
default-grid_002802,default-grid,evening_peak_demand,train,0,3.4,203.6,21.8,0.0,3.4,-178.4,0,56.6,250.0,500.0,8.6,56.4,0,0,0,0,1,0,1,1.02,1.0,0.996,0.983,84.8,68.9,53.0,0.0,69.6
default-grid_002803,default-grid,solar_overvoltage_moderate,train,0,206.2,33.8,-7.0,0.0,206.2,165.39999999999998,0,46.9,250.0,500.0,12.2,53.7,1,0,0,0,0,1,1,1.02,1.016,1.056,0.997,63.9,80.5,97.0,0.0,36.6
default-grid_002804,default-grid,reconfiguration_alternate,train,0,219.1,170.6,26.9,0.0,219.1,75.4,1,73.2,250.0,500.0,12.4,35.4,0,0,0,0,1,0,1,1.02,1.018,1.039,0.986,91.3,87.4,83.6,46.0,63.2
default-grid_002805,default-grid,evening_peak_demand,validation,0,1.8,276.2,20.0,0.0,1.8,-254.39999999999998,0,51.5,250.0,500.0,8.5,71.9,0,0,0,0,1,0,1,1.02,1.0,0.98,0.977,98.8,75.8,52.9,0.0,83.7
default-grid_002806,default-grid,diurnal_normal_weekday,train,0,145.7,143.4,-17.8,0.0,145.7,-15.500000000000014,0,32.4,250.0,500.0,11.1,23.2,0,0,0,0,1,0,1,1.02,1.012,1.022,0.988,81.6,81.5,81.4,0.0,57.9
default-grid_002807,default-grid,solar_curtailment_active,train,0,255.5,67.4,-1.8,29.2,226.3,157.1,0,63.1,250.0,500.0,12.6,52.0,0,0,0,0,1,0,1,1.02,1.018,1.025,0.994,71.7,78.3,85.0,0.0,43.1
default-grid_002808,default-grid,solar_overvoltage_moderate,validation,0,223.9,79.8,-10.5,0.0,223.9,133.60000000000002,0,68.1,250.0,500.0,12.5,47.2,1,0,0,0,0,1,1,1.02,1.018,1.059,0.993,74.0,86.9,99.8,0.0,45.5
default-grid_002809,default-grid,diurnal_normal_weekend,train,0,160.9,79.1,-1.3,0.0,160.9,80.5,0,46.7,250.0,500.0,11.4,36.4,0,0,0,0,1,0,1,1.02,1.013,1.047,0.993,70.0,79.4,88.8,0.0,45.4
default-grid_002810,default-grid,bess_injection_discharging,train,0,42.3,203.6,46.6,0.0,42.3,-114.69999999999999,0,87.9,250.0,500.0,9.3,43.4,0,0,0,0,1,0,1,1.02,1.003,1.026,0.983,87.1,72.6,58.1,0.0,69.6
default-grid_002811,default-grid,solar_overvoltage_moderate,validation,0,221.1,78.2,-8.4,0.0,221.1,134.5,0,71.1,250.0,500.0,12.5,47.4,1,0,0,0,0,1,1,1.02,1.018,1.059,0.993,73.5,86.7,99.8,0.0,45.2
default-grid_002812,default-grid,diurnal_normal_weekday,train,0,128.9,188.7,-14.7,0.0,128.9,-74.49999999999999,0,69.7,250.0,500.0,10.8,35.2,0,0,0,0,1,0,1,1.02,1.01,1.01,0.984,89.4,84.1,78.7,0.0,66.7
default-grid_002813,default-grid,bess_absorption_charging,validation,0,218.4,99.4,-35.5,0.0,218.4,83.5,0,51.4,250.0,500.0,12.4,37.0,0,0,0,0,1,0,1,1.02,1.017,1.039,0.992,77.4,84.9,92.4,0.0,49.3
default-grid_002814,default-grid,solar_overvoltage_moderate,test,0,223.7,47.9,-10.3,0.0,223.7,165.49999999999997,0,54.2,250.0,500.0,12.5,53.8,1,0,0,0,0,1,1,1.02,1.018,1.059,0.996,67.7,83.8,99.8,0.0,39.3
default-grid_002815,default-grid,reconfiguration_alternate,train,0,258.2,135.9,-15.3,0.0,258.2,106.99999999999997,1,65.4,250.0,500.0,13.1,41.8,0,0,0,0,1,0,1,1.02,1.021,1.021,0.989,86.9,88.6,90.2,46.0,56.4
default-grid_002816,default-grid,near_limit_overvoltage,test,1,208.4,65.4,-1.8,0.0,208.4,141.2,0,31.2,250.0,500.0,12.3,48.8,1,0,0,0,0,1,1,1.02,1.017,1.06,0.995,70.2,84.5,98.7,0.0,42.7
default-grid_002817,default-grid,extreme_stress_holdout,test,1,333.9,18.5,0.0,29.0,304.9,286.4,0,96.0,250.0,500.0,14.0,78.4,0,0,1,0,0,1,1,1.02,1.024,1.05,0.998,66.9,84.6,102.2,0.0,33.6
default-grid_002818,default-grid,solar_overvoltage_moderate,train,0,228.9,76.8,-2.5,0.0,228.9,149.60000000000002,0,69.6,250.0,500.0,12.6,50.5,1,0,1,0,0,2,1,1.02,1.018,1.066,0.994,73.7,88.3,102.9,0.0,44.9
default-grid_002819,default-grid,solar_overvoltage_moderate,train,0,219.8,66.8,-9.0,0.0,219.8,144.0,0,67.4,250.0,500.0,12.5,49.4,1,0,0,0,0,1,1,1.02,1.018,1.059,0.994,71.2,85.2,99.3,0.0,43.0
default-grid_002820,default-grid,solar_overvoltage_moderate,train,0,213.8,78.5,-10.0,0.0,213.8,125.30000000000001,0,68.8,250.0,500.0,12.3,45.6,1,0,0,0,0,1,1,1.02,1.017,1.056,0.993,73.1,85.4,97.8,0.0,45.3
default-grid_002821,default-grid,nighttime_low_load,train,0,0.0,28.2,0.0,0.0,0.0,-28.2,0,51.5,250.0,500.0,8.5,25.8,0,0,0,0,1,0,1,1.02,1.0,1.0,0.998,50.5,52.8,55.0,0.0,35.5
default-grid_002822,default-grid,solar_overvoltage_moderate,train,0,203.3,40.1,-11.9,0.0,203.3,151.3,0,71.5,250.0,500.0,12.2,50.9,1,0,0,0,0,1,1,1.02,1.016,1.052,0.997,65.0,80.0,95.1,0.0,37.8
default-grid_002823,default-grid,bess_injection_discharging,validation,0,70.0,247.1,22.8,0.0,70.0,-154.3,0,49.8,250.0,500.0,9.8,51.5,0,0,0,0,1,0,1,1.02,1.006,1.008,0.979,97.2,82.1,67.0,0.0,78.0
default-grid_002824,default-grid,bess_absorption_charging,validation,0,227.5,38.0,-45.9,0.0,227.5,143.6,0,62.5,250.0,500.0,12.6,49.3,0,0,0,0,1,0,1,1.02,1.018,1.034,0.997,66.0,78.9,91.8,0.0,37.4
default-grid_002825,default-grid,diurnal_normal_weekday,validation,0,188.7,136.4,-14.7,0.0,188.7,37.599999999999994,0,65.0,250.0,500.0,11.9,27.7,0,0,0,0,1,0,1,1.02,1.015,1.038,0.989,82.8,87.0,91.3,0.0,56.5
default-grid_002826,default-grid,diurnal_normal_weekday,validation,0,154.7,172.8,-8.0,0.0,154.7,-26.100000000000023,0,61.2,250.0,500.0,11.3,25.3,0,0,0,0,1,0,1,1.02,1.012,1.025,0.986,87.9,86.8,85.8,0.0,63.6
default-grid_002827,default-grid,bess_injection_discharging,train,0,61.7,230.0,33.9,0.0,61.7,-134.4,0,39.4,250.0,500.0,9.6,47.4,0,0,0,0,1,0,1,1.02,1.005,1.017,0.981,93.4,78.6,63.8,0.0,74.7
default-grid_002828,default-grid,diurnal_normal_weekend,train,0,167.4,141.7,-2.8,0.0,167.4,22.900000000000006,0,71.7,250.0,500.0,11.5,24.7,0,0,0,0,1,0,1,1.02,1.013,1.039,0.988,82.6,86.2,89.8,0.0,57.6
default-grid_002829,default-grid,near_limit_feeder_overload,validation,1,213.1,37.3,0.0,0.0,213.1,175.8,0,56.7,250.0,500.0,12.3,55.9,1,0,1,0,0,2,1,1.02,1.017,1.063,0.997,65.0,82.6,100.2,0.0,37.3
default-grid_002830,default-grid,near_limit_overvoltage,test,1,175.8,54.7,-2.1,0.0,175.8,119.00000000000001,0,31.5,250.0,500.0,11.7,44.3,1,0,0,0,0,1,1,1.02,1.014,1.051,0.995,66.2,79.0,91.7,0.0,40.6
default-grid_002831,default-grid,near_limit_undervoltage,validation,1,14.9,271.3,-4.1,0.0,14.9,-260.5,0,70.0,250.0,500.0,8.8,73.1,0,0,0,0,1,0,1,1.02,1.001,0.967,0.977,98.6,77.8,57.1,0.0,82.8
default-grid_002832,default-grid,diurnal_normal_weekend,train,0,138.6,137.7,0.6,0.0,138.6,1.5,0,65.1,250.0,500.0,11.0,20.3,0,0,0,0,1,0,1,1.02,1.011,1.034,0.989,80.1,82.2,84.3,0.0,56.8
default-grid_002833,default-grid,evening_peak_demand,train,0,0.5,226.8,9.9,0.0,0.5,-216.4,0,51.3,250.0,500.0,8.5,64.1,0,0,0,0,1,0,1,1.02,1.0,0.982,0.981,89.1,71.5,53.9,0.0,74.1
default-grid_002834,default-grid,evening_peak_demand,test,0,2.9,209.2,9.2,0.0,2.9,-197.1,0,75.7,250.0,500.0,8.6,60.2,0,0,0,0,1,0,1,1.02,1.0,0.986,0.983,85.9,70.2,54.5,0.0,70.7
default-grid_002835,default-grid,diurnal_normal_weekday,validation,0,167.2,141.4,-15.9,0.0,167.2,9.899999999999977,0,70.1,250.0,500.0,11.5,22.0,0,0,0,0,1,0,1,1.02,1.013,1.03,0.988,82.5,84.5,86.5,0.0,57.5
default-grid_002836,default-grid,solar_overvoltage_severe,train,0,241.5,25.6,0.0,0.0,241.5,215.9,0,32.5,250.0,500.0,12.8,64.0,1,0,1,0,0,2,1,1.02,1.019,1.071,0.998,64.5,85.3,106.2,0.0,35.0
default-grid_002837,default-grid,near_limit_tx_overload,validation,1,1.0,291.7,0.0,0.0,1.0,-290.7,0,66.8,250.0,500.0,8.5,79.3,0,0,1,0,0,1,1,1.02,1.0,0.962,0.976,101.8,78.5,55.2,0.0,86.7
default-grid_002838,default-grid,near_limit_overvoltage,test,1,203.8,40.7,-8.0,0.0,203.8,155.10000000000002,0,42.8,250.0,500.0,12.2,51.6,1,0,0,0,0,1,1,1.02,1.016,1.055,0.997,65.1,80.7,96.2,0.0,37.9
default-grid_002839,default-grid,near_limit_feeder_overload,validation,1,207.9,36.6,0.0,0.0,207.9,171.3,0,59.6,250.0,500.0,12.2,54.9,1,0,0,0,0,1,1,1.02,1.017,1.062,0.997,64.6,81.8,99.1,0.0,37.1
default-grid_002840,default-grid,solar_overvoltage_moderate,train,0,231.7,76.9,-5.4,0.0,231.7,149.39999999999998,0,43.2,250.0,500.0,12.7,50.5,1,0,1,0,0,2,1,1.02,1.019,1.065,0.994,73.9,88.3,102.8,0.0,45.0
default-grid_002841,default-grid,evening_peak_demand,train,0,4.3,255.4,22.4,0.0,4.3,-228.70000000000002,0,83.0,250.0,500.0,8.6,66.6,0,0,0,0,1,0,1,1.02,1.0,0.986,0.979,94.9,74.0,53.1,0.0,79.7
default-grid_002842,default-grid,solar_overvoltage_moderate,test,0,228.6,38.5,-4.5,0.0,228.6,185.6,0,54.3,250.0,500.0,12.6,57.9,1,0,1,0,0,2,1,1.02,1.018,1.064,0.997,66.2,84.2,102.3,0.0,37.5
default-grid_002843,default-grid,extreme_stress_holdout,test,1,282.6,24.4,0.0,9.2,273.40000000000003,249.00000000000003,0,96.0,250.0,500.0,13.4,70.8,1,0,1,0,0,2,1,1.02,1.022,1.068,0.998,66.1,86.8,107.4,0.0,34.7
default-grid_002844,default-grid,evening_peak_demand,train,0,1.5,301.4,14.0,0.0,1.5,-285.9,0,71.9,250.0,500.0,8.5,78.3,0,0,1,0,0,1,1,1.02,1.0,0.97,0.975,103.7,78.7,53.6,0.0,88.6
default-grid_002845,default-grid,solar_overvoltage_moderate,train,0,210.4,86.5,-9.0,0.0,210.4,114.9,0,34.8,250.0,500.0,12.3,43.4,1,0,0,0,0,1,1,1.02,1.017,1.056,0.993,74.4,85.9,97.4,0.0,46.8
default-grid_002846,default-grid,solar_curtailment_active,train,0,281.5,77.4,-5.3,69.5,212.0,129.29999999999998,0,43.2,250.0,500.0,12.3,46.4,0,0,0,0,1,0,1,1.02,1.017,0.962,0.994,72.8,64.8,56.9,0.0,45.1
default-grid_002847,default-grid,solar_curtailment_active,test,0,274.9,78.2,-16.9,28.2,246.7,151.59999999999997,0,66.0,250.0,500.0,12.9,50.9,0,0,0,0,1,0,1,1.02,1.02,1.021,0.993,75.0,80.6,86.2,0.0,45.2
default-grid_002848,default-grid,evening_peak_demand,train,0,2.5,295.7,18.3,0.0,2.5,-274.9,0,57.0,250.0,500.0,8.5,76.1,0,0,1,0,0,1,1,1.02,1.0,0.975,0.975,102.6,77.9,53.2,0.0,87.5
default-grid_002849,default-grid,reconfiguration_alternate,train,0,200.1,68.0,-5.3,0.0,200.1,126.79999999999998,1,50.2,250.0,500.0,12.1,45.9,0,0,0,0,1,0,1,1.02,1.016,1.027,0.994,70.2,76.1,81.9,46.0,43.2
default-grid_002850,default-grid,diurnal_normal_weekday,train,0,197.6,127.2,-7.2,0.0,197.6,63.2,0,46.3,250.0,500.0,12.1,32.9,0,0,0,0,1,0,1,1.02,1.016,1.048,0.989,81.6,88.3,95.1,0.0,54.7
default-grid_002851,default-grid,bess_absorption_charging,validation,0,227.8,120.5,-27.4,0.0,227.8,79.9,0,53.4,250.0,500.0,12.6,36.3,0,0,0,0,1,0,1,1.02,1.018,1.043,0.99,82.1,89.2,96.4,0.0,53.4
default-grid_002852,default-grid,solar_overvoltage_moderate,train,0,223.6,43.4,-0.6,0.0,223.6,179.6,0,61.8,250.0,500.0,12.5,56.6,1,0,1,0,0,2,1,1.02,1.018,1.066,0.996,66.9,84.6,102.3,0.0,38.4
default-grid_002853,default-grid,bess_absorption_charging,train,0,241.2,116.8,-28.7,0.0,241.2,95.7,0,72.7,250.0,500.0,12.8,39.5,0,0,0,0,1,0,1,1.02,1.019,1.047,0.99,82.2,90.6,99.0,0.0,52.7
default-grid_002854,default-grid,solar_overvoltage_severe,train,0,257.8,25.5,0.0,0.0,257.8,232.3,0,48.5,250.0,500.0,13.1,67.4,1,0,1,0,0,2,1,1.02,1.021,1.076,0.998,65.4,87.6,109.7,0.0,35.0
default-grid_002855,default-grid,solar_curtailment_active,train,0,218.1,74.6,-19.8,75.4,142.7,48.3,0,73.9,250.0,500.0,11.1,29.9,0,1,0,0,0,1,1,1.02,1.011,0.922,0.994,68.1,51.6,35.1,0.0,44.5
default-grid_002856,default-grid,solar_overvoltage_moderate,train,0,229.2,83.8,-3.2,0.0,229.2,142.2,0,41.5,250.0,500.0,12.6,49.0,1,0,1,0,0,2,1,1.02,1.018,1.066,0.993,75.0,88.9,102.8,0.0,46.3
default-grid_002857,default-grid,diurnal_normal_weekend,validation,0,121.1,146.0,-0.7,0.0,121.1,-25.60000000000001,0,33.4,250.0,500.0,10.7,25.2,0,0,0,0,1,0,1,1.02,1.01,1.026,0.988,80.7,80.6,80.5,0.0,58.4
default-grid_002858,default-grid,diurnal_normal_weekday,train,0,187.0,122.4,0.7,0.0,187.0,65.29999999999998,0,67.8,250.0,500.0,11.9,33.3,1,0,0,0,0,1,1,1.02,1.015,1.051,0.99,80.0,87.3,94.6,0.0,53.8
default-grid_002859,default-grid,reconfiguration_alternate,test,0,257.1,209.4,11.1,0.0,257.1,58.80000000000004,1,36.8,250.0,500.0,13.1,32.0,0,0,1,0,0,1,1,1.02,1.021,1.025,0.983,101.1,96.6,92.1,46.0,70.7
default-grid_002860,default-grid,diurnal_normal_weekday,train,0,204.9,185.6,7.3,0.0,204.9,26.600000000000023,0,39.2,250.0,500.0,12.2,25.4,0,0,0,0,1,0,1,1.02,1.016,1.049,0.985,93.4,95.5,97.5,0.0,66.1
default-grid_002861,default-grid,solar_overvoltage_moderate,train,0,202.3,53.3,-8.1,0.0,202.3,140.90000000000003,0,56.5,250.0,500.0,12.1,48.7,1,0,0,0,0,1,1,1.02,1.016,1.054,0.996,67.5,81.7,95.9,0.0,40.4
default-grid_002862,default-grid,solar_overvoltage_moderate,train,0,213.3,31.7,-11.3,0.0,213.3,170.3,0,50.9,250.0,500.0,12.3,54.7,1,0,0,0,0,1,1,1.02,1.017,1.055,0.997,64.0,80.7,97.4,0.0,36.2
default-grid_002863,default-grid,reconfiguration_alternate,train,0,193.0,142.5,-1.1,0.0,193.0,49.400000000000006,1,35.0,250.0,500.0,12.0,30.1,0,0,0,0,1,0,1,1.02,1.015,1.02,0.988,84.3,82.9,81.5,46.0,57.7
default-grid_002864,default-grid,extreme_stress_holdout,test,1,307.0,24.7,0.0,6.3,300.7,276.0,0,18.0,250.0,500.0,13.9,76.3,1,0,1,0,0,2,1,1.02,1.024,1.08,0.998,67.8,91.4,115.0,0.0,34.8
default-grid_002865,default-grid,diurnal_normal_weekday,train,0,169.4,201.6,6.9,0.0,169.4,-25.299999999999983,0,59.8,250.0,500.0,11.5,25.2,0,0,0,0,1,0,1,1.02,1.014,1.035,0.983,94.4,92.2,90.1,0.0,69.2
default-grid_002866,default-grid,extreme_stress_holdout,test,1,311.9,25.0,0.0,24.5,287.4,262.4,0,18.0,250.0,500.0,13.7,73.5,1,0,1,0,0,2,1,1.02,1.023,1.051,0.998,67.1,84.2,101.2,0.0,34.9
default-grid_002867,default-grid,solar_overvoltage_severe,train,0,286.7,30.5,0.0,0.0,286.7,256.2,0,51.6,250.0,500.0,13.7,72.3,1,0,1,0,0,2,1,1.02,1.023,1.085,0.997,68.1,91.9,115.8,0.0,35.9
default-grid_002868,default-grid,diurnal_normal_weekend,train,0,134.8,45.8,-9.7,0.0,134.8,79.30000000000001,0,33.9,250.0,500.0,10.9,36.2,0,0,0,0,1,0,1,1.02,1.011,1.033,0.996,62.0,71.6,81.2,0.0,38.9
default-grid_002869,default-grid,diurnal_normal_weekday,train,0,212.0,125.0,-17.0,0.0,212.0,70.0,0,37.1,250.0,500.0,12.3,34.3,0,0,0,0,1,0,1,1.02,1.017,1.045,0.99,82.0,88.8,95.7,0.0,54.3
default-grid_002870,default-grid,solar_overvoltage_moderate,train,0,209.2,64.6,-1.0,0.0,209.2,143.6,0,74.7,250.0,500.0,12.3,49.3,1,0,0,0,0,1,1,1.02,1.017,1.061,0.995,70.1,84.6,99.1,0.0,42.6
default-grid_002871,default-grid,bess_injection_discharging,train,0,69.9,162.1,55.8,0.0,69.9,-36.39999999999999,0,62.4,250.0,500.0,9.8,27.4,0,0,0,0,1,0,1,1.02,1.006,1.049,0.986,80.7,71.8,62.8,0.0,61.5
default-grid_002872,default-grid,solar_overvoltage_moderate,train,0,234.8,67.4,-1.5,0.0,234.8,165.9,0,33.0,250.0,500.0,12.7,53.8,1,0,1,0,0,2,1,1.02,1.019,1.068,0.994,72.2,88.3,104.4,0.0,43.1
default-grid_002873,default-grid,diurnal_normal_weekend,train,0,141.3,140.9,2.3,0.0,141.3,2.700000000000017,0,40.4,250.0,500.0,11.0,20.6,0,0,0,0,1,0,1,1.02,1.011,1.035,0.988,80.9,82.8,84.7,0.0,57.4
default-grid_002874,default-grid,diurnal_normal_weekend,test,0,195.8,33.2,-21.7,0.0,195.8,140.90000000000003,0,57.6,250.0,500.0,12.0,48.7,0,0,0,0,1,0,1,1.02,1.016,1.042,0.997,63.2,77.2,91.1,0.0,36.5
default-grid_002875,default-grid,bess_injection_discharging,train,0,40.1,196.8,56.2,0.0,40.1,-100.5,0,50.8,250.0,500.0,9.2,40.5,0,0,0,0,1,0,1,1.02,1.003,1.033,0.984,85.7,71.1,56.5,0.0,68.3
default-grid_002876,default-grid,diurnal_normal_weekday,train,0,180.2,189.9,12.0,0.0,180.2,2.299999999999983,0,37.0,250.0,500.0,11.7,20.5,0,0,0,0,1,0,1,1.02,1.014,1.044,0.984,92.7,92.2,91.7,0.0,66.9
default-grid_002877,default-grid,solar_overvoltage_severe,train,0,288.1,37.7,0.0,0.0,288.1,250.40000000000003,0,32.9,250.0,500.0,13.7,71.1,1,0,1,0,0,2,1,1.02,1.023,1.085,0.997,69.6,92.8,116.1,0.0,37.3
default-grid_002878,default-grid,diurnal_normal_weekday,validation,0,186.1,162.8,-3.3,0.0,186.1,19.99999999999997,0,46.6,250.0,500.0,11.8,24.1,0,0,0,0,1,0,1,1.02,1.015,1.04,0.986,87.8,90.7,93.6,0.0,61.7
default-grid_002879,default-grid,diurnal_normal_weekend,train,0,132.4,68.6,-10.4,0.0,132.4,53.400000000000006,0,60.5,250.0,500.0,10.9,30.9,0,0,0,0,1,0,1,1.02,1.011,1.032,0.994,66.3,73.4,80.5,0.0,43.3
default-grid_002880,default-grid,near_limit_overvoltage,test,1,210.7,48.3,-2.1,0.0,210.7,160.3,0,74.6,250.0,500.0,12.3,52.7,1,0,0,0,0,1,1,1.02,1.017,1.061,0.996,67.0,83.0,99.1,0.0,39.4
default-grid_002881,default-grid,bess_absorption_charging,train,0,151.1,85.8,-31.9,0.0,151.1,33.39999999999999,0,70.7,250.0,500.0,11.2,26.8,0,0,0,0,1,0,1,1.02,1.012,1.022,0.993,70.7,74.9,79.1,0.0,46.7
default-grid_002882,default-grid,evening_peak_demand,train,0,3.7,258.2,18.7,0.0,3.7,-235.79999999999998,0,43.1,250.0,500.0,8.6,68.1,0,0,0,0,1,0,1,1.02,1.0,0.983,0.978,95.4,74.4,53.4,0.0,80.2
default-grid_002883,default-grid,near_limit_feeder_overload,validation,1,232.5,58.1,0.0,0.0,232.5,174.4,0,58.0,250.0,500.0,12.7,55.6,1,0,1,0,0,2,1,1.02,1.019,1.069,0.995,70.2,87.2,104.3,0.0,41.3
default-grid_002884,default-grid,diurnal_normal_weekday,test,0,208.9,153.5,-5.7,0.0,208.9,49.70000000000002,0,68.8,250.0,500.0,12.3,30.1,0,0,0,0,1,0,1,1.02,1.017,1.047,0.987,87.4,92.7,97.9,0.0,59.8
default-grid_002885,default-grid,nighttime_low_load,train,0,0.0,35.5,0.0,0.0,0.0,-35.5,0,54.4,250.0,500.0,8.5,27.2,0,0,0,0,1,0,1,1.02,1.0,1.0,0.997,51.9,53.5,55.0,0.0,36.9
default-grid_002886,default-grid,solar_curtailment_active,train,0,282.5,81.6,-13.8,101.1,181.4,86.0,0,35.2,250.0,500.0,11.8,37.5,0,1,0,0,0,1,1,1.02,1.015,0.902,0.993,71.8,50.5,29.3,0.0,45.9
default-grid_002887,default-grid,bess_absorption_charging,train,0,190.7,110.8,-18.3,0.0,190.7,61.59999999999998,0,25.6,250.0,500.0,11.9,32.6,0,0,0,0,1,0,1,1.02,1.015,1.041,0.991,78.0,84.5,90.9,0.0,51.5
default-grid_002888,default-grid,solar_overvoltage_moderate,train,0,214.5,69.0,-7.0,0.0,214.5,138.5,0,31.2,250.0,500.0,12.4,48.2,1,0,0,0,0,1,1,1.02,1.017,1.058,0.994,71.3,85.0,98.7,0.0,43.4
default-grid_002889,default-grid,extreme_stress_holdout,test,1,292.9,28.0,0.0,30.9,262.0,234.0,0,96.0,250.0,500.0,13.2,67.7,0,0,0,0,1,0,1,1.02,1.021,1.034,0.998,66.2,79.1,92.0,0.0,35.4
default-grid_002890,default-grid,diurnal_normal_weekend,test,0,213.0,66.4,-9.5,0.0,213.0,137.1,0,60.7,250.0,500.0,12.3,48.0,1,0,0,0,0,1,1,1.02,1.017,1.056,0.994,70.7,84.2,97.8,0.0,42.9
default-grid_002891,default-grid,diurnal_normal_weekday,train,0,229.3,134.5,-12.3,0.0,229.3,82.5,0,36.4,250.0,500.0,12.6,36.8,1,0,1,0,0,2,1,1.02,1.018,1.052,0.989,84.9,92.7,100.5,0.0,56.2
default-grid_002892,default-grid,bess_injection_discharging,test,0,2.9,229.0,43.5,0.0,2.9,-182.6,0,52.7,250.0,500.0,8.6,57.2,0,0,0,0,1,0,1,1.02,1.0,1.007,0.981,89.7,70.0,50.2,0.0,74.5
default-grid_002893,default-grid,evening_peak_demand,train,0,0.5,299.4,6.0,0.0,0.5,-292.9,0,80.8,250.0,500.0,8.5,79.7,0,0,1,0,0,1,1,1.02,1.0,0.965,0.975,103.2,78.8,54.4,0.0,88.2
default-grid_002894,default-grid,extreme_stress_holdout,test,1,280.4,27.6,0.0,2.9,277.5,249.9,0,18.0,250.0,500.0,13.5,71.0,1,0,1,0,0,2,1,1.02,1.022,1.078,0.998,67.0,89.5,112.1,0.0,35.4
default-grid_002895,default-grid,solar_curtailment_active,validation,0,277.9,73.7,-15.7,93.2,184.7,95.3,0,64.5,250.0,500.0,11.8,39.4,0,1,0,0,0,1,1,1.02,1.015,0.913,0.994,70.4,52.4,34.3,0.0,44.3
default-grid_002896,default-grid,nighttime_low_load,train,0,0.0,33.9,0.0,0.0,0.0,-33.9,0,54.8,250.0,500.0,8.5,26.9,0,0,0,0,1,0,1,1.02,1.0,1.0,0.997,51.6,53.3,55.0,0.0,36.6
default-grid_002897,default-grid,diurnal_normal_weekend,test,0,185.4,110.5,-7.0,0.0,185.4,67.9,0,74.0,250.0,500.0,11.8,33.8,0,0,0,0,1,0,1,1.02,1.015,1.048,0.991,77.6,85.1,92.6,0.0,51.5
default-grid_002898,default-grid,bess_injection_discharging,train,0,53.4,179.4,39.1,0.0,53.4,-86.9,0,52.5,250.0,500.0,9.5,37.7,0,0,0,0,1,0,1,1.02,1.004,1.028,0.985,83.1,72.2,61.4,0.0,64.9
default-grid_002899,default-grid,extreme_stress_holdout,test,1,287.6,29.9,0.0,23.7,263.90000000000003,234.00000000000003,0,18.0,250.0,500.0,13.3,67.7,0,0,0,0,1,0,1,1.02,1.021,1.045,0.998,66.6,81.7,96.7,0.0,35.8
default-grid_002900,default-grid,diurnal_normal_weekday,train,0,115.8,135.7,-8.5,0.0,115.8,-28.39999999999999,0,60.5,250.0,500.0,10.6,25.8,0,0,0,0,1,0,1,1.02,1.009,1.021,0.989,78.3,77.8,77.4,0.0,56.4
default-grid_002901,default-grid,extreme_stress_holdout,test,1,317.2,28.5,0.0,19.0,298.2,269.7,0,96.0,250.0,500.0,13.9,75.0,1,0,1,0,0,2,1,1.02,1.024,1.062,0.998,68.4,87.6,106.8,0.0,35.5
default-grid_002902,default-grid,bess_absorption_charging,test,0,177.5,112.3,-25.5,0.0,177.5,39.7,0,43.2,250.0,500.0,11.7,28.1,0,0,0,0,1,0,1,1.02,1.014,1.032,0.991,77.5,81.9,86.3,0.0,51.8
default-grid_002903,default-grid,solar_overvoltage_moderate,validation,0,212.2,34.8,-3.4,0.0,212.2,174.0,0,37.5,250.0,500.0,12.3,55.5,1,0,0,0,0,1,1,1.02,1.017,1.06,0.997,64.5,81.8,99.1,0.0,36.8
default-grid_002904,default-grid,solar_overvoltage_severe,train,0,265.5,25.6,0.0,0.0,265.5,239.9,0,72.9,250.0,500.0,13.3,68.9,1,0,1,0,0,2,1,1.02,1.021,1.079,0.998,65.9,88.6,111.3,0.0,35.0
default-grid_002905,default-grid,nighttime_low_load,train,0,0.0,38.0,0.0,0.0,0.0,-38.0,0,54.2,250.0,500.0,8.5,27.8,0,0,0,0,1,0,1,1.02,1.0,1.0,0.997,52.4,53.7,55.0,0.0,37.4
default-grid_002906,default-grid,diurnal_normal_weekend,train,0,151.1,106.4,-3.8,0.0,151.1,40.89999999999998,0,67.1,250.0,500.0,11.2,28.3,0,0,0,0,1,0,1,1.02,1.012,1.041,0.991,74.8,80.4,86.1,0.0,50.7
default-grid_002907,default-grid,diurnal_normal_weekday,train,0,168.8,185.3,-14.5,0.0,168.8,-31.0,0,36.3,250.0,500.0,11.5,26.3,0,0,0,0,1,0,1,1.02,1.014,1.022,0.985,91.2,89.2,87.2,0.0,66.0
default-grid_002908,default-grid,diurnal_normal_weekday,train,0,152.3,143.9,11.9,0.0,152.3,20.30000000000001,0,39.1,250.0,500.0,11.2,24.1,0,0,0,0,1,0,1,1.02,1.012,1.045,0.988,82.1,83.9,85.8,0.0,58.0
default-grid_002909,default-grid,diurnal_normal_weekday,validation,0,173.2,194.1,9.8,0.0,173.2,-11.099999999999994,0,40.3,250.0,500.0,11.6,22.3,0,0,0,0,1,0,1,1.02,1.014,1.04,0.984,93.1,91.8,90.5,0.0,67.7
default-grid_002910,default-grid,diurnal_normal_weekday,train,0,217.2,123.9,1.9,0.0,217.2,95.19999999999999,0,43.7,250.0,500.0,12.4,39.4,1,0,1,0,0,2,1,1.02,1.017,1.061,0.99,82.1,91.4,100.8,0.0,54.1
default-grid_002911,default-grid,solar_overvoltage_severe,train,0,279.6,34.7,0.0,0.0,279.6,244.90000000000003,0,46.4,250.0,500.0,13.5,69.9,1,0,1,0,0,2,1,1.02,1.022,1.083,0.997,68.5,91.4,114.3,0.0,36.7
default-grid_002912,default-grid,diurnal_normal_weekday,train,0,198.5,171.6,0.8,0.0,198.5,27.700000000000017,0,52.2,250.0,500.0,12.1,25.6,0,0,0,0,1,0,1,1.02,1.016,1.045,0.986,90.3,93.7,97.0,0.0,63.4
default-grid_002913,default-grid,solar_overvoltage_severe,train,0,284.1,28.2,0.0,0.0,284.1,255.90000000000003,0,34.3,250.0,500.0,13.6,72.2,1,0,1,0,0,2,1,1.02,1.023,1.084,0.998,67.5,91.3,115.2,0.0,35.5
default-grid_002914,default-grid,solar_curtailment_active,validation,0,260.2,30.4,-12.8,88.1,172.1,128.89999999999998,0,40.8,250.0,500.0,11.6,46.3,0,1,0,0,0,1,1,1.02,1.014,0.918,0.997,61.2,48.3,35.4,0.0,35.9
default-grid_002915,default-grid,solar_overvoltage_moderate,train,0,189.4,41.2,-7.1,0.0,189.4,141.10000000000002,0,67.8,250.0,500.0,11.9,48.8,1,0,0,0,0,1,1,1.02,1.015,1.051,0.997,64.4,78.9,93.4,0.0,38.0
default-grid_002916,default-grid,diurnal_normal_weekday,train,0,185.7,195.0,-4.8,0.0,185.7,-14.100000000000023,0,47.0,250.0,500.0,11.8,22.9,0,0,0,0,1,0,1,1.02,1.015,1.032,0.984,94.1,93.7,93.2,0.0,67.9
default-grid_002917,default-grid,solar_overvoltage_moderate,train,0,231.8,78.7,-0.6,0.0,231.8,152.5,0,65.7,250.0,500.0,12.7,51.1,1,0,1,0,0,2,1,1.02,1.019,1.068,0.993,74.2,89.1,104.0,0.0,45.3
default-grid_002918,default-grid,nighttime_low_load,validation,0,0.0,36.2,0.0,0.0,0.0,-36.2,0,40.5,250.0,500.0,8.5,27.4,0,0,0,0,1,0,1,1.02,1.0,1.0,0.997,52.0,53.5,55.0,0.0,37.0
default-grid_002919,default-grid,evening_peak_demand,train,0,4.4,261.5,12.4,0.0,4.4,-244.7,0,74.1,250.0,500.0,8.6,69.9,0,0,0,0,1,0,1,1.02,1.0,0.978,0.978,96.1,75.2,54.4,0.0,80.8
default-grid_002920,default-grid,diurnal_normal_weekday,train,0,154.9,143.3,9.0,0.0,154.9,20.599999999999994,0,71.2,250.0,500.0,11.3,24.2,0,0,0,0,1,0,1,1.02,1.012,1.044,0.988,82.2,84.5,86.7,0.0,57.9
default-grid_002921,default-grid,solar_overvoltage_moderate,train,0,213.4,47.4,-5.7,0.0,213.4,160.3,0,69.6,250.0,500.0,12.3,52.7,1,0,0,0,0,1,1,1.02,1.017,1.059,0.996,67.0,82.9,98.8,0.0,39.2
default-grid_002922,default-grid,bess_absorption_charging,train,0,193.8,60.9,-57.3,0.0,193.8,75.6,0,72.4,250.0,500.0,12.0,35.4,0,0,0,0,1,0,1,1.02,1.016,1.016,0.995,68.5,75.2,81.8,0.0,41.8
default-grid_002923,default-grid,solar_overvoltage_severe,train,0,287.3,25.7,0.0,0.0,287.3,261.6,0,74.5,250.0,500.0,13.7,73.4,1,0,1,0,0,2,1,1.02,1.023,1.085,0.998,67.2,91.6,115.9,0.0,35.0
default-grid_002924,default-grid,solar_overvoltage_severe,train,0,284.0,39.6,0.0,0.0,284.0,244.4,0,74.9,250.0,500.0,13.6,69.8,1,0,1,0,0,2,1,1.02,1.023,1.084,0.997,69.7,92.5,115.2,0.0,37.7
default-grid_002925,default-grid,solar_overvoltage_moderate,train,0,198.9,60.2,-10.6,0.0,198.9,128.10000000000002,0,63.7,250.0,500.0,12.1,46.1,1,0,0,0,0,1,1,1.02,1.016,1.051,0.995,68.6,81.5,94.5,0.0,41.7
default-grid_002926,default-grid,reconfiguration_alternate,validation,0,176.2,153.4,24.6,0.0,176.2,47.39999999999998,1,66.5,250.0,500.0,11.7,29.7,0,0,0,0,1,0,1,1.02,1.014,1.034,0.987,85.4,80.7,76.0,46.0,59.8
default-grid_002927,default-grid,solar_curtailment_active,train,0,264.1,90.6,-6.2,94.1,170.00000000000003,73.20000000000005,0,46.3,250.0,500.0,11.6,34.9,0,1,0,0,0,1,1,1.02,1.014,0.914,0.992,72.8,52.9,33.0,0.0,47.6
default-grid_002928,default-grid,diurnal_normal_weekend,test,0,154.9,101.0,3.7,0.0,154.9,57.599999999999994,0,54.9,250.0,500.0,11.3,31.7,0,0,0,0,1,0,1,1.02,1.012,1.048,0.992,73.9,80.7,87.4,0.0,49.6
default-grid_002929,default-grid,diurnal_normal_weekend,train,0,160.0,68.4,-15.3,0.0,160.0,76.29999999999998,0,43.5,250.0,500.0,11.4,35.6,0,0,0,0,1,0,1,1.02,1.013,1.036,0.994,67.9,76.5,85.1,0.0,43.3
default-grid_002930,default-grid,extreme_stress_holdout,test,1,307.9,22.9,0.0,28.1,279.79999999999995,256.9,0,18.0,250.0,500.0,13.5,72.4,0,0,0,0,1,0,1,1.02,1.022,1.043,0.998,66.2,81.8,97.5,0.0,34.5
default-grid_002931,default-grid,evening_peak_demand,train,0,4.9,290.1,1.6,0.0,4.9,-283.6,0,75.1,250.0,500.0,8.6,77.8,0,0,1,0,0,1,1,1.02,1.0,0.965,0.976,101.7,78.8,55.8,0.0,86.4
default-grid_002932,default-grid,diurnal_normal_weekday,test,0,202.2,165.4,-5.6,0.0,202.2,31.19999999999999,0,63.8,250.0,500.0,12.1,26.4,0,0,0,0,1,0,1,1.02,1.016,1.043,0.986,89.3,92.9,96.5,0.0,62.2
default-grid_002933,default-grid,diurnal_normal_weekday,train,0,196.1,165.2,-13.4,0.0,196.1,17.5,0,65.0,250.0,500.0,12.0,23.6,0,0,0,0,1,0,1,1.02,1.016,1.035,0.986,88.9,91.1,93.2,0.0,62.1
default-grid_002934,default-grid,solar_overvoltage_severe,train,0,276.0,25.0,0.0,0.0,276.0,251.0,0,66.3,250.0,500.0,13.5,71.2,1,0,1,0,0,2,1,1.02,1.022,1.082,0.998,66.4,90.0,113.5,0.0,34.9
default-grid_002935,default-grid,reconfiguration_alternate,train,0,137.9,203.1,-3.0,0.0,137.9,-68.19999999999999,1,62.4,250.0,500.0,11.0,33.9,0,0,0,0,1,0,1,1.02,1.011,0.998,0.983,92.8,81.9,71.1,46.0,69.5
default-grid_002936,default-grid,evening_peak_demand,test,0,0.1,220.0,4.5,0.0,0.1,-215.4,0,68.6,250.0,500.0,8.5,63.9,0,0,0,0,1,0,1,1.02,1.0,0.979,0.982,87.8,71.2,54.5,0.0,72.8
default-grid_002937,default-grid,diurnal_normal_weekday,validation,0,159.3,149.9,-14.6,0.0,159.3,-5.199999999999989,0,66.9,250.0,500.0,11.4,21.1,0,0,0,0,1,0,1,1.02,1.013,1.027,0.988,83.7,84.4,85.1,0.0,59.1
default-grid_002938,default-grid,solar_overvoltage_severe,train,0,255.8,39.7,0.0,0.0,255.8,216.10000000000002,0,62.6,250.0,500.0,13.1,64.1,1,0,1,0,0,2,1,1.02,1.02,1.076,0.997,68.1,88.7,109.2,0.0,37.7
default-grid_002939,default-grid,diurnal_normal_weekend,test,0,167.1,81.6,2.9,0.0,167.1,88.4,0,41.7,250.0,500.0,11.5,38.0,1,0,0,0,0,1,1,1.02,1.013,1.052,0.993,70.9,80.5,90.1,0.0,45.9
default-grid_002940,default-grid,solar_overvoltage_severe,train,0,243.2,41.1,0.0,0.0,243.2,202.1,0,55.8,250.0,500.0,12.9,61.2,1,0,1,0,0,2,1,1.02,1.019,1.072,0.997,67.6,87.1,106.6,0.0,38.0
default-grid_002941,default-grid,reconfiguration_alternate,validation,0,182.3,66.4,-19.8,0.0,182.3,96.1,1,34.7,250.0,500.0,11.8,39.6,0,0,0,0,1,0,1,1.02,1.015,1.013,0.994,68.8,72.2,75.6,46.0,42.9
default-grid_002942,default-grid,diurnal_normal_weekday,train,0,167.8,128.4,-0.4,0.0,167.8,39.0,0,50.2,250.0,500.0,11.5,28.0,0,0,0,0,1,0,1,1.02,1.013,1.044,0.989,80.0,85.2,90.5,0.0,55.0
default-grid_002943,default-grid,evening_peak_demand,train,0,2.3,235.8,5.8,0.0,2.3,-227.70000000000002,0,74.6,250.0,500.0,8.5,66.4,0,0,0,0,1,0,1,1.02,1.0,0.978,0.98,91.0,72.9,54.8,0.0,75.8
default-grid_002944,default-grid,diurnal_normal_weekend,train,0,225.1,130.0,-1.5,0.0,225.1,93.6,0,51.4,250.0,500.0,12.6,39.1,1,0,1,0,0,2,1,1.02,1.018,1.06,0.989,83.8,93.0,102.3,0.0,55.3
default-grid_002945,default-grid,solar_overvoltage_moderate,validation,0,209.0,49.3,-4.7,0.0,209.0,155.0,0,67.0,250.0,500.0,12.3,51.6,1,0,0,0,0,1,1,1.02,1.017,1.058,0.996,67.1,82.6,98.1,0.0,39.6
default-grid_002946,default-grid,solar_overvoltage_severe,train,0,244.6,41.5,0.0,0.0,244.6,203.1,0,71.5,250.0,500.0,12.9,61.4,1,0,1,0,0,2,1,1.02,1.02,1.072,0.997,67.7,87.3,106.9,0.0,38.1
default-grid_002947,default-grid,near_limit_undervoltage,validation,1,20.0,247.8,-5.0,0.0,20.0,-232.8,0,48.3,250.0,500.0,8.9,67.5,0,0,0,0,1,0,1,1.02,1.002,0.973,0.979,94.4,76.2,58.0,0.0,78.2
default-grid_002948,default-grid,solar_overvoltage_moderate,train,0,213.3,88.5,-1.7,0.0,213.3,123.10000000000002,0,30.4,250.0,500.0,12.3,45.1,1,0,0,0,0,1,1,1.02,1.017,1.062,0.993,75.0,87.4,99.8,0.0,47.2
default-grid_002949,default-grid,solar_overvoltage_severe,train,0,295.2,42.0,0.0,0.0,295.2,253.2,0,41.8,250.0,500.0,13.8,71.6,1,0,1,0,0,2,1,1.02,1.024,1.087,0.997,70.9,94.2,117.6,0.0,38.2
default-grid_002950,default-grid,diurnal_normal_weekday,validation,0,159.5,155.9,-10.9,0.0,159.5,-7.300000000000011,0,50.1,250.0,500.0,11.4,21.5,0,0,0,0,1,0,1,1.02,1.013,1.028,0.987,84.9,85.5,86.1,0.0,60.3
default-grid_002951,default-grid,bess_injection_discharging,test,0,62.3,179.9,55.3,0.0,62.3,-62.30000000000001,0,37.7,250.0,500.0,9.6,32.7,0,0,0,0,1,0,1,1.02,1.005,1.043,0.985,83.7,72.5,61.3,0.0,65.0
default-grid_002952,default-grid,diurnal_normal_weekday,validation,0,195.7,168.8,-17.4,0.0,195.7,9.499999999999972,0,30.8,250.0,500.0,12.0,21.9,0,0,0,0,1,0,1,1.02,1.016,1.032,0.986,89.6,90.8,92.1,0.0,62.8
default-grid_002953,default-grid,diurnal_normal_weekday,test,0,220.5,159.1,4.7,0.0,220.5,66.1,0,44.9,250.0,500.0,12.5,33.5,1,0,1,0,0,2,1,1.02,1.018,1.057,0.987,89.2,95.2,101.2,0.0,60.9
default-grid_002954,default-grid,bess_absorption_charging,train,0,173.0,78.1,-49.7,0.0,173.0,45.2,0,65.4,250.0,500.0,11.6,29.2,0,0,0,0,1,0,1,1.02,1.014,1.015,0.993,70.6,74.9,79.3,0.0,45.2
default-grid_002955,default-grid,nighttime_low_load,test,0,0.0,40.6,0.0,0.0,0.0,-40.6,0,51.7,250.0,500.0,8.5,28.3,0,0,0,0,1,0,1,1.02,1.0,1.0,0.997,52.9,54.0,55.0,0.0,37.9
default-grid_002956,default-grid,solar_overvoltage_severe,train,0,281.3,25.2,0.0,0.0,281.3,256.1,0,61.4,250.0,500.0,13.6,72.2,1,0,1,0,0,2,1,1.02,1.023,1.083,0.998,66.8,90.7,114.6,0.0,34.9
default-grid_002957,default-grid,diurnal_normal_weekday,validation,0,151.5,180.8,-11.1,0.0,151.5,-40.400000000000006,0,31.4,250.0,500.0,11.2,28.2,0,0,0,0,1,0,1,1.02,1.012,1.021,0.985,89.2,86.8,84.3,0.0,65.2
default-grid_002958,default-grid,bess_injection_discharging,train,0,21.0,179.9,58.3,0.0,21.0,-100.60000000000001,0,80.0,250.0,500.0,8.9,40.5,0,0,0,0,1,0,1,1.02,1.002,1.033,0.985,81.2,66.7,52.2,0.0,65.0
default-grid_002959,default-grid,solar_overvoltage_severe,train,0,257.6,26.3,0.0,0.0,257.6,231.3,0,31.4,250.0,500.0,13.1,67.2,1,0,1,0,0,2,1,1.02,1.021,1.076,0.998,65.6,87.6,109.6,0.0,35.1
default-grid_002960,default-grid,diurnal_normal_weekend,test,0,134.5,89.1,-11.5,0.0,134.5,33.900000000000006,0,51.1,250.0,500.0,10.9,26.9,0,0,0,0,1,0,1,1.02,1.011,1.031,0.993,70.4,75.5,80.6,0.0,47.3
default-grid_002961,default-grid,diurnal_normal_weekday,test,0,191.7,165.8,4.8,0.0,191.7,30.69999999999999,0,38.7,250.0,500.0,12.0,26.3,0,0,0,0,1,0,1,1.02,1.015,1.047,0.986,88.7,91.8,95.0,0.0,62.2
default-grid_002962,default-grid,solar_overvoltage_severe,validation,0,251.3,33.1,0.0,0.0,251.3,218.20000000000002,0,65.6,250.0,500.0,13.0,64.5,1,0,1,0,0,2,1,1.02,1.02,1.074,0.997,66.5,87.4,108.3,0.0,36.4
default-grid_002963,default-grid,solar_overvoltage_moderate,train,0,190.3,89.2,-9.9,0.0,190.3,91.2,0,35.4,250.0,500.0,11.9,38.6,0,0,0,0,1,0,1,1.02,1.015,1.049,0.993,73.8,83.3,92.9,0.0,47.3
default-grid_002964,default-grid,solar_overvoltage_severe,train,0,249.8,32.9,0.0,0.0,249.8,216.9,0,34.4,250.0,500.0,13.0,64.2,1,0,1,0,0,2,1,1.02,1.02,1.074,0.997,66.4,87.2,108.0,0.0,36.4
default-grid_002965,default-grid,bess_injection_discharging,train,0,21.2,197.8,57.9,0.0,21.2,-118.70000000000002,0,81.2,250.0,500.0,8.9,44.2,0,0,0,0,1,0,1,1.02,1.002,1.029,0.984,84.7,68.5,52.3,0.0,68.5
default-grid_002966,default-grid,solar_overvoltage_moderate,train,0,202.2,61.9,-2.1,0.0,202.2,138.2,0,33.9,250.0,500.0,12.1,48.2,1,0,0,0,0,1,1,1.02,1.016,1.058,0.995,69.2,83.2,97.3,0.0,42.0
default-grid_002967,default-grid,solar_overvoltage_severe,validation,0,286.3,26.3,0.0,0.0,286.3,260.0,0,35.2,250.0,500.0,13.7,73.0,1,0,1,0,0,2,1,1.02,1.023,1.085,0.998,67.3,91.5,115.7,0.0,35.1
default-grid_002968,default-grid,solar_overvoltage_severe,train,0,292.5,32.5,0.0,0.0,292.5,260.0,0,54.5,250.0,500.0,13.8,73.0,1,0,1,0,0,2,1,1.02,1.023,1.087,0.997,68.9,93.0,117.0,0.0,36.3
default-grid_002969,default-grid,diurnal_normal_weekday,train,0,190.2,179.5,-8.9,0.0,190.2,1.799999999999983,0,60.5,250.0,500.0,11.9,20.4,0,0,0,0,1,0,1,1.02,1.015,1.034,0.985,91.3,92.2,93.1,0.0,64.9
default-grid_002970,default-grid,solar_overvoltage_moderate,train,0,217.1,42.5,-2.0,0.0,217.1,172.6,0,73.5,250.0,500.0,12.4,55.2,1,0,1,0,0,2,1,1.02,1.017,1.063,0.996,66.3,83.4,100.5,0.0,38.3
default-grid_002971,default-grid,near_limit_feeder_overload,validation,1,254.9,55.9,0.0,0.0,254.9,199.0,0,70.9,250.0,500.0,13.1,60.6,1,0,1,0,0,2,1,1.02,1.02,1.075,0.995,71.2,90.1,109.0,0.0,40.9
default-grid_002972,default-grid,diurnal_normal_weekday,test,0,195.9,161.2,1.2,0.0,195.9,35.900000000000006,0,62.5,250.0,500.0,12.0,27.3,0,0,0,0,1,0,1,1.02,1.016,1.047,0.987,88.1,92.2,96.4,0.0,61.3
default-grid_002973,default-grid,bess_injection_discharging,validation,0,13.9,207.8,51.2,0.0,13.9,-142.7,0,68.4,250.0,500.0,8.8,49.1,0,0,0,0,1,0,1,1.02,1.001,1.02,0.983,86.2,68.8,51.5,0.0,70.4
default-grid_002974,default-grid,solar_overvoltage_severe,test,0,243.4,41.6,0.0,0.0,243.4,201.8,0,63.4,250.0,500.0,12.9,61.2,1,0,1,0,0,2,1,1.02,1.019,1.072,0.997,67.7,87.2,106.6,0.0,38.1
default-grid_002975,default-grid,reconfiguration_alternate,validation,0,193.5,182.5,-13.0,0.0,193.5,-2.0,1,53.0,250.0,500.0,12.0,20.4,0,0,0,0,1,0,1,1.02,1.015,1.003,0.985,92.1,85.5,79.0,46.0,65.5
default-grid_002976,default-grid,diurnal_normal_weekday,train,0,205.8,170.8,9.8,0.0,205.8,44.80000000000001,0,54.3,250.0,500.0,12.2,29.1,1,0,0,0,0,1,1,1.02,1.016,1.054,0.986,90.6,94.0,97.4,0.0,63.2
default-grid_002977,default-grid,diurnal_normal_weekday,train,0,150.8,171.8,-16.9,0.0,150.8,-37.900000000000006,0,56.5,250.0,500.0,11.2,27.7,0,0,0,0,1,0,1,1.02,1.012,1.018,0.986,87.5,85.1,82.7,0.0,63.4
default-grid_002978,default-grid,reconfiguration_alternate,validation,0,135.3,60.1,18.4,0.0,135.3,93.60000000000002,1,35.1,250.0,500.0,10.9,39.1,0,0,0,0,1,0,1,1.02,1.011,1.034,0.995,64.8,67.0,69.3,46.0,41.7
default-grid_002979,default-grid,nighttime_low_load,train,0,0.0,31.0,0.0,0.0,0.0,-31.0,0,42.9,250.0,500.0,8.5,26.3,0,0,0,0,1,0,1,1.02,1.0,1.0,0.997,51.0,53.0,55.0,0.0,36.0
default-grid_002980,default-grid,extreme_stress_holdout,test,1,325.6,20.1,0.0,15.2,310.40000000000003,290.3,0,18.0,250.0,500.0,14.1,79.2,1,0,1,0,0,2,1,1.02,1.025,1.071,0.998,67.5,89.6,111.7,0.0,33.9
default-grid_002981,default-grid,extreme_stress_holdout,test,1,331.6,26.7,0.0,23.0,308.6,281.90000000000003,0,96.0,250.0,500.0,14.1,77.5,1,0,1,0,0,2,1,1.02,1.025,1.059,0.998,68.7,87.7,106.6,0.0,35.2
default-grid_002982,default-grid,diurnal_normal_weekend,train,0,157.8,115.4,1.1,0.0,157.8,43.5,0,46.8,250.0,500.0,11.3,28.9,0,0,0,0,1,0,1,1.02,1.013,1.044,0.99,76.9,82.6,88.3,0.0,52.4
default-grid_002983,default-grid,diurnal_normal_weekend,train,0,167.5,75.4,-18.4,0.0,167.5,73.69999999999999,0,37.4,250.0,500.0,11.5,35.0,0,0,0,0,1,0,1,1.02,1.013,1.036,0.994,69.7,77.8,85.9,0.0,44.7
default-grid_002984,default-grid,diurnal_normal_weekend,train,0,197.7,92.9,-8.8,0.0,197.7,95.99999999999997,0,32.5,250.0,500.0,12.1,39.6,1,0,0,0,0,1,1,1.02,1.016,1.052,0.992,74.9,84.8,94.7,0.0,48.1
default-grid_002985,default-grid,diurnal_normal_weekday,validation,0,193.7,159.8,11.5,0.0,193.7,45.39999999999998,0,73.6,250.0,500.0,12.0,29.3,1,0,0,0,0,1,1,1.02,1.015,1.054,0.987,87.7,91.2,94.6,0.0,61.1
default-grid_002986,default-grid,bess_injection_discharging,test,0,43.6,232.9,51.1,0.0,43.6,-138.2,0,57.4,250.0,500.0,9.3,48.2,0,0,0,0,1,0,1,1.02,1.003,1.023,0.981,92.9,75.4,57.9,0.0,75.3
default-grid_002987,default-grid,extreme_stress_holdout,test,1,323.4,21.9,0.0,21.6,301.79999999999995,279.9,0,96.0,250.0,500.0,13.9,77.1,1,0,1,0,0,2,1,1.02,1.024,1.059,0.998,67.4,86.7,106.0,0.0,34.3
default-grid_002988,default-grid,solar_curtailment_active,train,0,264.0,97.1,-18.1,34.6,229.4,114.20000000000002,0,34.2,250.0,500.0,12.6,43.3,0,0,0,0,1,0,1,1.02,1.018,1.006,0.992,77.6,77.9,78.3,0.0,48.9
default-grid_002989,default-grid,solar_curtailment_active,train,0,222.4,66.5,-8.9,28.4,194.0,118.6,0,36.2,250.0,500.0,12.0,44.2,0,0,0,0,1,0,1,1.02,1.016,1.011,0.994,69.6,73.2,76.9,0.0,42.9
default-grid_002990,default-grid,bess_injection_discharging,train,0,11.8,227.1,50.8,0.0,11.8,-164.5,0,63.4,250.0,500.0,8.7,53.6,0,0,0,0,1,0,1,1.02,1.001,1.015,0.981,89.9,70.6,51.2,0.0,74.2
default-grid_002991,default-grid,diurnal_normal_weekday,test,0,201.9,189.0,3.7,0.0,201.9,16.599999999999994,0,52.4,250.0,500.0,12.1,23.4,0,0,0,0,1,0,1,1.02,1.016,1.045,0.984,93.9,95.6,97.3,0.0,66.8
default-grid_002992,default-grid,bess_absorption_charging,train,0,231.6,67.9,-21.2,0.0,231.6,142.5,0,30.9,250.0,500.0,12.7,49.1,1,0,0,0,0,1,1,1.02,1.019,1.053,0.994,72.1,85.4,98.8,0.0,43.2
default-grid_002993,default-grid,bess_injection_discharging,train,0,7.4,203.2,45.1,0.0,7.4,-150.7,0,85.5,250.0,500.0,8.6,50.7,0,0,0,0,1,0,1,1.02,1.001,1.014,0.983,85.0,68.0,50.9,0.0,69.5
default-grid_002994,default-grid,evening_peak_demand,validation,0,0.6,310.5,2.2,0.0,0.6,-307.7,0,70.8,250.0,500.0,8.5,82.8,0,0,1,0,0,1,1,1.02,1.0,0.96,0.974,105.4,80.2,54.9,0.0,90.4
default-grid_002995,default-grid,diurnal_normal_weekend,test,0,153.1,98.8,-18.8,0.0,153.1,35.499999999999986,0,56.8,250.0,500.0,11.3,27.2,0,0,0,0,1,0,1,1.02,1.012,1.032,0.992,73.4,78.1,82.8,0.0,49.2
default-grid_002996,default-grid,diurnal_normal_weekday,train,0,201.0,135.1,-10.8,0.0,201.0,55.099999999999994,0,71.4,250.0,500.0,12.1,31.2,0,0,0,0,1,0,1,1.02,1.016,1.045,0.989,83.3,89.1,94.9,0.0,56.3
default-grid_002997,default-grid,diurnal_normal_weekend,train,0,136.7,111.9,-0.4,0.0,136.7,24.399999999999977,0,53.5,250.0,500.0,11.0,25.0,0,0,0,0,1,0,1,1.02,1.011,1.038,0.991,75.0,79.5,83.9,0.0,51.8
default-grid_002998,default-grid,diurnal_normal_weekday,train,0,214.9,192.8,10.9,0.0,214.9,33.0,0,58.4,250.0,500.0,12.4,26.7,1,0,0,0,0,1,1,1.02,1.017,1.053,0.984,95.4,97.3,99.2,0.0,67.5
default-grid_002999,default-grid,reconfiguration_alternate,train,0,199.2,173.0,16.4,0.0,199.2,42.599999999999994,1,55.2,250.0,500.0,12.1,28.7,0,0,0,0,1,0,1,1.02,1.016,1.028,0.986,90.6,85.8,81.1,46.0,63.6
default-grid_003000,default-grid,reconfiguration_alternate,train,0,187.9,213.7,17.1,0.0,187.9,-8.699999999999989,1,72.7,250.0,500.0,11.9,21.8,0,0,0,0,1,0,1,1.02,1.015,1.018,0.982,97.8,88.4,79.0,46.0,71.6
default-grid_003001,default-grid,solar_overvoltage_moderate,train,0,216.8,89.8,-9.0,0.0,216.8,118.00000000000001,0,64.4,250.0,500.0,12.4,44.1,1,0,0,0,0,1,1,1.02,1.017,1.058,0.993,75.5,87.1,98.7,0.0,47.5
default-grid_003002,default-grid,diurnal_normal_weekend,validation,0,184.3,36.7,-22.8,0.0,184.3,124.8,0,45.3,250.0,500.0,11.8,45.5,0,0,0,0,1,0,1,1.02,1.015,1.038,0.997,63.2,75.8,88.4,0.0,37.1
default-grid_003003,default-grid,diurnal_normal_weekend,train,0,171.2,35.7,4.4,0.0,171.2,139.89999999999998,0,33.7,250.0,500.0,11.6,48.5,1,0,0,0,0,1,1,1.02,1.014,1.054,0.997,62.2,76.5,90.7,0.0,36.9
default-grid_003004,default-grid,solar_overvoltage_moderate,train,0,222.6,88.2,-10.4,0.0,222.6,123.99999999999999,0,35.1,250.0,500.0,12.5,45.3,1,0,0,0,0,1,1,1.02,1.018,1.058,0.993,75.5,87.5,99.6,0.0,47.1
default-grid_003005,default-grid,evening_peak_demand,train,0,3.4,269.3,5.2,0.0,3.4,-260.7,0,77.0,250.0,500.0,8.6,73.2,0,0,0,0,1,0,1,1.02,1.0,0.971,0.978,97.6,76.3,55.1,0.0,82.4
default-grid_003006,default-grid,diurnal_normal_weekend,train,0,151.3,106.6,2.2,0.0,151.3,46.900000000000006,0,57.6,250.0,500.0,11.2,29.6,0,0,0,0,1,0,1,1.02,1.012,1.045,0.991,74.8,80.8,86.8,0.0,50.7
default-grid_003007,default-grid,solar_overvoltage_moderate,validation,0,225.5,46.8,-6.2,0.0,225.5,172.5,0,41.7,250.0,500.0,12.6,55.2,1,0,1,0,0,2,1,1.02,1.018,1.062,0.996,67.6,84.4,101.3,0.0,39.1
default-grid_003008,default-grid,evening_peak_demand,train,0,4.1,310.2,11.2,0.0,4.1,-294.9,0,43.9,250.0,500.0,8.6,80.1,0,0,1,0,0,1,1,1.02,1.0,0.967,0.974,105.6,80.0,54.5,0.0,90.3
default-grid_003009,default-grid,solar_overvoltage_severe,train,0,271.2,31.5,0.0,0.0,271.2,239.7,0,68.9,250.0,500.0,13.4,68.9,1,0,1,0,0,2,1,1.02,1.022,1.08,0.997,67.4,90.0,112.5,0.0,36.1
default-grid_003010,default-grid,diurnal_normal_weekday,train,0,170.3,174.9,-5.7,0.0,170.3,-10.299999999999983,0,51.4,250.0,500.0,11.6,22.1,0,0,0,0,1,0,1,1.02,1.014,1.031,0.985,89.2,89.5,89.7,0.0,64.0
default-grid_003011,default-grid,reconfiguration_alternate,validation,0,244.1,96.6,-3.6,0.0,244.1,143.9,1,47.9,250.0,500.0,12.9,49.3,0,0,0,0,1,0,1,1.02,1.02,1.034,0.992,78.4,84.3,90.2,46.0,48.8
default-grid_003012,default-grid,evening_peak_demand,train,0,2.4,207.1,4.7,0.0,2.4,-200.0,0,64.3,250.0,500.0,8.5,60.8,0,0,0,0,1,0,1,1.02,1.0,0.983,0.983,85.4,70.2,54.9,0.0,70.3
default-grid_003013,default-grid,solar_overvoltage_moderate,validation,0,211.3,68.8,-7.9,0.0,211.3,134.60000000000002,0,30.9,250.0,500.0,12.3,47.5,1,0,0,0,0,1,1,1.02,1.017,1.057,0.994,71.1,84.4,97.8,0.0,43.4
default-grid_003014,default-grid,diurnal_normal_weekday,train,0,193.6,155.5,7.5,0.0,193.6,45.599999999999994,0,72.1,250.0,500.0,12.0,29.3,1,0,0,0,0,1,1,1.02,1.015,1.052,0.987,86.9,91.0,95.1,0.0,60.2
default-grid_003015,default-grid,diurnal_normal_weekday,train,0,111.9,170.3,-9.0,0.0,111.9,-67.4,0,35.9,250.0,500.0,10.5,33.7,0,0,0,0,1,0,1,1.02,1.009,1.013,0.986,84.8,80.7,76.5,0.0,63.1
default-grid_003016,default-grid,diurnal_normal_weekday,train,0,223.3,144.4,-0.4,0.0,223.3,78.5,0,69.9,250.0,500.0,12.5,36.0,1,0,1,0,0,2,1,1.02,1.018,1.057,0.988,86.5,94.3,102.2,0.0,58.1
default-grid_003017,default-grid,diurnal_normal_weekday,validation,0,172.2,160.1,8.2,0.0,172.2,20.299999999999983,0,68.1,250.0,500.0,11.6,24.1,0,0,0,0,1,0,1,1.02,1.014,1.045,0.987,86.5,88.5,90.5,0.0,61.1
default-grid_003018,default-grid,solar_overvoltage_severe,train,0,247.1,29.0,0.0,0.0,247.1,218.1,0,68.2,250.0,500.0,12.9,64.5,1,0,1,0,0,2,1,1.02,1.02,1.073,0.998,65.5,86.5,107.4,0.0,35.6
default-grid_003019,default-grid,solar_overvoltage_moderate,train,0,210.6,88.2,-4.8,0.0,210.6,117.59999999999998,0,67.2,250.0,500.0,12.3,44.0,1,0,0,0,0,1,1,1.02,1.017,1.059,0.993,74.8,86.6,98.4,0.0,47.1
default-grid_003020,default-grid,diurnal_normal_weekday,train,0,181.4,160.7,-7.3,0.0,181.4,13.400000000000006,0,55.9,250.0,500.0,11.8,22.7,0,0,0,0,1,0,1,1.02,1.015,1.036,0.987,87.1,89.3,91.6,0.0,61.2
default-grid_003021,default-grid,diurnal_normal_weekday,train,0,162.1,186.7,-15.0,0.0,162.1,-39.599999999999994,0,44.4,250.0,500.0,11.4,28.1,0,0,0,0,1,0,1,1.02,1.013,1.02,0.984,91.0,88.3,85.6,0.0,66.3
default-grid_003022,default-grid,solar_overvoltage_severe,train,0,267.9,39.3,0.0,0.0,267.9,228.59999999999997,0,67.1,250.0,500.0,13.3,66.6,1,0,1,0,0,2,1,1.02,1.021,1.079,0.997,68.7,90.2,111.8,0.0,37.6
default-grid_003023,default-grid,near_limit_tx_overload,validation,1,47.0,301.7,0.0,0.0,47.0,-254.7,0,62.9,250.0,500.0,9.3,71.9,0,0,1,0,0,1,1,1.02,1.004,0.974,0.975,106.5,85.8,65.0,0.0,88.7
default-grid_003024,default-grid,diurnal_normal_weekday,train,0,198.5,180.8,-10.6,0.0,198.5,7.099999999999994,0,66.7,250.0,500.0,12.1,21.4,0,0,0,0,1,0,1,1.02,1.016,1.035,0.985,92.1,93.2,94.4,0.0,65.2
default-grid_003025,default-grid,evening_peak_demand,train,0,3.8,260.0,12.5,0.0,3.8,-243.7,0,48.5,250.0,500.0,8.6,69.7,0,0,0,0,1,0,1,1.02,1.0,0.978,0.978,95.8,75.0,54.2,0.0,80.6
default-grid_003026,default-grid,bess_absorption_charging,train,0,231.2,112.7,-25.8,0.0,231.2,92.69999999999997,0,54.1,250.0,500.0,12.7,38.9,0,0,0,0,1,0,1,1.02,1.018,1.047,0.991,80.8,89.2,97.6,0.0,51.9
default-grid_003027,default-grid,bess_injection_discharging,train,0,30.2,211.4,39.2,0.0,30.2,-142.0,0,84.4,250.0,500.0,9.0,49.0,0,0,0,0,1,0,1,1.02,1.002,1.015,0.982,87.9,72.2,56.5,0.0,71.1
default-grid_003028,default-grid,diurnal_normal_weekend,train,0,115.5,130.7,4.6,0.0,115.5,-10.599999999999994,0,40.9,250.0,500.0,10.6,22.2,0,0,0,0,1,0,1,1.02,1.009,1.031,0.989,77.3,78.1,78.9,0.0,55.4
default-grid_003029,default-grid,solar_overvoltage_moderate,train,0,231.8,36.2,-1.6,0.0,231.8,194.0,0,67.4,250.0,500.0,12.7,59.6,1,0,1,0,0,2,1,1.02,1.019,1.067,0.997,65.9,84.8,103.7,0.0,37.0
default-grid_003030,default-grid,diurnal_normal_weekday,validation,0,174.6,179.5,-17.9,0.0,174.6,-22.80000000000001,0,32.0,250.0,500.0,11.6,24.7,0,0,0,0,1,0,1,1.02,1.014,1.023,0.985,90.4,89.0,87.5,0.0,64.9
default-grid_003031,default-grid,solar_overvoltage_severe,train,0,286.8,35.3,0.0,0.0,286.8,251.5,0,53.4,250.0,500.0,13.7,71.3,1,0,1,0,0,2,1,1.02,1.023,1.085,0.997,69.1,92.4,115.8,0.0,36.9
default-grid_003032,default-grid,near_limit_undervoltage,test,1,0.9,278.5,4.9,0.0,0.9,-272.7,0,70.2,250.0,500.0,8.5,75.6,0,0,0,0,1,0,1,1.02,1.0,0.968,0.977,99.2,76.9,54.6,0.0,84.2
default-grid_003033,default-grid,reconfiguration_alternate,train,0,236.4,92.3,26.2,0.0,236.4,170.3,1,51.2,250.0,500.0,12.8,54.7,1,0,0,0,0,1,1,1.02,1.019,1.055,0.992,77.1,81.9,86.7,46.0,47.9
default-grid_003034,default-grid,diurnal_normal_weekday,train,0,98.6,147.5,11.4,0.0,98.6,-37.5,0,48.2,250.0,500.0,10.3,27.6,0,0,0,0,1,0,1,1.02,1.008,1.028,0.988,79.6,77.0,74.5,0.0,58.7
default-grid_003035,default-grid,extreme_stress_holdout,test,1,288.2,23.2,0.0,2.3,285.9,262.7,0,96.0,250.0,500.0,13.6,73.6,1,0,1,0,0,2,1,1.02,1.023,1.081,0.998,66.7,90.5,114.2,0.0,34.5
default-grid_003036,default-grid,solar_overvoltage_moderate,validation,0,213.4,56.7,-5.7,0.0,213.4,151.0,0,49.7,250.0,500.0,12.3,50.8,1,0,0,0,0,1,1,1.02,1.017,1.059,0.995,68.8,83.8,98.8,0.0,41.0
default-grid_003037,default-grid,solar_curtailment_active,train,0,240.1,94.8,-11.0,107.4,132.7,26.89999999999999,0,39.6,250.0,500.0,10.9,25.5,0,1,0,0,0,1,1,1.02,1.011,0.881,0.992,71.4,43.7,15.9,0.0,48.4
default-grid_003038,default-grid,bess_injection_discharging,train,0,12.4,252.1,47.8,0.0,12.4,-191.9,0,43.0,250.0,500.0,8.7,59.1,0,0,0,0,1,0,1,1.02,1.001,1.008,0.979,94.8,73.2,51.7,0.0,79.0
default-grid_003039,default-grid,evening_peak_demand,train,0,0.8,225.9,17.9,0.0,0.8,-207.20000000000002,0,45.2,250.0,500.0,8.5,62.3,0,0,0,0,1,0,1,1.02,1.0,0.988,0.981,89.0,71.0,52.9,0.0,73.9
default-grid_003040,default-grid,solar_overvoltage_severe,train,0,241.0,38.0,0.0,0.0,241.0,203.0,0,65.8,250.0,500.0,12.8,61.4,1,0,1,0,0,2,1,1.02,1.019,1.071,0.997,66.8,86.4,106.1,0.0,37.4
default-grid_003041,default-grid,solar_overvoltage_severe,test,0,287.5,27.4,0.0,0.0,287.5,260.1,0,39.1,250.0,500.0,13.7,73.1,1,0,1,0,0,2,1,1.02,1.023,1.085,0.998,67.6,91.8,115.9,0.0,35.3
default-grid_003042,default-grid,diurnal_normal_weekday,train,0,173.6,133.5,-12.2,0.0,173.6,27.900000000000006,0,37.6,250.0,500.0,11.6,25.7,0,0,0,0,1,0,1,1.02,1.014,1.036,0.989,81.4,85.1,88.8,0.0,56.0
default-grid_003043,default-grid,diurnal_normal_weekday,train,0,233.7,175.4,-10.1,0.0,233.7,48.19999999999999,0,50.4,250.0,500.0,12.7,29.8,0,0,1,0,0,1,1,1.02,1.019,1.047,0.985,93.1,97.5,102.0,0.0,64.1
default-grid_003044,default-grid,solar_overvoltage_severe,validation,0,274.4,41.6,0.0,0.0,274.4,232.79999999999998,0,68.6,250.0,500.0,13.4,67.5,1,0,1,0,0,2,1,1.02,1.022,1.081,0.997,69.6,91.4,113.2,0.0,38.1
default-grid_003045,default-grid,extreme_stress_holdout,test,1,321.1,27.1,0.0,0.9,320.20000000000005,293.1,0,18.0,250.0,500.0,14.3,79.8,1,0,1,0,0,2,1,1.02,1.026,1.094,0.998,69.5,95.9,122.3,0.0,35.3
default-grid_003046,default-grid,diurnal_normal_weekday,train,0,110.1,133.1,-5.2,0.0,110.1,-28.200000000000003,0,42.2,250.0,500.0,10.5,25.8,0,0,0,0,1,0,1,1.02,1.009,1.022,0.989,77.5,77.2,77.0,0.0,55.9
default-grid_003047,default-grid,solar_curtailment_active,train,0,236.4,104.3,-3.2,82.5,153.9,46.40000000000002,0,37.4,250.0,500.0,11.3,29.5,0,1,0,0,0,1,1,1.02,1.012,0.927,0.991,74.5,55.9,37.3,0.0,50.3
default-grid_003048,default-grid,diurnal_normal_weekday,train,0,113.7,182.6,-8.9,0.0,113.7,-77.8,0,36.2,250.0,500.0,10.5,35.9,0,0,0,0,1,0,1,1.02,1.009,1.011,0.985,87.3,82.1,76.9,0.0,65.5
default-grid_003049,default-grid,bess_injection_discharging,train,0,59.2,183.0,55.9,0.0,59.2,-67.9,0,72.7,250.0,500.0,9.6,33.8,0,0,0,0,1,0,1,1.02,1.005,1.041,0.985,84.1,72.3,60.6,0.0,65.6
default-grid_003050,default-grid,bess_absorption_charging,train,0,184.5,107.7,-25.3,0.0,184.5,51.499999999999986,0,42.4,250.0,500.0,11.8,30.5,0,0,0,0,1,0,1,1.02,1.015,1.035,0.991,77.0,82.4,87.8,0.0,50.9
default-grid_003051,default-grid,reconfiguration_alternate,train,0,246.0,55.3,18.6,0.0,246.0,209.3,1,50.7,250.0,500.0,12.9,62.7,1,0,0,0,0,1,1,1.02,1.02,1.051,0.995,70.5,79.9,89.3,46.0,40.8
default-grid_003052,default-grid,diurnal_normal_weekday,train,0,201.6,197.3,6.0,0.0,201.6,10.299999999999983,0,65.0,250.0,500.0,12.1,22.1,0,0,0,0,1,0,1,1.02,1.016,1.045,0.984,95.5,96.2,97.0,0.0,68.4
default-grid_003053,default-grid,diurnal_normal_weekday,train,0,182.0,158.8,-13.4,0.0,182.0,9.799999999999983,0,71.1,250.0,500.0,11.8,22.0,0,0,0,0,1,0,1,1.02,1.015,1.032,0.987,86.8,88.5,90.2,0.0,60.9
default-grid_003054,default-grid,nighttime_low_load,test,0,0.0,37.4,0.0,0.0,0.0,-37.4,0,48.2,250.0,500.0,8.5,27.6,0,0,0,0,1,0,1,1.02,1.0,1.0,0.997,52.3,53.6,55.0,0.0,37.3
default-grid_003055,default-grid,diurnal_normal_weekday,train,0,191.7,199.4,-10.4,0.0,191.7,-18.100000000000023,0,52.3,250.0,500.0,12.0,23.7,0,0,0,0,1,0,1,1.02,1.015,1.029,0.983,95.3,94.2,93.0,0.0,68.8
default-grid_003056,default-grid,solar_curtailment_active,train,0,201.7,57.7,-11.7,44.6,157.1,87.7,0,54.1,250.0,500.0,11.3,37.9,0,0,0,0,1,0,1,1.02,1.013,0.976,0.995,65.6,62.1,58.6,0.0,41.2
default-grid_003057,default-grid,solar_overvoltage_moderate,train,0,199.8,41.8,-2.3,0.0,199.8,155.7,0,64.2,250.0,500.0,12.1,51.8,1,0,0,0,0,1,1,1.02,1.016,1.057,0.997,65.1,80.9,96.8,0.0,38.1
default-grid_003058,default-grid,diurnal_normal_weekday,train,0,205.3,164.5,-5.6,0.0,205.3,35.20000000000002,0,55.0,250.0,500.0,12.2,27.2,0,0,0,0,1,0,1,1.02,1.016,1.044,0.986,89.3,93.2,97.1,0.0,62.0
default-grid_003059,default-grid,diurnal_normal_weekday,train,0,191.6,185.6,-12.2,0.0,191.6,-6.199999999999989,0,74.1,250.0,500.0,11.9,21.3,0,0,0,0,1,0,1,1.02,1.015,1.031,0.985,92.6,92.6,92.6,0.0,66.1
default-grid_003060,default-grid,near_limit_undervoltage,test,1,13.7,274.7,1.2,0.0,13.7,-259.8,0,35.0,250.0,500.0,8.7,73.0,0,0,0,0,1,0,1,1.02,1.001,0.97,0.977,99.2,78.5,57.8,0.0,83.4
default-grid_003061,default-grid,diurnal_normal_weekday,train,0,226.3,140.0,-17.5,0.0,226.3,68.80000000000001,0,40.9,250.0,500.0,12.6,34.0,0,0,0,0,1,0,1,1.02,1.018,1.046,0.988,85.8,92.2,98.6,0.0,57.2
default-grid_003062,default-grid,diurnal_normal_weekday,train,0,161.3,156.2,-13.9,0.0,161.3,-8.799999999999983,0,40.3,250.0,500.0,11.4,21.8,0,0,0,0,1,0,1,1.02,1.013,1.026,0.987,85.1,85.4,85.7,0.0,60.4
default-grid_003063,default-grid,diurnal_normal_weekday,train,0,185.4,128.2,-17.2,0.0,185.4,40.00000000000003,0,62.8,250.0,500.0,11.8,28.2,0,0,0,0,1,0,1,1.02,1.015,1.037,0.989,81.1,85.5,90.0,0.0,54.9
default-grid_003064,default-grid,solar_overvoltage_severe,train,0,287.0,25.4,0.0,0.0,287.0,261.6,0,73.7,250.0,500.0,13.7,73.4,1,0,1,0,0,2,1,1.02,1.023,1.085,0.998,67.2,91.5,115.8,0.0,34.9
default-grid_003065,default-grid,diurnal_normal_weekday,train,0,154.8,131.1,2.1,0.0,154.8,25.80000000000001,0,53.8,250.0,500.0,11.3,25.3,0,0,0,0,1,0,1,1.02,1.012,1.041,0.989,79.8,83.7,87.6,0.0,55.5
default-grid_003066,default-grid,near_limit_feeder_overload,test,1,229.7,45.5,0.0,0.0,229.7,184.2,0,45.1,250.0,500.0,12.6,57.6,1,0,1,0,0,2,1,1.02,1.018,1.068,0.996,67.6,85.7,103.7,0.0,38.8
default-grid_003067,default-grid,solar_overvoltage_moderate,train,0,203.6,31.6,-3.9,0.0,203.6,168.1,0,45.3,250.0,500.0,12.2,54.3,1,0,0,0,0,1,1,1.02,1.016,1.057,0.997,63.4,80.3,97.2,0.0,36.1
default-grid_003068,default-grid,nighttime_low_load,train,0,0.0,42.5,0.0,0.0,0.0,-42.5,0,47.8,250.0,500.0,8.5,28.7,0,0,0,0,1,0,1,1.02,1.0,1.0,0.996,53.3,54.1,55.0,0.0,38.3
default-grid_003069,default-grid,nighttime_low_load,train,0,0.0,34.7,0.0,0.0,0.0,-34.7,0,32.7,250.0,500.0,8.5,27.1,0,0,0,0,1,0,1,1.02,1.0,1.0,0.997,51.7,53.4,55.0,0.0,36.7
default-grid_003070,default-grid,bess_injection_discharging,train,0,4.6,261.3,58.2,0.0,4.6,-198.5,0,70.3,250.0,500.0,8.6,60.5,0,0,0,0,1,0,1,1.02,1.0,1.011,0.978,96.1,72.4,48.7,0.0,80.8
default-grid_003071,default-grid,solar_overvoltage_moderate,test,0,214.4,76.8,-7.7,0.0,214.4,129.90000000000003,0,65.3,250.0,500.0,12.4,46.5,1,0,0,0,0,1,1,1.02,1.017,1.058,0.994,72.8,85.7,98.5,0.0,44.9
default-grid_003072,default-grid,solar_overvoltage_moderate,test,0,217.1,83.6,-6.5,0.0,217.1,127.0,0,52.0,250.0,500.0,12.4,45.9,1,0,0,0,0,1,1,1.02,1.017,1.06,0.993,74.3,86.8,99.4,0.0,46.3
default-grid_003073,default-grid,solar_overvoltage_moderate,train,0,188.6,80.9,-11.0,0.0,188.6,96.69999999999999,0,43.3,250.0,500.0,11.9,39.7,0,0,0,0,1,0,1,1.02,1.015,1.048,0.993,72.0,82.1,92.2,0.0,45.7
default-grid_003074,default-grid,diurnal_normal_weekend,train,0,158.2,67.9,-10.3,0.0,158.2,79.99999999999997,0,72.0,250.0,500.0,11.3,36.3,0,0,0,0,1,0,1,1.02,1.013,1.039,0.994,67.7,76.8,86.0,0.0,43.2
default-grid_003075,default-grid,near_limit_overvoltage,validation,1,203.2,63.8,4.9,0.0,203.2,144.3,0,72.8,250.0,500.0,12.2,49.4,1,0,0,0,0,1,1,1.02,1.016,1.064,0.995,69.6,83.5,97.5,0.0,42.4
default-grid_003076,default-grid,diurnal_normal_weekend,test,0,211.0,86.3,2.6,0.0,211.0,127.3,0,47.2,250.0,500.0,12.3,46.0,1,0,0,0,0,1,1,1.02,1.017,1.064,0.993,74.4,86.9,99.4,0.0,46.8
default-grid_003077,default-grid,diurnal_normal_weekday,validation,0,176.2,177.3,4.1,0.0,176.2,2.9999999999999716,0,48.5,250.0,500.0,11.7,20.6,0,0,0,0,1,0,1,1.02,1.014,1.04,0.985,90.0,90.9,91.8,0.0,64.5
default-grid_003078,default-grid,solar_overvoltage_severe,validation,0,299.6,38.7,0.0,0.0,299.6,260.90000000000003,0,57.3,250.0,500.0,13.9,73.2,1,0,1,0,0,2,1,1.02,1.024,1.089,0.997,70.5,94.5,118.5,0.0,37.5
default-grid_003079,default-grid,diurnal_normal_weekday,train,0,197.0,148.3,-14.7,0.0,197.0,34.0,0,43.8,250.0,500.0,12.0,26.9,0,0,0,0,1,0,1,1.02,1.016,1.038,0.988,85.7,89.4,93.1,0.0,58.8
default-grid_003080,default-grid,solar_curtailment_active,train,0,271.8,61.4,-10.2,93.8,178.0,106.4,0,72.4,250.0,500.0,11.7,41.7,0,1,0,0,0,1,1,1.02,1.014,0.914,0.995,67.6,50.8,33.9,0.0,41.9
default-grid_003081,default-grid,near_limit_tx_overload,validation,1,42.0,275.2,0.0,0.0,42.0,-233.2,0,35.0,250.0,500.0,9.3,67.6,0,0,1,0,0,1,1,1.02,1.003,0.977,0.977,101.0,82.5,63.9,0.0,83.5
default-grid_003082,default-grid,near_limit_overvoltage,test,1,203.4,56.1,-7.9,0.0,203.4,139.4,0,37.5,250.0,500.0,12.2,48.4,1,0,0,0,0,1,1,1.02,1.016,1.054,0.995,68.1,82.1,96.1,0.0,40.9
default-grid_003083,default-grid,bess_injection_discharging,train,0,54.8,166.3,31.4,0.0,54.8,-80.10000000000002,0,72.0,250.0,500.0,9.5,36.3,0,0,0,0,1,0,1,1.02,1.004,1.026,0.986,80.6,71.7,62.7,0.0,62.3
default-grid_003084,default-grid,solar_overvoltage_moderate,test,0,215.4,64.6,-1.4,0.0,215.4,149.4,0,67.2,250.0,500.0,12.4,50.5,1,0,1,0,0,2,1,1.02,1.017,1.063,0.995,70.5,85.4,100.3,0.0,42.6
default-grid_003085,default-grid,diurnal_normal_weekday,validation,0,180.2,145.2,0.3,0.0,180.2,35.30000000000001,0,38.6,250.0,500.0,11.7,27.2,0,0,0,0,1,0,1,1.02,1.014,1.045,0.988,84.0,88.6,93.2,0.0,58.2
default-grid_003086,default-grid,near_limit_overvoltage,test,1,170.2,43.6,-7.2,0.0,170.2,119.4,0,49.0,250.0,500.0,11.6,44.4,0,0,0,0,1,0,1,1.02,1.014,1.045,0.996,63.7,76.5,89.3,0.0,38.5
default-grid_003087,default-grid,near_limit_tx_overload,validation,1,15.9,306.3,0.0,0.0,15.9,-290.40000000000003,0,64.0,250.0,500.0,8.8,79.2,0,0,1,0,0,1,1,1.02,1.001,0.963,0.974,105.5,82.0,58.4,0.0,89.6
default-grid_003088,default-grid,reconfiguration_alternate,train,0,250.3,76.9,18.3,0.0,250.3,191.70000000000002,1,40.8,250.0,500.0,13.0,59.1,1,0,0,0,0,1,1,1.02,1.02,1.051,0.994,75.0,82.5,90.1,46.0,45.0
default-grid_003089,default-grid,solar_overvoltage_severe,test,0,290.1,29.4,0.0,0.0,290.1,260.70000000000005,0,67.8,250.0,500.0,13.7,73.2,1,0,1,0,0,2,1,1.02,1.023,1.086,0.998,68.1,92.3,116.5,0.0,35.7
default-grid_003090,default-grid,diurnal_normal_weekend,train,0,121.2,110.0,-19.7,0.0,121.2,-8.5,0,30.1,250.0,500.0,10.7,21.7,0,0,0,0,1,0,1,1.02,1.01,1.02,0.991,73.7,74.8,75.8,0.0,51.4
default-grid_003091,default-grid,diurnal_normal_weekday,test,0,187.7,173.4,10.2,0.0,187.7,24.49999999999997,0,42.8,250.0,500.0,11.9,25.0,0,0,0,0,1,0,1,1.02,1.015,1.048,0.986,90.0,91.8,93.5,0.0,63.7
default-grid_003092,default-grid,solar_overvoltage_moderate,train,0,232.8,31.7,-11.6,0.0,232.8,189.50000000000003,0,57.6,250.0,500.0,12.7,58.7,1,0,1,0,0,2,1,1.02,1.019,1.06,0.997,65.1,83.3,101.5,0.0,36.2
default-grid_003093,default-grid,solar_curtailment_active,train,0,251.2,104.7,-6.4,74.6,176.6,65.49999999999999,0,37.9,250.0,500.0,11.7,33.4,0,1,0,0,0,1,1,1.02,1.014,0.942,0.991,76.0,61.0,46.1,0.0,50.4
default-grid_003094,default-grid,near_limit_overvoltage,test,1,185.2,44.8,2.9,0.0,185.2,143.3,0,42.7,250.0,500.0,11.8,49.2,1,0,0,0,0,1,1,1.02,1.015,1.057,0.996,64.8,79.3,93.9,0.0,38.7
default-grid_003095,default-grid,nighttime_low_load,test,0,0.0,25.6,0.0,0.0,0.0,-25.6,0,30.0,250.0,500.0,8.5,25.2,0,0,0,0,1,0,1,1.02,1.0,1.0,0.998,50.0,52.5,55.0,0.0,35.0
default-grid_003096,default-grid,evening_peak_demand,train,0,4.1,290.1,22.3,0.0,4.1,-263.70000000000005,0,47.2,250.0,500.0,8.6,73.8,0,0,1,0,0,1,1,1.02,1.0,0.979,0.976,101.7,77.4,53.1,0.0,86.4
default-grid_003097,default-grid,diurnal_normal_weekday,validation,0,170.9,184.5,-11.1,0.0,170.9,-24.69999999999999,0,48.6,250.0,500.0,11.6,25.0,0,0,0,0,1,0,1,1.02,1.014,1.026,0.985,91.1,89.8,88.5,0.0,65.9
default-grid_003098,default-grid,diurnal_normal_weekday,train,0,187.5,184.6,-6.4,0.0,187.5,-3.5,0,36.0,250.0,500.0,11.9,20.7,0,0,0,0,1,0,1,1.02,1.015,1.034,0.985,92.1,92.7,93.2,0.0,65.9
default-grid_003099,default-grid,diurnal_normal_weekend,train,0,117.1,64.1,-15.7,0.0,117.1,37.3,0,58.5,250.0,500.0,10.6,27.6,0,0,0,0,1,0,1,1.02,1.009,1.023,0.995,64.5,70.2,75.9,0.0,42.5
default-grid_003100,default-grid,bess_absorption_charging,train,0,225.7,72.3,-23.9,0.0,225.7,129.5,0,55.9,250.0,500.0,12.6,46.4,0,0,0,0,1,0,1,1.02,1.018,1.049,0.994,72.6,84.8,96.9,0.0,44.1
default-grid_003101,default-grid,diurnal_normal_weekend,train,0,142.7,43.8,-10.6,0.0,142.7,88.3,0,36.3,250.0,500.0,11.1,38.0,0,0,0,0,1,0,1,1.02,1.011,1.035,0.996,62.1,72.3,82.6,0.0,38.5
default-grid_003102,default-grid,diurnal_normal_weekday,train,0,90.5,148.3,10.1,0.0,90.5,-47.70000000000002,0,66.6,250.0,500.0,10.1,29.7,0,0,0,0,1,0,1,1.02,1.007,1.024,0.988,79.3,76.1,72.9,0.0,58.8
default-grid_003103,default-grid,evening_peak_demand,train,0,4.1,273.5,20.7,0.0,4.1,-248.7,0,68.1,250.0,500.0,8.6,70.7,0,0,0,0,1,0,1,1.02,1.0,0.982,0.977,98.4,75.8,53.3,0.0,83.2
default-grid_003104,default-grid,diurnal_normal_weekday,train,0,227.7,183.0,5.3,0.0,227.7,50.0,0,53.1,250.0,500.0,12.6,30.2,1,0,1,0,0,2,1,1.02,1.018,1.055,0.985,94.2,98.4,102.6,0.0,65.6
default-grid_003105,default-grid,near_limit_overvoltage,validation,1,187.5,51.8,-6.0,0.0,187.5,129.7,0,41.6,250.0,500.0,11.9,46.5,1,0,0,0,0,1,1,1.02,1.015,1.051,0.996,66.3,79.8,93.2,0.0,40.1
default-grid_003106,default-grid,diurnal_normal_weekday,train,0,116.1,149.3,6.8,0.0,116.1,-26.40000000000002,0,37.8,250.0,500.0,10.6,25.4,0,0,0,0,1,0,1,1.02,1.009,1.029,0.988,81.0,79.9,78.8,0.0,59.0
default-grid_003107,default-grid,extreme_stress_holdout,test,1,307.9,25.6,0.0,13.5,294.4,268.79999999999995,0,18.0,250.0,500.0,13.8,74.8,1,0,1,0,0,2,1,1.02,1.024,1.068,0.998,67.6,88.4,109.3,0.0,35.0
default-grid_003108,default-grid,solar_overvoltage_moderate,validation,0,189.3,82.5,-10.7,0.0,189.3,96.10000000000002,0,32.2,250.0,500.0,11.9,39.6,0,0,0,0,1,0,1,1.02,1.015,1.048,0.993,72.4,82.5,92.5,0.0,46.0
default-grid_003109,default-grid,diurnal_normal_weekday,train,0,196.3,192.4,-11.3,0.0,196.3,-7.400000000000006,0,43.2,250.0,500.0,12.0,21.5,0,0,0,0,1,0,1,1.02,1.016,1.031,0.984,94.2,94.0,93.8,0.0,67.4
default-grid_003110,default-grid,solar_curtailment_active,test,0,242.0,91.6,-22.3,54.4,187.6,73.69999999999999,0,35.3,250.0,500.0,11.9,35.0,0,0,0,0,1,0,1,1.02,1.015,0.963,0.992,74.1,65.3,56.6,0.0,47.8
default-grid_003111,default-grid,near_limit_undervoltage,validation,1,23.3,277.8,3.5,0.0,23.3,-251.0,0,60.7,250.0,500.0,8.9,71.2,0,0,1,0,0,1,1,1.02,1.002,0.974,0.977,100.4,80.0,59.5,0.0,84.0
default-grid_003112,default-grid,solar_overvoltage_moderate,validation,0,221.7,47.4,-4.5,0.0,221.7,169.79999999999998,0,67.5,250.0,500.0,12.5,54.6,1,0,1,0,0,2,1,1.02,1.018,1.062,0.996,67.5,84.2,100.9,0.0,39.2
default-grid_003113,default-grid,diurnal_normal_weekend,test,0,202.2,148.4,2.0,0.0,202.2,55.79999999999998,0,33.3,250.0,500.0,12.1,31.4,1,0,0,0,0,1,1,1.02,1.016,1.052,0.988,86.0,91.8,97.6,0.0,58.9
default-grid_003114,default-grid,bess_absorption_charging,train,0,182.1,88.0,-37.3,0.0,182.1,56.80000000000001,0,52.2,250.0,500.0,11.8,31.6,0,0,0,0,1,0,1,1.02,1.015,1.027,0.993,73.0,78.7,84.3,0.0,47.1
default-grid_003115,default-grid,solar_overvoltage_moderate,train,0,209.4,37.1,-1.2,0.0,209.4,171.10000000000002,0,40.1,250.0,500.0,12.3,54.9,1,0,0,0,0,1,1,1.02,1.017,1.061,0.997,64.8,81.9,99.1,0.0,37.2
default-grid_003116,default-grid,solar_curtailment_active,train,0,263.0,101.8,-7.2,101.1,161.9,52.90000000000002,0,68.4,250.0,500.0,11.4,30.8,0,1,0,0,0,1,1,1.02,1.013,0.901,0.992,74.5,50.7,26.9,0.0,49.8
default-grid_003117,default-grid,solar_overvoltage_severe,train,0,292.0,29.7,0.0,0.0,292.0,262.3,0,69.9,250.0,500.0,13.8,73.5,1,0,1,0,0,2,1,1.02,1.023,1.086,0.998,68.3,92.6,116.9,0.0,35.8
default-grid_003118,default-grid,diurnal_normal_weekend,train,0,220.6,59.2,-0.1,0.0,220.6,161.3,0,57.6,250.0,500.0,12.5,52.9,1,0,1,0,0,2,1,1.02,1.018,1.065,0.995,69.7,85.7,101.7,0.0,41.5
default-grid_003119,default-grid,diurnal_normal_weekend,train,0,200.3,135.2,-20.5,0.0,200.3,44.60000000000002,0,33.1,250.0,500.0,12.1,29.1,0,0,0,0,1,0,1,1.02,1.016,1.037,0.989,83.3,87.8,92.3,0.0,56.3
default-grid_003120,default-grid,solar_overvoltage_severe,validation,0,277.4,31.4,0.0,0.0,277.4,245.99999999999997,0,42.5,250.0,500.0,13.5,70.2,1,0,1,0,0,2,1,1.02,1.022,1.082,0.997,67.7,90.8,113.8,0.0,36.1
default-grid_003121,default-grid,solar_overvoltage_moderate,test,0,200.3,58.3,-3.4,0.0,200.3,138.60000000000002,0,47.9,250.0,500.0,12.1,48.3,1,0,0,0,0,1,1,1.02,1.016,1.057,0.995,68.4,82.5,96.6,0.0,41.3
default-grid_003122,default-grid,diurnal_normal_weekday,train,0,113.4,143.9,8.2,0.0,113.4,-22.299999999999997,0,58.6,250.0,500.0,10.5,24.5,0,0,0,0,1,0,1,1.02,1.009,1.031,0.988,79.8,78.9,78.0,0.0,58.0
default-grid_003123,default-grid,diurnal_normal_weekday,train,0,190.5,187.0,-0.7,0.0,190.5,2.8000000000000114,0,37.1,250.0,500.0,11.9,20.6,0,0,0,0,1,0,1,1.02,1.015,1.038,0.984,92.8,94.0,95.2,0.0,66.4
default-grid_003124,default-grid,solar_overvoltage_moderate,validation,0,219.2,54.0,-2.9,0.0,219.2,162.29999999999998,0,60.0,250.0,500.0,12.4,53.1,1,0,1,0,0,2,1,1.02,1.018,1.063,0.996,68.7,84.7,100.7,0.0,40.5
default-grid_003125,default-grid,bess_absorption_charging,train,0,193.3,115.8,-26.1,0.0,193.3,51.40000000000002,0,68.3,250.0,500.0,12.0,30.5,0,0,0,0,1,0,1,1.02,1.015,1.035,0.99,79.1,84.3,89.5,0.0,52.5
default-grid_003126,default-grid,bess_injection_discharging,train,0,3.0,173.4,43.5,0.0,3.0,-126.9,0,58.2,250.0,500.0,8.6,45.9,0,0,0,0,1,0,1,1.02,1.0,1.018,0.986,78.9,64.6,50.2,0.0,63.7
default-grid_003127,default-grid,solar_overvoltage_severe,train,0,284.5,39.9,0.0,0.0,284.5,244.6,0,68.5,250.0,500.0,13.6,69.9,1,0,1,0,0,2,1,1.02,1.023,1.084,0.997,69.8,92.5,115.3,0.0,37.8
default-grid_003128,default-grid,solar_curtailment_active,train,0,278.4,83.5,-17.2,62.7,215.7,115.0,0,68.4,250.0,500.0,12.4,43.5,0,0,0,0,1,0,1,1.02,1.017,0.964,0.993,74.2,66.5,58.8,0.0,46.2
default-grid_003129,default-grid,diurnal_normal_weekday,train,0,199.2,174.1,7.3,0.0,199.2,32.400000000000006,0,48.6,250.0,500.0,12.1,26.6,0,0,0,0,1,0,1,1.02,1.016,1.049,0.985,90.8,93.5,96.3,0.0,63.9
default-grid_003130,default-grid,diurnal_normal_weekday,train,0,158.2,178.1,-11.2,0.0,158.2,-31.099999999999994,0,68.5,250.0,500.0,11.3,26.3,0,0,0,0,1,0,1,1.02,1.013,1.023,0.985,89.1,87.4,85.7,0.0,64.6
default-grid_003131,default-grid,diurnal_normal_weekday,test,0,174.9,141.8,-17.6,0.0,174.9,15.5,0,35.8,250.0,500.0,11.6,23.2,0,0,0,0,1,0,1,1.02,1.014,1.031,0.988,83.1,85.4,87.7,0.0,57.6
default-grid_003132,default-grid,nighttime_low_load,validation,0,0.0,42.2,0.0,0.0,0.0,-42.2,0,35.8,250.0,500.0,8.5,28.6,0,0,0,0,1,0,1,1.02,1.0,1.0,0.996,53.2,54.1,55.0,0.0,38.2
default-grid_003133,default-grid,solar_curtailment_active,train,0,247.9,37.0,-14.3,49.7,198.2,146.89999999999998,0,36.0,250.0,500.0,12.1,50.0,0,0,0,0,1,0,1,1.02,1.016,0.979,0.997,64.1,63.8,63.6,0.0,37.2
default-grid_003134,default-grid,bess_absorption_charging,train,0,197.4,73.3,-39.3,0.0,197.4,84.80000000000003,0,70.0,250.0,500.0,12.1,37.3,0,0,0,0,1,0,1,1.02,1.016,1.03,0.994,71.1,79.0,87.0,0.0,44.3
default-grid_003135,default-grid,nighttime_low_load,train,0,0.0,28.7,0.0,0.0,0.0,-28.7,0,34.9,250.0,500.0,8.5,25.9,0,0,0,0,1,0,1,1.02,1.0,1.0,0.998,50.6,52.8,55.0,0.0,35.6
default-grid_003136,default-grid,bess_absorption_charging,validation,0,150.3,111.3,-34.6,0.0,150.3,4.40000000000002,0,74.4,250.0,500.0,11.2,20.9,0,0,0,0,1,0,1,1.02,1.012,1.017,0.991,75.7,77.0,78.2,0.0,51.6
default-grid_003137,default-grid,solar_overvoltage_moderate,train,0,204.4,62.0,-9.5,0.0,204.4,132.9,0,57.7,250.0,500.0,12.2,47.1,1,0,0,0,0,1,1,1.02,1.016,1.054,0.995,69.3,82.7,96.0,0.0,42.1
default-grid_003138,default-grid,bess_absorption_charging,train,0,198.8,115.0,-28.9,0.0,198.8,54.900000000000006,0,63.2,250.0,500.0,12.1,31.2,0,0,0,0,1,0,1,1.02,1.016,1.035,0.99,79.3,84.6,89.9,0.0,52.4
default-grid_003139,default-grid,near_limit_feeder_overload,validation,1,230.6,37.1,0.0,0.0,230.6,193.5,0,65.7,250.0,500.0,12.7,59.5,1,0,1,0,0,2,1,1.02,1.018,1.068,0.997,66.0,85.0,103.9,0.0,37.2
default-grid_003140,default-grid,evening_peak_demand,train,0,1.9,219.8,23.7,0.0,1.9,-194.20000000000002,0,68.9,250.0,500.0,8.5,59.6,0,0,0,0,1,0,1,1.02,1.0,0.994,0.982,87.9,70.2,52.4,0.0,72.7
default-grid_003141,default-grid,bess_injection_discharging,validation,0,43.8,168.5,26.5,0.0,43.8,-98.2,0,77.3,250.0,500.0,9.3,40.0,0,0,0,0,1,0,1,1.02,1.004,1.018,0.986,80.4,70.7,61.0,0.0,62.8
default-grid_003142,default-grid,bess_injection_discharging,test,0,32.9,236.9,29.4,0.0,32.9,-174.60000000000002,0,77.3,250.0,500.0,9.1,55.6,0,0,0,0,1,0,1,1.02,1.003,1.004,0.98,93.0,75.7,58.3,0.0,76.1
default-grid_003143,default-grid,diurnal_normal_weekend,train,0,129.4,64.9,-2.1,0.0,129.4,62.400000000000006,0,57.2,250.0,500.0,10.8,32.7,0,0,0,0,1,0,1,1.02,1.01,1.037,0.995,65.4,73.7,81.9,0.0,42.6
default-grid_003144,default-grid,diurnal_normal_weekday,train,0,205.5,163.3,5.1,0.0,205.5,47.29999999999998,0,56.5,250.0,500.0,12.2,29.6,1,0,0,0,0,1,1,1.02,1.016,1.052,0.986,89.1,93.5,97.9,0.0,61.8
default-grid_003145,default-grid,diurnal_normal_weekend,train,0,135.8,145.6,-1.3,0.0,135.8,-11.099999999999994,0,72.5,250.0,500.0,10.9,22.3,0,0,0,0,1,0,1,1.02,1.011,1.03,0.988,81.5,82.5,83.5,0.0,58.3
default-grid_003146,default-grid,solar_overvoltage_moderate,test,0,190.1,55.7,-9.1,0.0,190.1,125.3,0,57.7,250.0,500.0,11.9,45.6,0,0,0,0,1,0,1,1.02,1.015,1.05,0.995,67.2,80.1,93.0,0.0,40.8
default-grid_003147,default-grid,solar_overvoltage_moderate,train,0,194.4,51.2,-2.7,0.0,194.4,140.5,0,46.9,250.0,500.0,12.0,48.7,1,0,0,0,0,1,1,1.02,1.016,1.056,0.996,66.6,81.0,95.5,0.0,40.0
default-grid_003148,default-grid,solar_overvoltage_moderate,test,0,228.8,33.6,-1.6,0.0,228.8,193.60000000000002,0,30.2,250.0,500.0,12.6,59.5,1,0,1,0,0,2,1,1.02,1.018,1.067,0.997,65.3,84.2,103.1,0.0,36.5
default-grid_003149,default-grid,solar_curtailment_active,train,0,272.5,72.5,-12.7,56.5,216.0,130.8,0,53.7,250.0,500.0,12.4,46.7,0,0,0,0,1,0,1,1.02,1.017,0.976,0.994,72.1,67.9,63.7,0.0,44.1
default-grid_003150,default-grid,solar_overvoltage_severe,train,0,261.9,27.4,0.0,0.0,261.9,234.49999999999997,0,59.0,250.0,500.0,13.2,67.8,1,0,1,0,0,2,1,1.02,1.021,1.078,0.998,66.0,88.2,110.5,0.0,35.3
default-grid_003151,default-grid,near_limit_overvoltage,validation,1,201.5,60.4,-1.6,0.0,201.5,139.5,0,59.1,250.0,500.0,12.1,48.5,1,0,0,0,0,1,1,1.02,1.016,1.058,0.995,68.8,83.0,97.3,0.0,41.7
default-grid_003152,default-grid,evening_peak_demand,train,0,1.0,301.6,12.2,0.0,1.0,-288.40000000000003,0,50.5,250.0,500.0,8.5,78.8,0,0,1,0,0,1,1,1.02,1.0,0.969,0.975,103.7,78.7,53.7,0.0,88.6
default-grid_003153,default-grid,diurnal_normal_weekday,train,0,189.6,159.6,-4.6,0.0,189.6,25.400000000000006,0,69.0,250.0,500.0,11.9,25.2,0,0,0,0,1,0,1,1.02,1.015,1.041,0.987,87.4,90.7,94.0,0.0,61.0
default-grid_003154,default-grid,evening_peak_demand,train,0,0.7,203.8,6.1,0.0,0.7,-197.0,0,40.2,250.0,500.0,8.5,60.2,0,0,0,0,1,0,1,1.02,1.0,0.984,0.983,84.7,69.5,54.4,0.0,69.6
default-grid_003155,default-grid,solar_overvoltage_severe,train,0,270.2,38.7,0.0,0.0,270.2,231.5,0,39.0,250.0,500.0,13.4,67.2,1,0,1,0,0,2,1,1.02,1.022,1.08,0.997,68.7,90.5,112.3,0.0,37.5
default-grid_003156,default-grid,diurnal_normal_weekend,validation,0,132.8,83.6,-12.4,0.0,132.8,36.80000000000001,0,40.5,250.0,500.0,10.9,27.5,0,0,0,0,1,0,1,1.02,1.011,1.03,0.993,69.2,74.7,80.1,0.0,46.3
default-grid_003157,default-grid,solar_curtailment_active,train,0,283.7,69.2,-5.7,111.9,171.79999999999998,96.89999999999999,0,50.2,250.0,500.0,11.6,39.8,0,1,0,0,0,1,1,1.02,1.014,0.89,0.994,68.8,45.8,22.9,0.0,43.5
default-grid_003158,default-grid,diurnal_normal_weekday,validation,0,209.8,165.3,6.8,0.0,209.8,51.30000000000001,0,66.3,250.0,500.0,12.3,30.5,1,0,0,0,0,1,1,1.02,1.017,1.054,0.986,89.7,94.2,98.6,0.0,62.1
default-grid_003159,default-grid,diurnal_normal_weekday,validation,0,225.2,179.3,-1.5,0.0,225.2,44.39999999999998,0,53.4,250.0,500.0,12.6,29.1,0,0,1,0,0,1,1,1.02,1.018,1.05,0.985,93.4,97.9,102.4,0.0,64.9
default-grid_003160,default-grid,solar_overvoltage_moderate,train,0,213.8,78.5,-7.3,0.0,213.8,128.0,0,69.2,250.0,500.0,12.3,46.1,1,0,0,0,0,1,1,1.02,1.017,1.058,0.993,73.1,85.8,98.5,0.0,45.3
default-grid_003161,default-grid,diurnal_normal_weekend,train,0,177.3,65.8,-13.4,0.0,177.3,98.10000000000001,0,36.6,250.0,500.0,11.7,40.0,0,0,0,0,1,0,1,1.02,1.014,1.043,0.995,68.4,78.8,89.2,0.0,42.8
default-grid_003162,default-grid,evening_peak_demand,test,0,2.1,254.5,3.4,0.0,2.1,-249.0,0,63.5,250.0,500.0,8.5,70.8,0,0,0,0,1,0,1,1.02,1.0,0.972,0.979,94.6,74.8,55.0,0.0,79.5
default-grid_003163,default-grid,solar_overvoltage_moderate,train,0,224.3,72.5,-3.8,0.0,224.3,148.0,0,37.0,250.0,500.0,12.5,50.2,1,0,1,0,0,2,1,1.02,1.018,1.064,0.994,72.6,87.1,101.6,0.0,44.1
default-grid_003164,default-grid,diurnal_normal_weekday,test,0,146.9,125.6,-12.3,0.0,146.9,9.0,0,52.5,250.0,500.0,11.1,21.8,0,0,0,0,1,0,1,1.02,1.012,1.029,0.99,78.2,80.7,83.1,0.0,54.4
default-grid_003165,default-grid,diurnal_normal_weekend,train,0,154.2,139.2,-7.1,0.0,154.2,7.900000000000006,0,38.5,250.0,500.0,11.3,21.6,0,0,0,0,1,0,1,1.02,1.012,1.033,0.988,81.3,83.6,85.9,0.0,57.1
default-grid_003166,default-grid,diurnal_normal_weekday,train,0,204.3,127.9,-6.3,0.0,204.3,70.1,0,57.8,250.0,500.0,12.2,34.3,0,0,0,0,1,0,1,1.02,1.016,1.05,0.989,82.1,89.4,96.7,0.0,54.9
default-grid_003167,default-grid,evening_peak_demand,train,0,1.3,254.6,9.2,0.0,1.3,-244.1,0,71.9,250.0,500.0,8.5,69.8,0,0,0,0,1,0,1,1.02,1.0,0.976,0.979,94.6,74.3,54.1,0.0,79.5
default-grid_003168,default-grid,solar_overvoltage_severe,train,0,252.3,40.8,0.0,0.0,252.3,211.5,0,53.9,250.0,500.0,13.0,63.1,1,0,1,0,0,2,1,1.02,1.02,1.075,0.997,68.1,88.3,108.5,0.0,37.9
default-grid_003169,default-grid,bess_injection_discharging,train,0,13.5,204.6,58.6,0.0,13.5,-132.5,0,66.9,250.0,500.0,8.7,47.0,0,0,0,0,1,0,1,1.02,1.001,1.026,0.983,85.6,68.0,50.5,0.0,69.8
default-grid_003170,default-grid,diurnal_normal_weekday,test,0,145.2,196.2,4.9,0.0,145.2,-46.099999999999994,0,42.4,250.0,500.0,11.1,29.4,0,0,0,0,1,0,1,1.02,1.012,1.027,0.984,91.9,88.6,85.2,0.0,68.1
default-grid_003171,default-grid,solar_overvoltage_severe,validation,0,260.8,27.8,0.0,0.0,260.8,233.0,0,55.5,250.0,500.0,13.2,67.5,1,0,1,0,0,2,1,1.02,1.021,1.077,0.998,66.1,88.2,110.3,0.0,35.4
default-grid_003172,default-grid,bess_absorption_charging,train,0,172.5,89.1,-44.9,0.0,172.5,38.5,0,68.8,250.0,500.0,11.6,27.9,0,0,0,0,1,0,1,1.02,1.014,1.019,0.993,72.7,76.5,80.3,0.0,47.3
default-grid_003173,default-grid,solar_overvoltage_moderate,train,0,228.4,59.7,-7.7,0.0,228.4,161.0,0,70.7,250.0,500.0,12.6,52.8,1,0,1,0,0,2,1,1.02,1.018,1.062,0.995,70.3,85.9,101.5,0.0,41.6
default-grid_003174,default-grid,solar_curtailment_active,train,0,258.5,52.9,-17.9,32.7,225.8,155.0,0,50.6,250.0,500.0,12.6,51.6,0,0,0,0,1,0,1,1.02,1.018,1.008,0.996,68.8,73.8,78.8,0.0,40.3
default-grid_003175,default-grid,solar_overvoltage_severe,train,0,276.0,27.0,0.0,0.0,276.0,249.0,0,60.5,250.0,500.0,13.5,70.8,1,0,1,0,0,2,1,1.02,1.022,1.082,0.998,66.8,90.2,113.5,0.0,35.2
default-grid_003176,default-grid,diurnal_normal_weekday,train,0,170.7,149.2,1.1,0.0,170.7,22.599999999999994,0,73.7,250.0,500.0,11.6,24.6,0,0,0,0,1,0,1,1.02,1.014,1.041,0.988,84.3,87.7,91.1,0.0,59.0
default-grid_003177,default-grid,solar_overvoltage_moderate,train,0,213.4,83.2,-10.7,0.0,213.4,119.50000000000001,0,57.1,250.0,500.0,12.3,44.4,1,0,0,0,0,1,1,1.02,1.017,1.055,0.993,74.0,85.8,97.6,0.0,46.2
default-grid_003178,default-grid,diurnal_normal_weekday,train,0,182.1,154.1,-11.2,0.0,182.1,16.80000000000001,0,74.1,250.0,500.0,11.8,23.4,0,0,0,0,1,0,1,1.02,1.015,1.035,0.987,85.9,88.3,90.8,0.0,60.0
default-grid_003179,default-grid,solar_overvoltage_moderate,train,0,205.0,85.9,-1.4,0.0,205.0,117.69999999999999,0,39.3,250.0,500.0,12.2,44.0,1,0,0,0,0,1,1,1.02,1.016,1.06,0.993,74.0,86.0,98.1,0.0,46.7
default-grid_003180,default-grid,solar_overvoltage_severe,test,0,277.3,35.9,0.0,0.0,277.3,241.4,0,60.2,250.0,500.0,13.5,69.2,1,0,1,0,0,2,1,1.02,1.022,1.082,0.997,68.6,91.2,113.8,0.0,37.0
default-grid_003181,default-grid,solar_overvoltage_severe,train,0,283.1,32.9,0.0,0.0,283.1,250.20000000000002,0,51.3,250.0,500.0,13.6,71.0,1,0,1,0,0,2,1,1.02,1.023,1.084,0.997,68.4,91.7,115.0,0.0,36.4
default-grid_003182,default-grid,nighttime_low_load,train,0,0.0,31.4,0.0,0.0,0.0,-31.4,0,58.7,250.0,500.0,8.5,26.4,0,0,0,0,1,0,1,1.02,1.0,1.0,0.997,51.1,53.0,55.0,0.0,36.1
default-grid_003183,default-grid,diurnal_normal_weekday,train,0,158.6,181.0,-16.5,0.0,158.6,-38.900000000000006,0,31.3,250.0,500.0,11.4,27.9,0,0,0,0,1,0,1,1.02,1.013,1.019,0.985,89.7,87.1,84.5,0.0,65.2
default-grid_003184,default-grid,near_limit_feeder_overload,test,1,209.4,30.2,0.0,0.0,209.4,179.20000000000002,0,70.7,250.0,500.0,12.3,56.5,1,0,0,0,0,1,1,1.02,1.017,1.062,0.997,63.4,81.4,99.4,0.0,35.9
default-grid_003185,default-grid,solar_overvoltage_severe,train,0,279.6,36.4,0.0,0.0,279.6,243.20000000000002,0,69.6,250.0,500.0,13.5,69.6,1,0,1,0,0,2,1,1.02,1.022,1.083,0.997,68.9,91.6,114.3,0.0,37.1
default-grid_003186,default-grid,nighttime_low_load,train,0,0.0,41.5,0.0,0.0,0.0,-41.5,0,52.3,250.0,500.0,8.5,28.5,0,0,0,0,1,0,1,1.02,1.0,1.0,0.997,53.1,54.0,55.0,0.0,38.1
default-grid_003187,default-grid,solar_overvoltage_moderate,validation,0,208.3,53.1,-10.7,0.0,208.3,144.50000000000003,0,45.0,250.0,500.0,12.2,49.5,1,0,0,0,0,1,1,1.02,1.017,1.054,0.996,67.8,82.2,96.5,0.0,40.3
default-grid_003188,default-grid,bess_injection_discharging,train,0,71.2,254.5,19.2,0.0,71.2,-164.1,0,55.4,250.0,500.0,9.8,53.5,0,0,0,0,1,0,1,1.02,1.006,1.004,0.979,98.8,83.2,67.7,0.0,79.5
default-grid_003189,default-grid,bess_absorption_charging,validation,0,226.7,129.6,-36.8,0.0,226.7,60.29999999999998,0,70.2,250.0,500.0,12.6,32.3,0,0,0,0,1,0,1,1.02,1.018,1.035,0.989,83.8,88.8,93.9,0.0,55.2
default-grid_003190,default-grid,diurnal_normal_weekend,test,0,228.9,80.8,-10.2,0.0,228.9,137.90000000000003,0,35.3,250.0,500.0,12.6,48.1,1,0,1,0,0,2,1,1.02,1.018,1.06,0.993,74.4,87.7,101.0,0.0,45.7
default-grid_003191,default-grid,solar_overvoltage_moderate,validation,0,213.6,42.0,-11.2,0.0,213.6,160.4,0,33.5,250.0,500.0,12.3,52.7,1,0,0,0,0,1,1,1.02,1.017,1.055,0.997,66.0,81.8,97.5,0.0,38.2
default-grid_003192,default-grid,diurnal_normal_weekend,train,0,141.7,104.9,-10.5,0.0,141.7,26.299999999999983,0,34.7,250.0,500.0,11.1,25.4,0,0,0,0,1,0,1,1.02,1.011,1.033,0.991,73.9,78.2,82.4,0.0,50.4
default-grid_003193,default-grid,diurnal_normal_weekend,validation,0,167.0,56.5,-19.1,0.0,167.0,91.4,0,35.2,250.0,500.0,11.5,38.6,0,0,0,0,1,0,1,1.02,1.013,1.036,0.995,66.0,75.8,85.6,0.0,41.0
default-grid_003194,default-grid,solar_overvoltage_moderate,train,0,207.3,47.9,-7.4,0.0,207.3,152.0,0,56.2,250.0,500.0,12.2,51.0,1,0,0,0,0,1,1,1.02,1.017,1.056,0.996,66.8,81.9,97.1,0.0,39.3
default-grid_003195,default-grid,solar_overvoltage_moderate,train,0,224.1,34.0,-1.1,0.0,224.1,189.0,0,71.1,250.0,500.0,12.5,58.5,1,0,1,0,0,2,1,1.02,1.018,1.066,0.997,65.1,83.7,102.2,0.0,36.6
default-grid_003196,default-grid,diurnal_normal_weekday,train,0,182.4,185.2,1.3,0.0,182.4,-1.4999999999999716,0,72.0,250.0,500.0,11.8,20.3,0,0,0,0,1,0,1,1.02,1.015,1.038,0.985,92.0,92.8,93.5,0.0,66.0
default-grid_003197,default-grid,solar_overvoltage_moderate,validation,0,207.2,62.1,-11.4,0.0,207.2,133.7,0,62.0,250.0,500.0,12.2,47.3,1,0,0,0,0,1,1,1.02,1.017,1.053,0.995,69.5,82.8,96.1,0.0,42.1
default-grid_003198,default-grid,bess_absorption_charging,train,0,183.7,66.0,-57.1,0.0,183.7,60.599999999999994,0,59.3,250.0,500.0,11.8,32.4,0,0,0,0,1,0,1,1.02,1.015,1.013,0.995,68.9,74.3,79.7,0.0,42.8
default-grid_003199,default-grid,diurnal_normal_weekday,train,0,217.6,155.6,-5.7,0.0,217.6,56.30000000000001,0,39.2,250.0,500.0,12.4,31.5,0,0,0,0,1,0,1,1.02,1.017,1.049,0.987,88.3,94.0,99.7,0.0,60.3
default-grid_003200,default-grid,evening_peak_demand,train,0,4.1,293.7,21.1,0.0,4.1,-268.5,0,65.0,250.0,500.0,8.6,74.8,0,0,1,0,0,1,1,1.02,1.0,0.978,0.976,102.4,77.8,53.2,0.0,87.1
default-grid_003201,default-grid,bess_absorption_charging,train,0,241.3,84.9,-57.8,0.0,241.3,98.6,0,45.3,250.0,500.0,12.8,40.1,0,0,0,0,1,0,1,1.02,1.019,1.03,0.993,76.0,83.8,91.7,0.0,46.5
default-grid_003202,default-grid,solar_overvoltage_moderate,train,0,212.0,31.1,-6.7,0.0,212.0,174.20000000000002,0,52.7,250.0,500.0,12.3,55.5,1,0,0,0,0,1,1,1.02,1.017,1.058,0.997,63.8,81.0,98.3,0.0,36.0
default-grid_003203,default-grid,solar_overvoltage_moderate,train,0,233.3,67.8,-9.4,0.0,233.3,156.10000000000002,0,35.7,250.0,500.0,12.7,51.8,1,0,1,0,0,2,1,1.02,1.019,1.062,0.994,72.2,87.2,102.1,0.0,43.2
default-grid_003204,default-grid,diurnal_normal_weekday,test,0,209.8,184.7,0.7,0.0,209.8,25.80000000000001,0,71.2,250.0,500.0,12.3,25.3,0,0,0,0,1,0,1,1.02,1.017,1.046,0.985,93.5,96.5,99.4,0.0,65.9
default-grid_003205,default-grid,reconfiguration_alternate,train,0,179.4,93.4,1.5,0.0,179.4,87.5,1,38.5,250.0,500.0,11.7,37.8,0,0,0,0,1,0,1,1.02,1.014,1.028,0.992,73.9,76.5,79.1,46.0,48.2
default-grid_003206,default-grid,bess_injection_discharging,validation,0,29.5,162.6,53.6,0.0,29.5,-79.5,0,59.6,250.0,500.0,9.0,36.2,0,0,0,0,1,0,1,1.02,1.002,1.035,0.986,78.4,66.5,54.6,0.0,61.6
default-grid_003207,default-grid,reconfiguration_alternate,validation,0,141.3,48.2,26.7,0.0,141.3,119.8,1,41.8,250.0,500.0,11.0,44.4,0,0,0,0,1,0,1,1.02,1.011,1.041,0.996,62.9,66.2,69.5,46.0,39.4
default-grid_003208,default-grid,solar_overvoltage_moderate,validation,0,198.5,30.8,-2.1,0.0,198.5,165.6,0,71.4,250.0,500.0,12.1,53.8,1,0,0,0,0,1,1,1.02,1.016,1.057,0.997,62.9,79.8,96.6,0.0,36.0
default-grid_003209,default-grid,diurnal_normal_weekday,train,0,186.6,143.9,5.4,0.0,186.6,48.099999999999994,0,37.2,250.0,500.0,11.9,29.8,0,0,0,0,1,0,1,1.02,1.015,1.05,0.988,84.2,89.1,93.9,0.0,58.0
default-grid_003210,default-grid,bess_absorption_charging,train,0,179.3,51.5,-28.7,0.0,179.3,99.10000000000002,0,57.1,250.0,500.0,11.7,40.2,0,0,0,0,1,0,1,1.02,1.014,1.032,0.996,65.8,75.8,85.8,0.0,40.0
default-grid_003211,default-grid,near_limit_feeder_overload,validation,1,210.2,46.3,0.0,0.0,210.2,163.89999999999998,0,35.7,250.0,500.0,12.3,53.4,1,0,0,0,0,1,1,1.02,1.017,1.062,0.996,66.6,83.1,99.6,0.0,39.0
default-grid_003212,default-grid,diurnal_normal_weekday,train,0,155.1,157.4,-11.3,0.0,155.1,-13.600000000000023,0,58.7,250.0,500.0,11.3,22.8,0,0,0,0,1,0,1,1.02,1.012,1.026,0.987,84.9,85.0,85.1,0.0,60.6
default-grid_003213,default-grid,diurnal_normal_weekday,train,0,181.0,152.7,6.2,0.0,181.0,34.5,0,62.4,250.0,500.0,11.8,27.0,0,0,0,0,1,0,1,1.02,1.014,1.048,0.987,85.6,89.1,92.6,0.0,59.7
default-grid_003214,default-grid,solar_overvoltage_moderate,train,0,230.5,54.4,-5.0,0.0,230.5,171.1,0,64.7,250.0,500.0,12.6,54.9,1,0,1,0,0,2,1,1.02,1.018,1.065,0.995,69.4,86.0,102.6,0.0,40.6
default-grid_003215,default-grid,solar_overvoltage_moderate,validation,0,207.0,64.9,-1.7,0.0,207.0,140.4,0,67.9,250.0,500.0,12.2,48.6,1,0,0,0,0,1,1,1.02,1.017,1.06,0.995,70.0,84.2,98.5,0.0,42.6
default-grid_003216,default-grid,diurnal_normal_weekday,validation,0,95.6,124.8,0.9,0.0,95.6,-28.299999999999997,0,52.3,250.0,500.0,10.2,25.8,0,0,0,0,1,0,1,1.02,1.008,1.024,0.99,75.0,75.1,75.2,0.0,54.3
default-grid_003217,default-grid,near_limit_undervoltage,validation,1,4.1,296.2,4.2,0.0,4.1,-287.9,0,48.0,250.0,500.0,8.6,78.7,0,0,1,0,0,1,1,1.02,1.0,0.965,0.975,102.8,79.0,55.3,0.0,87.6
default-grid_003218,default-grid,near_limit_feeder_overload,test,1,235.8,41.2,0.0,0.0,235.8,194.60000000000002,0,39.4,250.0,500.0,12.7,59.7,1,0,1,0,0,2,1,1.02,1.019,1.07,0.997,67.2,86.1,105.0,0.0,38.0
default-grid_003219,default-grid,diurnal_normal_weekend,train,0,164.0,115.7,-1.2,0.0,164.0,47.10000000000001,0,33.3,250.0,500.0,11.5,29.6,0,0,0,0,1,0,1,1.02,1.013,1.045,0.99,77.3,83.4,89.5,0.0,52.5
default-grid_003220,default-grid,bess_absorption_charging,train,0,189.5,43.8,-24.1,0.0,189.5,121.60000000000001,0,67.0,250.0,500.0,11.9,44.8,0,0,0,0,1,0,1,1.02,1.015,1.039,0.996,64.9,77.0,89.1,0.0,38.5
default-grid_003221,default-grid,evening_peak_demand,train,0,3.2,284.6,18.6,0.0,3.2,-262.8,0,46.7,250.0,500.0,8.6,73.6,0,0,1,0,0,1,1,1.02,1.0,0.978,0.976,100.5,77.0,53.4,0.0,85.3
default-grid_003222,default-grid,diurnal_normal_weekday,train,0,178.6,148.5,-7.3,0.0,178.6,22.799999999999983,0,33.6,250.0,500.0,11.7,24.7,0,0,0,0,1,0,1,1.02,1.014,1.038,0.988,84.6,87.8,91.0,0.0,58.9
default-grid_003223,default-grid,diurnal_normal_weekend,test,0,166.0,73.0,-19.0,0.0,166.0,74.0,0,72.6,250.0,500.0,11.5,35.1,0,0,0,0,1,0,1,1.02,1.013,1.035,0.994,69.2,77.3,85.4,0.0,44.2
default-grid_003224,default-grid,solar_overvoltage_moderate,train,0,223.1,44.5,-8.1,0.0,223.1,170.5,0,62.7,250.0,500.0,12.5,54.8,1,0,1,0,0,2,1,1.02,1.018,1.06,0.996,67.0,83.7,100.3,0.0,38.7
default-grid_003225,default-grid,diurnal_normal_weekend,train,0,154.8,112.1,-3.4,0.0,154.8,39.30000000000001,0,66.1,250.0,500.0,11.3,28.0,0,0,0,0,1,0,1,1.02,1.012,1.041,0.991,76.1,81.5,87.0,0.0,51.8
default-grid_003226,default-grid,solar_overvoltage_moderate,train,0,194.6,37.6,-3.2,0.0,194.6,153.8,0,35.2,250.0,500.0,12.0,51.4,1,0,0,0,0,1,1,1.02,1.016,1.055,0.997,64.0,79.8,95.5,0.0,37.3
default-grid_003227,default-grid,solar_overvoltage_moderate,train,0,193.6,53.0,-2.9,0.0,193.6,137.7,0,67.2,250.0,500.0,12.0,48.1,1,0,0,0,0,1,1,1.02,1.015,1.055,0.996,66.9,81.1,95.3,0.0,40.3
default-grid_003228,default-grid,solar_overvoltage_moderate,test,0,207.9,82.7,-2.7,0.0,207.9,122.50000000000001,0,72.6,250.0,500.0,12.2,45.0,1,0,0,0,0,1,1,1.02,1.017,1.06,0.993,73.6,86.0,98.4,0.0,46.1
default-grid_003229,default-grid,diurnal_normal_weekday,train,0,166.2,153.0,-5.7,0.0,166.2,7.5,0,41.7,250.0,500.0,11.5,21.5,0,0,0,0,1,0,1,1.02,1.013,1.034,0.987,84.7,86.8,88.8,0.0,59.8
default-grid_003230,default-grid,diurnal_normal_weekend,train,0,206.7,30.0,-1.6,0.0,206.7,175.1,0,46.2,250.0,500.0,12.2,55.7,1,0,0,0,0,1,1,1.02,1.017,1.06,0.998,63.2,80.8,98.4,0.0,35.8
default-grid_003231,default-grid,evening_peak_demand,test,0,3.2,301.9,0.7,0.0,3.2,-298.0,0,55.7,250.0,500.0,8.6,80.8,0,0,1,0,0,1,1,1.02,1.0,0.961,0.975,103.9,79.8,55.6,0.0,88.7
default-grid_003232,default-grid,solar_curtailment_active,train,0,228.9,96.9,-17.1,86.1,142.8,28.80000000000001,0,40.3,250.0,500.0,11.1,25.9,0,1,0,0,0,1,1,1.02,1.011,0.909,0.992,72.4,50.9,29.3,0.0,48.8
default-grid_003233,default-grid,bess_injection_discharging,train,0,30.5,199.7,30.2,0.0,30.5,-139.0,0,61.5,250.0,500.0,9.0,48.4,0,0,0,0,1,0,1,1.02,1.002,1.011,0.983,85.7,71.7,57.7,0.0,68.8
default-grid_003234,default-grid,diurnal_normal_weekday,train,0,164.3,158.7,2.2,0.0,164.3,7.800000000000011,0,39.8,250.0,500.0,11.5,21.6,0,0,0,0,1,0,1,1.02,1.013,1.038,0.987,85.7,87.7,89.6,0.0,60.9
default-grid_003235,default-grid,solar_overvoltage_severe,test,0,267.6,39.1,0.0,0.0,267.6,228.50000000000003,0,56.3,250.0,500.0,13.3,66.6,1,0,1,0,0,2,1,1.02,1.021,1.079,0.997,68.7,90.2,111.7,0.0,37.6
default-grid_003236,default-grid,solar_curtailment_active,train,0,246.1,53.7,-4.1,63.1,183.0,125.2,0,57.5,250.0,500.0,11.8,45.5,0,0,0,0,1,0,1,1.02,1.015,0.963,0.996,66.4,60.7,54.9,0.0,40.4
default-grid_003237,default-grid,reconfiguration_alternate,validation,0,141.9,208.0,-19.7,0.0,141.9,-85.8,1,43.8,250.0,500.0,11.1,37.5,0,0,0,0,1,0,1,1.02,1.011,0.986,0.983,94.0,81.2,68.3,46.0,70.4
default-grid_003238,default-grid,diurnal_normal_weekday,train,0,136.9,196.0,-12.7,0.0,136.9,-71.8,0,41.7,250.0,500.0,11.0,34.6,0,0,0,0,1,0,1,1.02,1.011,1.012,0.984,91.3,86.0,80.8,0.0,68.1
default-grid_003239,default-grid,bess_absorption_charging,test,0,227.3,33.3,-25.4,0.0,227.3,168.60000000000002,0,61.2,250.0,500.0,12.6,54.4,0,0,0,0,1,0,1,1.02,1.018,1.049,0.997,65.1,80.9,96.8,0.0,36.5
default-grid_003240,default-grid,nighttime_low_load,train,0,0.0,39.4,0.0,0.0,0.0,-39.4,0,59.0,250.0,500.0,8.5,28.0,0,0,0,0,1,0,1,1.02,1.0,1.0,0.997,52.7,53.9,55.0,0.0,37.7
default-grid_003241,default-grid,near_limit_overvoltage,validation,1,180.6,68.8,-3.3,0.0,180.6,108.49999999999999,0,69.0,250.0,500.0,11.8,42.1,1,0,0,0,0,1,1,1.02,1.014,1.051,0.994,69.2,80.8,92.5,0.0,43.4
default-grid_003242,default-grid,near_limit_feeder_overload,test,1,207.0,51.6,0.0,0.0,207.0,155.4,0,57.9,250.0,500.0,12.2,51.7,1,0,0,0,0,1,1,1.02,1.017,1.061,0.996,67.5,83.2,98.9,0.0,40.0
default-grid_003243,default-grid,solar_overvoltage_moderate,train,0,205.9,78.6,-3.8,0.0,205.9,123.5,0,69.3,250.0,500.0,12.2,45.2,1,0,0,0,0,1,1,1.02,1.016,1.058,0.993,72.6,85.2,97.7,0.0,45.3
default-grid_003244,default-grid,diurnal_normal_weekend,train,0,196.1,82.6,4.5,0.0,196.1,118.0,0,32.8,250.0,500.0,12.0,44.1,1,0,0,0,0,1,1,1.02,1.016,1.061,0.993,72.8,84.4,96.0,0.0,46.1
default-grid_003245,default-grid,reconfiguration_alternate,validation,0,197.2,65.4,21.8,0.0,197.2,153.6,1,64.1,250.0,500.0,12.0,51.3,0,0,0,0,1,0,1,1.02,1.016,1.046,0.995,69.5,74.8,80.1,46.0,42.7
default-grid_003246,default-grid,solar_curtailment_active,train,0,236.4,79.9,-19.8,90.9,145.5,45.8,0,54.9,250.0,500.0,11.1,29.3,0,1,0,0,0,1,1,1.02,1.012,0.901,0.993,69.3,47.8,26.4,0.0,45.5
default-grid_003247,default-grid,diurnal_normal_weekday,validation,0,173.4,150.3,2.3,0.0,173.4,25.400000000000006,0,40.8,250.0,500.0,11.6,25.2,0,0,0,0,1,0,1,1.02,1.014,1.043,0.987,84.6,88.0,91.5,0.0,59.2
default-grid_003248,default-grid,diurnal_normal_weekend,train,0,175.2,85.8,5.1,0.0,175.2,94.49999999999999,0,64.2,250.0,500.0,11.7,39.3,1,0,0,0,0,1,1,1.02,1.014,1.056,0.993,72.2,81.8,91.5,0.0,46.7
default-grid_003249,default-grid,near_limit_feeder_overload,validation,1,209.8,53.2,0.0,0.0,209.8,156.60000000000002,0,34.7,250.0,500.0,12.3,51.9,1,0,0,0,0,1,1,1.02,1.017,1.062,0.996,67.9,83.7,99.5,0.0,40.3
default-grid_003250,default-grid,solar_overvoltage_severe,validation,0,269.1,26.1,0.0,0.0,269.1,243.00000000000003,0,73.5,250.0,500.0,13.3,69.6,1,0,1,0,0,2,1,1.02,1.022,1.08,0.998,66.2,89.1,112.0,0.0,35.1
default-grid_003251,default-grid,diurnal_normal_weekday,train,0,204.8,147.0,-0.7,0.0,204.8,57.10000000000002,0,68.4,250.0,500.0,12.2,31.6,1,0,0,0,0,1,1,1.02,1.016,1.051,0.988,85.9,92.1,98.2,0.0,58.6
default-grid_003252,default-grid,diurnal_normal_weekend,test,0,145.9,77.5,-12.3,0.0,145.9,56.099999999999994,0,41.4,250.0,500.0,11.1,31.4,0,0,0,0,1,0,1,1.02,1.012,1.034,0.994,68.8,75.8,82.9,0.0,45.1
default-grid_003253,default-grid,diurnal_normal_weekday,train,0,158.6,195.8,2.2,0.0,158.6,-35.00000000000003,0,69.4,250.0,500.0,11.4,27.1,0,0,0,0,1,0,1,1.02,1.013,1.029,0.984,92.6,90.4,88.3,0.0,68.1
default-grid_003254,default-grid,diurnal_normal_weekend,train,0,155.7,128.1,-2.8,0.0,155.7,24.799999999999983,0,67.2,250.0,500.0,11.3,25.1,0,0,0,0,1,0,1,1.02,1.012,1.038,0.989,79.3,83.3,87.3,0.0,54.9
default-grid_003255,default-grid,bess_injection_discharging,train,0,66.9,176.3,58.4,0.0,66.9,-51.0,0,38.9,250.0,500.0,9.7,30.4,0,0,0,0,1,0,1,1.02,1.005,1.047,0.985,83.3,72.6,61.9,0.0,64.3
default-grid_003256,default-grid,bess_absorption_charging,train,0,151.1,116.8,-58.4,0.0,151.1,-24.10000000000001,0,56.6,250.0,500.0,11.2,24.9,0,0,0,0,1,0,1,1.02,1.012,0.999,0.99,76.8,74.6,72.4,0.0,52.7
default-grid_003257,default-grid,solar_overvoltage_severe,test,0,297.3,38.1,0.0,0.0,297.3,259.2,0,43.5,250.0,500.0,13.9,72.9,1,0,1,0,0,2,1,1.02,1.024,1.088,0.997,70.2,94.1,118.0,0.0,37.4
default-grid_003258,default-grid,bess_absorption_charging,train,0,195.4,125.2,-58.2,0.0,195.4,11.999999999999986,0,30.4,250.0,500.0,12.0,22.4,0,0,0,0,1,0,1,1.02,1.016,1.011,0.99,81.1,81.5,81.9,0.0,54.3
default-grid_003259,default-grid,solar_overvoltage_moderate,train,0,214.4,82.2,-7.8,0.0,214.4,124.39999999999999,0,54.2,250.0,500.0,12.4,45.4,1,0,0,0,0,1,1,1.02,1.017,1.058,0.993,73.8,86.2,98.5,0.0,46.0
default-grid_003260,default-grid,bess_absorption_charging,train,0,180.9,30.7,-20.3,0.0,180.9,129.9,0,27.2,250.0,500.0,11.8,46.5,0,0,0,0,1,0,1,1.02,1.014,1.039,0.997,61.8,75.0,88.3,0.0,36.0
default-grid_003261,default-grid,diurnal_normal_weekend,train,0,137.2,47.1,-1.4,0.0,137.2,88.69999999999999,0,67.7,250.0,500.0,11.0,38.1,0,0,0,0,1,0,1,1.02,1.011,1.04,0.996,62.4,73.0,83.7,0.0,39.2
default-grid_003262,default-grid,diurnal_normal_weekend,test,0,135.1,76.3,-13.5,0.0,135.1,45.3,0,49.7,250.0,500.0,10.9,29.2,0,0,0,0,1,0,1,1.02,1.011,1.03,0.994,67.9,74.1,80.3,0.0,44.8
default-grid_003263,default-grid,diurnal_normal_weekday,train,0,171.3,180.3,-6.4,0.0,171.3,-15.400000000000006,0,46.1,250.0,500.0,11.6,23.1,0,0,0,0,1,0,1,1.02,1.014,1.03,0.985,90.3,90.0,89.7,0.0,65.1
default-grid_003264,default-grid,near_limit_overvoltage,test,1,198.3,51.3,5.0,0.0,198.3,152.0,0,53.2,250.0,500.0,12.1,51.0,1,0,0,0,0,1,1,1.02,1.016,1.062,0.996,66.9,81.7,96.4,0.0,40.0
default-grid_003265,default-grid,diurnal_normal_weekday,train,0,155.9,129.7,-17.7,0.0,155.9,8.500000000000028,0,54.3,250.0,500.0,11.3,21.7,0,0,0,0,1,0,1,1.02,1.012,1.027,0.989,79.6,81.6,83.6,0.0,55.2
default-grid_003266,default-grid,solar_overvoltage_severe,train,0,245.2,24.4,0.0,0.0,245.2,220.79999999999998,0,41.1,250.0,500.0,12.9,65.0,1,0,1,0,0,2,1,1.02,1.02,1.073,0.998,64.5,85.8,107.0,0.0,34.7
default-grid_003267,default-grid,diurnal_normal_weekday,train,0,224.6,165.3,2.9,0.0,224.6,62.19999999999999,0,33.2,250.0,500.0,12.5,32.7,1,0,1,0,0,2,1,1.02,1.018,1.056,0.986,90.6,96.4,102.3,0.0,62.1
default-grid_003268,default-grid,diurnal_normal_weekday,train,0,138.3,143.6,11.4,0.0,138.3,6.100000000000023,0,53.4,250.0,500.0,11.0,21.2,0,0,0,0,1,0,1,1.02,1.011,1.04,0.988,81.2,82.1,82.9,0.0,57.9
default-grid_003269,default-grid,diurnal_normal_weekday,train,0,174.4,172.0,0.1,0.0,174.4,2.5,0,43.7,250.0,500.0,11.6,20.5,0,0,0,0,1,0,1,1.02,1.014,1.037,0.986,88.9,90.5,92.0,0.0,63.4
default-grid_003270,default-grid,diurnal_normal_weekday,train,0,194.7,158.4,3.5,0.0,194.7,39.79999999999998,0,65.6,250.0,500.0,12.0,28.1,0,0,0,0,1,0,1,1.02,1.016,1.048,0.987,87.5,91.7,95.8,0.0,60.8
default-grid_003271,default-grid,near_limit_overvoltage,validation,1,176.8,64.3,-2.2,0.0,176.8,110.30000000000003,0,74.2,250.0,500.0,11.7,42.5,1,0,0,0,0,1,1,1.02,1.014,1.051,0.995,68.1,80.0,91.9,0.0,42.5
default-grid_003272,default-grid,solar_curtailment_active,test,0,266.0,75.7,-17.8,46.9,219.1,125.59999999999998,0,69.2,250.0,500.0,12.4,45.6,0,0,0,0,1,0,1,1.02,1.018,0.986,0.994,72.9,70.9,68.9,0.0,44.7
default-grid_003273,default-grid,near_limit_overvoltage,validation,1,167.8,43.9,-3.8,0.0,167.8,120.1,0,39.2,250.0,500.0,11.5,44.5,0,0,0,0,1,0,1,1.02,1.013,1.047,0.996,63.6,76.6,89.6,0.0,38.5
default-grid_003274,default-grid,solar_curtailment_active,train,0,285.0,52.0,-11.3,64.9,220.1,156.79999999999998,0,69.7,250.0,500.0,12.5,52.0,0,0,0,0,1,0,1,1.02,1.018,0.966,0.996,68.3,64.1,59.9,0.0,40.1
default-grid_003275,default-grid,bess_absorption_charging,train,0,239.6,61.7,-53.4,0.0,239.6,124.49999999999999,0,74.1,250.0,500.0,12.8,45.4,0,0,0,0,1,0,1,1.02,1.019,1.032,0.995,71.4,81.9,92.4,0.0,42.0
default-grid_003276,default-grid,diurnal_normal_weekday,train,0,195.2,177.0,-7.0,0.0,195.2,11.199999999999989,0,44.4,250.0,500.0,12.0,22.3,0,0,0,0,1,0,1,1.02,1.016,1.037,0.985,91.1,92.8,94.6,0.0,64.4
default-grid_003277,default-grid,diurnal_normal_weekday,validation,0,213.8,146.2,-3.4,0.0,213.8,64.20000000000002,0,72.5,250.0,500.0,12.3,33.1,1,0,0,0,0,1,1,1.02,1.017,1.052,0.988,86.3,92.9,99.5,0.0,58.4
default-grid_003278,default-grid,reconfiguration_alternate,train,0,135.1,52.2,-30.0,0.0,135.1,52.89999999999999,1,50.5,250.0,500.0,10.9,30.8,0,0,0,0,1,0,1,1.02,1.011,0.999,0.996,63.3,64.1,64.9,46.0,40.2
default-grid_003279,default-grid,diurnal_normal_weekday,train,0,150.1,166.5,-11.2,0.0,150.1,-27.599999999999994,0,56.9,250.0,500.0,11.2,25.6,0,0,0,0,1,0,1,1.02,1.012,1.023,0.986,86.4,85.2,84.0,0.0,62.4
default-grid_003280,default-grid,near_limit_tx_overload,test,1,19.1,312.1,0.0,0.0,19.1,-293.0,0,69.4,250.0,500.0,8.8,79.8,0,0,1,0,0,1,1,1.02,1.002,0.963,0.974,106.8,82.9,59.0,0.0,90.7
default-grid_003281,default-grid,solar_overvoltage_severe,test,0,265.1,37.6,0.0,0.0,265.1,227.50000000000003,0,70.4,250.0,500.0,13.3,66.4,1,0,1,0,0,2,1,1.02,1.021,1.078,0.997,68.2,89.7,111.2,0.0,37.3
default-grid_003282,default-grid,bess_injection_discharging,validation,0,66.2,240.8,58.2,0.0,66.2,-116.4,0,51.1,250.0,500.0,9.7,43.7,0,0,0,0,1,0,1,1.02,1.005,1.034,0.98,95.8,78.8,61.8,0.0,76.8
default-grid_003283,default-grid,solar_curtailment_active,train,0,212.1,83.1,-16.0,77.9,134.2,35.099999999999994,0,61.1,250.0,500.0,10.9,27.2,0,1,0,0,0,1,1,1.02,1.011,0.919,0.993,69.2,51.0,32.7,0.0,46.2
default-grid_003284,default-grid,reconfiguration_alternate,train,0,210.6,210.8,10.3,0.0,210.6,10.099999999999994,1,49.0,250.0,500.0,12.3,22.1,0,0,0,0,1,0,1,1.02,1.017,1.017,0.982,98.6,91.2,83.8,46.0,71.0
default-grid_003285,default-grid,diurnal_normal_weekday,train,0,191.8,129.5,8.1,0.0,191.8,70.4,0,43.2,250.0,500.0,12.0,34.4,1,0,0,0,0,1,1,1.02,1.015,1.057,0.989,81.7,88.2,94.6,0.0,55.2
default-grid_003286,default-grid,diurnal_normal_weekday,validation,0,131.6,201.3,7.3,0.0,131.6,-62.400000000000006,0,33.1,250.0,500.0,10.9,32.7,0,0,0,0,1,0,1,1.02,1.011,1.024,0.983,92.0,87.0,82.0,0.0,69.1
default-grid_003287,default-grid,nighttime_low_load,train,0,0.0,33.9,0.0,0.0,0.0,-33.9,0,33.9,250.0,500.0,8.5,26.9,0,0,0,0,1,0,1,1.02,1.0,1.0,0.997,51.6,53.3,55.0,0.0,36.6
default-grid_003288,default-grid,solar_overvoltage_severe,train,0,258.5,32.3,0.0,0.0,258.5,226.2,0,41.4,250.0,500.0,13.2,66.1,1,0,1,0,0,2,1,1.02,1.021,1.077,0.997,66.8,88.3,109.8,0.0,36.3
default-grid_003289,default-grid,evening_peak_demand,train,0,1.2,246.0,15.0,0.0,1.2,-229.8,0,69.5,250.0,500.0,8.5,66.9,0,0,0,0,1,0,1,1.02,1.0,0.982,0.98,92.9,73.2,53.4,0.0,77.8
default-grid_003290,default-grid,solar_overvoltage_severe,validation,0,270.7,32.1,0.0,0.0,270.7,238.6,0,39.3,250.0,500.0,13.4,68.7,1,0,1,0,0,2,1,1.02,1.022,1.08,0.997,67.5,90.0,112.4,0.0,36.2
default-grid_003291,default-grid,solar_overvoltage_moderate,train,0,215.6,47.5,-4.8,0.0,215.6,163.29999999999998,0,59.4,250.0,500.0,12.4,53.3,1,0,0,0,0,1,1,1.02,1.017,1.06,0.996,67.2,83.3,99.5,0.0,39.2
default-grid_003292,default-grid,solar_overvoltage_moderate,test,0,225.7,85.7,-9.3,0.0,225.7,130.7,0,60.2,250.0,500.0,12.6,46.7,1,0,1,0,0,2,1,1.02,1.018,1.06,0.993,75.2,87.8,100.5,0.0,46.7
default-grid_003293,default-grid,solar_curtailment_active,train,0,223.4,98.5,-6.2,77.5,145.9,41.20000000000002,0,63.3,250.0,500.0,11.1,28.4,0,1,0,0,0,1,1,1.02,1.012,0.93,0.992,72.9,55.4,37.9,0.0,49.2
default-grid_003294,default-grid,diurnal_normal_weekday,train,0,222.6,122.6,-15.6,0.0,222.6,84.4,0,53.0,250.0,500.0,12.5,37.2,0,0,0,0,1,0,1,1.02,1.018,1.05,0.99,82.2,90.2,98.3,0.0,53.8
default-grid_003295,default-grid,diurnal_normal_weekday,validation,0,237.1,137.9,-10.0,0.0,237.1,89.19999999999999,0,62.3,250.0,500.0,12.8,38.2,1,0,1,0,0,2,1,1.02,1.019,1.055,0.989,86.0,94.4,102.8,0.0,56.8
default-grid_003296,default-grid,diurnal_normal_weekend,train,0,116.7,146.1,4.9,0.0,116.7,-24.499999999999986,0,56.3,250.0,500.0,10.6,25.0,0,0,0,0,1,0,1,1.02,1.009,1.029,0.988,80.4,79.8,79.1,0.0,58.4
default-grid_003297,default-grid,solar_overvoltage_severe,train,0,298.6,27.1,0.0,0.0,298.6,271.5,0,41.4,250.0,500.0,13.9,75.4,1,0,1,0,0,2,1,1.02,1.024,1.088,0.998,68.2,93.2,118.3,0.0,35.3
default-grid_003298,default-grid,diurnal_normal_weekday,validation,0,151.2,174.3,-16.0,0.0,151.2,-39.10000000000002,0,68.7,250.0,500.0,11.2,28.0,0,0,0,0,1,0,1,1.02,1.012,1.018,0.985,88.0,85.5,83.1,0.0,63.9
default-grid_003299,default-grid,solar_overvoltage_moderate,train,0,236.3,74.9,-3.8,0.0,236.3,157.6,0,56.3,250.0,500.0,12.8,52.1,1,0,1,0,0,2,1,1.02,1.019,1.067,0.994,73.7,88.9,104.1,0.0,44.6
default-grid_003300,default-grid,diurnal_normal_weekday,train,0,184.5,145.8,-11.4,0.0,184.5,27.299999999999983,0,59.7,250.0,500.0,11.8,25.6,0,0,0,0,1,0,1,1.02,1.015,1.037,0.988,84.4,87.8,91.3,0.0,58.4
default-grid_003301,default-grid,bess_absorption_charging,train,0,217.3,102.7,-53.2,0.0,217.3,61.40000000000002,0,34.6,250.0,500.0,12.4,32.5,0,0,0,0,1,0,1,1.02,1.017,1.025,0.991,78.0,82.9,87.8,0.0,50.0
default-grid_003302,default-grid,near_limit_undervoltage,test,1,9.4,278.6,-3.4,0.0,9.4,-272.6,0,54.4,250.0,500.0,8.7,75.6,0,0,0,0,1,0,1,1.02,1.001,0.965,0.977,99.7,77.9,56.1,0.0,84.2
default-grid_003303,default-grid,near_limit_feeder_overload,validation,1,236.8,42.4,0.0,0.0,236.8,194.4,0,71.7,250.0,500.0,12.8,59.6,1,0,1,0,0,2,1,1.02,1.019,1.07,0.996,67.5,86.3,105.2,0.0,38.2
default-grid_003304,default-grid,bess_absorption_charging,train,0,220.4,90.8,-36.2,0.0,220.4,93.39999999999999,0,61.9,250.0,500.0,12.5,39.0,0,0,0,0,1,0,1,1.02,1.018,1.039,0.992,75.9,84.3,92.7,0.0,47.7
default-grid_003305,default-grid,solar_overvoltage_moderate,validation,0,216.3,48.0,-10.6,0.0,216.3,157.70000000000002,0,41.3,250.0,500.0,12.4,52.2,1,0,0,0,0,1,1,1.02,1.017,1.056,0.996,67.3,82.8,98.2,0.0,39.3
default-grid_003306,default-grid,diurnal_normal_weekday,train,0,189.6,183.6,-7.5,0.0,189.6,-1.5,0,68.2,250.0,500.0,11.9,20.3,0,0,0,0,1,0,1,1.02,1.015,1.034,0.985,92.1,92.7,93.3,0.0,65.7
default-grid_003307,default-grid,near_limit_undervoltage,validation,1,4.3,291.5,-2.6,0.0,4.3,-289.8,0,33.1,250.0,500.0,8.6,79.1,0,0,1,0,0,1,1,1.02,1.0,0.961,0.976,101.9,78.6,55.3,0.0,86.7
default-grid_003308,default-grid,solar_overvoltage_severe,test,0,256.3,33.4,0.0,0.0,256.3,222.9,0,73.2,250.0,500.0,13.1,65.5,1,0,1,0,0,2,1,1.02,1.021,1.076,0.997,66.9,88.1,109.3,0.0,36.5
default-grid_003309,default-grid,diurnal_normal_weekday,validation,0,89.7,148.2,-11.8,0.0,89.7,-70.29999999999998,0,32.9,250.0,500.0,10.1,34.3,0,0,0,0,1,0,1,1.02,1.007,1.008,0.988,79.2,75.2,71.1,0.0,58.8
default-grid_003310,default-grid,solar_overvoltage_moderate,train,0,234.9,48.1,-11.2,0.0,234.9,175.60000000000002,0,61.2,250.0,500.0,12.7,55.8,1,0,1,0,0,2,1,1.02,1.019,1.061,0.996,68.4,85.2,102.0,0.0,39.4
default-grid_003311,default-grid,reconfiguration_alternate,train,0,145.3,127.9,10.1,0.0,145.3,27.5,1,51.4,250.0,500.0,11.1,25.6,0,0,0,0,1,0,1,1.02,1.012,1.024,0.989,78.6,75.3,72.0,46.0,54.9
default-grid_003312,default-grid,diurnal_normal_weekday,train,0,228.1,136.9,9.4,0.0,228.1,100.6,0,61.1,250.0,500.0,12.6,40.5,1,0,1,0,0,2,1,1.02,1.018,1.067,0.989,85.3,93.8,102.2,0.0,56.6
default-grid_003313,default-grid,nighttime_low_load,validation,0,0.0,25.3,0.0,0.0,0.0,-25.3,0,40.6,250.0,500.0,8.5,25.2,0,0,0,0,1,0,1,1.02,1.0,1.0,0.998,49.9,52.5,55.0,0.0,34.9
default-grid_003314,default-grid,evening_peak_demand,train,0,1.3,228.5,19.9,0.0,1.3,-207.3,0,58.0,250.0,500.0,8.5,62.3,0,0,0,0,1,0,1,1.02,1.0,0.989,0.981,89.5,71.2,52.8,0.0,74.4
default-grid_003315,default-grid,solar_overvoltage_moderate,train,0,196.8,51.2,-11.3,0.0,196.8,134.3,0,38.1,250.0,500.0,12.0,47.4,0,0,0,0,1,0,1,1.02,1.016,1.05,0.996,66.8,80.3,93.9,0.0,40.0
default-grid_003316,default-grid,diurnal_normal_weekday,train,0,191.8,178.7,-17.0,0.0,191.8,-3.8999999999999773,0,58.8,250.0,500.0,12.0,20.8,0,0,0,0,1,0,1,1.02,1.015,1.029,0.985,91.3,91.3,91.4,0.0,64.7
default-grid_003317,default-grid,extreme_stress_holdout,test,1,307.3,29.6,0.0,5.4,301.90000000000003,272.3,0,18.0,250.0,500.0,13.9,75.5,1,0,1,0,0,2,1,1.02,1.024,1.082,0.998,68.9,92.3,115.8,0.0,35.8
default-grid_003318,default-grid,diurnal_normal_weekday,train,0,169.1,149.7,1.5,0.0,169.1,20.900000000000006,0,30.2,250.0,500.0,11.5,24.3,0,0,0,0,1,0,1,1.02,1.014,1.041,0.988,84.3,87.5,90.7,0.0,59.1
default-grid_003319,default-grid,evening_peak_demand,train,0,3.6,205.0,14.3,0.0,3.6,-187.1,0,63.3,250.0,500.0,8.6,58.2,0,0,0,0,1,0,1,1.02,1.0,0.99,0.983,85.1,69.5,54.0,0.0,69.9
default-grid_003320,default-grid,diurnal_normal_weekend,validation,0,162.7,144.0,-20.1,0.0,162.7,-1.4000000000000057,0,47.2,250.0,500.0,11.4,20.3,0,0,0,0,1,0,1,1.02,1.013,1.025,0.988,82.8,83.7,84.5,0.0,58.0
default-grid_003321,default-grid,diurnal_normal_weekday,validation,0,213.4,142.6,-1.8,0.0,213.4,69.0,0,53.2,250.0,500.0,12.3,34.1,1,0,0,0,0,1,1,1.02,1.017,1.053,0.988,85.5,92.7,99.8,0.0,57.7
default-grid_003322,default-grid,evening_peak_demand,train,0,0.2,301.1,14.2,0.0,0.2,-286.70000000000005,0,68.4,250.0,500.0,8.5,78.5,0,0,1,0,0,1,1,1.02,1.0,0.97,0.975,103.6,78.4,53.3,0.0,88.5
default-grid_003323,default-grid,solar_overvoltage_moderate,train,0,208.8,44.5,-11.5,0.0,208.8,152.8,0,37.6,250.0,500.0,12.3,51.2,1,0,0,0,0,1,1,1.02,1.017,1.053,0.996,66.2,81.3,96.4,0.0,38.7
default-grid_003324,default-grid,solar_overvoltage_moderate,train,0,217.5,30.1,-2.9,0.0,217.5,184.5,0,65.3,250.0,500.0,12.4,57.6,1,0,1,0,0,2,1,1.02,1.017,1.062,0.997,63.9,82.2,100.4,0.0,35.9
default-grid_003325,default-grid,solar_overvoltage_severe,train,0,275.0,29.1,0.0,0.0,275.0,245.9,0,34.9,250.0,500.0,13.4,70.2,1,0,1,0,0,2,1,1.02,1.022,1.081,0.998,67.2,90.2,113.3,0.0,35.7
default-grid_003326,default-grid,solar_overvoltage_moderate,train,0,212.1,48.7,-6.8,0.0,212.1,156.59999999999997,0,30.1,250.0,500.0,12.3,51.9,1,0,0,0,0,1,1,1.02,1.017,1.058,0.996,67.2,82.8,98.3,0.0,39.5
default-grid_003327,default-grid,solar_overvoltage_moderate,train,0,223.3,89.5,-11.7,0.0,223.3,122.10000000000002,0,51.0,250.0,500.0,12.5,44.9,1,0,0,0,0,1,1,1.02,1.018,1.058,0.993,75.8,87.6,99.4,0.0,47.4
default-grid_003328,default-grid,reconfiguration_alternate,train,0,223.1,164.7,-25.4,0.0,223.1,33.0,1,74.3,250.0,500.0,12.5,26.7,0,0,0,0,1,0,1,1.02,1.018,1.003,0.986,90.4,86.1,81.7,46.0,62.0
default-grid_003329,default-grid,evening_peak_demand,validation,0,5.0,224.8,10.3,0.0,5.0,-209.5,0,79.0,250.0,500.0,8.6,62.7,0,0,0,0,1,0,1,1.02,1.0,0.984,0.981,89.0,71.9,54.8,0.0,73.7
default-grid_003330,default-grid,solar_curtailment_active,validation,0,231.3,39.1,-13.5,36.6,194.70000000000002,142.10000000000002,0,74.7,250.0,500.0,12.0,49.0,0,0,0,0,1,0,1,1.02,1.016,0.997,0.997,64.3,67.6,70.9,0.0,37.6
default-grid_003331,default-grid,solar_overvoltage_moderate,train,0,223.2,39.2,-5.8,0.0,223.2,178.2,0,46.1,250.0,500.0,12.5,56.3,1,0,1,0,0,2,1,1.02,1.018,1.062,0.997,66.0,83.5,100.9,0.0,37.6
default-grid_003332,default-grid,solar_overvoltage_moderate,train,0,213.0,88.5,-1.2,0.0,213.0,123.30000000000001,0,57.2,250.0,500.0,12.3,45.1,1,0,0,0,0,1,1,1.02,1.017,1.062,0.993,75.0,87.5,99.9,0.0,47.2
default-grid_003333,default-grid,diurnal_normal_weekday,train,0,163.6,193.5,9.7,0.0,163.6,-20.200000000000017,0,38.9,250.0,500.0,11.4,24.1,0,0,0,0,1,0,1,1.02,1.013,1.037,0.984,92.4,90.5,88.5,0.0,67.6
default-grid_003334,default-grid,bess_injection_discharging,train,0,65.4,268.8,58.6,0.0,65.4,-144.8,0,75.8,250.0,500.0,9.7,49.5,0,0,1,0,0,1,1,1.02,1.005,1.028,0.978,101.2,81.3,61.5,0.0,82.3
default-grid_003335,default-grid,diurnal_normal_weekday,validation,0,165.9,161.7,-14.7,0.0,165.9,-10.499999999999972,0,42.4,250.0,500.0,11.5,22.1,0,0,0,0,1,0,1,1.02,1.013,1.026,0.987,86.4,86.5,86.5,0.0,61.4
default-grid_003336,default-grid,solar_overvoltage_severe,test,0,273.7,38.0,0.0,0.0,273.7,235.7,0,46.3,250.0,500.0,13.4,68.1,1,0,1,0,0,2,1,1.02,1.022,1.081,0.997,68.8,90.9,113.0,0.0,37.4
default-grid_003337,default-grid,solar_curtailment_active,train,0,246.3,79.8,-14.4,84.0,162.3,68.10000000000001,0,67.5,250.0,500.0,11.4,33.9,0,1,0,0,0,1,1,1.02,1.013,0.92,0.993,70.3,52.8,35.4,0.0,45.5
default-grid_003338,default-grid,bess_absorption_charging,train,0,185.4,91.5,-24.8,0.0,185.4,69.1,0,26.2,250.0,500.0,11.8,34.1,0,0,0,0,1,0,1,1.02,1.015,1.037,0.992,73.9,81.0,88.1,0.0,47.8
default-grid_003339,default-grid,evening_peak_demand,train,0,3.7,205.3,14.6,0.0,3.7,-187.0,0,41.5,250.0,500.0,8.6,58.1,0,0,0,0,1,0,1,1.02,1.0,0.991,0.983,85.1,69.5,54.0,0.0,69.9
default-grid_003340,default-grid,solar_overvoltage_moderate,train,0,203.1,54.7,-5.2,0.0,203.1,143.2,0,54.6,250.0,500.0,12.2,49.2,1,0,0,0,0,1,1,1.02,1.016,1.056,0.995,67.8,82.3,96.8,0.0,40.6
default-grid_003341,default-grid,diurnal_normal_weekend,train,0,203.7,126.8,-6.2,0.0,203.7,70.7,0,52.3,250.0,500.0,12.2,34.4,0,0,0,0,1,0,1,1.02,1.016,1.05,0.989,81.9,89.2,96.6,0.0,54.7
default-grid_003342,default-grid,solar_overvoltage_severe,train,0,252.3,40.8,0.0,0.0,252.3,211.5,0,58.6,250.0,500.0,13.0,63.1,1,0,1,0,0,2,1,1.02,1.02,1.075,0.997,68.1,88.3,108.5,0.0,37.9
default-grid_003343,default-grid,evening_peak_demand,test,0,0.6,298.0,3.3,0.0,0.6,-294.1,0,46.5,250.0,500.0,8.5,80.0,0,0,1,0,0,1,1,1.02,1.0,0.963,0.975,103.0,78.8,54.7,0.0,87.9
default-grid_003344,default-grid,diurnal_normal_weekend,train,0,213.6,69.7,0.4,0.0,213.6,144.3,0,50.9,250.0,500.0,12.3,49.4,1,0,1,0,0,2,1,1.02,1.017,1.064,0.994,71.4,85.8,100.2,0.0,43.6
default-grid_003345,default-grid,evening_peak_demand,train,0,3.3,292.1,13.3,0.0,3.3,-275.5,0,81.8,250.0,500.0,8.6,76.2,0,0,1,0,0,1,1,1.02,1.0,0.972,0.976,102.0,78.0,54.0,0.0,86.8
default-grid_003346,default-grid,solar_overvoltage_moderate,train,0,209.6,76.4,-5.5,0.0,209.6,127.69999999999999,0,43.9,250.0,500.0,12.3,46.0,1,0,0,0,0,1,1,1.02,1.017,1.058,0.994,72.4,85.2,98.1,0.0,44.9
default-grid_003347,default-grid,diurnal_normal_weekday,validation,0,91.8,189.1,-9.5,0.0,91.8,-106.8,0,43.6,250.0,500.0,10.2,41.8,0,0,0,0,1,0,1,1.02,1.007,1.002,0.984,87.3,79.7,72.1,0.0,66.8
default-grid_003348,default-grid,near_limit_tx_overload,test,1,9.6,313.7,0.0,0.0,9.6,-304.09999999999997,0,73.7,250.0,500.0,8.7,82.0,0,0,1,0,0,1,1,1.02,1.001,0.96,0.974,106.6,81.8,57.0,0.0,91.0
default-grid_003349,default-grid,extreme_stress_holdout,test,1,291.1,21.1,0.0,35.4,255.70000000000002,234.60000000000002,0,96.0,250.0,500.0,13.1,67.8,0,0,0,0,1,0,1,1.02,1.02,1.026,0.998,64.4,76.2,88.0,0.0,34.1
default-grid_003350,default-grid,solar_overvoltage_severe,train,0,263.0,30.2,0.0,0.0,263.0,232.8,0,46.3,250.0,500.0,13.2,67.5,1,0,1,0,0,2,1,1.02,1.021,1.078,0.997,66.7,88.8,110.8,0.0,35.9
default-grid_003351,default-grid,solar_overvoltage_moderate,train,0,205.3,75.3,-6.0,0.0,205.3,124.00000000000001,0,52.8,250.0,500.0,12.2,45.3,1,0,0,0,0,1,1,1.02,1.016,1.056,0.994,72.0,84.5,97.0,0.0,44.6
default-grid_003352,default-grid,diurnal_normal_weekday,train,0,220.7,141.0,-7.2,0.0,220.7,72.5,0,66.4,250.0,500.0,12.5,34.8,1,0,0,0,0,1,1,1.02,1.018,1.052,0.988,85.7,92.8,100.0,0.0,57.4
default-grid_003353,default-grid,bess_absorption_charging,train,0,156.2,132.2,-57.1,0.0,156.2,-33.099999999999994,0,40.9,250.0,500.0,11.3,26.8,0,0,0,0,1,0,1,1.02,1.012,0.998,0.989,80.1,76.9,73.8,0.0,55.7
default-grid_003354,default-grid,diurnal_normal_weekend,train,0,228.1,58.8,-21.8,0.0,228.1,147.5,0,50.6,250.0,500.0,12.6,50.1,1,0,0,0,0,1,1,1.02,1.018,1.052,0.995,70.1,84.0,97.9,0.0,41.4
default-grid_003355,default-grid,solar_overvoltage_moderate,validation,0,223.8,45.6,-9.4,0.0,223.8,168.8,0,30.8,250.0,500.0,12.5,54.4,1,0,1,0,0,2,1,1.02,1.018,1.059,0.996,67.3,83.7,100.1,0.0,38.9
default-grid_003356,default-grid,bess_injection_discharging,train,0,0.5,241.6,43.2,0.0,0.5,-197.89999999999998,0,58.2,250.0,500.0,8.5,60.4,0,0,0,0,1,0,1,1.02,1.0,1.003,0.98,92.0,70.8,49.7,0.0,77.0
default-grid_003357,default-grid,bess_injection_discharging,train,0,51.6,186.1,38.3,0.0,51.6,-96.19999999999999,0,63.6,250.0,500.0,9.4,39.6,0,0,0,0,1,0,1,1.02,1.004,1.026,0.984,84.3,72.8,61.2,0.0,66.2
default-grid_003358,default-grid,near_limit_overvoltage,test,1,179.7,60.5,-3.0,0.0,179.7,116.19999999999999,0,33.0,250.0,500.0,11.7,43.7,1,0,0,0,0,1,1,1.02,1.014,1.051,0.995,67.5,79.9,92.3,0.0,41.8
default-grid_003359,default-grid,bess_injection_discharging,train,0,17.3,256.6,46.6,0.0,17.3,-192.70000000000002,0,63.6,250.0,500.0,8.8,59.3,0,0,0,0,1,0,1,1.02,1.001,1.008,0.979,95.9,74.3,52.8,0.0,79.9
default-grid_003360,default-grid,near_limit_overvoltage,test,1,200.1,71.6,-3.4,0.0,200.1,125.1,0,48.0,250.0,500.0,12.1,45.5,1,0,0,0,0,1,1,1.02,1.016,1.057,0.994,70.9,83.8,96.6,0.0,43.9
default-grid_003361,default-grid,diurnal_normal_weekend,train,0,155.3,93.6,-17.6,0.0,155.3,44.10000000000002,0,48.4,250.0,500.0,11.3,29.0,0,0,0,0,1,0,1,1.02,1.012,1.033,0.992,72.5,78.0,83.5,0.0,48.2
default-grid_003362,default-grid,nighttime_low_load,train,0,0.0,24.3,0.0,0.0,0.0,-24.3,0,62.8,250.0,500.0,8.5,25.0,0,0,0,0,1,0,1,1.02,1.0,1.0,0.998,49.7,52.4,55.0,0.0,34.7
default-grid_003363,default-grid,diurnal_normal_weekday,train,0,99.4,188.1,-12.5,0.0,99.4,-101.19999999999999,0,34.0,250.0,500.0,10.3,40.6,0,0,0,0,1,0,1,1.02,1.008,1.003,0.984,87.5,80.2,72.9,0.0,66.6
default-grid_003364,default-grid,diurnal_normal_weekday,train,0,167.0,138.2,-13.3,0.0,167.0,15.5,0,67.3,250.0,500.0,11.5,23.2,0,0,0,0,1,0,1,1.02,1.013,1.032,0.988,81.9,84.5,87.1,0.0,56.9
default-grid_003365,default-grid,diurnal_normal_weekday,train,0,171.5,188.5,-5.2,0.0,171.5,-22.19999999999999,0,30.9,250.0,500.0,11.6,24.5,0,0,0,0,1,0,1,1.02,1.014,1.029,0.984,91.9,91.0,90.1,0.0,66.7
default-grid_003366,default-grid,bess_injection_discharging,train,0,56.4,268.0,52.9,0.0,56.4,-158.7,0,48.3,250.0,500.0,9.5,52.4,0,0,1,0,0,1,1,1.02,1.005,1.021,0.978,100.5,80.4,60.3,0.0,82.1
default-grid_003367,default-grid,bess_absorption_charging,test,0,173.8,99.6,-45.6,0.0,173.8,28.600000000000023,0,27.8,250.0,500.0,11.6,25.8,0,0,0,0,1,0,1,1.02,1.014,1.018,0.992,74.8,77.6,80.4,0.0,49.4
default-grid_003368,default-grid,solar_curtailment_active,train,0,264.3,47.2,-5.3,78.0,186.3,133.8,0,35.8,250.0,500.0,11.9,47.3,0,1,0,0,0,1,1,1.02,1.015,0.942,0.996,65.4,55.9,46.4,0.0,39.2
default-grid_003369,default-grid,diurnal_normal_weekend,validation,0,146.6,48.5,4.6,0.0,146.6,102.69999999999999,0,44.4,250.0,500.0,11.1,40.9,0,0,0,0,1,0,1,1.02,1.012,1.047,0.996,63.2,74.3,85.5,0.0,39.4
default-grid_003370,default-grid,diurnal_normal_weekday,train,0,202.8,130.3,-11.5,0.0,202.8,61.0,0,47.6,250.0,500.0,12.2,32.4,0,0,0,0,1,0,1,1.02,1.016,1.046,0.989,82.5,88.8,95.1,0.0,55.3
default-grid_003371,default-grid,diurnal_normal_weekday,train,0,215.7,201.3,-0.7,0.0,215.7,13.699999999999989,0,74.8,250.0,500.0,12.4,22.8,0,0,1,0,0,1,1,1.02,1.017,1.043,0.983,97.1,98.8,100.6,0.0,69.1
default-grid_003372,default-grid,reconfiguration_alternate,train,0,255.3,150.9,25.7,0.0,255.3,130.1,1,34.6,250.0,500.0,13.1,46.5,0,0,0,0,1,0,1,1.02,1.02,1.047,0.987,89.7,90.0,90.2,46.0,59.3
default-grid_003373,default-grid,bess_injection_discharging,test,0,67.4,206.4,46.2,0.0,67.4,-92.8,0,83.8,250.0,500.0,9.7,38.9,0,0,0,0,1,0,1,1.02,1.005,1.032,0.983,89.2,76.3,63.5,0.0,70.1
default-grid_003374,default-grid,diurnal_normal_weekday,test,0,198.0,126.8,-17.2,0.0,198.0,54.000000000000014,0,71.3,250.0,500.0,12.1,31.0,0,0,0,0,1,0,1,1.02,1.016,1.041,0.989,81.5,87.1,92.7,0.0,54.7
default-grid_003375,default-grid,solar_overvoltage_severe,test,0,252.3,34.1,0.0,0.0,252.3,218.20000000000002,0,39.9,250.0,500.0,13.0,64.5,1,0,1,0,0,2,1,1.02,1.02,1.075,0.997,66.8,87.7,108.5,0.0,36.6
default-grid_003376,default-grid,diurnal_normal_weekend,train,0,159.9,74.9,-7.3,0.0,159.9,77.69999999999999,0,54.8,250.0,500.0,11.4,35.8,0,0,0,0,1,0,1,1.02,1.013,1.042,0.994,69.2,78.2,87.1,0.0,44.6
default-grid_003377,default-grid,nighttime_low_load,train,0,0.0,40.8,0.0,0.0,0.0,-40.8,0,63.6,250.0,500.0,8.5,28.3,0,0,0,0,1,0,1,1.02,1.0,1.0,0.997,52.9,54.0,55.0,0.0,37.9
default-grid_003378,default-grid,evening_peak_demand,train,0,0.4,278.9,0.6,0.0,0.4,-277.9,0,58.6,250.0,500.0,8.5,76.7,0,0,0,0,1,0,1,1.02,1.0,0.965,0.977,99.3,77.2,55.0,0.0,84.2
default-grid_003379,default-grid,nighttime_low_load,train,0,0.0,36.3,0.0,0.0,0.0,-36.3,0,66.9,250.0,500.0,8.5,27.4,0,0,0,0,1,0,1,1.02,1.0,1.0,0.997,52.1,53.5,55.0,0.0,37.1
default-grid_003380,default-grid,diurnal_normal_weekend,train,0,120.6,83.0,-4.9,0.0,120.6,32.69999999999999,0,32.5,250.0,500.0,10.7,26.7,0,0,0,0,1,0,1,1.02,1.01,1.032,0.993,68.4,73.8,79.3,0.0,46.1
default-grid_003381,default-grid,solar_curtailment_active,train,0,246.9,87.4,-13.4,69.0,177.9,77.1,0,40.5,250.0,500.0,11.7,35.7,0,1,0,0,0,1,1,1.02,1.014,0.946,0.993,72.7,60.4,48.0,0.0,47.0
default-grid_003382,default-grid,solar_overvoltage_severe,validation,0,250.5,24.6,0.0,0.0,250.5,225.9,0,68.4,250.0,500.0,13.0,66.1,1,0,1,0,0,2,1,1.02,1.02,1.074,0.998,64.8,86.4,108.1,0.0,34.8
default-grid_003383,default-grid,solar_curtailment_active,train,0,285.3,58.9,-9.8,60.5,224.8,156.1,0,51.1,250.0,500.0,12.5,51.8,0,0,0,0,1,0,1,1.02,1.018,0.975,0.995,69.9,66.9,63.9,0.0,41.5
default-grid_003384,default-grid,evening_peak_demand,test,0,0.7,248.2,12.1,0.0,0.7,-235.39999999999998,0,72.1,250.0,500.0,8.5,68.0,0,0,0,0,1,0,1,1.02,1.0,0.979,0.979,93.3,73.5,53.6,0.0,78.3
default-grid_003385,default-grid,bess_absorption_charging,train,0,170.9,62.2,-26.9,0.0,170.9,81.8,0,34.3,250.0,500.0,11.6,36.7,0,0,0,0,1,0,1,1.02,1.014,1.031,0.995,67.3,75.9,84.5,0.0,42.1
default-grid_003386,default-grid,solar_overvoltage_moderate,train,0,232.0,38.3,-5.4,0.0,232.0,188.3,0,59.1,250.0,500.0,12.7,58.4,1,0,1,0,0,2,1,1.02,1.019,1.065,0.997,66.4,84.6,102.8,0.0,37.4
default-grid_003387,default-grid,diurnal_normal_weekday,train,0,202.5,173.6,6.6,0.0,202.5,35.5,0,56.1,250.0,500.0,12.1,27.2,0,0,0,0,1,0,1,1.02,1.016,1.05,0.986,90.9,94.0,97.1,0.0,63.8
default-grid_003388,default-grid,bess_injection_discharging,train,0,25.9,165.0,21.8,0.0,25.9,-117.3,0,50.6,250.0,500.0,9.0,43.9,0,0,0,0,1,0,1,1.02,1.002,1.01,0.986,78.6,68.2,57.8,0.0,62.1
default-grid_003389,default-grid,near_limit_overvoltage,validation,1,199.3,75.0,-1.6,0.0,199.3,122.70000000000002,0,56.0,250.0,500.0,12.1,45.0,1,0,0,0,0,1,1,1.02,1.016,1.058,0.994,71.5,84.2,96.9,0.0,44.6
default-grid_003390,default-grid,solar_overvoltage_severe,validation,0,287.3,25.2,0.0,0.0,287.3,262.1,0,71.4,250.0,500.0,13.7,73.5,1,0,1,0,0,2,1,1.02,1.023,1.085,0.998,67.1,91.5,115.9,0.0,34.9
default-grid_003391,default-grid,diurnal_normal_weekend,train,0,123.3,67.3,-2.5,0.0,123.3,53.5,0,54.6,250.0,500.0,10.7,30.9,0,0,0,0,1,0,1,1.02,1.01,1.035,0.994,65.5,73.0,80.5,0.0,43.1
default-grid_003392,default-grid,solar_curtailment_active,train,0,207.0,104.5,-19.4,104.4,102.6,-21.30000000000001,0,56.4,250.0,500.0,10.3,24.3,0,1,0,0,0,1,1,1.02,1.008,0.869,0.991,71.5,40.4,9.3,0.0,50.3
default-grid_003393,default-grid,bess_injection_discharging,test,0,63.8,216.7,56.8,0.0,63.8,-96.1,0,37.6,250.0,500.0,9.6,39.6,0,0,0,0,1,0,1,1.02,1.005,1.037,0.982,91.0,76.2,61.4,0.0,72.1
default-grid_003394,default-grid,near_limit_tx_overload,test,1,31.0,330.3,0.0,0.0,31.0,-299.3,0,49.4,250.0,500.0,9.1,81.0,0,0,1,0,0,1,1,1.02,1.002,0.963,0.972,111.1,86.3,61.6,0.0,94.2
default-grid_003395,default-grid,diurnal_normal_weekday,test,0,173.7,170.5,-1.2,0.0,173.7,2.0,0,65.9,250.0,500.0,11.6,20.4,0,0,0,0,1,0,1,1.02,1.014,1.036,0.986,88.6,90.0,91.5,0.0,63.2
default-grid_003396,default-grid,diurnal_normal_weekday,validation,0,91.2,173.5,7.2,0.0,91.2,-75.1,0,55.4,250.0,500.0,10.1,35.3,0,0,0,0,1,0,1,1.02,1.007,1.018,0.986,84.2,78.8,73.4,0.0,63.7
default-grid_003397,default-grid,diurnal_normal_weekday,train,0,92.3,178.7,10.7,0.0,92.3,-75.69999999999999,0,35.2,250.0,500.0,10.2,35.4,0,0,0,0,1,0,1,1.02,1.007,1.019,0.985,85.3,79.2,73.2,0.0,64.7
default-grid_003398,default-grid,diurnal_normal_weekday,validation,0,197.5,137.3,-14.1,0.0,197.5,46.099999999999994,0,47.0,250.0,500.0,12.1,29.4,0,0,0,0,1,0,1,1.02,1.016,1.041,0.989,83.5,88.4,93.3,0.0,56.7
default-grid_003399,default-grid,diurnal_normal_weekday,train,0,155.9,166.5,-3.6,0.0,155.9,-14.199999999999989,0,53.2,250.0,500.0,11.3,22.9,0,0,0,0,1,0,1,1.02,1.012,1.03,0.986,86.7,87.0,87.2,0.0,62.4
default-grid_003400,default-grid,diurnal_normal_weekday,train,0,182.2,144.5,-14.8,0.0,182.2,22.899999999999977,0,59.7,250.0,500.0,11.8,24.7,0,0,0,0,1,0,1,1.02,1.015,1.034,0.988,84.0,87.0,89.9,0.0,58.1
default-grid_003401,default-grid,extreme_stress_holdout,test,1,290.9,18.1,0.0,28.2,262.7,244.6,0,18.0,250.0,500.0,13.2,69.9,0,0,0,0,1,0,1,1.02,1.021,1.038,0.998,64.3,79.0,93.8,0.0,33.5
default-grid_003402,default-grid,bess_absorption_charging,train,0,163.7,104.8,-46.1,0.0,163.7,12.799999999999997,0,28.2,250.0,500.0,11.4,22.6,0,0,0,0,1,0,1,1.02,1.013,1.014,0.991,75.2,76.7,78.2,0.0,50.4
default-grid_003403,default-grid,diurnal_normal_weekday,validation,0,172.4,183.8,0.9,0.0,172.4,-10.5,0,69.5,250.0,500.0,11.6,22.1,0,0,0,0,1,0,1,1.02,1.014,1.035,0.985,91.1,91.2,91.4,0.0,65.7
default-grid_003404,default-grid,solar_overvoltage_severe,test,0,275.3,38.5,0.0,0.0,275.3,236.8,0,43.1,250.0,500.0,13.5,68.3,1,0,1,0,0,2,1,1.02,1.022,1.081,0.997,69.0,91.2,113.4,0.0,37.5
default-grid_003405,default-grid,near_limit_undervoltage,validation,1,7.3,278.1,-3.8,0.0,7.3,-274.6,0,61.5,250.0,500.0,8.6,76.0,0,0,0,0,1,0,1,1.02,1.001,0.964,0.977,99.5,77.5,55.6,0.0,84.1
default-grid_003406,default-grid,solar_overvoltage_moderate,train,0,212.3,38.8,-7.2,0.0,212.3,166.3,0,66.5,250.0,500.0,12.3,53.9,1,0,0,0,0,1,1,1.02,1.017,1.058,0.997,65.3,81.8,98.2,0.0,37.5
default-grid_003407,default-grid,diurnal_normal_weekday,train,0,156.4,179.6,-15.8,0.0,156.4,-39.0,0,52.1,250.0,500.0,11.3,28.0,0,0,0,0,1,0,1,1.02,1.013,1.019,0.985,89.3,86.8,84.2,0.0,64.9
default-grid_003408,default-grid,diurnal_normal_weekday,validation,0,198.4,188.0,9.5,0.0,198.4,19.900000000000006,0,54.0,250.0,500.0,12.1,24.1,0,0,0,0,1,0,1,1.02,1.016,1.048,0.984,93.5,94.7,95.9,0.0,66.6
default-grid_003409,default-grid,near_limit_feeder_overload,validation,1,218.3,35.2,0.0,0.0,218.3,183.10000000000002,0,67.5,250.0,500.0,12.4,57.3,1,0,1,0,0,2,1,1.02,1.017,1.065,0.997,64.9,83.1,101.3,0.0,36.8
default-grid_003410,default-grid,bess_absorption_charging,train,0,214.4,117.1,-30.3,0.0,214.4,67.0,0,58.3,250.0,500.0,12.4,33.7,0,0,0,0,1,0,1,1.02,1.017,1.038,0.99,80.6,86.8,92.9,0.0,52.8
default-grid_003411,default-grid,solar_overvoltage_moderate,train,0,214.6,32.8,-1.0,0.0,214.6,180.8,0,34.2,250.0,500.0,12.4,56.9,1,0,1,0,0,2,1,1.02,1.017,1.063,0.997,64.3,82.2,100.2,0.0,36.4
default-grid_003412,default-grid,bess_absorption_charging,train,0,197.8,88.7,-32.8,0.0,197.8,76.3,0,52.0,250.0,500.0,12.1,35.6,0,0,0,0,1,0,1,1.02,1.016,1.035,0.993,74.1,81.4,88.7,0.0,47.2
default-grid_003413,default-grid,bess_injection_discharging,train,0,69.2,200.2,29.4,0.0,69.2,-101.6,0,52.1,250.0,500.0,9.7,40.7,0,0,0,0,1,0,1,1.02,1.006,1.022,0.983,88.1,77.0,66.0,0.0,68.9
default-grid_003414,default-grid,diurnal_normal_weekend,train,0,227.1,39.9,-5.6,0.0,227.1,181.6,0,55.3,250.0,500.0,12.6,57.0,1,0,1,0,0,2,1,1.02,1.018,1.063,0.997,66.4,84.1,101.7,0.0,37.8
default-grid_003415,default-grid,solar_overvoltage_moderate,train,0,224.8,44.3,-9.7,0.0,224.8,170.8,0,60.6,250.0,500.0,12.5,54.8,1,0,1,0,0,2,1,1.02,1.018,1.06,0.996,67.1,83.7,100.2,0.0,38.6
default-grid_003416,default-grid,diurnal_normal_weekday,validation,0,228.3,152.1,9.4,0.0,228.3,85.60000000000002,0,53.3,250.0,500.0,12.6,37.5,1,0,1,0,0,2,1,1.02,1.018,1.064,0.987,88.3,95.2,102.2,0.0,59.6
default-grid_003417,default-grid,diurnal_normal_weekday,validation,0,155.1,178.4,8.6,0.0,155.1,-14.700000000000017,0,51.7,250.0,500.0,11.3,23.0,0,0,0,0,1,0,1,1.02,1.012,1.036,0.985,89.0,87.9,86.8,0.0,64.7
default-grid_003418,default-grid,solar_curtailment_active,train,0,257.9,90.3,-21.0,100.2,157.7,46.39999999999999,0,73.8,250.0,500.0,11.3,29.5,0,1,0,0,0,1,1,1.02,1.013,0.891,0.992,72.0,47.5,23.1,0.0,47.6
default-grid_003419,default-grid,solar_curtailment_active,test,0,242.2,49.6,-14.5,70.9,171.29999999999998,107.19999999999999,0,64.0,250.0,500.0,11.6,41.9,0,1,0,0,0,1,1,1.02,1.014,0.941,0.996,64.9,55.1,45.2,0.0,39.6
default-grid_003420,default-grid,evening_peak_demand,train,0,4.7,268.7,5.5,0.0,4.7,-258.5,0,62.5,250.0,500.0,8.6,72.7,0,0,0,0,1,0,1,1.02,1.0,0.972,0.978,97.5,76.4,55.3,0.0,82.2
default-grid_003421,default-grid,diurnal_normal_weekend,train,0,138.3,85.3,-7.0,0.0,138.3,46.000000000000014,0,42.1,250.0,500.0,11.0,29.4,0,0,0,0,1,0,1,1.02,1.011,1.036,0.993,69.9,76.2,82.6,0.0,46.6
default-grid_003422,default-grid,diurnal_normal_weekday,test,0,223.8,125.1,-15.8,0.0,223.8,82.9,0,64.8,250.0,500.0,12.5,36.9,0,0,0,0,1,0,1,1.02,1.018,1.05,0.99,82.8,90.7,98.5,0.0,54.3
default-grid_003423,default-grid,diurnal_normal_weekday,train,0,157.1,200.7,-10.4,0.0,157.1,-54.0,0,67.3,250.0,500.0,11.3,31.0,0,0,0,0,1,0,1,1.02,1.013,1.019,0.983,93.5,89.6,85.7,0.0,69.0
default-grid_003424,default-grid,diurnal_normal_weekday,train,0,187.1,125.3,-0.1,0.0,187.1,61.7,0,67.8,250.0,500.0,11.9,32.6,0,0,0,0,1,0,1,1.02,1.015,1.05,0.99,80.6,87.6,94.6,0.0,54.4
default-grid_003425,default-grid,diurnal_normal_weekday,train,0,203.0,157.6,-11.0,0.0,203.0,34.400000000000006,0,58.2,250.0,500.0,12.2,27.0,0,0,0,0,1,0,1,1.02,1.016,1.041,0.987,87.8,91.5,95.3,0.0,60.6
default-grid_003426,default-grid,solar_overvoltage_moderate,validation,0,227.2,68.8,-10.4,0.0,227.2,148.0,0,43.4,250.0,500.0,12.6,50.2,1,0,1,0,0,2,1,1.02,1.018,1.06,0.994,72.0,86.3,100.6,0.0,43.4
default-grid_003427,default-grid,bess_absorption_charging,train,0,178.3,36.1,-58.8,0.0,178.3,83.4,0,41.0,250.0,500.0,11.7,37.0,0,0,0,0,1,0,1,1.02,1.014,1.01,0.997,62.7,70.4,78.1,0.0,37.0
default-grid_003428,default-grid,diurnal_normal_weekday,validation,0,194.7,176.0,1.9,0.0,194.7,20.599999999999994,0,70.5,250.0,500.0,12.0,24.2,0,0,0,0,1,0,1,1.02,1.016,1.044,0.985,90.9,93.5,96.0,0.0,64.2
default-grid_003429,default-grid,solar_overvoltage_severe,train,0,243.7,34.1,0.0,0.0,243.7,209.6,0,43.8,250.0,500.0,12.9,62.8,1,0,1,0,0,2,1,1.02,1.019,1.072,0.997,66.3,86.5,106.7,0.0,36.6
default-grid_003430,default-grid,diurnal_normal_weekday,validation,0,100.8,134.6,-12.9,0.0,100.8,-46.7,0,65.4,250.0,500.0,10.3,29.5,0,0,0,0,1,0,1,1.02,1.008,1.014,0.989,77.2,75.2,73.1,0.0,56.2
default-grid_003431,default-grid,diurnal_normal_weekday,train,0,197.8,170.6,1.2,0.0,197.8,28.400000000000006,0,74.1,250.0,500.0,12.1,25.8,0,0,0,0,1,0,1,1.02,1.016,1.045,0.986,90.0,93.4,96.8,0.0,63.2
default-grid_003432,default-grid,solar_overvoltage_moderate,train,0,199.2,66.5,-10.7,0.0,199.2,122.0,0,40.4,250.0,500.0,12.1,44.9,1,0,0,0,0,1,1,1.02,1.016,1.051,0.994,69.9,82.2,94.6,0.0,42.9
default-grid_003433,default-grid,evening_peak_demand,validation,0,0.1,278.6,20.4,0.0,0.1,-258.1,0,63.6,250.0,500.0,8.5,72.6,0,0,0,0,1,0,1,1.02,1.0,0.979,0.977,99.2,75.8,52.5,0.0,84.2
default-grid_003434,default-grid,solar_overvoltage_moderate,train,0,209.8,81.9,-8.0,0.0,209.8,119.9,0,47.0,250.0,500.0,12.3,44.5,1,0,0,0,0,1,1,1.02,1.017,1.056,0.993,73.5,85.5,97.5,0.0,45.9
default-grid_003435,default-grid,reconfiguration_alternate,validation,0,169.9,207.0,-18.6,0.0,169.9,-55.69999999999999,1,58.9,250.0,500.0,11.6,31.4,0,0,0,0,1,0,1,1.02,1.014,0.991,0.983,95.4,84.5,73.6,46.0,70.2
default-grid_003436,default-grid,evening_peak_demand,train,0,4.0,213.7,11.3,0.0,4.0,-198.39999999999998,0,78.5,250.0,500.0,8.6,60.5,0,0,0,0,1,0,1,1.02,1.0,0.987,0.982,86.8,70.6,54.4,0.0,71.6
default-grid_003437,default-grid,reconfiguration_alternate,train,0,151.8,90.0,11.8,0.0,151.8,73.60000000000002,1,44.1,250.0,500.0,11.2,35.0,0,0,0,0,1,0,1,1.02,1.012,1.032,0.993,71.6,72.3,73.0,46.0,47.5
default-grid_003438,default-grid,diurnal_normal_weekday,validation,0,101.9,162.2,-13.8,0.0,101.9,-74.09999999999998,0,32.0,250.0,500.0,10.3,35.1,0,0,0,0,1,0,1,1.02,1.008,1.008,0.986,82.7,78.0,73.2,0.0,61.5
default-grid_003439,default-grid,solar_curtailment_active,train,0,222.5,42.5,-6.7,30.9,191.6,142.4,0,72.8,250.0,500.0,11.9,49.0,0,0,0,0,1,0,1,1.02,1.015,1.009,0.996,64.8,70.1,75.4,0.0,38.3
default-grid_003440,default-grid,near_limit_undervoltage,test,1,10.9,282.7,-0.7,0.0,10.9,-272.5,0,66.2,250.0,500.0,8.7,75.6,0,0,1,0,0,1,1,1.02,1.001,0.966,0.976,100.6,78.8,57.1,0.0,85.0
default-grid_003441,default-grid,solar_overvoltage_severe,validation,0,292.8,36.9,0.0,0.0,292.8,255.9,0,40.7,250.0,500.0,13.8,72.2,1,0,1,0,0,2,1,1.02,1.023,1.087,0.997,69.7,93.4,117.1,0.0,37.2
default-grid_003442,default-grid,diurnal_normal_weekday,test,0,215.4,133.7,12.0,0.0,215.4,93.70000000000002,0,33.3,250.0,500.0,12.4,39.1,1,0,0,0,0,1,1,1.02,1.017,1.066,0.989,83.9,91.6,99.2,0.0,56.0
default-grid_003443,default-grid,diurnal_normal_weekday,train,0,190.0,188.8,8.8,0.0,190.0,10.0,0,41.7,250.0,500.0,11.9,22.0,0,0,0,0,1,0,1,1.02,1.015,1.045,0.984,93.1,93.7,94.2,0.0,66.7
default-grid_003444,default-grid,diurnal_normal_weekend,train,0,163.3,128.4,4.0,0.0,163.3,38.900000000000006,0,53.5,250.0,500.0,11.4,27.9,0,0,0,0,1,0,1,1.02,1.013,1.046,0.989,79.8,84.4,89.1,0.0,55.0
default-grid_003445,default-grid,reconfiguration_alternate,train,0,237.6,118.0,2.9,0.0,237.6,122.5,1,56.6,250.0,500.0,12.8,45.0,0,0,0,0,1,0,1,1.02,1.019,1.035,0.99,82.2,85.8,89.4,46.0,52.9
default-grid_003446,default-grid,bess_absorption_charging,test,0,198.0,70.5,-49.9,0.0,198.0,77.6,0,34.6,250.0,500.0,12.1,35.8,0,0,0,0,1,0,1,1.02,1.016,1.022,0.994,70.6,77.5,84.5,0.0,43.7
default-grid_003447,default-grid,evening_peak_demand,train,0,4.1,214.5,13.6,0.0,4.1,-196.8,0,53.8,250.0,500.0,8.6,60.1,0,0,0,0,1,0,1,1.02,1.0,0.988,0.982,87.0,70.6,54.2,0.0,71.7
default-grid_003448,default-grid,bess_absorption_charging,train,0,179.2,86.1,-55.4,0.0,179.2,37.69999999999999,0,65.9,250.0,500.0,11.7,27.7,0,0,0,0,1,0,1,1.02,1.014,1.013,0.993,72.5,75.8,79.1,0.0,46.7
default-grid_003449,default-grid,diurnal_normal_weekday,train,0,178.7,124.7,-10.5,0.0,178.7,43.499999999999986,0,31.7,250.0,500.0,11.7,28.9,0,0,0,0,1,0,1,1.02,1.014,1.04,0.99,80.0,85.2,90.3,0.0,54.2
default-grid_003450,default-grid,bess_absorption_charging,train,0,160.9,122.4,-51.6,0.0,160.9,-13.099999999999994,0,40.2,250.0,500.0,11.4,22.7,0,0,0,0,1,0,1,1.02,1.013,1.006,0.99,78.5,77.3,76.2,0.0,53.8
default-grid_003451,default-grid,diurnal_normal_weekday,train,0,197.5,150.7,-13.5,0.0,197.5,33.30000000000001,0,31.0,250.0,500.0,12.1,26.8,0,0,0,0,1,0,1,1.02,1.016,1.039,0.987,86.2,89.8,93.5,0.0,59.3
default-grid_003452,default-grid,near_limit_tx_overload,test,1,47.1,279.7,0.0,0.0,47.1,-232.6,0,32.7,250.0,500.0,9.3,67.4,0,0,1,0,0,1,1,1.02,1.004,0.978,0.977,102.2,83.6,65.0,0.0,84.4
default-grid_003453,default-grid,diurnal_normal_weekday,train,0,93.1,198.0,0.3,0.0,93.1,-104.60000000000001,0,67.2,250.0,500.0,10.2,41.3,0,0,0,0,1,0,1,1.02,1.007,1.008,0.984,89.1,81.9,74.7,0.0,68.5
default-grid_003454,default-grid,evening_peak_demand,train,0,1.7,269.7,18.2,0.0,1.7,-249.79999999999998,0,55.7,250.0,500.0,8.5,70.9,0,0,0,0,1,0,1,1.02,1.0,0.98,0.978,97.5,75.3,53.1,0.0,82.4
default-grid_003455,default-grid,solar_overvoltage_moderate,test,0,226.8,88.5,-2.1,0.0,226.8,136.20000000000002,0,65.4,250.0,500.0,12.6,47.8,1,0,1,0,0,2,1,1.02,1.018,1.066,0.993,75.8,89.2,102.6,0.0,47.2
default-grid_003456,default-grid,evening_peak_demand,validation,0,1.0,211.7,7.2,0.0,1.0,-203.5,0,56.3,250.0,500.0,8.5,61.5,0,0,0,0,1,0,1,1.02,1.0,0.983,0.982,86.2,70.2,54.3,0.0,71.2
default-grid_003457,default-grid,solar_overvoltage_moderate,train,0,217.0,42.6,-9.0,0.0,217.0,165.4,0,71.3,250.0,500.0,12.4,53.7,1,0,0,0,0,1,1,1.02,1.017,1.058,0.996,66.3,82.5,98.8,0.0,38.3
default-grid_003458,default-grid,near_limit_overvoltage,test,1,175.7,67.2,-8.8,0.0,175.7,99.69999999999997,0,72.3,250.0,500.0,11.7,40.3,0,0,0,0,1,0,1,1.02,1.014,1.046,0.994,68.6,79.3,90.0,0.0,43.1
default-grid_003459,default-grid,solar_overvoltage_severe,train,0,299.5,37.0,0.0,0.0,299.5,262.5,0,45.1,250.0,500.0,13.9,73.5,1,0,1,0,0,2,1,1.02,1.024,1.089,0.997,70.2,94.3,118.5,0.0,37.2
default-grid_003460,default-grid,bess_injection_discharging,test,0,32.0,182.6,29.5,0.0,32.0,-121.1,0,43.5,250.0,500.0,9.1,44.7,0,0,0,0,1,0,1,1.02,1.003,1.014,0.985,82.4,70.2,58.1,0.0,65.5
default-grid_003461,default-grid,diurnal_normal_weekend,train,0,126.2,41.2,-3.9,0.0,126.2,81.1,0,66.6,250.0,500.0,10.8,36.5,0,0,0,0,1,0,1,1.02,1.01,1.035,0.997,60.6,70.7,80.8,0.0,38.0
default-grid_003462,default-grid,solar_curtailment_active,validation,0,241.4,50.5,-10.3,71.6,169.8,109.0,0,41.1,250.0,500.0,11.6,42.2,0,1,0,0,0,1,1,1.02,1.014,0.943,0.996,65.0,55.2,45.5,0.0,39.8
default-grid_003463,default-grid,solar_overvoltage_moderate,train,0,233.6,41.1,-2.0,0.0,233.6,190.5,0,33.1,250.0,500.0,12.7,58.9,1,0,1,0,0,2,1,1.02,1.019,1.068,0.997,67.0,85.5,104.0,0.0,38.0
default-grid_003464,default-grid,diurnal_normal_weekday,train,0,110.1,152.3,-0.3,0.0,110.1,-42.500000000000014,0,71.3,250.0,500.0,10.5,28.7,0,0,0,0,1,0,1,1.02,1.009,1.022,0.987,81.2,79.8,78.3,0.0,59.6
default-grid_003465,default-grid,nighttime_low_load,train,0,0.0,38.8,0.0,0.0,0.0,-38.8,0,45.4,250.0,500.0,8.5,27.9,0,0,0,0,1,0,1,1.02,1.0,1.0,0.997,52.5,53.8,55.0,0.0,37.5
default-grid_003466,default-grid,diurnal_normal_weekend,validation,0,129.3,56.9,-3.6,0.0,129.3,68.80000000000001,0,40.6,250.0,500.0,10.8,34.0,0,0,0,0,1,0,1,1.02,1.01,1.036,0.995,63.8,72.7,81.5,0.0,41.1
default-grid_003467,default-grid,solar_overvoltage_moderate,train,0,191.9,57.6,-1.1,0.0,191.9,133.20000000000002,0,70.1,250.0,500.0,12.0,47.2,1,0,0,0,0,1,1,1.02,1.015,1.056,0.995,67.7,81.6,95.4,0.0,41.2
default-grid_003468,default-grid,solar_overvoltage_moderate,train,0,229.1,82.8,-9.9,0.0,229.1,136.39999999999998,0,64.9,250.0,500.0,12.6,47.8,1,0,1,0,0,2,1,1.02,1.018,1.061,0.993,74.8,87.9,101.1,0.0,46.1
default-grid_003469,default-grid,solar_curtailment_active,train,0,215.6,87.8,-2.6,85.8,129.8,39.40000000000002,0,32.0,250.0,500.0,10.8,28.0,0,1,0,0,0,1,1,1.02,1.01,0.916,0.993,69.9,50.2,30.4,0.0,47.1
default-grid_003470,default-grid,evening_peak_demand,train,0,2.8,283.3,6.8,0.0,2.8,-273.7,0,43.7,250.0,500.0,8.6,75.8,0,0,1,0,0,1,1,1.02,1.0,0.969,0.976,100.3,77.5,54.7,0.0,85.1
default-grid_003471,default-grid,solar_curtailment_active,train,0,223.2,72.2,-22.8,47.9,175.29999999999998,80.29999999999997,0,67.1,250.0,500.0,11.7,36.4,0,0,0,0,1,0,1,1.02,1.014,0.968,0.994,69.6,63.6,57.7,0.0,44.0
default-grid_003472,default-grid,solar_overvoltage_moderate,train,0,203.2,63.8,-4.1,0.0,203.2,135.3,0,57.1,250.0,500.0,12.2,47.6,1,0,0,0,0,1,1,1.02,1.016,1.057,0.995,69.6,83.3,97.1,0.0,42.4
default-grid_003473,default-grid,solar_overvoltage_moderate,test,0,190.1,65.5,-11.0,0.0,190.1,113.6,0,30.3,250.0,500.0,11.9,43.2,0,0,0,0,1,0,1,1.02,1.015,1.048,0.995,69.1,80.8,92.6,0.0,42.7
default-grid_003474,default-grid,bess_injection_discharging,train,0,0.8,173.8,59.5,0.0,0.8,-113.50000000000001,0,60.1,250.0,500.0,8.5,43.1,0,0,0,0,1,0,1,1.02,1.0,1.029,0.986,78.8,63.2,47.7,0.0,63.8
default-grid_003475,default-grid,reconfiguration_alternate,train,0,222.1,175.1,14.1,0.0,222.1,61.099999999999994,1,54.7,250.0,500.0,12.5,32.5,0,0,0,0,1,0,1,1.02,1.018,1.029,0.985,92.4,89.0,85.5,46.0,64.0
default-grid_003476,default-grid,solar_curtailment_active,train,0,200.4,58.0,-22.5,32.2,168.2,87.69999999999999,0,41.7,250.0,500.0,11.5,37.9,0,0,0,0,1,0,1,1.02,1.013,0.988,0.995,66.4,66.1,65.7,0.0,41.3
default-grid_003477,default-grid,near_limit_undervoltage,validation,1,20.8,264.7,3.1,0.0,20.8,-240.79999999999998,0,42.3,250.0,500.0,8.9,69.1,0,0,0,0,1,0,1,1.02,1.002,0.975,0.978,97.7,78.3,59.0,0.0,81.5
default-grid_003478,default-grid,solar_overvoltage_severe,train,0,259.5,35.2,0.0,0.0,259.5,224.3,0,37.3,250.0,500.0,13.2,65.7,1,0,1,0,0,2,1,1.02,1.021,1.077,0.997,67.4,88.7,110.0,0.0,36.8
default-grid_003479,default-grid,diurnal_normal_weekday,test,0,212.4,180.4,-17.1,0.0,212.4,14.900000000000006,0,60.4,250.0,500.0,12.3,23.0,0,0,0,0,1,0,1,1.02,1.017,1.034,0.985,92.8,94.3,95.8,0.0,65.1
default-grid_003480,default-grid,solar_curtailment_active,test,0,227.0,100.7,-14.5,58.5,168.5,53.3,0,51.8,250.0,500.0,11.5,30.9,0,0,0,0,1,0,1,1.02,1.013,0.957,0.992,74.7,63.4,52.0,0.0,49.6
default-grid_003481,default-grid,evening_peak_demand,train,0,4.0,239.0,12.6,0.0,4.0,-222.4,0,68.2,250.0,500.0,8.6,65.4,0,0,0,0,1,0,1,1.02,1.0,0.983,0.98,91.7,73.0,54.3,0.0,76.5
default-grid_003482,default-grid,extreme_stress_holdout,test,1,324.6,19.6,0.0,1.6,323.0,303.4,0,96.0,250.0,500.0,14.3,81.9,1,0,1,0,0,2,1,1.02,1.026,1.093,0.998,68.2,95.3,122.5,0.0,33.8
default-grid_003483,default-grid,near_limit_tx_overload,validation,1,0.9,281.2,0.0,0.0,0.9,-280.3,0,47.7,250.0,500.0,8.5,77.2,0,0,0,0,1,0,1,1.02,1.0,0.964,0.977,99.7,77.5,55.2,0.0,84.7
default-grid_003484,default-grid,diurnal_normal_weekday,validation,0,107.5,198.8,11.7,0.0,107.5,-79.60000000000001,0,55.0,250.0,500.0,10.4,36.2,0,0,0,0,1,0,1,1.02,1.009,1.021,0.983,90.1,83.2,76.3,0.0,68.7
default-grid_003485,default-grid,solar_overvoltage_moderate,train,0,195.3,81.3,-3.9,0.0,195.3,110.10000000000001,0,52.6,250.0,500.0,12.0,42.5,1,0,0,0,0,1,1,1.02,1.016,1.055,0.993,72.5,84.0,95.4,0.0,45.8
default-grid_003486,default-grid,diurnal_normal_weekday,validation,0,179.9,127.5,0.8,0.0,179.9,53.20000000000002,0,69.3,250.0,500.0,11.7,30.9,0,0,0,0,1,0,1,1.02,1.014,1.048,0.989,80.6,86.8,93.0,0.0,54.8
default-grid_003487,default-grid,diurnal_normal_weekday,validation,0,177.3,185.7,-8.4,0.0,177.3,-16.799999999999983,0,65.5,250.0,500.0,11.7,23.4,0,0,0,0,1,0,1,1.02,1.014,1.029,0.985,91.7,91.1,90.5,0.0,66.1
default-grid_003488,default-grid,evening_peak_demand,train,0,1.4,218.6,19.4,0.0,1.4,-197.8,0,41.5,250.0,500.0,8.5,60.3,0,0,0,0,1,0,1,1.02,1.0,0.991,0.982,87.6,70.2,52.9,0.0,72.5
default-grid_003489,default-grid,solar_overvoltage_severe,train,0,267.7,39.5,0.0,0.0,267.7,228.2,0,61.0,250.0,500.0,13.3,66.5,1,0,1,0,0,2,1,1.02,1.021,1.079,0.997,68.7,90.2,111.8,0.0,37.7
default-grid_003490,default-grid,diurnal_normal_weekday,test,0,107.9,150.9,-14.5,0.0,107.9,-57.5,0,42.1,250.0,500.0,10.4,31.7,0,0,0,0,1,0,1,1.02,1.009,1.011,0.987,80.8,77.5,74.2,0.0,59.3
default-grid_003491,default-grid,diurnal_normal_weekday,train,0,195.0,200.1,-3.0,0.0,195.0,-8.099999999999994,0,69.4,250.0,500.0,12.0,21.7,0,0,0,0,1,0,1,1.02,1.016,1.036,0.983,95.6,95.6,95.6,0.0,68.9
default-grid_003492,default-grid,diurnal_normal_weekday,test,0,195.5,125.0,-13.6,0.0,195.5,56.900000000000006,0,42.7,250.0,500.0,12.0,31.6,0,0,0,0,1,0,1,1.02,1.016,1.043,0.99,81.0,87.0,93.0,0.0,54.3
default-grid_003493,default-grid,extreme_stress_holdout,test,1,320.2,24.4,0.0,15.2,305.0,280.6,0,96.0,250.0,500.0,14.0,77.2,1,0,1,0,0,2,1,1.02,1.024,1.069,0.998,68.0,89.2,110.5,0.0,34.7
default-grid_003494,default-grid,near_limit_undervoltage,test,1,8.1,250.5,0.4,0.0,8.1,-242.0,0,41.9,250.0,500.0,8.6,69.4,0,0,0,0,1,0,1,1.02,1.001,0.973,0.979,94.2,75.5,56.7,0.0,78.7
default-grid_003495,default-grid,diurnal_normal_weekend,train,0,121.1,133.4,-8.7,0.0,121.1,-21.000000000000014,0,46.6,250.0,500.0,10.7,24.3,0,0,0,0,1,0,1,1.02,1.01,1.023,0.989,78.2,78.3,78.5,0.0,55.9
default-grid_003496,default-grid,diurnal_normal_weekday,train,0,194.2,134.1,11.2,0.0,194.2,71.29999999999998,0,65.2,250.0,500.0,12.0,34.5,1,0,0,0,0,1,1,1.02,1.016,1.059,0.989,82.7,88.8,94.8,0.0,56.1
default-grid_003497,default-grid,diurnal_normal_weekend,validation,0,189.0,53.2,-1.5,0.0,189.0,134.3,0,30.2,250.0,500.0,11.9,47.4,1,0,0,0,0,1,1,1.02,1.015,1.055,0.996,66.7,80.7,94.7,0.0,40.3
default-grid_003498,default-grid,evening_peak_demand,train,0,4.1,257.3,11.9,0.0,4.1,-241.3,0,45.1,250.0,500.0,8.6,69.2,0,0,0,0,1,0,1,1.02,1.0,0.978,0.979,95.3,74.8,54.4,0.0,80.0
default-grid_003499,default-grid,solar_overvoltage_moderate,validation,0,237.1,55.6,-6.6,0.0,237.1,174.9,0,68.0,250.0,500.0,12.8,55.7,1,0,1,0,0,2,1,1.02,1.019,1.065,0.995,70.0,86.8,103.6,0.0,40.8
default-grid_003500,default-grid,diurnal_normal_weekend,train,0,129.7,72.2,-6.7,0.0,129.7,50.79999999999998,0,60.5,250.0,500.0,10.8,30.4,0,0,0,0,1,0,1,1.02,1.01,1.034,0.994,66.8,73.8,80.8,0.0,44.0
default-grid_003501,default-grid,diurnal_normal_weekday,train,0,222.5,194.8,6.6,0.0,222.5,34.29999999999998,0,66.4,250.0,500.0,12.5,27.0,1,0,1,0,0,2,1,1.02,1.018,1.052,0.984,96.2,98.8,101.3,0.0,67.9
default-grid_003502,default-grid,diurnal_normal_weekday,train,0,188.9,196.9,-8.7,0.0,188.9,-16.69999999999999,0,53.5,250.0,500.0,11.9,23.4,0,0,0,0,1,0,1,1.02,1.015,1.03,0.984,94.6,93.8,92.9,0.0,68.3
default-grid_003503,default-grid,reconfiguration_alternate,train,0,228.0,176.9,18.7,0.0,228.0,69.79999999999998,1,63.9,250.0,500.0,12.6,34.2,0,0,0,0,1,0,1,1.02,1.018,1.033,0.985,93.1,89.5,86.0,46.0,64.4
default-grid_003504,default-grid,solar_overvoltage_moderate,train,0,217.9,54.7,-9.6,0.0,217.9,153.60000000000002,0,56.1,250.0,500.0,12.4,51.3,1,0,0,0,0,1,1,1.02,1.017,1.058,0.995,68.7,83.8,98.8,0.0,40.6
default-grid_003505,default-grid,near_limit_feeder_overload,validation,1,208.2,44.4,0.0,0.0,208.2,163.79999999999998,0,42.2,250.0,500.0,12.2,53.4,1,0,0,0,0,1,1,1.02,1.017,1.062,0.996,66.1,82.6,99.1,0.0,38.6
default-grid_003506,default-grid,diurnal_normal_weekend,validation,0,174.9,37.3,-22.8,0.0,174.9,114.8,0,36.1,250.0,500.0,11.6,43.4,0,0,0,0,1,0,1,1.02,1.014,1.035,0.997,62.7,74.6,86.4,0.0,37.3
default-grid_003507,default-grid,near_limit_overvoltage,validation,1,166.8,71.0,-0.6,0.0,166.8,95.20000000000002,0,68.9,250.0,500.0,11.5,39.4,0,0,0,0,1,0,1,1.02,1.013,1.049,0.994,68.8,79.5,90.2,0.0,43.8
default-grid_003508,default-grid,bess_injection_discharging,test,0,19.9,174.8,35.3,0.0,19.9,-119.60000000000002,0,62.2,250.0,500.0,8.9,44.4,0,0,0,0,1,0,1,1.02,1.002,1.017,0.985,80.2,67.5,54.8,0.0,64.0
default-grid_003509,default-grid,diurnal_normal_weekday,train,0,169.4,155.8,-3.2,0.0,169.4,10.400000000000006,0,53.6,250.0,500.0,11.5,22.1,0,0,0,0,1,0,1,1.02,1.014,1.037,0.987,85.5,87.8,90.1,0.0,60.3
default-grid_003510,default-grid,diurnal_normal_weekday,test,0,195.3,136.1,1.4,0.0,195.3,60.60000000000002,0,67.6,250.0,500.0,12.0,32.4,1,0,0,0,0,1,1,1.02,1.016,1.052,0.989,83.2,89.7,96.2,0.0,56.5
default-grid_003511,default-grid,diurnal_normal_weekday,train,0,225.9,187.4,-1.8,0.0,225.9,36.69999999999999,0,31.0,250.0,500.0,12.6,27.5,0,0,1,0,0,1,1,1.02,1.018,1.048,0.984,95.0,98.7,102.4,0.0,66.4
default-grid_003512,default-grid,solar_curtailment_active,validation,0,207.8,96.4,-9.0,87.5,120.30000000000001,14.900000000000006,0,36.3,250.0,500.0,10.7,23.0,0,1,0,0,0,1,1,1.02,1.01,0.907,0.992,71.0,48.4,25.8,0.0,48.7
default-grid_003513,default-grid,diurnal_normal_weekday,test,0,224.4,163.1,-14.3,0.0,224.4,47.0,0,66.6,250.0,500.0,12.5,29.6,0,0,0,0,1,0,1,1.02,1.018,1.043,0.986,90.2,94.6,99.0,0.0,61.7
default-grid_003514,default-grid,solar_overvoltage_moderate,train,0,188.1,66.2,-4.7,0.0,188.1,117.2,0,35.4,250.0,500.0,11.9,43.9,1,0,0,0,0,1,1,1.02,1.015,1.052,0.994,69.2,81.5,93.7,0.0,42.9
default-grid_003515,default-grid,diurnal_normal_weekday,train,0,163.4,191.1,11.5,0.0,163.4,-16.19999999999999,0,49.6,250.0,500.0,11.4,23.3,0,0,0,0,1,0,1,1.02,1.013,1.038,0.984,92.0,90.1,88.2,0.0,67.2
default-grid_003516,default-grid,bess_absorption_charging,train,0,240.8,82.4,-36.6,0.0,240.8,121.80000000000001,0,52.0,250.0,500.0,12.8,44.8,0,0,0,0,1,0,1,1.02,1.019,1.045,0.993,75.5,86.2,96.9,0.0,46.0
default-grid_003517,default-grid,bess_injection_discharging,train,0,42.2,265.4,54.6,0.0,42.2,-168.59999999999997,0,69.4,250.0,500.0,9.3,54.4,0,0,0,0,1,0,1,1.02,1.003,1.019,0.978,99.1,78.1,57.1,0.0,81.6
default-grid_003518,default-grid,diurnal_normal_weekend,test,0,213.4,137.9,-22.1,0.0,213.4,53.400000000000006,0,67.0,250.0,500.0,12.3,30.9,0,0,0,0,1,0,1,1.02,1.017,1.04,0.989,84.6,89.7,94.7,0.0,56.8
default-grid_003519,default-grid,near_limit_feeder_overload,validation,1,227.4,39.4,0.0,0.0,227.4,188.0,0,69.7,250.0,500.0,12.6,58.3,1,0,1,0,0,2,1,1.02,1.018,1.067,0.997,66.3,84.8,103.2,0.0,37.7
default-grid_003520,default-grid,diurnal_normal_weekday,train,0,189.4,125.9,-14.6,0.0,189.4,48.900000000000006,0,31.9,250.0,500.0,11.9,30.0,0,0,0,0,1,0,1,1.02,1.015,1.04,0.99,80.8,86.2,91.5,0.0,54.5
default-grid_003521,default-grid,near_limit_undervoltage,validation,1,24.3,281.2,2.7,0.0,24.3,-254.2,0,65.0,250.0,500.0,8.9,71.8,0,0,1,0,0,1,1,1.02,1.002,0.973,0.977,101.1,80.4,59.8,0.0,84.7
default-grid_003522,default-grid,evening_peak_demand,validation,0,3.9,247.3,3.7,0.0,3.9,-239.70000000000002,0,73.3,250.0,500.0,8.6,68.9,0,0,0,0,1,0,1,1.02,1.0,0.974,0.979,93.3,74.3,55.4,0.0,78.1
default-grid_003523,default-grid,reconfiguration_alternate,train,0,197.5,204.6,-17.4,0.0,197.5,-24.5,1,63.5,250.0,500.0,12.1,25.0,0,0,0,0,1,0,1,1.02,1.016,0.996,0.983,96.6,87.7,78.8,46.0,69.8
default-grid_003524,default-grid,solar_overvoltage_moderate,train,0,228.3,31.6,-2.4,0.0,228.3,194.3,0,60.6,250.0,500.0,12.6,59.6,1,0,1,0,0,2,1,1.02,1.018,1.066,0.997,64.8,83.8,102.8,0.0,36.1
default-grid_003525,default-grid,near_limit_feeder_overload,validation,1,247.9,45.5,0.0,0.0,247.9,202.4,0,57.8,250.0,500.0,13.0,61.3,1,0,1,0,0,2,1,1.02,1.02,1.073,0.996,68.7,88.2,107.6,0.0,38.8
default-grid_003526,default-grid,diurnal_normal_weekday,validation,0,178.3,173.3,-0.9,0.0,178.3,4.099999999999994,0,35.0,250.0,500.0,11.7,20.8,0,0,0,0,1,0,1,1.02,1.014,1.037,0.986,89.4,91.0,92.6,0.0,63.7
default-grid_003527,default-grid,diurnal_normal_weekday,test,0,154.8,181.9,10.9,0.0,154.8,-16.19999999999999,0,64.3,250.0,500.0,11.3,23.3,0,0,0,0,1,0,1,1.02,1.012,1.037,0.985,89.7,88.1,86.5,0.0,65.4
default-grid_003528,default-grid,nighttime_low_load,train,0,0.0,37.3,0.0,0.0,0.0,-37.3,0,47.3,250.0,500.0,8.5,27.6,0,0,0,0,1,0,1,1.02,1.0,1.0,0.997,52.3,53.6,55.0,0.0,37.3
default-grid_003529,default-grid,diurnal_normal_weekday,train,0,158.5,194.6,2.7,0.0,158.5,-33.400000000000006,0,33.0,250.0,500.0,11.4,26.8,0,0,0,0,1,0,1,1.02,1.013,1.03,0.984,92.3,90.3,88.3,0.0,67.8
default-grid_003530,default-grid,solar_curtailment_active,train,0,255.1,40.7,-2.3,86.9,168.2,125.19999999999997,0,42.5,250.0,500.0,11.5,45.5,0,1,0,0,0,1,1,1.02,1.013,0.926,0.997,63.0,50.5,37.9,0.0,37.9
default-grid_003531,default-grid,near_limit_feeder_overload,validation,1,248.4,32.7,0.0,0.0,248.4,215.7,0,68.6,250.0,500.0,13.0,64.0,1,0,1,0,0,2,1,1.02,1.02,1.074,0.997,66.3,87.0,107.7,0.0,36.4
default-grid_003532,default-grid,near_limit_overvoltage,test,1,202.2,44.8,-8.5,0.0,202.2,148.89999999999998,0,45.8,250.0,500.0,12.1,50.4,1,0,0,0,0,1,1,1.02,1.016,1.054,0.996,65.8,80.8,95.7,0.0,38.7
default-grid_003533,default-grid,diurnal_normal_weekday,train,0,203.0,161.5,6.7,0.0,203.0,48.19999999999999,0,32.6,250.0,500.0,12.2,29.8,1,0,0,0,0,1,1,1.02,1.016,1.053,0.987,88.6,92.9,97.2,0.0,61.4
default-grid_003534,default-grid,diurnal_normal_weekday,train,0,196.8,201.9,-8.5,0.0,196.8,-13.599999999999994,0,45.7,250.0,500.0,12.0,22.8,0,0,0,0,1,0,1,1.02,1.016,1.032,0.983,96.1,95.3,94.6,0.0,69.3
default-grid_003535,default-grid,nighttime_low_load,train,0,0.0,33.5,0.0,0.0,0.0,-33.5,0,37.0,250.0,500.0,8.5,26.8,0,0,0,0,1,0,1,1.02,1.0,1.0,0.997,51.5,53.2,55.0,0.0,36.5
default-grid_003536,default-grid,solar_overvoltage_moderate,validation,0,225.8,52.9,-0.4,0.0,225.8,172.5,0,72.2,250.0,500.0,12.6,55.2,1,0,1,0,0,2,1,1.02,1.018,1.067,0.996,68.8,85.8,102.8,0.0,40.3
default-grid_003537,default-grid,diurnal_normal_weekday,train,0,177.8,149.1,11.2,0.0,177.8,39.900000000000006,0,39.8,250.0,500.0,11.7,28.1,1,0,0,0,0,1,1,1.02,1.014,1.051,0.988,84.7,88.0,91.3,0.0,59.0
default-grid_003538,default-grid,diurnal_normal_weekday,train,0,155.5,128.1,2.3,0.0,155.5,29.700000000000017,0,53.1,250.0,500.0,11.3,26.1,0,0,0,0,1,0,1,1.02,1.012,1.042,0.989,79.2,83.5,87.7,0.0,54.9
default-grid_003539,default-grid,evening_peak_demand,train,0,4.3,282.7,16.2,0.0,4.3,-262.2,0,46.1,250.0,500.0,8.6,73.5,0,0,1,0,0,1,1,1.02,1.0,0.976,0.976,100.2,77.0,53.9,0.0,85.0
default-grid_003540,default-grid,solar_overvoltage_moderate,train,0,218.5,53.5,-5.3,0.0,218.5,159.7,0,47.6,250.0,500.0,12.4,52.6,1,0,0,0,0,1,1,1.02,1.017,1.061,0.996,68.5,84.2,100.0,0.0,40.4
default-grid_003541,default-grid,near_limit_overvoltage,validation,1,193.2,51.0,5.5,0.0,193.2,147.7,0,62.9,250.0,500.0,12.0,50.1,1,0,0,0,0,1,1,1.02,1.015,1.061,0.996,66.5,80.9,95.3,0.0,39.9
default-grid_003542,default-grid,near_limit_overvoltage,test,1,184.3,71.6,6.8,0.0,184.3,119.50000000000003,0,72.7,250.0,500.0,11.8,44.4,1,0,0,0,0,1,1,1.02,1.015,1.059,0.994,70.0,81.6,93.2,0.0,43.9
default-grid_003543,default-grid,bess_injection_discharging,train,0,38.4,221.7,35.5,0.0,38.4,-147.79999999999998,0,71.5,250.0,500.0,9.2,50.1,0,0,0,0,1,0,1,1.02,1.003,1.013,0.982,90.4,74.6,58.7,0.0,73.1
default-grid_003544,default-grid,bess_absorption_charging,train,0,164.7,56.8,-33.1,0.0,164.7,74.8,0,43.5,250.0,500.0,11.5,35.3,0,0,0,0,1,0,1,1.02,1.013,1.025,0.995,65.9,73.8,81.6,0.0,41.0
default-grid_003545,default-grid,diurnal_normal_weekend,train,0,152.3,118.4,4.8,0.0,152.3,38.70000000000002,0,40.5,250.0,500.0,11.2,27.9,0,0,0,0,1,0,1,1.02,1.012,1.045,0.99,77.2,82.0,86.7,0.0,53.0
default-grid_003546,default-grid,diurnal_normal_weekend,train,0,158.2,54.3,-6.4,0.0,158.2,97.49999999999999,0,57.6,250.0,500.0,11.3,39.9,0,0,0,0,1,0,1,1.02,1.013,1.042,0.995,65.1,76.0,86.9,0.0,40.6
default-grid_003547,default-grid,solar_overvoltage_severe,train,0,262.1,29.0,0.0,0.0,262.1,233.10000000000002,0,67.8,250.0,500.0,13.2,67.5,1,0,1,0,0,2,1,1.02,1.021,1.078,0.998,66.4,88.5,110.6,0.0,35.6
default-grid_003548,default-grid,diurnal_normal_weekday,train,0,175.5,176.5,6.5,0.0,175.5,5.5,0,50.4,250.0,500.0,11.7,21.1,0,0,0,0,1,0,1,1.02,1.014,1.041,0.985,89.8,90.6,91.4,0.0,64.3
default-grid_003549,default-grid,evening_peak_demand,train,0,3.7,220.0,22.4,0.0,3.7,-193.9,0,40.0,250.0,500.0,8.6,59.5,0,0,0,0,1,0,1,1.02,1.0,0.993,0.982,88.0,70.5,53.0,0.0,72.8
default-grid_003550,default-grid,near_limit_tx_overload,test,1,39.6,330.6,0.0,0.0,39.6,-291.0,0,39.5,250.0,500.0,9.2,79.4,0,0,1,0,0,1,1,1.02,1.003,0.966,0.972,111.7,87.5,63.4,0.0,94.3
default-grid_003551,default-grid,solar_overvoltage_severe,train,0,296.4,26.9,0.0,0.0,296.4,269.5,0,41.6,250.0,500.0,13.8,75.0,1,0,1,0,0,2,1,1.02,1.024,1.088,0.998,68.0,92.9,117.8,0.0,35.2
default-grid_003552,default-grid,diurnal_normal_weekday,train,0,193.0,125.2,-13.6,0.0,193.0,54.2,0,53.5,250.0,500.0,12.0,31.1,0,0,0,0,1,0,1,1.02,1.015,1.042,0.99,80.9,86.7,92.5,0.0,54.3
default-grid_003553,default-grid,diurnal_normal_weekday,train,0,194.0,167.2,4.3,0.0,194.0,31.100000000000023,0,63.5,250.0,500.0,12.0,26.3,0,0,0,0,1,0,1,1.02,1.016,1.047,0.986,89.2,92.4,95.6,0.0,62.5
default-grid_003554,default-grid,extreme_stress_holdout,test,1,277.4,19.2,0.0,36.6,240.79999999999998,221.6,0,18.0,250.0,500.0,12.8,65.2,0,0,0,0,1,0,1,1.02,1.019,1.02,0.998,63.2,73.7,84.1,0.0,33.7
default-grid_003555,default-grid,evening_peak_demand,train,0,4.2,246.5,21.0,0.0,4.2,-221.3,0,59.5,250.0,500.0,8.6,65.1,0,0,0,0,1,0,1,1.02,1.0,0.987,0.979,93.2,73.2,53.3,0.0,77.9
default-grid_003556,default-grid,solar_overvoltage_severe,train,0,262.6,39.4,0.0,0.0,262.6,223.20000000000002,0,65.3,250.0,500.0,13.2,65.5,1,0,1,0,0,2,1,1.02,1.021,1.078,0.997,68.4,89.6,110.7,0.0,37.7
default-grid_003557,default-grid,bess_absorption_charging,train,0,181.3,121.9,-18.4,0.0,181.3,41.0,0,38.2,250.0,500.0,11.8,28.4,0,0,0,0,1,0,1,1.02,1.015,1.036,0.99,79.6,84.2,88.8,0.0,53.7
default-grid_003558,default-grid,diurnal_normal_weekday,train,0,177.8,128.1,9.4,0.0,177.8,59.10000000000002,0,53.8,250.0,500.0,11.7,32.1,1,0,0,0,0,1,1,1.02,1.014,1.054,0.989,80.6,86.0,91.5,0.0,54.9
default-grid_003559,default-grid,diurnal_normal_weekday,train,0,172.9,125.5,3.6,0.0,172.9,51.0,0,40.8,250.0,500.0,11.6,30.4,0,0,0,0,1,0,1,1.02,1.014,1.049,0.99,79.8,85.5,91.2,0.0,54.4
default-grid_003560,default-grid,solar_overvoltage_moderate,validation,0,211.4,81.9,-9.1,0.0,211.4,120.4,0,44.4,250.0,500.0,12.3,44.6,1,0,0,0,0,1,1,1.02,1.017,1.056,0.993,73.6,85.5,97.5,0.0,45.9
default-grid_003561,default-grid,diurnal_normal_weekend,train,0,186.8,121.3,-20.0,0.0,186.8,45.500000000000014,0,33.3,250.0,500.0,11.9,29.3,0,0,0,0,1,0,1,1.02,1.015,1.037,0.99,79.8,84.7,89.6,0.0,53.6
default-grid_003562,default-grid,diurnal_normal_weekday,validation,0,154.6,152.1,-1.2,0.0,154.6,1.3000000000000114,0,57.4,250.0,500.0,11.3,20.3,0,0,0,0,1,0,1,1.02,1.012,1.034,0.987,83.9,85.7,87.5,0.0,59.6
default-grid_003563,default-grid,bess_absorption_charging,train,0,187.6,55.3,-47.2,0.0,187.6,85.09999999999998,0,42.1,250.0,500.0,11.9,37.4,0,0,0,0,1,0,1,1.02,1.015,1.021,0.995,67.0,75.0,83.0,0.0,40.8
default-grid_003564,default-grid,solar_overvoltage_severe,validation,0,254.0,28.3,0.0,0.0,254.0,225.7,0,43.4,250.0,500.0,13.1,66.0,1,0,1,0,0,2,1,1.02,1.02,1.075,0.998,65.7,87.2,108.8,0.0,35.5
default-grid_003565,default-grid,diurnal_normal_weekend,test,0,170.3,119.0,-4.3,0.0,170.3,47.0,0,68.3,250.0,500.0,11.6,29.6,0,0,0,0,1,0,1,1.02,1.014,1.043,0.99,78.4,84.2,90.0,0.0,53.1
default-grid_003566,default-grid,reconfiguration_alternate,test,0,191.4,52.1,3.0,0.0,191.4,142.3,1,37.2,250.0,500.0,11.9,49.0,0,0,0,0,1,0,1,1.02,1.015,1.031,0.996,66.6,73.8,81.1,46.0,40.1
default-grid_003567,default-grid,diurnal_normal_weekday,train,0,184.5,190.8,-1.9,0.0,184.5,-8.200000000000017,0,54.3,250.0,500.0,11.8,21.7,0,0,0,0,1,0,1,1.02,1.015,1.035,0.984,93.2,93.4,93.6,0.0,67.1
default-grid_003568,default-grid,solar_overvoltage_severe,train,0,278.8,39.8,0.0,0.0,278.8,239.0,0,35.1,250.0,500.0,13.5,68.7,1,0,1,0,0,2,1,1.02,1.022,1.083,0.997,69.5,91.8,114.1,0.0,37.7
default-grid_003569,default-grid,solar_curtailment_active,validation,0,267.5,90.2,-14.2,55.6,211.9,107.50000000000001,0,31.4,250.0,500.0,12.3,41.9,0,0,0,0,1,0,1,1.02,1.017,0.975,0.992,75.3,69.2,63.0,0.0,47.5
default-grid_003570,default-grid,extreme_stress_holdout,test,1,324.3,23.6,0.0,32.5,291.8,268.2,0,18.0,250.0,500.0,13.8,74.7,0,0,0,0,1,0,1,1.02,1.023,1.041,0.998,67.1,82.2,97.4,0.0,34.6
default-grid_003571,default-grid,near_limit_undervoltage,validation,1,24.5,280.4,-3.1,0.0,24.5,-259.0,0,44.9,250.0,500.0,8.9,72.8,0,0,1,0,0,1,1,1.02,1.002,0.969,0.977,101.0,80.2,59.4,0.0,84.5
default-grid_003572,default-grid,diurnal_normal_weekday,train,0,164.1,166.2,-17.1,0.0,164.1,-19.19999999999999,0,40.0,250.0,500.0,11.5,23.9,0,0,0,0,1,0,1,1.02,1.013,1.023,0.986,87.2,86.3,85.5,0.0,62.3
default-grid_003573,default-grid,bess_injection_discharging,validation,0,11.9,255.2,34.4,0.0,11.9,-208.89999999999998,0,79.7,250.0,500.0,8.7,62.6,0,0,0,0,1,0,1,1.02,1.001,0.997,0.979,95.3,74.2,53.2,0.0,79.6
default-grid_003574,default-grid,reconfiguration_alternate,train,0,130.1,129.3,1.3,0.0,130.1,2.0999999999999943,1,51.9,250.0,500.0,10.8,20.4,0,0,0,0,1,0,1,1.02,1.01,1.015,0.989,77.9,74.1,70.2,46.0,55.1
default-grid_003575,default-grid,diurnal_normal_weekday,train,0,187.3,150.8,-2.9,0.0,187.3,33.599999999999994,0,50.4,250.0,500.0,11.9,26.9,0,0,0,0,1,0,1,1.02,1.015,1.043,0.987,85.6,89.8,94.0,0.0,59.3
default-grid_003576,default-grid,bess_injection_discharging,train,0,19.5,235.3,50.5,0.0,19.5,-165.3,0,35.6,250.0,500.0,8.9,53.7,0,0,0,0,1,0,1,1.02,1.002,1.015,0.98,91.9,72.3,52.8,0.0,75.8
default-grid_003577,default-grid,diurnal_normal_weekend,test,0,213.3,108.4,1.3,0.0,213.3,106.20000000000002,0,36.5,250.0,500.0,12.3,41.7,1,0,1,0,0,2,1,1.02,1.017,1.062,0.991,78.9,89.5,100.1,0.0,51.1
default-grid_003578,default-grid,solar_overvoltage_severe,train,0,290.3,33.3,0.0,0.0,290.3,257.0,0,61.9,250.0,500.0,13.7,72.4,1,0,1,0,0,2,1,1.02,1.023,1.086,0.997,68.9,92.7,116.5,0.0,36.5
default-grid_003579,default-grid,near_limit_tx_overload,validation,1,12.8,303.2,0.0,0.0,12.8,-290.4,0,73.3,250.0,500.0,8.7,79.2,0,0,1,0,0,1,1,1.02,1.001,0.963,0.975,104.7,81.2,57.7,0.0,89.0
default-grid_003580,default-grid,near_limit_feeder_overload,test,1,220.4,38.8,0.0,0.0,220.4,181.60000000000002,0,56.4,250.0,500.0,12.5,57.0,1,0,1,0,0,2,1,1.02,1.018,1.065,0.997,65.8,83.8,101.7,0.0,37.5
default-grid_003581,default-grid,diurnal_normal_weekday,train,0,199.0,197.7,7.5,0.0,199.0,8.800000000000011,0,49.4,250.0,500.0,12.1,21.8,0,0,0,0,1,0,1,1.02,1.016,1.045,0.984,95.4,95.8,96.3,0.0,68.4
default-grid_003582,default-grid,near_limit_tx_overload,test,1,19.4,329.0,0.0,0.0,19.4,-309.6,0,45.7,250.0,500.0,8.8,83.1,0,0,1,0,0,1,1,1.02,1.002,0.96,0.973,110.1,84.6,59.1,0.0,94.0
default-grid_003583,default-grid,diurnal_normal_weekend,train,0,153.8,120.5,-1.8,0.0,153.8,31.5,0,73.2,250.0,500.0,11.3,26.4,0,0,0,0,1,0,1,1.02,1.012,1.04,0.99,77.7,82.5,87.2,0.0,53.4
default-grid_003584,default-grid,diurnal_normal_weekday,train,0,204.8,123.8,-17.1,0.0,204.8,63.90000000000002,0,41.2,250.0,500.0,12.2,33.0,0,0,0,0,1,0,1,1.02,1.016,1.043,0.99,81.4,87.8,94.1,0.0,54.1
default-grid_003585,default-grid,solar_curtailment_active,train,0,234.6,87.3,-18.4,81.5,153.1,47.39999999999999,0,35.3,250.0,500.0,11.3,29.7,0,1,0,0,0,1,1,1.02,1.012,0.918,0.993,71.2,52.6,34.0,0.0,47.0
default-grid_003586,default-grid,evening_peak_demand,validation,0,1.4,292.0,16.4,0.0,1.4,-274.2,0,69.0,250.0,500.0,8.5,75.9,0,0,1,0,0,1,1,1.02,1.0,0.974,0.976,101.9,77.6,53.2,0.0,86.8
default-grid_003587,default-grid,diurnal_normal_weekday,validation,0,193.6,190.3,-6.5,0.0,193.6,-3.200000000000017,0,53.5,250.0,500.0,12.0,20.7,0,0,0,0,1,0,1,1.02,1.015,1.035,0.984,93.6,94.0,94.4,0.0,67.0
default-grid_003588,default-grid,diurnal_normal_weekday,train,0,181.0,160.5,4.3,0.0,181.0,24.80000000000001,0,41.1,250.0,500.0,11.8,25.1,0,0,0,0,1,0,1,1.02,1.014,1.045,0.987,87.1,89.9,92.8,0.0,61.2
default-grid_003589,default-grid,diurnal_normal_weekday,validation,0,101.7,144.2,5.6,0.0,101.7,-36.89999999999999,0,35.5,250.0,500.0,10.3,27.5,0,0,0,0,1,0,1,1.02,1.008,1.025,0.988,79.1,77.5,75.9,0.0,58.0
default-grid_003590,default-grid,near_limit_overvoltage,test,1,164.9,45.4,2.1,0.0,164.9,121.6,0,52.6,250.0,500.0,11.5,44.8,0,0,0,0,1,0,1,1.02,1.013,1.05,0.996,63.7,76.7,89.7,0.0,38.8
default-grid_003591,default-grid,solar_overvoltage_moderate,test,0,190.5,86.3,-11.5,0.0,190.5,92.7,0,67.8,250.0,500.0,11.9,38.9,0,0,0,0,1,0,1,1.02,1.015,1.048,0.993,73.2,82.8,92.5,0.0,46.8
default-grid_003592,default-grid,nighttime_low_load,train,0,0.0,29.4,0.0,0.0,0.0,-29.4,0,61.9,250.0,500.0,8.5,26.0,0,0,0,0,1,0,1,1.02,1.0,1.0,0.998,50.7,52.9,55.0,0.0,35.7
default-grid_003593,default-grid,solar_curtailment_active,train,0,223.7,83.4,-18.8,95.0,128.7,26.499999999999986,0,74.5,250.0,500.0,10.8,25.4,0,1,0,0,0,1,1,1.02,1.01,0.891,0.993,68.9,44.8,20.6,0.0,46.2
default-grid_003594,default-grid,evening_peak_demand,train,0,1.4,296.7,22.0,0.0,1.4,-273.3,0,75.1,250.0,500.0,8.5,75.7,0,0,1,0,0,1,1,1.02,1.0,0.977,0.975,102.8,77.7,52.5,0.0,87.7
default-grid_003595,default-grid,diurnal_normal_weekday,train,0,115.7,124.7,4.7,0.0,115.7,-4.299999999999997,0,63.0,250.0,500.0,10.6,20.9,0,0,0,0,1,0,1,1.02,1.009,1.033,0.99,76.2,77.6,78.9,0.0,54.2
default-grid_003596,default-grid,solar_curtailment_active,test,0,206.2,100.9,-15.4,91.8,114.39999999999999,-1.90000000000002,0,51.8,250.0,500.0,10.6,20.4,0,1,0,0,0,1,1,1.02,1.009,0.894,0.992,71.5,45.9,20.3,0.0,49.6
default-grid_003597,default-grid,diurnal_normal_weekend,train,0,205.4,134.2,2.6,0.0,205.4,73.80000000000001,0,73.9,250.0,500.0,12.2,35.1,1,0,0,0,0,1,1,1.02,1.016,1.056,0.989,83.4,90.8,98.2,0.0,56.1
default-grid_003598,default-grid,diurnal_normal_weekend,train,0,143.6,31.1,-22.6,0.0,143.6,89.9,0,52.6,250.0,500.0,11.1,38.3,0,0,0,0,1,0,1,1.02,1.011,1.026,0.997,59.7,69.8,79.8,0.0,36.0
default-grid_003599,default-grid,bess_injection_discharging,validation,0,30.5,245.0,22.6,0.0,30.5,-191.9,0,65.8,250.0,500.0,9.0,59.1,0,0,0,0,1,0,1,1.02,1.002,0.996,0.98,94.5,76.5,58.6,0.0,77.6
default-grid_003600,default-grid,solar_overvoltage_moderate,validation,0,198.1,38.1,-11.3,0.0,198.1,148.7,0,69.8,250.0,500.0,12.1,50.3,0,0,0,0,1,0,1,1.02,1.016,1.05,0.997,64.3,79.2,94.2,0.0,37.4
default-grid_003601,default-grid,near_limit_overvoltage,validation,1,197.9,47.3,-4.4,0.0,197.9,146.2,0,73.9,250.0,500.0,12.1,49.8,1,0,0,0,0,1,1,1.02,1.016,1.055,0.996,66.1,81.0,95.9,0.0,39.2
default-grid_003602,default-grid,nighttime_low_load,train,0,0.0,35.1,0.0,0.0,0.0,-35.1,0,46.7,250.0,500.0,8.5,27.2,0,0,0,0,1,0,1,1.02,1.0,1.0,0.997,51.8,53.4,55.0,0.0,36.8
default-grid_003603,default-grid,nighttime_low_load,train,0,0.0,30.5,0.0,0.0,0.0,-30.5,0,64.3,250.0,500.0,8.5,26.2,0,0,0,0,1,0,1,1.02,1.0,1.0,0.997,50.9,53.0,55.0,0.0,35.9
default-grid_003604,default-grid,diurnal_normal_weekend,validation,0,224.5,43.2,-15.3,0.0,224.5,166.0,0,73.6,250.0,500.0,12.5,53.9,1,0,0,0,0,1,1,1.02,1.018,1.055,0.996,66.9,82.8,98.8,0.0,38.4
default-grid_003605,default-grid,solar_curtailment_active,train,0,243.9,32.4,-8.2,49.6,194.3,153.70000000000002,0,30.7,250.0,500.0,12.0,51.3,0,0,0,0,1,0,1,1.02,1.016,0.982,0.997,63.0,63.7,64.4,0.0,36.3
default-grid_003606,default-grid,bess_absorption_charging,train,0,187.2,126.0,-36.8,0.0,187.2,24.399999999999977,0,69.4,250.0,500.0,11.9,25.0,0,0,0,0,1,0,1,1.02,1.015,1.024,0.99,80.7,83.1,85.5,0.0,54.5
default-grid_003607,default-grid,evening_peak_demand,test,0,1.3,301.5,10.1,0.0,1.3,-290.1,0,52.2,250.0,500.0,8.5,79.2,0,0,1,0,0,1,1,1.02,1.0,0.967,0.975,103.7,78.8,54.0,0.0,88.6
default-grid_003608,default-grid,diurnal_normal_weekday,validation,0,143.3,125.1,7.2,0.0,143.3,25.400000000000006,0,65.5,250.0,500.0,11.1,25.2,0,0,0,0,1,0,1,1.02,1.011,1.043,0.99,77.9,81.2,84.5,0.0,54.3
default-grid_003609,default-grid,diurnal_normal_weekday,train,0,128.8,188.0,9.7,0.0,128.8,-49.5,0,53.1,250.0,500.0,10.8,30.1,0,0,0,0,1,0,1,1.02,1.01,1.028,0.984,89.3,85.2,81.1,0.0,66.6
default-grid_003610,default-grid,near_limit_overvoltage,test,1,211.0,48.7,7.5,0.0,211.0,169.8,0,62.8,250.0,500.0,12.3,54.6,1,0,0,0,0,1,1,1.02,1.017,1.068,0.996,67.1,82.9,98.8,0.0,39.5
default-grid_003611,default-grid,diurnal_normal_weekday,train,0,110.5,160.0,-4.3,0.0,110.5,-53.8,0,54.8,250.0,500.0,10.5,31.0,0,0,0,0,1,0,1,1.02,1.009,1.018,0.987,82.7,80.1,77.4,0.0,61.1
default-grid_003612,default-grid,diurnal_normal_weekday,train,0,203.1,184.1,-2.1,0.0,203.1,16.900000000000006,0,38.1,250.0,500.0,12.2,23.4,0,0,0,0,1,0,1,1.02,1.016,1.042,0.985,93.0,95.2,97.5,0.0,65.8
default-grid_003613,default-grid,nighttime_low_load,test,0,0.0,35.7,0.0,0.0,0.0,-35.7,0,40.5,250.0,500.0,8.5,27.3,0,0,0,0,1,0,1,1.02,1.0,1.0,0.997,51.9,53.5,55.0,0.0,36.9
default-grid_003614,default-grid,diurnal_normal_weekday,train,0,117.2,154.8,-16.7,0.0,117.2,-54.30000000000001,0,48.9,250.0,500.0,10.6,31.1,0,0,0,0,1,0,1,1.02,1.009,1.012,0.987,82.1,78.9,75.7,0.0,60.1
default-grid_003615,default-grid,diurnal_normal_weekday,train,0,128.3,131.9,-4.8,0.0,128.3,-8.399999999999991,0,59.8,250.0,500.0,10.8,21.7,0,0,0,0,1,0,1,1.02,1.01,1.028,0.989,78.3,79.7,81.0,0.0,55.6
default-grid_003616,default-grid,near_limit_overvoltage,test,1,197.9,68.3,-2.7,0.0,197.9,126.90000000000002,0,48.0,250.0,500.0,12.1,45.9,1,0,0,0,0,1,1,1.02,1.016,1.057,0.994,70.2,83.2,96.3,0.0,43.3
default-grid_003617,default-grid,nighttime_low_load,train,0,0.0,26.5,0.0,0.0,0.0,-26.5,0,57.3,250.0,500.0,8.5,25.4,0,0,0,0,1,0,1,1.02,1.0,1.0,0.998,50.2,52.6,55.0,0.0,35.2
default-grid_003618,default-grid,diurnal_normal_weekend,train,0,138.6,134.1,-0.8,0.0,138.6,3.6999999999999886,0,37.2,250.0,500.0,11.0,20.8,0,0,0,0,1,0,1,1.02,1.011,1.034,0.989,79.4,81.8,84.2,0.0,56.1
default-grid_003619,default-grid,diurnal_normal_weekend,train,0,151.3,36.5,-20.9,0.0,151.3,93.9,0,59.4,250.0,500.0,11.2,39.2,0,0,0,0,1,0,1,1.02,1.012,1.03,0.997,61.2,71.6,81.9,0.0,37.1
default-grid_003620,default-grid,solar_curtailment_active,train,0,262.5,98.2,-13.0,101.9,160.6,49.39999999999999,0,38.6,250.0,500.0,11.4,30.1,0,1,0,0,0,1,1,1.02,1.013,0.895,0.992,73.7,49.2,24.7,0.0,49.1
default-grid_003621,default-grid,near_limit_feeder_overload,validation,1,212.9,46.0,0.0,0.0,212.9,166.9,0,41.4,250.0,500.0,12.3,54.0,1,0,1,0,0,2,1,1.02,1.017,1.063,0.996,66.7,83.4,100.1,0.0,38.9
default-grid_003622,default-grid,diurnal_normal_weekday,train,0,117.7,194.9,5.8,0.0,117.7,-71.4,0,72.5,250.0,500.0,10.6,34.6,0,0,0,0,1,0,1,1.02,1.009,1.02,0.984,90.0,84.6,79.2,0.0,67.9
default-grid_003623,default-grid,reconfiguration_alternate,train,0,252.2,123.4,24.5,0.0,252.2,153.29999999999998,1,39.3,250.0,500.0,13.0,51.3,1,0,0,0,0,1,1,1.02,1.02,1.051,0.99,84.1,86.9,89.8,46.0,54.0
default-grid_003624,default-grid,diurnal_normal_weekend,train,0,188.8,134.1,-8.5,0.0,188.8,46.20000000000002,0,58.6,250.0,500.0,11.9,29.4,0,0,0,0,1,0,1,1.02,1.015,1.043,0.989,82.4,87.7,92.9,0.0,56.1
default-grid_003625,default-grid,bess_absorption_charging,validation,0,169.2,55.4,-18.8,0.0,169.2,94.99999999999997,0,30.7,250.0,500.0,11.5,39.4,0,0,0,0,1,0,1,1.02,1.014,1.036,0.995,65.9,76.1,86.2,0.0,40.8
default-grid_003626,default-grid,nighttime_low_load,validation,0,0.0,28.2,0.0,0.0,0.0,-28.2,0,50.6,250.0,500.0,8.5,25.8,0,0,0,0,1,0,1,1.02,1.0,1.0,0.998,50.5,52.8,55.0,0.0,35.5
default-grid_003627,default-grid,bess_injection_discharging,train,0,72.2,213.2,45.4,0.0,72.2,-95.6,0,55.0,250.0,500.0,9.8,39.5,0,0,0,0,1,0,1,1.02,1.006,1.032,0.982,90.8,77.7,64.6,0.0,71.5
default-grid_003628,default-grid,solar_overvoltage_moderate,train,0,195.8,30.3,-6.7,0.0,195.8,158.8,0,61.0,250.0,500.0,12.0,52.4,1,0,0,0,0,1,1,1.02,1.016,1.053,0.997,62.6,78.7,94.8,0.0,35.9
default-grid_003629,default-grid,evening_peak_demand,validation,0,1.2,205.1,14.3,0.0,1.2,-189.6,0,53.2,250.0,500.0,8.5,58.7,0,0,0,0,1,0,1,1.02,1.0,0.99,0.983,85.0,69.2,53.5,0.0,69.9
default-grid_003630,default-grid,evening_peak_demand,train,0,1.6,237.6,8.0,0.0,1.6,-228.0,0,82.9,250.0,500.0,8.5,66.5,0,0,0,0,1,0,1,1.02,1.0,0.979,0.98,91.3,72.8,54.3,0.0,76.2
default-grid_003631,default-grid,diurnal_normal_weekend,train,0,143.5,36.3,0.2,0.0,143.5,107.39999999999999,0,71.6,250.0,500.0,11.1,41.9,0,0,0,0,1,0,1,1.02,1.011,1.043,0.997,60.7,73.1,85.4,0.0,37.1
default-grid_003632,default-grid,solar_overvoltage_severe,train,0,283.5,25.5,0.0,0.0,283.5,258.0,0,50.0,250.0,500.0,13.6,72.6,1,0,1,0,0,2,1,1.02,1.023,1.084,0.998,67.0,91.0,115.1,0.0,35.0
default-grid_003633,default-grid,diurnal_normal_weekday,train,0,223.6,160.1,-4.3,0.0,223.6,59.19999999999999,0,39.5,250.0,500.0,12.5,32.1,1,0,1,0,0,2,1,1.02,1.018,1.051,0.987,89.5,95.4,101.3,0.0,61.1
default-grid_003634,default-grid,solar_overvoltage_severe,validation,0,249.7,30.2,0.0,0.0,249.7,219.5,0,46.2,250.0,500.0,13.0,64.8,1,0,1,0,0,2,1,1.02,1.02,1.074,0.997,65.9,86.9,107.9,0.0,35.9
default-grid_003635,default-grid,diurnal_normal_weekday,train,0,153.2,166.9,7.0,0.0,153.2,-6.700000000000017,0,68.8,250.0,500.0,11.3,21.4,0,0,0,0,1,0,1,1.02,1.012,1.037,0.986,86.6,86.6,86.6,0.0,62.5
default-grid_003636,default-grid,diurnal_normal_weekend,train,0,162.0,58.2,-4.6,0.0,162.0,99.2,0,49.0,250.0,500.0,11.4,40.2,0,0,0,0,1,0,1,1.02,1.013,1.045,0.995,66.0,77.1,88.2,0.0,41.3
default-grid_003637,default-grid,diurnal_normal_weekday,train,0,132.6,145.5,-2.3,0.0,132.6,-15.200000000000017,0,43.3,250.0,500.0,10.9,23.1,0,0,0,0,1,0,1,1.02,1.011,1.028,0.988,81.2,81.8,82.5,0.0,58.3
default-grid_003638,default-grid,reconfiguration_alternate,train,0,231.6,141.5,20.7,0.0,231.6,110.79999999999998,1,44.3,250.0,500.0,12.7,42.6,0,0,0,0,1,0,1,1.02,1.019,1.042,0.988,86.4,86.5,86.5,46.0,57.5
default-grid_003639,default-grid,evening_peak_demand,test,0,4.4,234.3,10.7,0.0,4.4,-219.20000000000002,0,50.4,250.0,500.0,8.6,64.7,0,0,0,0,1,0,1,1.02,1.0,0.982,0.98,90.8,72.7,54.6,0.0,75.6
default-grid_003640,default-grid,solar_overvoltage_moderate,test,0,197.8,45.6,-3.9,0.0,197.8,148.3,0,57.4,250.0,500.0,12.1,50.2,1,0,0,0,0,1,1,1.02,1.016,1.056,0.996,65.7,80.8,96.0,0.0,38.9
default-grid_003641,default-grid,bess_injection_discharging,test,0,59.7,191.7,49.1,0.0,59.7,-82.89999999999998,0,60.9,250.0,500.0,9.6,36.9,0,0,0,0,1,0,1,1.02,1.005,1.035,0.984,85.9,73.7,61.5,0.0,67.3
default-grid_003642,default-grid,solar_overvoltage_moderate,train,0,223.8,41.7,-5.6,0.0,223.8,176.5,0,48.3,250.0,500.0,12.5,56.0,1,0,1,0,0,2,1,1.02,1.018,1.062,0.997,66.5,83.8,101.0,0.0,38.1
default-grid_003643,default-grid,diurnal_normal_weekday,train,0,203.4,187.0,4.2,0.0,203.4,20.599999999999994,0,37.8,250.0,500.0,12.2,24.2,0,0,0,0,1,0,1,1.02,1.016,1.046,0.984,93.6,95.6,97.6,0.0,66.4
default-grid_003644,default-grid,diurnal_normal_weekend,train,0,215.7,52.2,-23.9,0.0,215.7,139.59999999999997,0,39.2,250.0,500.0,12.4,48.5,0,0,0,0,1,0,1,1.02,1.017,1.047,0.996,68.1,81.4,94.8,0.0,40.2
default-grid_003645,default-grid,solar_overvoltage_moderate,test,0,193.1,36.5,-3.4,0.0,193.1,153.2,0,48.1,250.0,500.0,12.0,51.2,1,0,0,0,0,1,1,1.02,1.015,1.055,0.997,63.7,79.4,95.1,0.0,37.1
default-grid_003646,default-grid,diurnal_normal_weekday,train,0,216.4,162.5,-0.9,0.0,216.4,53.0,0,43.3,250.0,500.0,12.4,30.8,1,0,1,0,0,2,1,1.02,1.017,1.051,0.986,89.6,95.2,100.7,0.0,61.6
default-grid_003647,default-grid,near_limit_undervoltage,validation,1,9.6,269.4,-4.6,0.0,9.6,-264.4,0,37.1,250.0,500.0,8.7,73.9,0,0,0,0,1,0,1,1.02,1.001,0.966,0.978,98.0,77.0,55.9,0.0,82.4
default-grid_003648,default-grid,reconfiguration_alternate,validation,0,254.4,125.3,21.2,0.0,254.4,150.3,1,72.0,250.0,500.0,13.1,50.7,0,0,0,0,1,0,1,1.02,1.02,1.049,0.99,84.6,87.5,90.5,46.0,54.4
default-grid_003649,default-grid,solar_overvoltage_moderate,validation,0,225.7,72.6,-9.3,0.0,225.7,143.79999999999998,0,72.9,250.0,500.0,12.6,49.3,1,0,1,0,0,2,1,1.02,1.018,1.06,0.994,72.7,86.6,100.5,0.0,44.1
default-grid_003650,default-grid,solar_overvoltage_moderate,train,0,213.3,39.9,-3.6,0.0,213.3,169.8,0,60.5,250.0,500.0,12.3,54.6,1,0,0,0,0,1,1,1.02,1.017,1.061,0.997,65.6,82.4,99.3,0.0,37.8
default-grid_003651,default-grid,diurnal_normal_weekend,test,0,182.0,135.4,-10.4,0.0,182.0,36.19999999999999,0,57.9,250.0,500.0,11.8,27.4,0,0,0,0,1,0,1,1.02,1.015,1.039,0.989,82.2,86.6,91.0,0.0,56.3
default-grid_003652,default-grid,solar_overvoltage_severe,train,0,259.6,41.4,0.0,0.0,259.6,218.20000000000002,0,64.2,250.0,500.0,13.2,64.5,1,0,1,0,0,2,1,1.02,1.021,1.077,0.997,68.6,89.3,110.0,0.0,38.0
default-grid_003653,default-grid,solar_curtailment_active,train,0,216.0,79.4,-4.7,34.9,181.1,97.0,0,67.9,250.0,500.0,11.8,39.8,0,0,0,0,1,0,1,1.02,1.014,1.001,0.993,71.3,71.3,71.3,0.0,45.4
default-grid_003654,default-grid,solar_overvoltage_moderate,validation,0,226.4,71.3,-10.4,0.0,226.4,144.7,0,51.5,250.0,500.0,12.6,49.5,1,0,1,0,0,2,1,1.02,1.018,1.059,0.994,72.4,86.4,100.4,0.0,43.9
default-grid_003655,default-grid,solar_overvoltage_moderate,test,0,208.7,79.0,-0.9,0.0,208.7,128.79999999999998,0,39.7,250.0,500.0,12.3,46.3,1,0,0,0,0,1,1,1.02,1.017,1.061,0.993,72.9,86.0,99.0,0.0,45.4
default-grid_003656,default-grid,bess_absorption_charging,train,0,169.3,103.2,-53.2,0.0,169.3,12.900000000000006,0,73.9,250.0,500.0,11.5,22.6,0,0,0,0,1,0,1,1.02,1.014,1.011,0.991,75.2,76.4,77.6,0.0,50.1
default-grid_003657,default-grid,diurnal_normal_weekday,train,0,152.9,165.9,11.1,0.0,152.9,-1.9000000000000057,0,39.1,250.0,500.0,11.3,20.4,0,0,0,0,1,0,1,1.02,1.012,1.04,0.986,86.4,86.2,86.0,0.0,62.3
default-grid_003658,default-grid,solar_overvoltage_moderate,test,0,203.6,65.5,-6.3,0.0,203.6,131.79999999999998,0,55.1,250.0,500.0,12.2,46.9,1,0,0,0,0,1,1,1.02,1.016,1.056,0.995,70.0,83.3,96.6,0.0,42.7
default-grid_003659,default-grid,nighttime_low_load,train,0,0.0,30.4,0.0,0.0,0.0,-30.4,0,42.6,250.0,500.0,8.5,26.2,0,0,0,0,1,0,1,1.02,1.0,1.0,0.997,50.9,53.0,55.0,0.0,35.9
default-grid_003660,default-grid,diurnal_normal_weekday,train,0,133.9,164.8,5.7,0.0,133.9,-25.200000000000017,0,46.8,250.0,500.0,10.9,25.1,0,0,0,0,1,0,1,1.02,1.011,1.031,0.986,85.1,83.9,82.7,0.0,62.0
default-grid_003661,default-grid,bess_injection_discharging,train,0,38.8,213.4,45.3,0.0,38.8,-129.3,0,61.1,250.0,500.0,9.2,46.4,0,0,0,0,1,0,1,1.02,1.003,1.022,0.982,88.8,73.2,57.6,0.0,71.5
default-grid_003662,default-grid,solar_overvoltage_moderate,train,0,212.6,80.2,-10.2,0.0,212.6,122.2,0,68.8,250.0,500.0,12.3,44.9,1,0,0,0,0,1,1,1.02,1.017,1.056,0.993,73.4,85.5,97.5,0.0,45.6
default-grid_003663,default-grid,solar_overvoltage_moderate,train,0,229.1,84.4,-4.4,0.0,229.1,140.29999999999998,0,71.3,250.0,500.0,12.6,48.6,1,0,1,0,0,2,1,1.02,1.018,1.065,0.993,75.2,88.8,102.5,0.0,46.4
default-grid_003664,default-grid,bess_injection_discharging,train,0,2.2,250.4,47.6,0.0,2.2,-200.6,0,39.9,250.0,500.0,8.5,60.9,0,0,0,0,1,0,1,1.02,1.0,1.005,0.979,93.8,71.7,49.5,0.0,78.7
default-grid_003665,default-grid,solar_overvoltage_moderate,train,0,197.1,55.0,-8.9,0.0,197.1,133.2,0,69.0,250.0,500.0,12.0,47.2,1,0,0,0,0,1,1,1.02,1.016,1.052,0.995,67.5,81.0,94.6,0.0,40.7
default-grid_003666,default-grid,diurnal_normal_weekend,train,0,163.4,78.0,-16.8,0.0,163.4,68.6,0,62.2,250.0,500.0,11.4,34.0,0,0,0,0,1,0,1,1.02,1.013,1.036,0.994,70.0,77.7,85.4,0.0,45.2
default-grid_003667,default-grid,solar_overvoltage_severe,train,0,275.3,27.0,0.0,0.0,275.3,248.3,0,30.2,250.0,500.0,13.5,70.6,1,0,1,0,0,2,1,1.02,1.022,1.081,0.998,66.8,90.1,113.4,0.0,35.2
default-grid_003668,default-grid,evening_peak_demand,train,0,3.5,242.0,2.3,0.0,3.5,-236.2,0,53.9,250.0,500.0,8.6,68.2,0,0,0,0,1,0,1,1.02,1.0,0.974,0.98,92.3,73.9,55.5,0.0,77.1
default-grid_003669,default-grid,solar_overvoltage_moderate,test,0,199.1,36.3,-9.8,0.0,199.1,153.0,0,65.3,250.0,500.0,12.1,51.2,1,0,0,0,0,1,1,1.02,1.016,1.052,0.997,64.0,79.4,94.8,0.0,37.1
default-grid_003670,default-grid,diurnal_normal_weekend,validation,0,138.7,40.4,-9.8,0.0,138.7,88.49999999999997,0,33.4,250.0,500.0,11.0,38.1,0,0,0,0,1,0,1,1.02,1.011,1.034,0.997,61.2,71.6,82.0,0.0,37.9
default-grid_003671,default-grid,solar_overvoltage_severe,validation,0,269.7,40.9,0.0,0.0,269.7,228.79999999999998,0,69.2,250.0,500.0,13.4,66.7,1,0,1,0,0,2,1,1.02,1.022,1.08,0.997,69.1,90.7,112.2,0.0,38.0
default-grid_003672,default-grid,solar_overvoltage_moderate,test,0,214.5,61.2,-2.4,0.0,214.5,150.89999999999998,0,52.8,250.0,500.0,12.4,50.8,1,0,0,0,0,1,1,1.02,1.017,1.062,0.995,69.8,84.8,99.9,0.0,41.9
default-grid_003673,default-grid,diurnal_normal_weekend,train,0,162.0,83.0,-18.3,0.0,162.0,60.69999999999999,0,58.3,250.0,500.0,11.4,32.4,0,0,0,0,1,0,1,1.02,1.013,1.035,0.993,70.9,77.8,84.8,0.0,46.1
default-grid_003674,default-grid,diurnal_normal_weekday,validation,0,114.7,150.8,-6.9,0.0,114.7,-43.000000000000014,0,43.6,250.0,500.0,10.6,28.8,0,0,0,0,1,0,1,1.02,1.009,1.019,0.987,81.2,79.4,77.6,0.0,59.3
default-grid_003675,default-grid,diurnal_normal_weekend,train,0,134.0,86.6,-14.3,0.0,134.0,33.10000000000001,0,67.0,250.0,500.0,10.9,26.8,0,0,0,0,1,0,1,1.02,1.011,1.029,0.993,69.9,74.8,79.8,0.0,46.8
default-grid_003676,default-grid,evening_peak_demand,train,0,2.5,205.1,3.9,0.0,2.5,-198.7,0,64.4,250.0,500.0,8.5,60.5,0,0,0,0,1,0,1,1.02,1.0,0.983,0.983,85.0,70.0,55.0,0.0,69.9
default-grid_003677,default-grid,bess_absorption_charging,test,0,181.4,77.2,-32.7,0.0,181.4,71.49999999999999,0,59.0,250.0,500.0,11.8,34.6,0,0,0,0,1,0,1,1.02,1.015,1.03,0.994,70.9,78.1,85.3,0.0,45.0
default-grid_003678,default-grid,solar_overvoltage_severe,test,0,295.2,35.4,0.0,0.0,295.2,259.8,0,46.3,250.0,500.0,13.8,73.0,1,0,1,0,0,2,1,1.02,1.024,1.087,0.997,69.6,93.6,117.6,0.0,36.9
default-grid_003679,default-grid,bess_absorption_charging,train,0,245.0,123.0,-24.6,0.0,245.0,97.4,0,72.0,250.0,500.0,12.9,39.9,0,0,1,0,0,1,1,1.02,1.02,1.05,0.99,83.6,92.2,100.8,0.0,53.9
default-grid_003680,default-grid,bess_injection_discharging,test,0,57.3,243.9,36.0,0.0,57.3,-150.60000000000002,0,78.8,250.0,500.0,9.5,50.7,0,0,0,0,1,0,1,1.02,1.005,1.014,0.98,95.9,79.2,62.6,0.0,77.4
default-grid_003681,default-grid,nighttime_low_load,train,0,0.0,40.3,0.0,0.0,0.0,-40.3,0,48.8,250.0,500.0,8.5,28.2,0,0,0,0,1,0,1,1.02,1.0,1.0,0.997,52.8,53.9,55.0,0.0,37.8
default-grid_003682,default-grid,bess_absorption_charging,test,0,179.3,123.2,-20.6,0.0,179.3,35.500000000000014,0,45.1,250.0,500.0,11.7,27.2,0,0,0,0,1,0,1,1.02,1.014,1.033,0.99,79.7,83.8,87.9,0.0,54.0
default-grid_003683,default-grid,solar_overvoltage_severe,test,0,240.4,26.1,0.0,0.0,240.4,214.3,0,63.0,250.0,500.0,12.8,63.7,1,0,1,0,0,2,1,1.02,1.019,1.071,0.998,64.5,85.2,106.0,0.0,35.1
default-grid_003684,default-grid,solar_overvoltage_severe,train,0,273.6,35.5,0.0,0.0,273.6,238.10000000000002,0,51.6,250.0,500.0,13.4,68.6,1,0,1,0,0,2,1,1.02,1.022,1.081,0.997,68.3,90.7,113.0,0.0,36.9
default-grid_003685,default-grid,solar_overvoltage_moderate,test,0,233.6,53.5,-1.5,0.0,233.6,178.6,0,58.2,250.0,500.0,12.7,56.4,1,0,1,0,0,2,1,1.02,1.019,1.068,0.996,69.4,86.8,104.1,0.0,40.4
default-grid_003686,default-grid,diurnal_normal_weekend,validation,0,117.7,53.4,-3.7,0.0,117.7,60.6,0,57.2,250.0,500.0,10.6,32.4,0,0,0,0,1,0,1,1.02,1.009,1.032,0.996,62.4,70.7,79.0,0.0,40.4
default-grid_003687,default-grid,diurnal_normal_weekday,test,0,117.7,176.8,-3.7,0.0,117.7,-62.80000000000001,0,40.7,250.0,500.0,10.6,32.8,0,0,0,0,1,0,1,1.02,1.009,1.017,0.985,86.4,82.7,79.0,0.0,64.4
default-grid_003688,default-grid,solar_overvoltage_severe,train,0,239.2,31.7,0.0,0.0,239.2,207.5,0,40.7,250.0,500.0,12.8,62.3,1,0,1,0,0,2,1,1.02,1.019,1.071,0.997,65.5,85.6,105.7,0.0,36.2
default-grid_003689,default-grid,solar_curtailment_active,test,0,267.7,71.1,-19.7,69.0,198.7,107.9,0,43.0,250.0,500.0,12.1,42.0,0,1,0,0,0,1,1,1.02,1.016,0.948,0.994,70.7,60.8,50.8,0.0,43.8
default-grid_003690,default-grid,nighttime_low_load,train,0,0.0,34.6,0.0,0.0,0.0,-34.6,0,30.4,250.0,500.0,8.5,27.1,0,0,0,0,1,0,1,1.02,1.0,1.0,0.997,51.7,53.4,55.0,0.0,36.7
default-grid_003691,default-grid,diurnal_normal_weekday,validation,0,202.3,162.2,1.7,0.0,202.3,41.80000000000001,0,41.2,250.0,500.0,12.1,28.5,0,0,0,0,1,0,1,1.02,1.016,1.049,0.986,88.7,93.2,97.7,0.0,61.5
default-grid_003692,default-grid,bess_injection_discharging,train,0,40.1,256.4,29.9,0.0,40.1,-186.39999999999998,0,48.5,250.0,500.0,9.2,58.0,0,0,0,0,1,0,1,1.02,1.003,1.002,0.979,97.3,78.5,59.8,0.0,79.9
default-grid_003693,default-grid,bess_absorption_charging,validation,0,163.0,34.5,-39.5,0.0,163.0,89.0,0,34.7,250.0,500.0,11.4,38.2,0,0,0,0,1,0,1,1.02,1.013,1.02,0.997,61.5,70.6,79.7,0.0,36.7
default-grid_003694,default-grid,near_limit_feeder_overload,test,1,261.9,52.2,0.0,0.0,261.9,209.7,0,68.3,250.0,500.0,13.2,62.8,1,0,1,0,0,2,1,1.02,1.021,1.078,0.996,70.9,90.7,110.5,0.0,40.2
default-grid_003695,default-grid,evening_peak_demand,train,0,2.2,206.0,15.4,0.0,2.2,-188.4,0,80.4,250.0,500.0,8.5,58.4,0,0,0,0,1,0,1,1.02,1.0,0.991,0.983,85.2,69.3,53.5,0.0,70.1
default-grid_003696,default-grid,solar_overvoltage_moderate,train,0,225.7,59.5,-7.7,0.0,225.7,158.5,0,66.6,250.0,500.0,12.6,52.3,1,0,1,0,0,2,1,1.02,1.018,1.061,0.995,70.1,85.5,100.9,0.0,41.6
default-grid_003697,default-grid,near_limit_overvoltage,validation,1,172.3,74.3,-0.9,0.0,172.3,97.10000000000001,0,68.8,250.0,500.0,11.6,39.8,0,0,0,0,1,0,1,1.02,1.014,1.05,0.994,69.8,80.5,91.3,0.0,44.4
default-grid_003698,default-grid,bess_absorption_charging,train,0,228.9,34.1,-48.5,0.0,228.9,146.3,0,36.5,250.0,500.0,12.6,49.8,0,0,0,0,1,0,1,1.02,1.018,1.033,0.997,65.4,78.4,91.4,0.0,36.6
default-grid_003699,default-grid,bess_absorption_charging,train,0,181.2,66.0,-43.2,0.0,181.2,72.0,0,62.2,250.0,500.0,11.8,34.7,0,0,0,0,1,0,1,1.02,1.014,1.022,0.995,68.7,75.7,82.6,0.0,42.8
default-grid_003700,default-grid,near_limit_overvoltage,test,1,174.4,66.6,6.7,0.0,174.4,114.5,0,56.4,250.0,500.0,11.6,43.4,1,0,0,0,0,1,1,1.02,1.014,1.056,0.994,68.4,79.8,91.1,0.0,43.0
default-grid_003701,default-grid,solar_overvoltage_severe,validation,0,263.5,29.5,0.0,0.0,263.5,234.0,0,47.1,250.0,500.0,13.2,67.7,1,0,1,0,0,2,1,1.02,1.021,1.078,0.998,66.5,88.7,110.9,0.0,35.7
default-grid_003702,default-grid,diurnal_normal_weekend,train,0,202.5,142.3,-10.6,0.0,202.5,49.599999999999994,0,50.9,250.0,500.0,12.1,30.1,0,0,0,0,1,0,1,1.02,1.016,1.044,0.988,84.8,90.0,95.3,0.0,57.7
default-grid_003703,default-grid,solar_overvoltage_severe,test,0,291.3,36.8,0.0,0.0,291.3,254.5,0,65.2,250.0,500.0,13.7,71.9,1,0,1,0,0,2,1,1.02,1.023,1.086,0.997,69.6,93.2,116.8,0.0,37.2
default-grid_003704,default-grid,diurnal_normal_weekend,train,0,173.8,40.5,5.3,0.0,173.8,138.60000000000002,0,43.1,250.0,500.0,11.6,48.3,1,0,0,0,0,1,1,1.02,1.014,1.055,0.997,63.3,77.2,91.2,0.0,37.9
default-grid_003705,default-grid,diurnal_normal_weekday,validation,0,153.5,146.2,-7.9,0.0,153.5,-0.5999999999999943,0,37.1,250.0,500.0,11.3,20.1,0,0,0,0,1,0,1,1.02,1.012,1.03,0.988,82.6,84.1,85.6,0.0,58.4
default-grid_003706,default-grid,solar_overvoltage_moderate,train,0,226.9,85.1,-6.0,0.0,226.9,135.8,0,63.1,250.0,500.0,12.6,47.7,1,0,1,0,0,2,1,1.02,1.018,1.063,0.993,75.2,88.4,101.6,0.0,46.5
default-grid_003707,default-grid,diurnal_normal_weekday,train,0,129.9,132.2,8.7,0.0,129.9,6.400000000000006,0,67.3,250.0,500.0,10.8,21.3,0,0,0,0,1,0,1,1.02,1.01,1.038,0.989,78.5,80.0,81.5,0.0,55.7
default-grid_003708,default-grid,diurnal_normal_weekday,train,0,177.4,159.2,2.2,0.0,177.4,20.400000000000006,0,62.4,250.0,500.0,11.7,24.2,0,0,0,0,1,0,1,1.02,1.014,1.042,0.987,86.6,89.4,92.3,0.0,61.0
default-grid_003709,default-grid,extreme_stress_holdout,test,1,318.0,30.0,0.0,0.4,317.6,287.6,0,96.0,250.0,500.0,14.2,78.7,1,0,1,0,0,2,1,1.02,1.025,1.093,0.998,69.9,96.0,122.1,0.0,35.8
default-grid_003710,default-grid,bess_injection_discharging,train,0,37.8,196.4,27.7,0.0,37.8,-130.9,0,77.7,250.0,500.0,9.2,46.7,0,0,0,0,1,0,1,1.02,1.003,1.012,0.984,85.5,72.5,59.6,0.0,68.2
default-grid_003711,default-grid,diurnal_normal_weekday,train,0,186.3,201.8,4.4,0.0,186.3,-11.099999999999994,0,35.4,250.0,500.0,11.9,22.3,0,0,0,0,1,0,1,1.02,1.015,1.038,0.983,95.4,94.7,93.9,0.0,69.2
default-grid_003712,default-grid,solar_overvoltage_moderate,train,0,228.5,43.8,-10.5,0.0,228.5,174.2,0,69.6,250.0,500.0,12.6,55.5,1,0,1,0,0,2,1,1.02,1.018,1.06,0.996,67.2,84.0,100.8,0.0,38.5
default-grid_003713,default-grid,diurnal_normal_weekend,train,0,173.4,135.2,4.7,0.0,173.4,42.900000000000006,0,70.0,250.0,500.0,11.6,28.7,0,0,0,0,1,0,1,1.02,1.014,1.048,0.989,81.7,86.5,91.2,0.0,56.3
default-grid_003714,default-grid,diurnal_normal_weekend,validation,0,149.4,82.4,-3.8,0.0,149.4,63.19999999999999,0,73.7,250.0,500.0,11.2,32.9,0,0,0,0,1,0,1,1.02,1.012,1.041,0.993,70.0,77.8,85.7,0.0,46.0
default-grid_003715,default-grid,diurnal_normal_weekday,train,0,159.9,182.7,2.0,0.0,159.9,-20.799999999999983,0,68.6,250.0,500.0,11.4,24.2,0,0,0,0,1,0,1,1.02,1.013,1.032,0.985,90.1,89.3,88.6,0.0,65.5
default-grid_003716,default-grid,diurnal_normal_weekend,test,0,170.3,128.3,-8.1,0.0,170.3,33.900000000000006,0,74.7,250.0,500.0,11.6,26.9,0,0,0,0,1,0,1,1.02,1.014,1.039,0.989,80.2,84.7,89.1,0.0,54.9
default-grid_003717,default-grid,extreme_stress_holdout,test,1,300.8,21.3,0.0,12.0,288.8,267.5,0,96.0,250.0,500.0,13.7,74.6,1,0,1,0,0,2,1,1.02,1.023,1.069,0.998,66.5,87.8,109.0,0.0,34.1
default-grid_003718,default-grid,diurnal_normal_weekend,train,0,212.8,43.2,-13.9,0.0,212.8,155.7,0,33.6,250.0,500.0,12.3,51.8,1,0,0,0,0,1,1,1.02,1.017,1.053,0.996,66.2,81.4,96.6,0.0,38.4
default-grid_003719,default-grid,solar_overvoltage_severe,train,0,286.8,29.5,0.0,0.0,286.8,257.3,0,59.6,250.0,500.0,13.7,72.5,1,0,1,0,0,2,1,1.02,1.023,1.085,0.998,67.9,91.8,115.8,0.0,35.7
default-grid_003720,default-grid,bess_injection_discharging,train,0,70.7,192.6,50.0,0.0,70.7,-71.89999999999999,0,59.1,250.0,500.0,9.8,34.7,0,0,0,0,1,0,1,1.02,1.006,1.039,0.984,86.7,75.2,63.7,0.0,67.5
default-grid_003721,default-grid,solar_overvoltage_moderate,train,0,202.5,72.4,-8.0,0.0,202.5,122.1,0,74.5,250.0,500.0,12.1,44.9,1,0,0,0,0,1,1,1.02,1.016,1.054,0.994,71.2,83.6,95.9,0.0,44.1
default-grid_003722,default-grid,nighttime_low_load,train,0,0.0,43.8,0.0,0.0,0.0,-43.8,0,34.3,250.0,500.0,8.5,28.9,0,0,0,0,1,0,1,1.02,1.0,1.0,0.996,53.5,54.2,55.0,0.0,38.5
default-grid_003723,default-grid,diurnal_normal_weekend,test,0,212.9,72.0,-3.5,0.0,212.9,137.4,0,32.8,250.0,500.0,12.3,48.0,1,0,0,0,0,1,1,1.02,1.017,1.06,0.994,71.8,85.5,99.3,0.0,44.0
default-grid_003724,default-grid,solar_overvoltage_moderate,train,0,224.8,41.8,-2.3,0.0,224.8,180.7,0,73.9,250.0,500.0,12.5,56.9,1,0,1,0,0,2,1,1.02,1.018,1.065,0.997,66.6,84.3,102.1,0.0,38.1
default-grid_003725,default-grid,bess_injection_discharging,test,0,61.1,162.2,55.3,0.0,61.1,-45.79999999999998,0,80.0,250.0,500.0,9.6,29.3,0,0,0,0,1,0,1,1.02,1.005,1.046,0.986,80.2,70.6,61.0,0.0,61.5
default-grid_003726,default-grid,diurnal_normal_weekday,train,0,191.6,150.6,-0.1,0.0,191.6,40.900000000000006,0,37.6,250.0,500.0,11.9,28.3,0,0,0,0,1,0,1,1.02,1.015,1.047,0.987,85.8,90.7,95.6,0.0,59.3
default-grid_003727,default-grid,near_limit_feeder_overload,validation,1,243.8,38.3,0.0,0.0,243.8,205.5,0,48.8,250.0,500.0,12.9,61.9,1,0,1,0,0,2,1,1.02,1.02,1.072,0.997,67.1,86.9,106.7,0.0,37.4
default-grid_003728,default-grid,bess_absorption_charging,train,0,217.5,115.8,-18.2,0.0,217.5,83.50000000000001,0,27.8,250.0,500.0,12.4,37.0,0,0,0,0,1,0,1,1.02,1.017,1.048,0.99,80.6,88.6,96.6,0.0,52.5
default-grid_003729,default-grid,solar_curtailment_active,train,0,257.7,45.0,-5.1,60.1,197.6,147.5,0,54.5,250.0,500.0,12.1,50.1,0,0,0,0,1,0,1,1.02,1.016,0.971,0.996,65.6,62.6,59.6,0.0,38.8
default-grid_003730,default-grid,diurnal_normal_weekday,train,0,174.1,130.1,6.3,0.0,174.1,50.30000000000001,0,66.4,250.0,500.0,11.6,30.3,0,0,0,0,1,0,1,1.02,1.014,1.05,0.989,80.7,85.9,91.1,0.0,55.3
default-grid_003731,default-grid,near_limit_overvoltage,validation,1,194.3,71.9,6.8,0.0,194.3,129.20000000000002,0,33.6,250.0,500.0,12.0,46.4,1,0,0,0,0,1,1,1.02,1.016,1.062,0.994,70.6,82.9,95.3,0.0,44.0
default-grid_003732,default-grid,evening_peak_demand,train,0,3.3,266.1,6.4,0.0,3.3,-256.40000000000003,0,80.5,250.0,500.0,8.6,72.3,0,0,0,0,1,0,1,1.02,1.0,0.972,0.978,96.9,75.9,54.9,0.0,81.7
default-grid_003733,default-grid,diurnal_normal_weekend,train,0,190.4,57.4,-8.5,0.0,190.4,124.5,0,42.6,250.0,500.0,11.9,45.4,0,0,0,0,1,0,1,1.02,1.015,1.05,0.995,67.6,80.4,93.2,0.0,41.2
default-grid_003734,default-grid,diurnal_normal_weekend,train,0,186.2,115.9,-9.5,0.0,186.2,60.79999999999998,0,46.1,250.0,500.0,11.9,32.4,0,0,0,0,1,0,1,1.02,1.015,1.045,0.99,78.7,85.4,92.1,0.0,52.5
default-grid_003735,default-grid,diurnal_normal_weekday,train,0,203.9,171.3,5.9,0.0,203.9,38.5,0,34.0,250.0,500.0,12.2,27.9,0,0,0,0,1,0,1,1.02,1.016,1.05,0.986,90.5,94.0,97.5,0.0,63.3
default-grid_003736,default-grid,solar_overvoltage_moderate,test,0,197.4,32.5,-10.5,0.0,197.4,154.4,0,73.1,250.0,500.0,12.1,51.5,1,0,0,0,0,1,1,1.02,1.016,1.051,0.997,63.2,78.7,94.2,0.0,36.3
default-grid_003737,default-grid,near_limit_overvoltage,validation,1,200.9,47.7,-8.6,0.0,200.9,144.60000000000002,0,30.2,250.0,500.0,12.1,49.5,1,0,0,0,0,1,1,1.02,1.016,1.053,0.996,66.3,80.8,95.4,0.0,39.3
default-grid_003738,default-grid,solar_overvoltage_moderate,train,0,220.2,73.6,-5.3,0.0,220.2,141.29999999999998,0,46.3,250.0,500.0,12.5,48.8,1,0,1,0,0,2,1,1.02,1.018,1.061,0.994,72.5,86.5,100.4,0.0,44.3
default-grid_003739,default-grid,diurnal_normal_weekday,train,0,175.3,140.1,-3.4,0.0,175.3,31.80000000000001,0,38.4,250.0,500.0,11.7,26.5,0,0,0,0,1,0,1,1.02,1.014,1.041,0.988,82.8,87.0,91.3,0.0,57.2
default-grid_003740,default-grid,nighttime_low_load,validation,0,0.0,36.6,0.0,0.0,0.0,-36.6,0,40.2,250.0,500.0,8.5,27.5,0,0,0,0,1,0,1,1.02,1.0,1.0,0.997,52.1,53.5,55.0,0.0,37.1
default-grid_003741,default-grid,near_limit_undervoltage,validation,1,15.8,279.2,-5.6,0.0,15.8,-269.0,0,60.1,250.0,500.0,8.8,74.9,0,0,1,0,0,1,1,1.02,1.001,0.965,0.977,100.2,78.5,56.9,0.0,84.3
default-grid_003742,default-grid,diurnal_normal_weekday,train,0,197.9,192.2,-7.4,0.0,197.9,-1.6999999999999886,0,33.6,250.0,500.0,12.1,20.3,0,0,0,0,1,0,1,1.02,1.016,1.035,0.984,94.2,94.7,95.1,0.0,67.4
default-grid_003743,default-grid,diurnal_normal_weekend,test,0,137.2,77.0,-18.1,0.0,137.2,42.099999999999994,0,65.9,250.0,500.0,11.0,28.6,0,0,0,0,1,0,1,1.02,1.011,1.027,0.994,68.2,73.9,79.6,0.0,45.0
default-grid_003744,default-grid,diurnal_normal_weekend,train,0,119.2,68.9,3.9,0.0,119.2,54.2,0,49.3,250.0,500.0,10.6,31.1,0,0,0,0,1,0,1,1.02,1.01,1.038,0.994,65.5,72.7,79.8,0.0,43.4
default-grid_003745,default-grid,diurnal_normal_weekday,train,0,211.8,196.0,7.7,0.0,211.8,23.5,0,40.6,250.0,500.0,12.3,24.8,0,0,0,0,1,0,1,1.02,1.017,1.049,0.984,95.8,97.3,98.9,0.0,68.1
default-grid_003746,default-grid,evening_peak_demand,train,0,3.5,267.2,10.8,0.0,3.5,-252.89999999999998,0,70.4,250.0,500.0,8.6,71.6,0,0,0,0,1,0,1,1.02,1.0,0.975,0.978,97.2,75.8,54.4,0.0,82.0
default-grid_003747,default-grid,evening_peak_demand,train,0,2.6,283.5,18.2,0.0,2.6,-262.7,0,54.8,250.0,500.0,8.5,73.6,0,0,1,0,0,1,1,1.02,1.0,0.977,0.976,100.3,76.8,53.3,0.0,85.1
default-grid_003748,default-grid,diurnal_normal_weekday,test,0,111.4,186.1,-10.6,0.0,111.4,-85.29999999999998,0,41.8,250.0,500.0,10.5,37.4,0,0,0,0,1,0,1,1.02,1.009,1.008,0.984,87.9,82.0,76.0,0.0,66.2
default-grid_003749,default-grid,solar_overvoltage_moderate,train,0,223.1,51.4,-11.2,0.0,223.1,160.5,0,51.0,250.0,500.0,12.5,52.7,1,0,0,0,0,1,1,1.02,1.018,1.058,0.996,68.4,84.0,99.5,0.0,40.0
default-grid_003750,default-grid,bess_absorption_charging,train,0,226.9,31.5,-28.1,0.0,226.9,167.3,0,66.8,250.0,500.0,12.6,54.1,0,0,0,0,1,0,1,1.02,1.018,1.047,0.997,64.7,80.4,96.1,0.0,36.1
default-grid_003751,default-grid,solar_overvoltage_severe,validation,0,241.0,37.2,0.0,0.0,241.0,203.8,0,37.9,250.0,500.0,12.8,61.6,1,0,1,0,0,2,1,1.02,1.019,1.071,0.997,66.7,86.4,106.1,0.0,37.2
default-grid_003752,default-grid,diurnal_normal_weekday,test,0,167.0,193.0,-11.3,0.0,167.0,-37.30000000000001,0,67.8,250.0,500.0,11.5,27.6,0,0,0,0,1,0,1,1.02,1.013,1.023,0.984,92.5,90.0,87.6,0.0,67.5
default-grid_003753,default-grid,solar_overvoltage_moderate,train,0,221.7,89.3,-6.7,0.0,221.7,125.7,0,39.0,250.0,500.0,12.5,45.6,1,0,1,0,0,2,1,1.02,1.018,1.061,0.993,75.7,88.0,100.3,0.0,47.4
default-grid_003754,default-grid,diurnal_normal_weekend,test,0,199.1,99.5,-24.0,0.0,199.1,75.6,0,35.2,250.0,500.0,12.1,35.4,0,0,0,0,1,0,1,1.02,1.016,1.042,0.992,76.3,83.8,91.2,0.0,49.3
default-grid_003755,default-grid,near_limit_tx_overload,validation,1,42.4,277.9,0.0,0.0,42.4,-235.49999999999997,0,62.7,250.0,500.0,9.3,68.0,0,0,1,0,0,1,1,1.02,1.003,0.977,0.977,101.6,82.8,64.0,0.0,84.0
default-grid_003756,default-grid,diurnal_normal_weekday,train,0,182.5,180.3,-13.4,0.0,182.5,-11.200000000000017,0,55.2,250.0,500.0,11.8,22.3,0,0,0,0,1,0,1,1.02,1.015,1.028,0.985,91.0,90.7,90.3,0.0,65.1
default-grid_003757,default-grid,diurnal_normal_weekday,train,0,196.6,154.0,0.1,0.0,196.6,42.69999999999999,0,64.2,250.0,500.0,12.0,28.7,0,0,0,0,1,0,1,1.02,1.016,1.047,0.987,86.7,91.7,96.7,0.0,59.9
default-grid_003758,default-grid,solar_overvoltage_severe,train,0,286.7,24.8,0.0,0.0,286.7,261.9,0,42.1,250.0,500.0,13.7,73.4,1,0,1,0,0,2,1,1.02,1.023,1.085,0.998,67.0,91.4,115.8,0.0,34.8
default-grid_003759,default-grid,nighttime_low_load,train,0,0.0,42.3,0.0,0.0,0.0,-42.3,0,62.8,250.0,500.0,8.5,28.6,0,0,0,0,1,0,1,1.02,1.0,1.0,0.996,53.2,54.1,55.0,0.0,38.2
default-grid_003760,default-grid,diurnal_normal_weekend,train,0,185.5,77.1,-18.7,0.0,185.5,89.70000000000002,0,57.7,250.0,500.0,11.8,38.3,0,0,0,0,1,0,1,1.02,1.015,1.041,0.994,71.1,80.4,89.7,0.0,45.0
default-grid_003761,default-grid,solar_overvoltage_moderate,train,0,237.2,70.2,-9.2,0.0,237.2,157.8,0,64.5,250.0,500.0,12.8,52.2,1,0,1,0,0,2,1,1.02,1.019,1.064,0.994,72.9,88.0,103.0,0.0,43.6
default-grid_003762,default-grid,solar_curtailment_active,train,0,254.1,32.0,-20.2,48.2,205.89999999999998,153.7,0,51.7,250.0,500.0,12.2,51.3,0,0,0,0,1,0,1,1.02,1.016,0.979,0.997,63.6,64.2,64.7,0.0,36.2
default-grid_003763,default-grid,reconfiguration_alternate,train,0,231.8,191.4,1.9,0.0,231.8,42.30000000000001,1,33.2,250.0,500.0,12.7,28.6,0,0,0,0,1,0,1,1.02,1.019,1.018,0.984,96.1,92.3,88.5,46.0,67.2
default-grid_003764,default-grid,solar_overvoltage_moderate,validation,0,197.0,84.1,-4.1,0.0,197.0,108.80000000000001,0,67.4,250.0,500.0,12.0,42.2,1,0,0,0,0,1,1,1.02,1.016,1.055,0.993,73.2,84.5,95.7,0.0,46.4
default-grid_003765,default-grid,diurnal_normal_weekday,train,0,171.2,153.8,-9.2,0.0,171.2,8.199999999999989,0,53.8,250.0,500.0,11.6,21.7,0,0,0,0,1,0,1,1.02,1.014,1.033,0.987,85.2,87.1,89.0,0.0,59.9
default-grid_003766,default-grid,diurnal_normal_weekday,train,0,156.2,169.7,-14.5,0.0,156.2,-28.0,0,52.3,250.0,500.0,11.3,25.7,0,0,0,0,1,0,1,1.02,1.012,1.022,0.986,87.4,86.0,84.5,0.0,63.0
default-grid_003767,default-grid,nighttime_low_load,test,0,0.0,43.5,0.0,0.0,0.0,-43.5,0,61.8,250.0,500.0,8.5,28.9,0,0,0,0,1,0,1,1.02,1.0,1.0,0.996,53.5,54.2,55.0,0.0,38.5
default-grid_003768,default-grid,nighttime_low_load,test,0,0.0,42.9,0.0,0.0,0.0,-42.9,0,63.1,250.0,500.0,8.5,28.7,0,0,0,0,1,0,1,1.02,1.0,1.0,0.996,53.3,54.1,55.0,0.0,38.3
default-grid_003769,default-grid,near_limit_overvoltage,validation,1,189.4,60.0,4.9,0.0,189.4,134.3,0,39.0,250.0,500.0,11.9,47.4,1,0,0,0,0,1,1,1.02,1.015,1.06,0.995,68.0,81.2,94.5,0.0,41.7
default-grid_003770,default-grid,solar_overvoltage_severe,validation,0,265.8,26.3,0.0,0.0,265.8,239.5,0,74.8,250.0,500.0,13.3,68.8,1,0,1,0,0,2,1,1.02,1.021,1.079,0.998,66.1,88.7,111.3,0.0,35.1
default-grid_003771,default-grid,solar_overvoltage_moderate,train,0,235.2,48.8,-7.5,0.0,235.2,178.89999999999998,0,58.3,250.0,500.0,12.7,56.5,1,0,1,0,0,2,1,1.02,1.019,1.064,0.996,68.6,85.8,103.0,0.0,39.5
default-grid_003772,default-grid,bess_absorption_charging,validation,0,220.1,133.4,-46.7,0.0,220.1,39.99999999999997,0,54.3,250.0,500.0,12.5,28.2,0,0,0,0,1,0,1,1.02,1.018,1.025,0.989,84.1,87.0,90.0,0.0,55.9
default-grid_003773,default-grid,diurnal_normal_weekday,validation,0,157.6,123.5,-17.0,0.0,157.6,17.099999999999994,0,46.0,250.0,500.0,11.3,23.5,0,0,0,0,1,0,1,1.02,1.013,1.03,0.99,78.5,81.3,84.2,0.0,54.0
default-grid_003774,default-grid,nighttime_low_load,test,0,0.0,32.0,0.0,0.0,0.0,-32.0,0,67.3,250.0,500.0,8.5,26.5,0,0,0,0,1,0,1,1.02,1.0,1.0,0.997,51.2,53.1,55.0,0.0,36.2
default-grid_003775,default-grid,diurnal_normal_weekend,validation,0,165.7,69.6,5.7,0.0,165.7,101.79999999999998,0,66.9,250.0,500.0,11.5,40.8,1,0,0,0,0,1,1,1.02,1.013,1.053,0.994,68.5,79.0,89.4,0.0,43.5
default-grid_003776,default-grid,bess_injection_discharging,train,0,72.6,218.0,49.3,0.0,72.6,-96.10000000000001,0,52.5,250.0,500.0,9.8,39.6,0,0,0,0,1,0,1,1.02,1.006,1.034,0.982,91.7,78.0,64.2,0.0,72.4
default-grid_003777,default-grid,solar_overvoltage_moderate,train,0,203.0,68.8,-1.2,0.0,203.0,133.0,0,32.8,250.0,500.0,12.2,47.1,1,0,0,0,0,1,1,1.02,1.016,1.059,0.994,70.6,84.2,97.7,0.0,43.4
default-grid_003778,default-grid,diurnal_normal_weekday,train,0,205.8,200.3,-11.1,0.0,205.8,-5.599999999999994,0,61.5,250.0,500.0,12.2,21.1,0,0,0,0,1,0,1,1.02,1.016,1.033,0.983,96.3,96.1,95.9,0.0,68.9
default-grid_003779,default-grid,near_limit_overvoltage,validation,1,209.1,49.2,-6.2,0.0,209.1,153.7,0,56.0,250.0,500.0,12.3,51.3,1,0,0,0,0,1,1,1.02,1.017,1.057,0.996,67.1,82.4,97.8,0.0,39.6
default-grid_003780,default-grid,diurnal_normal_weekday,validation,0,176.3,168.9,-13.8,0.0,176.3,-6.400000000000006,0,68.6,250.0,500.0,11.7,21.3,0,0,0,0,1,0,1,1.02,1.014,1.028,0.986,88.4,88.7,88.9,0.0,62.8
default-grid_003781,default-grid,solar_overvoltage_moderate,train,0,202.2,73.0,-3.1,0.0,202.2,126.1,0,64.2,250.0,500.0,12.1,45.7,1,0,0,0,0,1,1,1.02,1.016,1.058,0.994,71.3,84.2,97.1,0.0,44.2
default-grid_003782,default-grid,diurnal_normal_weekend,validation,0,154.1,67.1,-2.3,0.0,154.1,84.69999999999999,0,60.5,250.0,500.0,11.3,37.3,0,0,0,0,1,0,1,1.02,1.012,1.044,0.994,67.3,77.2,87.1,0.0,43.0
default-grid_003783,default-grid,diurnal_normal_weekend,validation,0,125.2,133.6,-16.3,0.0,125.2,-24.69999999999999,0,49.4,250.0,500.0,10.8,25.0,0,0,0,0,1,0,1,1.02,1.01,1.019,0.989,78.5,78.0,77.5,0.0,56.0
default-grid_003784,default-grid,diurnal_normal_weekday,train,0,153.0,200.4,-16.4,0.0,153.0,-63.80000000000001,0,55.3,250.0,500.0,11.3,33.0,0,0,0,0,1,0,1,1.02,1.012,1.013,0.983,93.1,88.2,83.3,0.0,69.0
default-grid_003785,default-grid,diurnal_normal_weekday,train,0,216.1,156.6,10.2,0.0,216.1,69.69999999999999,0,66.1,250.0,500.0,12.4,34.2,1,0,0,0,0,1,1,1.02,1.017,1.06,0.987,88.4,94.0,99.5,0.0,60.5
default-grid_003786,default-grid,extreme_stress_holdout,test,1,314.5,22.2,0.0,30.1,284.4,262.2,0,18.0,250.0,500.0,13.6,73.5,0,0,0,0,1,0,1,1.02,1.023,1.042,0.998,66.4,81.8,97.2,0.0,34.3
default-grid_003787,default-grid,solar_overvoltage_severe,train,0,292.0,37.2,0.0,0.0,292.0,254.8,0,51.5,250.0,500.0,13.8,72.0,1,0,1,0,0,2,1,1.02,1.023,1.086,0.997,69.8,93.3,116.9,0.0,37.2
default-grid_003788,default-grid,solar_curtailment_active,train,0,212.9,35.2,-17.8,84.2,128.7,75.69999999999999,0,33.7,250.0,500.0,10.8,35.4,0,1,0,0,0,1,1,1.02,1.01,0.907,0.997,59.6,43.5,27.3,0.0,36.8
default-grid_003789,default-grid,solar_overvoltage_moderate,test,0,211.8,74.0,-11.1,0.0,211.8,126.70000000000002,0,58.3,250.0,500.0,12.3,45.8,1,0,0,0,0,1,1,1.02,1.017,1.055,0.994,72.1,84.6,97.1,0.0,44.4
default-grid_003790,default-grid,diurnal_normal_weekday,train,0,160.6,181.4,-5.9,0.0,160.6,-26.700000000000017,0,46.3,250.0,500.0,11.4,25.4,0,0,0,0,1,0,1,1.02,1.013,1.027,0.985,89.9,88.8,87.6,0.0,65.3
default-grid_003791,default-grid,nighttime_low_load,validation,0,0.0,27.2,0.0,0.0,0.0,-27.2,0,64.3,250.0,500.0,8.5,25.5,0,0,0,0,1,0,1,1.02,1.0,1.0,0.998,50.3,52.6,55.0,0.0,35.3
default-grid_003792,default-grid,evening_peak_demand,train,0,1.0,280.0,16.9,0.0,1.0,-262.1,0,48.6,250.0,500.0,8.5,73.5,0,0,0,0,1,0,1,1.02,1.0,0.977,0.977,99.5,76.3,53.1,0.0,84.4
default-grid_003793,default-grid,near_limit_overvoltage,validation,1,210.4,44.1,2.3,0.0,210.4,168.60000000000002,0,54.8,250.0,500.0,12.3,54.4,1,0,0,0,0,1,1,1.02,1.017,1.064,0.996,66.2,82.8,99.3,0.0,38.6
default-grid_003794,default-grid,bess_injection_discharging,validation,0,67.3,172.7,24.6,0.0,67.3,-80.79999999999998,0,57.6,250.0,500.0,9.7,36.5,0,0,0,0,1,0,1,1.02,1.005,1.023,0.986,82.6,74.4,66.2,0.0,63.6
default-grid_003795,default-grid,solar_overvoltage_moderate,train,0,209.8,73.6,-1.6,0.0,209.8,134.60000000000002,0,48.9,250.0,500.0,12.3,47.5,1,0,0,0,0,1,1,1.02,1.017,1.061,0.994,71.9,85.5,99.1,0.0,44.3
default-grid_003796,default-grid,bess_absorption_charging,train,0,207.5,31.5,-32.5,0.0,207.5,143.5,0,55.6,250.0,500.0,12.2,49.3,0,0,0,0,1,0,1,1.02,1.017,1.038,0.997,63.6,77.2,90.9,0.0,36.1
default-grid_003797,default-grid,diurnal_normal_weekend,train,0,126.4,50.6,-16.7,0.0,126.4,59.1,0,38.5,250.0,500.0,10.8,32.1,0,0,0,0,1,0,1,1.02,1.01,1.025,0.996,62.4,70.0,77.6,0.0,39.8
default-grid_003798,default-grid,diurnal_normal_weekend,train,0,153.1,85.6,-23.1,0.0,153.1,44.400000000000006,0,53.0,250.0,500.0,11.3,29.1,0,0,0,0,1,0,1,1.02,1.012,1.029,0.993,70.8,76.2,81.7,0.0,46.6
default-grid_003799,default-grid,diurnal_normal_weekend,train,0,191.9,52.9,-15.0,0.0,191.9,124.0,0,37.8,250.0,500.0,12.0,45.3,0,0,0,0,1,0,1,1.02,1.015,1.046,0.996,66.8,79.3,91.9,0.0,40.3
default-grid_003800,default-grid,diurnal_normal_weekday,test,0,201.6,187.4,-1.9,0.0,201.6,12.299999999999983,0,33.3,250.0,500.0,12.1,22.5,0,0,0,0,1,0,1,1.02,1.016,1.041,0.984,93.5,95.4,97.3,0.0,66.4
default-grid_003801,default-grid,diurnal_normal_weekday,validation,0,171.9,180.8,10.7,0.0,171.9,1.799999999999983,0,49.5,250.0,500.0,11.6,20.4,0,0,0,0,1,0,1,1.02,1.014,1.042,0.985,90.5,90.3,90.1,0.0,65.2
default-grid_003802,default-grid,diurnal_normal_weekend,test,0,186.1,57.0,-23.4,0.0,186.1,105.69999999999999,0,39.8,250.0,500.0,11.8,41.6,0,0,0,0,1,0,1,1.02,1.015,1.038,0.995,67.2,77.9,88.6,0.0,41.1
default-grid_003803,default-grid,diurnal_normal_weekday,train,0,178.3,137.3,4.1,0.0,178.3,45.099999999999994,0,38.6,250.0,500.0,11.7,29.2,0,0,0,0,1,0,1,1.02,1.014,1.048,0.989,82.4,87.3,92.3,0.0,56.7
default-grid_003804,default-grid,diurnal_normal_weekday,train,0,181.7,177.9,-5.1,0.0,181.7,-1.3000000000000114,0,43.4,250.0,500.0,11.8,20.3,0,0,0,0,1,0,1,1.02,1.015,1.035,0.985,90.5,91.3,92.2,0.0,64.6
default-grid_003805,default-grid,diurnal_normal_weekday,train,0,179.4,187.3,-16.6,0.0,179.4,-24.5,0,47.0,250.0,500.0,11.7,25.0,0,0,0,0,1,0,1,1.02,1.014,1.024,0.984,92.2,90.6,88.9,0.0,66.4
default-grid_003806,default-grid,solar_overvoltage_moderate,train,0,215.8,65.1,-4.0,0.0,215.8,146.70000000000002,0,49.9,250.0,500.0,12.4,49.9,1,0,0,0,0,1,1,1.02,1.017,1.061,0.995,70.6,85.2,99.7,0.0,42.7
default-grid_003807,default-grid,solar_overvoltage_moderate,train,0,220.3,65.4,-6.4,0.0,220.3,148.5,0,50.5,250.0,500.0,12.5,50.3,1,0,1,0,0,2,1,1.02,1.018,1.061,0.995,70.9,85.5,100.1,0.0,42.7
default-grid_003808,default-grid,nighttime_low_load,train,0,0.0,28.3,0.0,0.0,0.0,-28.3,0,32.5,250.0,500.0,8.5,25.8,0,0,0,0,1,0,1,1.02,1.0,1.0,0.998,50.5,52.8,55.0,0.0,35.5
default-grid_003809,default-grid,diurnal_normal_weekday,train,0,163.8,161.6,8.7,0.0,163.8,10.900000000000006,0,72.6,250.0,500.0,11.4,22.2,0,0,0,0,1,0,1,1.02,1.013,1.042,0.987,86.3,87.4,88.6,0.0,61.4
default-grid_003810,default-grid,diurnal_normal_weekend,train,0,153.6,144.9,5.9,0.0,153.6,14.599999999999994,0,55.8,250.0,500.0,11.3,23.0,0,0,0,0,1,0,1,1.02,1.012,1.041,0.988,82.4,84.6,86.8,0.0,58.2
default-grid_003811,default-grid,diurnal_normal_weekday,test,0,142.4,168.6,-2.0,0.0,142.4,-28.19999999999999,0,59.0,250.0,500.0,11.1,25.8,0,0,0,0,1,0,1,1.02,1.011,1.027,0.986,86.3,85.5,84.7,0.0,62.8
default-grid_003812,default-grid,solar_curtailment_active,validation,0,249.5,69.8,-6.9,30.1,219.4,142.7,0,55.7,250.0,500.0,12.4,49.1,0,0,0,0,1,0,1,1.02,1.018,1.018,0.994,71.7,76.7,81.7,0.0,43.6
default-grid_003813,default-grid,solar_overvoltage_severe,train,0,288.3,40.7,0.0,0.0,288.3,247.60000000000002,0,74.3,250.0,500.0,13.7,70.5,1,0,1,0,0,2,1,1.02,1.023,1.085,0.997,70.2,93.2,116.1,0.0,37.9
default-grid_003814,default-grid,near_limit_overvoltage,test,1,170.0,41.9,-0.5,0.0,170.0,127.6,0,58.1,250.0,500.0,11.6,46.0,0,0,0,0,1,0,1,1.02,1.014,1.05,0.997,63.3,77.1,90.9,0.0,38.1
default-grid_003815,default-grid,bess_absorption_charging,train,0,227.0,51.4,-54.4,0.0,227.0,121.19999999999999,0,60.3,250.0,500.0,12.6,44.7,0,0,0,0,1,0,1,1.02,1.018,1.028,0.996,68.6,79.0,89.5,0.0,40.0
default-grid_003816,default-grid,near_limit_undervoltage,test,1,14.5,288.7,4.5,0.0,14.5,-269.7,0,50.3,250.0,500.0,8.8,75.0,0,0,1,0,0,1,1,1.02,1.001,0.97,0.976,102.0,79.8,57.5,0.0,86.1
default-grid_003817,default-grid,evening_peak_demand,train,0,0.2,263.3,18.6,0.0,0.2,-244.5,0,84.3,250.0,500.0,8.5,69.9,0,0,0,0,1,0,1,1.02,1.0,0.981,0.978,96.2,74.5,52.7,0.0,81.2
default-grid_003818,default-grid,solar_overvoltage_moderate,train,0,223.3,43.9,-1.7,0.0,223.3,177.70000000000002,0,69.7,250.0,500.0,12.5,56.2,1,0,1,0,0,2,1,1.02,1.018,1.065,0.996,66.9,84.4,101.9,0.0,38.5
default-grid_003819,default-grid,reconfiguration_alternate,train,0,257.1,114.5,29.0,0.0,257.1,171.60000000000002,1,35.8,250.0,500.0,13.1,55.0,1,0,0,0,0,1,1,1.02,1.021,1.057,0.99,82.7,86.5,90.2,46.0,52.3
default-grid_003820,default-grid,bess_injection_discharging,train,0,74.6,194.8,21.4,0.0,74.6,-98.80000000000001,0,82.3,250.0,500.0,9.8,40.2,0,0,0,0,1,0,1,1.02,1.006,1.019,0.984,87.4,77.8,68.1,0.0,67.9
default-grid_003821,default-grid,evening_peak_demand,train,0,0.3,277.1,17.1,0.0,0.3,-259.70000000000005,0,48.7,250.0,500.0,8.5,73.0,0,0,0,0,1,0,1,1.02,1.0,0.977,0.977,98.9,75.9,52.9,0.0,83.9
default-grid_003822,default-grid,solar_overvoltage_moderate,test,0,233.0,48.0,-9.3,0.0,233.0,175.7,0,44.0,250.0,500.0,12.7,55.8,1,0,1,0,0,2,1,1.02,1.019,1.062,0.996,68.3,85.2,102.1,0.0,39.3
default-grid_003823,default-grid,solar_overvoltage_moderate,train,0,211.0,53.1,-10.3,0.0,211.0,147.6,0,69.6,250.0,500.0,12.3,50.1,1,0,0,0,0,1,1,1.02,1.017,1.055,0.996,68.0,82.6,97.2,0.0,40.3
default-grid_003824,default-grid,diurnal_normal_weekday,train,0,194.9,145.5,-5.3,0.0,194.9,44.099999999999994,0,46.7,250.0,500.0,12.0,29.0,0,0,0,0,1,0,1,1.02,1.016,1.045,0.988,85.0,90.0,95.0,0.0,58.3
default-grid_003825,default-grid,diurnal_normal_weekend,train,0,145.5,84.3,2.9,0.0,145.5,64.10000000000001,0,61.8,250.0,500.0,11.1,33.1,0,0,0,0,1,0,1,1.02,1.012,1.045,0.993,70.1,77.8,85.5,0.0,46.4
default-grid_003826,default-grid,bess_absorption_charging,train,0,202.9,41.0,-35.3,0.0,202.9,126.60000000000002,0,53.7,250.0,500.0,12.2,45.8,0,0,0,0,1,0,1,1.02,1.016,1.034,0.997,65.1,77.2,89.2,0.0,38.0
default-grid_003827,default-grid,extreme_stress_holdout,test,1,305.7,20.7,0.0,4.2,301.5,280.8,0,18.0,250.0,500.0,13.9,77.3,1,0,1,0,0,2,1,1.02,1.024,1.083,0.998,67.1,91.8,116.4,0.0,34.0
default-grid_003828,default-grid,bess_absorption_charging,train,0,192.0,48.1,-26.8,0.0,192.0,117.1,0,68.6,250.0,500.0,12.0,43.9,0,0,0,0,1,0,1,1.02,1.015,1.037,0.996,65.9,77.5,89.0,0.0,39.4
default-grid_003829,default-grid,solar_curtailment_active,test,0,253.4,38.4,-6.6,36.0,217.4,172.4,0,53.7,250.0,500.0,12.4,55.2,0,0,0,0,1,0,1,1.02,1.017,1.009,0.997,65.5,71.7,77.8,0.0,37.5
default-grid_003830,default-grid,solar_overvoltage_severe,train,0,266.7,35.8,0.0,0.0,266.7,230.89999999999998,0,33.1,250.0,500.0,13.3,67.1,1,0,1,0,0,2,1,1.02,1.021,1.079,0.997,68.0,89.8,111.5,0.0,37.0
default-grid_003831,default-grid,diurnal_normal_weekday,train,0,191.3,131.6,-4.7,0.0,191.3,55.00000000000003,0,36.6,250.0,500.0,11.9,31.2,0,0,0,0,1,0,1,1.02,1.015,1.047,0.989,82.1,88.2,94.4,0.0,55.6
default-grid_003832,default-grid,diurnal_normal_weekend,test,0,158.6,45.9,-15.2,0.0,158.6,97.5,0,60.9,250.0,500.0,11.4,39.9,0,0,0,0,1,0,1,1.02,1.013,1.036,0.996,63.4,74.1,84.8,0.0,38.9
default-grid_003833,default-grid,bess_injection_discharging,train,0,69.7,249.3,28.1,0.0,69.7,-151.5,0,57.2,250.0,500.0,9.8,50.9,0,0,0,0,1,0,1,1.02,1.006,1.011,0.979,97.7,82.0,66.3,0.0,78.5
default-grid_003834,default-grid,evening_peak_demand,train,0,3.3,275.7,10.6,0.0,3.3,-261.8,0,61.9,250.0,500.0,8.6,73.4,0,0,0,0,1,0,1,1.02,1.0,0.974,0.977,98.8,76.6,54.4,0.0,83.6
default-grid_003835,default-grid,solar_overvoltage_moderate,train,0,233.5,73.0,-2.7,0.0,233.5,157.8,0,56.6,250.0,500.0,12.7,52.2,1,0,1,0,0,2,1,1.02,1.019,1.067,0.994,73.2,88.5,103.8,0.0,44.2
default-grid_003836,default-grid,diurnal_normal_weekday,train,0,206.3,158.3,-14.0,0.0,206.3,34.0,0,59.7,250.0,500.0,12.2,26.9,0,0,0,0,1,0,1,1.02,1.017,1.039,0.987,88.2,91.7,95.2,0.0,60.8
default-grid_003837,default-grid,evening_peak_demand,test,0,2.6,250.9,0.8,0.0,2.6,-247.5,0,55.8,250.0,500.0,8.5,70.5,0,0,0,0,1,0,1,1.02,1.0,0.971,0.979,93.9,74.7,55.5,0.0,78.8
default-grid_003838,default-grid,bess_injection_discharging,validation,0,1.7,265.4,47.4,0.0,1.7,-216.29999999999998,0,35.7,250.0,500.0,8.5,64.1,0,0,0,0,1,0,1,1.02,1.0,1.002,0.978,96.7,73.0,49.4,0.0,81.6
default-grid_003839,default-grid,diurnal_normal_weekday,train,0,94.1,172.4,-5.0,0.0,94.1,-83.30000000000001,0,43.5,250.0,500.0,10.2,37.0,0,0,0,0,1,0,1,1.02,1.008,1.01,0.986,84.2,79.0,73.7,0.0,63.5
default-grid_003840,default-grid,solar_curtailment_active,train,0,253.3,34.4,-13.3,112.3,141.0,93.30000000000001,0,57.8,250.0,500.0,11.0,39.0,0,1,0,0,0,1,1,1.02,1.011,0.875,0.997,60.1,37.1,14.2,0.0,36.7
default-grid_003841,default-grid,solar_overvoltage_moderate,train,0,202.5,62.2,-3.7,0.0,202.5,136.60000000000002,0,30.1,250.0,500.0,12.1,47.9,1,0,0,0,0,1,1,1.02,1.016,1.057,0.995,69.2,83.1,97.0,0.0,42.1
default-grid_003842,default-grid,solar_overvoltage_moderate,train,0,221.9,50.2,-8.6,0.0,221.9,163.10000000000002,0,43.2,250.0,500.0,12.5,53.3,1,0,0,0,0,1,1,1.02,1.018,1.059,0.996,68.1,84.0,99.9,0.0,39.8
default-grid_003843,default-grid,evening_peak_demand,train,0,3.2,271.9,0.3,0.0,3.2,-268.4,0,55.3,250.0,500.0,8.6,74.7,0,0,0,0,1,0,1,1.02,1.0,0.967,0.977,98.1,76.8,55.6,0.0,82.9
default-grid_003844,default-grid,solar_curtailment_active,train,0,247.1,72.7,-14.7,96.0,151.1,63.7,0,44.3,250.0,500.0,11.2,33.0,0,1,0,0,0,1,1,1.02,1.012,0.9,0.994,68.2,47.0,25.8,0.0,44.1
default-grid_003845,default-grid,evening_peak_demand,train,0,3.1,255.5,3.2,0.0,3.1,-249.2,0,84.4,250.0,500.0,8.6,70.8,0,0,0,0,1,0,1,1.02,1.0,0.972,0.979,94.9,75.1,55.3,0.0,79.7
default-grid_003846,default-grid,diurnal_normal_weekday,test,0,110.4,174.2,-11.0,0.0,110.4,-74.79999999999998,0,55.2,250.0,500.0,10.5,35.3,0,0,0,0,1,0,1,1.02,1.009,1.01,0.985,85.5,80.6,75.7,0.0,63.9
default-grid_003847,default-grid,near_limit_undervoltage,validation,1,22.4,264.9,5.5,0.0,22.4,-236.99999999999997,0,49.9,250.0,500.0,8.9,68.3,0,0,0,0,1,0,1,1.02,1.002,0.978,0.978,97.9,78.5,59.1,0.0,81.5
default-grid_003848,default-grid,diurnal_normal_weekday,train,0,189.9,179.6,-17.3,0.0,189.9,-7.0,0,57.0,250.0,500.0,11.9,21.4,0,0,0,0,1,0,1,1.02,1.015,1.028,0.985,91.3,91.1,90.9,0.0,64.9
default-grid_003849,default-grid,diurnal_normal_weekend,validation,0,172.8,45.7,-19.3,0.0,172.8,107.8,0,31.5,250.0,500.0,11.6,42.0,0,0,0,0,1,0,1,1.02,1.014,1.037,0.996,64.3,75.5,86.8,0.0,38.9
default-grid_003850,default-grid,diurnal_normal_weekday,train,0,177.5,157.3,-6.5,0.0,177.5,13.699999999999989,0,32.4,250.0,500.0,11.7,22.8,0,0,0,0,1,0,1,1.02,1.014,1.036,0.987,86.2,88.6,91.0,0.0,60.6
default-grid_003851,default-grid,bess_absorption_charging,train,0,232.2,47.4,-26.5,0.0,232.2,158.29999999999998,0,54.4,250.0,500.0,12.7,52.3,0,0,0,0,1,0,1,1.02,1.019,1.05,0.996,68.1,82.8,97.6,0.0,39.2
default-grid_003852,default-grid,diurnal_normal_weekend,train,0,131.8,141.6,-17.8,0.0,131.8,-27.59999999999998,0,56.6,250.0,500.0,10.9,25.6,0,0,0,0,1,0,1,1.02,1.011,1.018,0.988,80.4,79.5,78.5,0.0,57.5
default-grid_003853,default-grid,solar_overvoltage_severe,test,0,287.5,32.5,0.0,0.0,287.5,255.0,0,51.8,250.0,500.0,13.7,72.0,1,0,1,0,0,2,1,1.02,1.023,1.085,0.997,68.6,92.2,115.9,0.0,36.3
default-grid_003854,default-grid,solar_curtailment_active,test,0,245.3,104.6,-15.9,73.8,171.5,51.0,0,57.7,250.0,500.0,11.6,30.4,0,1,0,0,0,1,1,1.02,1.014,0.935,0.991,75.6,59.3,43.1,0.0,50.3
default-grid_003855,default-grid,nighttime_low_load,train,0,0.0,31.3,0.0,0.0,0.0,-31.3,0,46.8,250.0,500.0,8.5,26.4,0,0,0,0,1,0,1,1.02,1.0,1.0,0.997,51.1,53.0,55.0,0.0,36.1
default-grid_003856,default-grid,reconfiguration_alternate,train,0,168.6,215.2,-8.6,0.0,168.6,-55.19999999999999,1,67.1,250.0,500.0,11.5,31.3,0,0,0,0,1,0,1,1.02,1.013,0.996,0.982,97.0,86.2,75.5,46.0,71.8
default-grid_003857,default-grid,near_limit_feeder_overload,validation,1,238.9,37.4,0.0,0.0,238.9,201.5,0,72.0,250.0,500.0,12.8,61.1,1,0,1,0,0,2,1,1.02,1.019,1.071,0.997,66.6,86.1,105.6,0.0,37.3
default-grid_003858,default-grid,solar_overvoltage_moderate,validation,0,222.9,40.0,-7.2,0.0,222.9,175.70000000000002,0,52.0,250.0,500.0,12.5,55.8,1,0,1,0,0,2,1,1.02,1.018,1.061,0.997,66.2,83.3,100.5,0.0,37.8
default-grid_003859,default-grid,near_limit_undervoltage,validation,1,0.6,249.9,4.0,0.0,0.6,-245.3,0,37.8,250.0,500.0,8.5,70.0,0,0,0,0,1,0,1,1.02,1.0,0.973,0.979,93.6,74.1,54.6,0.0,78.6
default-grid_003860,default-grid,solar_overvoltage_moderate,train,0,227.2,51.7,-1.2,0.0,227.2,174.3,0,64.9,250.0,500.0,12.6,55.6,1,0,1,0,0,2,1,1.02,1.018,1.066,0.996,68.7,85.8,102.9,0.0,40.1
default-grid_003861,default-grid,diurnal_normal_weekend,train,0,167.7,102.7,3.5,0.0,167.7,68.49999999999999,0,36.9,250.0,500.0,11.5,34.0,1,0,0,0,0,1,1,1.02,1.013,1.052,0.991,75.0,82.5,90.1,0.0,50.0
default-grid_003862,default-grid,solar_overvoltage_moderate,train,0,231.1,46.8,-4.6,0.0,231.1,179.7,0,67.7,250.0,500.0,12.7,56.7,1,0,1,0,0,2,1,1.02,1.018,1.065,0.996,68.0,85.4,102.8,0.0,39.1
default-grid_003863,default-grid,diurnal_normal_weekend,train,0,173.7,125.7,5.3,0.0,173.7,53.3,0,62.2,250.0,500.0,11.6,30.9,0,0,0,0,1,0,1,1.02,1.014,1.05,0.99,79.9,85.6,91.2,0.0,54.4
default-grid_003864,default-grid,solar_curtailment_active,train,0,261.7,103.2,-23.3,89.7,172.0,45.499999999999986,0,41.7,250.0,500.0,11.6,29.3,0,1,0,0,0,1,1,1.02,1.014,0.908,0.991,75.4,53.6,31.8,0.0,50.1
default-grid_003865,default-grid,bess_injection_discharging,train,0,9.0,248.6,38.5,0.0,9.0,-201.1,0,87.7,250.0,500.0,8.7,61.0,0,0,0,0,1,0,1,1.02,1.001,1.001,0.979,93.9,73.0,52.1,0.0,78.3
default-grid_003866,default-grid,solar_curtailment_active,validation,0,275.2,58.2,-2.2,52.1,223.1,162.7,0,67.8,250.0,500.0,12.5,53.2,0,0,0,0,1,0,1,1.02,1.018,0.992,0.995,69.7,70.1,70.5,0.0,41.3
default-grid_003867,default-grid,evening_peak_demand,validation,0,3.7,247.5,11.9,0.0,3.7,-231.9,0,44.4,250.0,500.0,8.6,67.3,0,0,0,0,1,0,1,1.02,1.0,0.98,0.979,93.3,73.8,54.3,0.0,78.1
default-grid_003868,default-grid,solar_curtailment_active,train,0,222.1,43.5,-5.8,107.9,114.19999999999999,64.89999999999999,0,43.9,250.0,500.0,10.6,33.2,0,1,0,0,0,1,1,1.02,1.009,0.879,0.996,60.3,36.6,13.0,0.0,38.5
default-grid_003869,default-grid,diurnal_normal_weekday,train,0,181.3,149.7,10.7,0.0,181.3,42.30000000000001,0,61.9,250.0,500.0,11.8,28.6,1,0,0,0,0,1,1,1.02,1.015,1.051,0.988,85.0,88.5,92.1,0.0,59.1
default-grid_003870,default-grid,solar_curtailment_active,train,0,278.4,93.2,-9.9,88.3,190.09999999999997,86.99999999999996,0,44.9,250.0,500.0,11.9,37.7,0,1,0,0,0,1,1,1.02,1.015,0.925,0.992,74.5,57.1,39.8,0.0,48.1
default-grid_003871,default-grid,evening_peak_demand,train,0,2.6,202.7,5.6,0.0,2.6,-194.5,0,46.9,250.0,500.0,8.5,59.7,0,0,0,0,1,0,1,1.02,1.0,0.984,0.983,84.6,69.8,54.9,0.0,69.4
default-grid_003872,default-grid,reconfiguration_alternate,validation,0,156.8,187.5,-19.6,0.0,156.8,-50.29999999999998,1,37.4,250.0,500.0,11.3,30.3,0,0,0,0,1,0,1,1.02,1.013,0.992,0.984,90.9,81.0,71.0,46.0,66.5
default-grid_003873,default-grid,diurnal_normal_weekday,train,0,179.7,136.0,-5.9,0.0,179.7,37.79999999999998,0,42.0,250.0,500.0,11.7,27.7,0,0,0,0,1,0,1,1.02,1.014,1.042,0.989,82.2,86.9,91.6,0.0,56.4
default-grid_003874,default-grid,extreme_stress_holdout,test,1,309.7,20.6,0.0,33.0,276.7,256.09999999999997,0,96.0,250.0,500.0,13.5,72.2,0,0,0,0,1,0,1,1.02,1.022,1.036,0.998,65.6,79.8,93.9,0.0,34.0
default-grid_003875,default-grid,solar_curtailment_active,train,0,260.9,49.6,-12.9,79.8,181.09999999999997,118.59999999999997,0,56.5,250.0,500.0,11.8,44.2,0,1,0,0,0,1,1,1.02,1.014,0.933,0.996,65.5,53.9,42.3,0.0,39.6
default-grid_003876,default-grid,evening_peak_demand,train,0,2.3,280.5,11.7,0.0,2.3,-266.5,0,69.8,250.0,500.0,8.5,74.4,0,0,0,0,1,0,1,1.02,1.0,0.973,0.977,99.7,76.8,54.0,0.0,84.5
default-grid_003877,default-grid,solar_overvoltage_severe,train,0,241.4,33.2,0.0,0.0,241.4,208.2,0,43.6,250.0,500.0,12.8,62.5,1,0,1,0,0,2,1,1.02,1.019,1.071,0.997,65.9,86.1,106.2,0.0,36.5
default-grid_003878,default-grid,solar_overvoltage_moderate,test,0,236.9,81.5,-0.3,0.0,236.9,155.1,0,58.5,250.0,500.0,12.8,51.6,1,0,1,0,0,2,1,1.02,1.019,1.07,0.993,75.1,90.1,105.1,0.0,45.8
default-grid_003879,default-grid,diurnal_normal_weekday,test,0,220.1,194.0,0.1,0.0,220.1,26.19999999999999,0,43.4,250.0,500.0,12.5,25.3,0,0,1,0,0,1,1,1.02,1.018,1.046,0.984,95.9,98.8,101.6,0.0,67.7
default-grid_003880,default-grid,bess_absorption_charging,validation,0,245.8,102.7,-45.1,0.0,245.8,98.00000000000001,0,31.4,250.0,500.0,12.9,40.0,0,0,0,0,1,0,1,1.02,1.02,1.04,0.991,79.7,87.8,95.8,0.0,50.0
default-grid_003881,default-grid,solar_curtailment_active,test,0,233.8,103.5,-6.3,80.1,153.70000000000002,43.900000000000006,0,75.0,250.0,500.0,11.3,29.0,0,1,0,0,0,1,1,1.02,1.012,0.928,0.991,74.3,56.1,37.9,0.0,50.1
default-grid_003882,default-grid,solar_curtailment_active,train,0,247.2,33.5,-12.0,84.0,163.2,117.69999999999999,0,69.0,250.0,500.0,11.4,44.0,0,1,0,0,0,1,1,1.02,1.013,0.922,0.997,61.3,48.8,36.2,0.0,36.5
default-grid_003883,default-grid,solar_overvoltage_moderate,train,0,225.3,44.1,-4.5,0.0,225.3,176.70000000000002,0,38.1,250.0,500.0,12.6,56.0,1,0,1,0,0,2,1,1.02,1.018,1.063,0.996,67.1,84.3,101.6,0.0,38.6
default-grid_003884,default-grid,diurnal_normal_weekday,train,0,199.2,197.7,-6.4,0.0,199.2,-4.900000000000006,0,47.3,250.0,500.0,12.1,21.0,0,0,0,0,1,0,1,1.02,1.016,1.035,0.984,95.4,95.5,95.6,0.0,68.4
default-grid_003885,default-grid,evening_peak_demand,train,0,2.2,273.2,7.3,0.0,2.2,-263.7,0,80.2,250.0,500.0,8.5,73.8,0,0,0,0,1,0,1,1.02,1.0,0.971,0.977,98.3,76.5,54.6,0.0,83.1
default-grid_003886,default-grid,diurnal_normal_weekend,train,0,123.1,114.6,-7.1,0.0,123.1,1.4000000000000057,0,46.1,250.0,500.0,10.7,20.3,0,0,0,0,1,0,1,1.02,1.01,1.028,0.99,74.7,77.0,79.3,0.0,52.3
default-grid_003887,default-grid,diurnal_normal_weekday,validation,0,175.8,152.0,-2.9,0.0,175.8,20.900000000000006,0,47.8,250.0,500.0,11.7,24.3,0,0,0,0,1,0,1,1.02,1.014,1.04,0.987,85.1,88.3,91.5,0.0,59.6
default-grid_003888,default-grid,nighttime_low_load,train,0,0.0,28.2,0.0,0.0,0.0,-28.2,0,54.2,250.0,500.0,8.5,25.8,0,0,0,0,1,0,1,1.02,1.0,1.0,0.998,50.5,52.8,55.0,0.0,35.5
default-grid_003889,default-grid,bess_absorption_charging,train,0,236.3,69.2,-55.8,0.0,236.3,111.3,0,69.6,250.0,500.0,12.8,42.7,0,0,0,0,1,0,1,1.02,1.019,1.029,0.994,72.6,81.8,91.1,0.0,43.5
default-grid_003890,default-grid,solar_overvoltage_moderate,train,0,213.5,80.6,-3.4,0.0,213.5,129.5,0,48.9,250.0,500.0,12.3,46.4,1,0,0,0,0,1,1,1.02,1.017,1.061,0.993,73.5,86.5,99.4,0.0,45.7
default-grid_003891,default-grid,bess_injection_discharging,validation,0,44.4,166.7,30.9,0.0,44.4,-91.39999999999999,0,76.9,250.0,500.0,9.3,38.6,0,0,0,0,1,0,1,1.02,1.004,1.022,0.986,80.1,70.3,60.6,0.0,62.4
default-grid_003892,default-grid,reconfiguration_alternate,train,0,142.4,75.4,-7.7,0.0,142.4,59.30000000000001,1,33.8,250.0,500.0,11.1,32.1,0,0,0,0,1,0,1,1.02,1.011,1.016,0.994,68.2,69.6,70.9,46.0,44.7
default-grid_003893,default-grid,nighttime_low_load,train,0,0.0,27.6,0.0,0.0,0.0,-27.6,0,60.2,250.0,500.0,8.5,25.6,0,0,0,0,1,0,1,1.02,1.0,1.0,0.998,50.4,52.7,55.0,0.0,35.4
default-grid_003894,default-grid,diurnal_normal_weekday,train,0,226.5,148.5,-12.8,0.0,226.5,65.19999999999999,0,41.1,250.0,500.0,12.6,33.3,0,0,0,0,1,0,1,1.02,1.018,1.048,0.988,87.5,93.7,99.8,0.0,58.9
default-grid_003895,default-grid,diurnal_normal_weekday,train,0,204.0,166.9,-10.4,0.0,204.0,26.69999999999999,0,61.4,250.0,500.0,12.2,25.4,0,0,0,0,1,0,1,1.02,1.016,1.039,0.986,89.7,92.7,95.6,0.0,62.5
default-grid_003896,default-grid,diurnal_normal_weekend,train,0,155.3,41.1,-17.9,0.0,155.3,96.30000000000001,0,63.5,250.0,500.0,11.3,39.6,0,0,0,0,1,0,1,1.02,1.012,1.033,0.997,62.3,72.8,83.4,0.0,38.0
default-grid_003897,default-grid,diurnal_normal_weekday,train,0,188.8,150.3,-15.0,0.0,188.8,23.5,0,70.5,250.0,500.0,11.9,24.8,0,0,0,0,1,0,1,1.02,1.015,1.035,0.987,85.6,88.4,91.3,0.0,59.2
default-grid_003898,default-grid,diurnal_normal_weekday,train,0,179.8,174.0,10.3,0.0,179.8,16.100000000000023,0,45.5,250.0,500.0,11.7,23.3,0,0,0,0,1,0,1,1.02,1.014,1.046,0.986,89.6,90.7,91.8,0.0,63.8
default-grid_003899,default-grid,bess_absorption_charging,train,0,219.2,83.4,-21.1,0.0,219.2,114.69999999999999,0,32.9,250.0,500.0,12.4,43.4,0,0,0,0,1,0,1,1.02,1.018,1.05,0.993,74.4,85.3,96.2,0.0,46.2
default-grid_003900,default-grid,nighttime_low_load,train,0,0.0,44.5,0.0,0.0,0.0,-44.5,0,56.3,250.0,500.0,8.5,29.1,0,0,0,0,1,0,1,1.02,1.0,1.0,0.996,53.7,54.4,55.0,0.0,38.7
default-grid_003901,default-grid,solar_curtailment_active,train,0,267.6,32.8,-4.2,106.6,161.00000000000003,124.00000000000004,0,53.5,250.0,500.0,11.4,45.3,0,1,0,0,0,1,1,1.02,1.013,0.895,0.997,61.0,42.5,24.1,0.0,36.4
default-grid_003902,default-grid,diurnal_normal_weekday,train,0,184.6,175.9,8.3,0.0,184.6,17.0,0,41.4,250.0,500.0,11.8,23.5,0,0,0,0,1,0,1,1.02,1.015,1.045,0.985,90.3,91.7,93.1,0.0,64.2
default-grid_003903,default-grid,solar_overvoltage_moderate,train,0,221.8,53.8,-3.8,0.0,221.8,164.2,0,68.8,250.0,500.0,12.5,53.5,1,0,1,0,0,2,1,1.02,1.018,1.063,0.996,68.8,84.9,101.1,0.0,40.5
default-grid_003904,default-grid,diurnal_normal_weekday,train,0,116.5,190.7,-0.5,0.0,116.5,-74.69999999999999,0,61.4,250.0,500.0,10.6,35.2,0,0,0,0,1,0,1,1.02,1.009,1.016,0.984,89.1,84.3,79.6,0.0,67.1
default-grid_003905,default-grid,diurnal_normal_weekday,train,0,206.3,123.4,-13.7,0.0,206.3,69.20000000000002,0,66.6,250.0,500.0,12.2,34.1,0,0,0,0,1,0,1,1.02,1.017,1.046,0.99,81.4,88.3,95.3,0.0,54.0
default-grid_003906,default-grid,evening_peak_demand,train,0,2.5,296.4,10.5,0.0,2.5,-283.4,0,46.7,250.0,500.0,8.5,77.8,0,0,1,0,0,1,1,1.02,1.0,0.969,0.975,102.8,78.5,54.2,0.0,87.6
default-grid_003907,default-grid,near_limit_overvoltage,validation,1,190.8,49.3,7.1,0.0,190.8,148.60000000000002,0,37.0,250.0,500.0,11.9,50.3,1,0,0,0,0,1,1,1.02,1.015,1.062,0.996,66.0,80.3,94.6,0.0,39.6
default-grid_003908,default-grid,bess_absorption_charging,test,0,214.2,81.8,-49.2,0.0,214.2,83.2,0,57.5,250.0,500.0,12.4,37.0,0,0,0,0,1,0,1,1.02,1.017,1.028,0.993,73.8,80.9,88.1,0.0,45.9
default-grid_003909,default-grid,diurnal_normal_weekday,validation,0,171.2,129.7,2.7,0.0,171.2,44.19999999999999,0,72.1,250.0,500.0,11.6,29.0,0,0,0,0,1,0,1,1.02,1.014,1.047,0.989,80.5,85.8,91.0,0.0,55.2
default-grid_003910,default-grid,diurnal_normal_weekday,train,0,217.9,134.2,-4.3,0.0,217.9,79.4,0,55.4,250.0,500.0,12.4,36.2,1,0,1,0,0,2,1,1.02,1.017,1.055,0.989,84.2,92.2,100.1,0.0,56.1
default-grid_003911,default-grid,diurnal_normal_weekday,test,0,138.0,191.8,1.0,0.0,138.0,-52.80000000000001,0,71.4,250.0,500.0,11.0,30.8,0,0,0,0,1,0,1,1.02,1.011,1.023,0.984,90.6,87.3,84.1,0.0,67.3
default-grid_003912,default-grid,near_limit_feeder_overload,test,1,208.9,45.9,0.0,0.0,208.9,163.0,0,51.1,250.0,500.0,12.3,53.2,1,0,0,0,0,1,1,1.02,1.017,1.062,0.996,66.5,82.9,99.3,0.0,38.9
default-grid_003913,default-grid,solar_overvoltage_moderate,train,0,229.2,88.0,-9.5,0.0,229.2,131.7,0,34.0,250.0,500.0,12.6,46.9,1,0,1,0,0,2,1,1.02,1.018,1.061,0.993,75.9,88.6,101.2,0.0,47.1
default-grid_003914,default-grid,solar_curtailment_active,train,0,244.8,51.1,-12.3,66.3,178.5,115.1,0,72.1,250.0,500.0,11.7,43.5,0,0,0,0,1,0,1,1.02,1.014,0.951,0.996,65.6,57.8,50.0,0.0,39.9
default-grid_003915,default-grid,bess_injection_discharging,train,0,31.6,202.1,36.8,0.0,31.6,-133.7,0,64.0,250.0,500.0,9.1,47.3,0,0,0,0,1,0,1,1.02,1.003,1.016,0.983,86.2,71.7,57.1,0.0,69.3
default-grid_003916,default-grid,solar_curtailment_active,train,0,262.2,102.6,-19.4,41.8,220.39999999999998,98.39999999999998,0,53.5,250.0,500.0,12.5,40.1,0,0,0,0,1,0,1,1.02,1.018,0.992,0.991,78.2,75.0,71.8,0.0,50.0
default-grid_003917,default-grid,solar_overvoltage_moderate,train,0,210.1,41.4,-7.3,0.0,210.1,161.39999999999998,0,55.2,250.0,500.0,12.3,52.9,1,0,0,0,0,1,1,1.02,1.017,1.057,0.997,65.7,81.7,97.7,0.0,38.0
default-grid_003918,default-grid,solar_overvoltage_severe,train,0,241.6,36.9,0.0,0.0,241.6,204.7,0,35.1,250.0,500.0,12.8,61.8,1,0,1,0,0,2,1,1.02,1.019,1.072,0.997,66.7,86.5,106.2,0.0,37.2
default-grid_003919,default-grid,nighttime_low_load,train,0,0.0,26.8,0.0,0.0,0.0,-26.8,0,54.6,250.0,500.0,8.5,25.5,0,0,0,0,1,0,1,1.02,1.0,1.0,0.998,50.2,52.6,55.0,0.0,35.2
default-grid_003920,default-grid,solar_curtailment_active,validation,0,223.5,85.3,-20.5,74.6,148.9,43.10000000000001,0,48.1,250.0,500.0,11.2,28.8,0,1,0,0,0,1,1,1.02,1.012,0.925,0.993,70.5,53.6,36.7,0.0,46.6
default-grid_003921,default-grid,diurnal_normal_weekend,validation,0,129.5,60.2,-12.1,0.0,129.5,57.2,0,67.3,250.0,500.0,10.8,31.7,0,0,0,0,1,0,1,1.02,1.01,1.03,0.995,64.5,72.0,79.4,0.0,41.7
default-grid_003922,default-grid,diurnal_normal_weekday,train,0,154.6,183.2,-2.3,0.0,154.6,-30.900000000000006,0,59.7,250.0,500.0,11.3,26.3,0,0,0,0,1,0,1,1.02,1.012,1.027,0.985,89.9,88.6,87.2,0.0,65.6
default-grid_003923,default-grid,diurnal_normal_weekday,train,0,174.0,199.6,-16.5,0.0,174.0,-42.099999999999994,0,54.5,250.0,500.0,11.6,28.6,0,0,0,0,1,0,1,1.02,1.014,1.02,0.983,94.3,91.0,87.8,0.0,68.8
default-grid_003924,default-grid,reconfiguration_alternate,train,0,183.5,59.1,-24.4,0.0,183.5,100.0,1,72.1,250.0,500.0,11.8,40.4,0,0,0,0,1,0,1,1.02,1.015,1.01,0.995,67.5,71.2,74.8,46.0,41.5
default-grid_003925,default-grid,near_limit_overvoltage,validation,1,168.4,53.8,-1.5,0.0,168.4,113.10000000000001,0,55.3,250.0,500.0,11.5,43.1,0,0,0,0,1,0,1,1.02,1.013,1.049,0.996,65.6,77.9,90.3,0.0,40.5
default-grid_003926,default-grid,diurnal_normal_weekday,train,0,211.5,153.4,-17.6,0.0,211.5,40.5,0,47.2,250.0,500.0,12.3,28.3,0,0,0,0,1,0,1,1.02,1.017,1.039,0.987,87.5,91.5,95.4,0.0,59.8
default-grid_003927,default-grid,bess_absorption_charging,test,0,236.6,99.6,-53.5,0.0,236.6,83.5,0,39.4,250.0,500.0,12.8,37.0,0,0,0,0,1,0,1,1.02,1.019,1.031,0.992,78.6,85.2,91.8,0.0,49.4
default-grid_003928,default-grid,solar_overvoltage_moderate,validation,0,197.8,77.5,-2.5,0.0,197.8,117.80000000000001,0,53.6,250.0,500.0,12.1,44.0,1,0,0,0,0,1,1,1.02,1.016,1.057,0.994,71.9,84.1,96.3,0.0,45.1
default-grid_003929,default-grid,evening_peak_demand,test,0,4.4,218.1,6.1,0.0,4.4,-207.6,0,84.7,250.0,500.0,8.6,62.3,0,0,0,0,1,0,1,1.02,1.0,0.982,0.982,87.7,71.5,55.2,0.0,72.4
default-grid_003930,default-grid,solar_overvoltage_severe,train,0,278.7,24.6,0.0,0.0,278.7,254.1,0,35.3,250.0,500.0,13.5,71.8,1,0,1,0,0,2,1,1.02,1.022,1.082,0.998,66.5,90.3,114.1,0.0,34.8
default-grid_003931,default-grid,solar_overvoltage_moderate,train,0,236.2,77.9,-8.5,0.0,236.2,149.79999999999998,0,73.6,250.0,500.0,12.8,50.6,1,0,1,0,0,2,1,1.02,1.019,1.064,0.994,74.3,88.6,102.9,0.0,45.1
default-grid_003932,default-grid,solar_overvoltage_moderate,train,0,206.1,83.4,-7.5,0.0,206.1,115.19999999999999,0,59.5,250.0,500.0,12.2,43.5,1,0,0,0,0,1,1,1.02,1.016,1.056,0.993,73.6,85.2,96.8,0.0,46.2
default-grid_003933,default-grid,bess_injection_discharging,test,0,50.8,222.8,22.4,0.0,50.8,-149.60000000000002,0,60.7,250.0,500.0,9.4,50.5,0,0,0,0,1,0,1,1.02,1.004,1.007,0.981,91.4,77.2,63.0,0.0,73.3
default-grid_003934,default-grid,diurnal_normal_weekday,validation,0,208.6,200.5,-8.7,0.0,208.6,-0.5999999999999943,0,42.4,250.0,500.0,12.3,20.1,0,0,0,0,1,0,1,1.02,1.017,1.035,0.983,96.5,96.8,97.0,0.0,69.0
default-grid_003935,default-grid,solar_curtailment_active,train,0,286.5,104.4,-20.4,78.0,208.5,83.69999999999999,0,64.8,250.0,500.0,12.3,37.1,0,1,0,0,0,1,1,1.02,1.017,0.937,0.991,77.8,62.5,47.3,0.0,50.3
default-grid_003936,default-grid,diurnal_normal_weekend,train,0,156.7,51.4,3.2,0.0,156.7,108.49999999999997,0,47.4,250.0,500.0,11.3,42.1,0,0,0,0,1,0,1,1.02,1.013,1.049,0.996,64.4,76.1,87.8,0.0,40.0
default-grid_003937,default-grid,diurnal_normal_weekend,validation,0,172.9,145.6,3.4,0.0,172.9,30.700000000000017,0,38.3,250.0,500.0,11.6,26.3,0,0,0,0,1,0,1,1.02,1.014,1.045,0.988,83.7,87.5,91.2,0.0,58.3
default-grid_003938,default-grid,diurnal_normal_weekday,train,0,204.1,134.9,4.4,0.0,204.1,73.6,0,40.6,250.0,500.0,12.2,35.0,1,0,0,0,0,1,1,1.02,1.016,1.057,0.989,83.5,90.6,97.7,0.0,56.2
default-grid_003939,default-grid,solar_overvoltage_severe,train,0,251.9,40.7,0.0,0.0,251.9,211.2,0,32.8,250.0,500.0,13.0,63.1,1,0,1,0,0,2,1,1.02,1.02,1.075,0.997,68.0,88.2,108.4,0.0,37.9
default-grid_003940,default-grid,nighttime_low_load,train,0,0.0,38.3,0.0,0.0,0.0,-38.3,0,48.5,250.0,500.0,8.5,27.8,0,0,0,0,1,0,1,1.02,1.0,1.0,0.997,52.4,53.7,55.0,0.0,37.4
default-grid_003941,default-grid,reconfiguration_alternate,train,0,192.1,36.1,-16.2,0.0,192.1,139.8,1,74.8,250.0,500.0,12.0,48.5,0,0,0,0,1,0,1,1.02,1.015,1.017,0.997,63.5,70.8,78.1,46.0,37.0
default-grid_003942,default-grid,diurnal_normal_weekend,train,0,142.8,107.0,5.2,0.0,142.8,41.0,0,60.1,250.0,500.0,11.1,28.4,0,0,0,0,1,0,1,1.02,1.011,1.045,0.991,74.4,79.5,84.6,0.0,50.8
default-grid_003943,default-grid,diurnal_normal_weekday,test,0,220.6,134.4,-0.8,0.0,220.6,85.39999999999998,0,54.6,250.0,500.0,12.5,37.4,1,0,1,0,0,2,1,1.02,1.018,1.058,0.989,84.4,93.0,101.6,0.0,56.1
default-grid_003944,default-grid,solar_overvoltage_moderate,train,0,205.0,32.5,-5.1,0.0,205.0,167.4,0,33.1,250.0,500.0,12.2,54.1,1,0,0,0,0,1,1,1.02,1.016,1.057,0.997,63.6,80.4,97.2,0.0,36.3
default-grid_003945,default-grid,near_limit_feeder_overload,validation,1,252.1,39.9,0.0,0.0,252.1,212.2,0,30.1,250.0,500.0,13.0,63.3,1,0,1,0,0,2,1,1.02,1.02,1.075,0.997,67.9,88.2,108.4,0.0,37.8
default-grid_003946,default-grid,bess_absorption_charging,train,0,242.7,38.3,-37.1,0.0,242.7,167.3,0,52.0,250.0,500.0,12.9,54.1,0,0,0,0,1,0,1,1.02,1.019,1.045,0.997,67.0,82.1,97.2,0.0,37.4
default-grid_003947,default-grid,diurnal_normal_weekend,train,0,159.2,121.1,-5.2,0.0,159.2,32.900000000000006,0,43.2,250.0,500.0,11.4,26.7,0,0,0,0,1,0,1,1.02,1.013,1.039,0.99,78.1,82.8,87.5,0.0,53.5
default-grid_003948,default-grid,near_limit_feeder_overload,test,1,232.0,37.1,0.0,0.0,232.0,194.9,0,73.4,250.0,500.0,12.7,59.8,1,0,1,0,0,2,1,1.02,1.019,1.069,0.997,66.1,85.2,104.2,0.0,37.2
default-grid_003949,default-grid,diurnal_normal_weekday,train,0,179.2,152.6,3.1,0.0,179.2,29.69999999999999,0,70.1,250.0,500.0,11.7,26.1,0,0,0,0,1,0,1,1.02,1.014,1.045,0.987,85.4,89.0,92.6,0.0,59.7
default-grid_003950,default-grid,solar_overvoltage_severe,train,0,265.7,37.4,0.0,0.0,265.7,228.29999999999998,0,63.9,250.0,500.0,13.3,66.6,1,0,1,0,0,2,1,1.02,1.021,1.079,0.997,68.2,89.8,111.3,0.0,37.3
default-grid_003951,default-grid,diurnal_normal_weekday,train,0,139.0,151.8,-4.0,0.0,139.0,-16.80000000000001,0,45.3,250.0,500.0,11.0,23.4,0,0,0,0,1,0,1,1.02,1.011,1.028,0.987,82.9,83.2,83.5,0.0,59.5
default-grid_003952,default-grid,solar_overvoltage_severe,train,0,259.4,24.0,0.0,0.0,259.4,235.39999999999998,0,36.4,250.0,500.0,13.2,68.0,1,0,1,0,0,2,1,1.02,1.021,1.077,0.998,65.2,87.6,110.0,0.0,34.7
default-grid_003953,default-grid,evening_peak_demand,train,0,2.0,225.2,3.4,0.0,2.0,-219.79999999999998,0,79.8,250.0,500.0,8.5,64.8,0,0,0,0,1,0,1,1.02,1.0,0.978,0.981,88.9,72.0,55.0,0.0,73.8
default-grid_003954,default-grid,bess_absorption_charging,train,0,168.0,104.9,-28.6,0.0,168.0,34.5,0,45.7,250.0,500.0,11.5,27.0,0,0,0,0,1,0,1,1.02,1.013,1.028,0.991,75.5,79.5,83.5,0.0,50.4
default-grid_003955,default-grid,solar_overvoltage_severe,train,0,253.0,29.9,0.0,0.0,253.0,223.1,0,60.3,250.0,500.0,13.1,65.5,1,0,1,0,0,2,1,1.02,1.02,1.075,0.998,66.0,87.3,108.6,0.0,35.8
default-grid_003956,default-grid,evening_peak_demand,train,0,3.6,234.1,14.1,0.0,3.6,-216.4,0,44.7,250.0,500.0,8.6,64.1,0,0,0,0,1,0,1,1.02,1.0,0.984,0.98,90.7,72.3,54.0,0.0,75.5
default-grid_003957,default-grid,bess_absorption_charging,train,0,191.7,100.5,-40.3,0.0,191.7,50.89999999999998,0,61.6,250.0,500.0,12.0,30.4,0,0,0,0,1,0,1,1.02,1.015,1.027,0.992,76.0,80.8,85.6,0.0,49.5
default-grid_003958,default-grid,diurnal_normal_weekday,train,0,188.2,142.6,5.1,0.0,188.2,50.69999999999999,0,59.7,250.0,500.0,11.9,30.3,1,0,0,0,0,1,1,1.02,1.015,1.051,0.988,84.0,89.2,94.3,0.0,57.7
default-grid_003959,default-grid,solar_curtailment_active,train,0,279.3,106.5,-7.1,93.0,186.3,72.70000000000002,0,65.6,250.0,500.0,11.9,34.8,0,1,0,0,0,1,1,1.02,1.015,0.918,0.991,76.9,56.9,36.9,0.0,50.7
default-grid_003960,default-grid,diurnal_normal_weekday,train,0,172.9,177.4,-13.5,0.0,172.9,-18.0,0,55.3,250.0,500.0,11.6,23.7,0,0,0,0,1,0,1,1.02,1.014,1.026,0.985,89.9,89.1,88.3,0.0,64.5
default-grid_003961,default-grid,solar_overvoltage_severe,train,0,248.2,33.9,0.0,0.0,248.2,214.29999999999998,0,40.5,250.0,500.0,13.0,63.7,1,0,1,0,0,2,1,1.02,1.02,1.073,0.997,66.5,87.0,107.6,0.0,36.6
default-grid_003962,default-grid,diurnal_normal_weekday,train,0,94.0,140.8,-1.3,0.0,94.0,-48.10000000000001,0,70.8,250.0,500.0,10.2,29.8,0,0,0,0,1,0,1,1.02,1.008,1.019,0.988,78.0,76.3,74.6,0.0,57.4
default-grid_003963,default-grid,near_limit_tx_overload,validation,1,49.4,277.5,0.0,0.0,49.4,-228.1,0,54.6,250.0,500.0,9.4,66.5,0,0,1,0,0,1,1,1.02,1.004,0.979,0.977,101.9,83.7,65.5,0.0,84.0
default-grid_003964,default-grid,near_limit_tx_overload,test,1,21.3,326.8,0.0,0.0,21.3,-305.5,0,62.3,250.0,500.0,8.9,82.3,0,0,1,0,0,1,1,1.02,1.002,0.961,0.973,109.8,84.7,59.5,0.0,93.5
default-grid_003965,default-grid,near_limit_overvoltage,validation,1,163.5,46.8,0.9,0.0,163.5,117.60000000000001,0,63.6,250.0,500.0,11.4,44.0,0,0,0,0,1,0,1,1.02,1.013,1.049,0.996,63.9,76.7,89.5,0.0,39.1
default-grid_003966,default-grid,evening_peak_demand,validation,0,0.9,228.4,3.1,0.0,0.9,-224.4,0,51.8,250.0,500.0,8.5,65.8,0,0,0,0,1,0,1,1.02,1.0,0.977,0.981,89.5,72.2,54.8,0.0,74.4
default-grid_003967,default-grid,diurnal_normal_weekend,train,0,192.6,49.9,-23.5,0.0,192.6,119.19999999999999,0,41.0,250.0,500.0,12.0,44.3,0,0,0,0,1,0,1,1.02,1.015,1.04,0.996,66.3,78.2,90.0,0.0,39.7
default-grid_003968,default-grid,diurnal_normal_weekend,train,0,185.9,40.2,-15.6,0.0,185.9,130.10000000000002,0,48.3,250.0,500.0,11.8,46.5,0,0,0,0,1,0,1,1.02,1.015,1.044,0.997,64.0,77.2,90.5,0.0,37.8
default-grid_003969,default-grid,extreme_stress_holdout,test,1,305.3,29.3,0.0,4.1,301.2,271.9,0,96.0,250.0,500.0,13.9,75.5,1,0,1,0,0,2,1,1.02,1.024,1.083,0.998,68.8,92.6,116.4,0.0,35.7
default-grid_003970,default-grid,bess_injection_discharging,train,0,58.0,224.1,25.2,0.0,58.0,-140.89999999999998,0,50.7,250.0,500.0,9.5,48.7,0,0,0,0,1,0,1,1.02,1.005,1.011,0.981,92.1,78.1,64.1,0.0,73.6
default-grid_003971,default-grid,diurnal_normal_weekend,validation,0,194.0,71.5,-22.0,0.0,194.0,100.5,0,59.7,250.0,500.0,12.0,40.5,0,0,0,0,1,0,1,1.02,1.016,1.041,0.994,70.5,80.5,90.6,0.0,43.9
default-grid_003972,default-grid,diurnal_normal_weekday,train,0,157.5,127.0,0.2,0.0,157.5,30.69999999999999,0,60.1,250.0,500.0,11.3,26.3,0,0,0,0,1,0,1,1.02,1.013,1.041,0.989,79.1,83.8,88.4,0.0,54.7
default-grid_003973,default-grid,bess_injection_discharging,test,0,4.8,222.4,28.1,0.0,4.8,-189.5,0,62.3,250.0,500.0,8.6,58.7,0,0,0,0,1,0,1,1.02,1.0,0.997,0.981,88.5,70.5,52.5,0.0,73.2
default-grid_003974,default-grid,diurnal_normal_weekday,test,0,207.6,158.5,1.2,0.0,207.6,50.29999999999998,0,37.4,250.0,500.0,12.2,30.3,1,0,0,0,0,1,1,1.02,1.017,1.051,0.987,88.3,93.6,98.9,0.0,60.8
default-grid_003975,default-grid,solar_curtailment_active,train,0,286.9,53.8,-13.5,28.0,258.9,191.59999999999997,0,38.5,250.0,500.0,13.2,59.1,0,0,0,0,1,0,1,1.02,1.021,1.028,0.996,71.0,80.3,89.7,0.0,40.5
default-grid_003976,default-grid,bess_injection_discharging,train,0,21.7,184.3,54.8,0.0,21.7,-107.80000000000001,0,63.4,250.0,500.0,8.9,42.0,0,0,0,0,1,0,1,1.02,1.002,1.029,0.985,82.1,67.4,52.8,0.0,65.8
default-grid_003977,default-grid,bess_injection_discharging,train,0,13.7,269.4,33.1,0.0,13.7,-222.59999999999997,0,46.3,250.0,500.0,8.7,65.4,0,0,0,0,1,0,1,1.02,1.001,0.994,0.978,98.2,76.0,53.8,0.0,82.4
default-grid_003978,default-grid,diurnal_normal_weekday,train,0,199.7,177.6,7.0,0.0,199.7,29.099999999999994,0,72.6,250.0,500.0,12.1,25.9,0,0,0,0,1,0,1,1.02,1.016,1.049,0.985,91.5,94.0,96.5,0.0,64.5
default-grid_003979,default-grid,nighttime_low_load,validation,0,0.0,26.9,0.0,0.0,0.0,-26.9,0,60.1,250.0,500.0,8.5,25.5,0,0,0,0,1,0,1,1.02,1.0,1.0,0.998,50.2,52.6,55.0,0.0,35.2
default-grid_003980,default-grid,diurnal_normal_weekday,train,0,230.8,189.3,-3.4,0.0,230.8,38.099999999999994,0,60.8,250.0,500.0,12.7,27.8,0,0,1,0,0,1,1,1.02,1.018,1.048,0.984,95.7,99.4,103.1,0.0,66.8
default-grid_003981,default-grid,nighttime_low_load,test,0,0.0,33.2,0.0,0.0,0.0,-33.2,0,65.9,250.0,500.0,8.5,26.8,0,0,0,0,1,0,1,1.02,1.0,1.0,0.997,51.5,53.2,55.0,0.0,36.5
default-grid_003982,default-grid,diurnal_normal_weekday,train,0,170.0,152.4,8.6,0.0,170.0,26.19999999999999,0,57.5,250.0,500.0,11.6,25.3,0,0,0,0,1,0,1,1.02,1.014,1.046,0.987,84.8,87.4,90.0,0.0,59.6
default-grid_003983,default-grid,nighttime_low_load,test,0,0.0,34.1,0.0,0.0,0.0,-34.1,0,49.3,250.0,500.0,8.5,27.0,0,0,0,0,1,0,1,1.02,1.0,1.0,0.997,51.6,53.3,55.0,0.0,36.6
default-grid_003984,default-grid,solar_overvoltage_moderate,train,0,224.1,58.5,-3.2,0.0,224.1,162.4,0,48.9,250.0,500.0,12.5,53.1,1,0,1,0,0,2,1,1.02,1.018,1.064,0.995,69.8,85.8,101.7,0.0,41.4
default-grid_003985,default-grid,evening_peak_demand,train,0,3.2,275.8,17.8,0.0,3.2,-254.8,0,55.8,250.0,500.0,8.6,72.0,0,0,0,0,1,0,1,1.02,1.0,0.979,0.977,98.8,76.2,53.5,0.0,83.6
default-grid_003986,default-grid,solar_overvoltage_moderate,train,0,207.9,31.6,-3.1,0.0,207.9,173.20000000000002,0,51.4,250.0,500.0,12.2,55.3,1,0,0,0,0,1,1,1.02,1.017,1.059,0.997,63.6,81.0,98.3,0.0,36.1
default-grid_003987,default-grid,diurnal_normal_weekday,train,0,190.7,161.1,7.3,0.0,190.7,36.900000000000006,0,57.5,250.0,500.0,11.9,27.5,0,0,0,0,1,0,1,1.02,1.015,1.05,0.987,87.8,91.2,94.5,0.0,61.3
default-grid_003988,default-grid,evening_peak_demand,test,0,4.7,295.8,4.4,0.0,4.7,-286.7,0,42.6,250.0,500.0,8.6,78.5,0,0,1,0,0,1,1,1.02,1.0,0.965,0.975,102.8,79.1,55.4,0.0,87.5
default-grid_003989,default-grid,diurnal_normal_weekday,train,0,193.9,125.1,-1.9,0.0,193.9,66.9,0,42.5,250.0,500.0,12.0,33.6,1,0,0,0,0,1,1,1.02,1.016,1.051,0.99,81.0,88.3,95.6,0.0,54.3
default-grid_003990,default-grid,solar_overvoltage_moderate,train,0,219.2,42.1,-4.7,0.0,219.2,172.4,0,41.4,250.0,500.0,12.4,55.2,1,0,1,0,0,2,1,1.02,1.018,1.061,0.996,66.3,83.3,100.3,0.0,38.2
default-grid_003991,default-grid,bess_absorption_charging,validation,0,241.9,55.3,-54.6,0.0,241.9,132.0,0,27.4,250.0,500.0,12.9,46.9,0,0,0,0,1,0,1,1.02,1.019,1.032,0.995,70.3,81.4,92.6,0.0,40.8
default-grid_003992,default-grid,diurnal_normal_weekday,train,0,166.9,163.9,-5.1,0.0,166.9,-2.0999999999999943,0,73.4,250.0,500.0,11.5,20.4,0,0,0,0,1,0,1,1.02,1.013,1.033,0.986,86.9,88.0,89.1,0.0,61.9
default-grid_003993,default-grid,diurnal_normal_weekday,train,0,178.3,121.9,4.9,0.0,178.3,61.30000000000001,0,60.7,250.0,500.0,11.7,32.5,1,0,0,0,0,1,1,1.02,1.014,1.052,0.99,79.4,85.8,92.2,0.0,53.7
default-grid_003994,default-grid,reconfiguration_alternate,train,0,231.1,196.3,14.6,0.0,231.1,49.39999999999998,1,71.9,250.0,500.0,12.7,30.1,0,0,0,0,1,0,1,1.02,1.018,1.026,0.984,97.0,92.0,87.0,46.0,68.2
default-grid_003995,default-grid,diurnal_normal_weekday,train,0,181.8,140.3,-5.9,0.0,181.8,35.599999999999994,0,56.7,250.0,500.0,11.8,27.3,0,0,0,0,1,0,1,1.02,1.015,1.041,0.988,83.2,87.7,92.1,0.0,57.3
default-grid_003996,default-grid,solar_overvoltage_moderate,train,0,213.9,84.5,-0.4,0.0,213.9,129.0,0,68.6,250.0,500.0,12.4,46.3,1,0,1,0,0,2,1,1.02,1.017,1.063,0.993,74.3,87.2,100.2,0.0,46.4
default-grid_003997,default-grid,evening_peak_demand,train,0,2.5,210.9,5.2,0.0,2.5,-203.20000000000002,0,70.3,250.0,500.0,8.5,61.4,0,0,0,0,1,0,1,1.02,1.0,0.982,0.982,86.2,70.5,54.9,0.0,71.0
default-grid_003998,default-grid,solar_overvoltage_moderate,train,0,222.3,70.5,-8.2,0.0,222.3,143.60000000000002,0,31.3,250.0,500.0,12.5,49.3,1,0,1,0,0,2,1,1.02,1.018,1.06,0.994,72.0,86.0,100.1,0.0,43.7
default-grid_003999,default-grid,diurnal_normal_weekday,train,0,191.7,189.0,-14.9,0.0,191.7,-12.200000000000017,0,60.5,250.0,500.0,12.0,22.5,0,0,0,0,1,0,1,1.02,1.015,1.028,0.984,93.3,92.6,91.9,0.0,66.8
